ISO-10303-21;
HEADER;
FILE_DESCRIPTION(('Open CASCADE Model'),'2;1');
FILE_NAME('Open CASCADE Shape Model','2026-09-14T10:53:22',('Author'),(
    'Open CASCADE'),'Open CASCADE STEP processor 7.9','Open CASCADE 7.9'
  ,'Unknown');
FILE_SCHEMA(('AUTOMOTIVE_DESIGN { 1 0 10303 214 1 1 1 1 }'));
ENDSEC;
DATA;
#1 = APPLICATION_PROTOCOL_DEFINITION('international standard',
  'automotive_design',2000,#2);
#2 = APPLICATION_CONTEXT(
  'core data for automotive mechanical design processes');
#3 = SHAPE_DEFINITION_REPRESENTATION(#4,#10);
#4 = PRODUCT_DEFINITION_SHAPE('','',#5);
#5 = PRODUCT_DEFINITION('design','',#6,#9);
#6 = PRODUCT_DEFINITION_FORMATION('','',#7);
#7 = PRODUCT('1f365078-b022-11f1-9c69-3c9c0f4bdafb',
  '1f365078-b022-11f1-9c69-3c9c0f4bdafb','',(#8));
#8 = PRODUCT_CONTEXT('',#2,'mechanical');
#9 = PRODUCT_DEFINITION_CONTEXT('part definition',#2,'design');
#10 = SHAPE_REPRESENTATION('',(#11,#15,#19,#23,#27,#31,#35,#39,#43,#47,
    #51,#55,#59),#63);
#11 = AXIS2_PLACEMENT_3D('',#12,#13,#14);
#12 = CARTESIAN_POINT('',(0.,0.,0.));
#13 = DIRECTION('',(0.,0.,1.));
#14 = DIRECTION('',(1.,0.,-0.));
#15 = AXIS2_PLACEMENT_3D('',#16,#17,#18);
#16 = CARTESIAN_POINT('',(0.,0.,0.));
#17 = DIRECTION('',(0.,0.,1.));
#18 = DIRECTION('',(1.,0.,-0.));
#19 = AXIS2_PLACEMENT_3D('',#20,#21,#22);
#20 = CARTESIAN_POINT('',(0.,0.,0.));
#21 = DIRECTION('',(0.,0.,1.));
#22 = DIRECTION('',(1.,0.,-0.));
#23 = AXIS2_PLACEMENT_3D('',#24,#25,#26);
#24 = CARTESIAN_POINT('',(0.,0.,0.));
#25 = DIRECTION('',(0.,0.,1.));
#26 = DIRECTION('',(1.,0.,-0.));
#27 = AXIS2_PLACEMENT_3D('',#28,#29,#30);
#28 = CARTESIAN_POINT('',(0.,0.,0.));
#29 = DIRECTION('',(0.,0.,1.));
#30 = DIRECTION('',(1.,0.,-0.));
#31 = AXIS2_PLACEMENT_3D('',#32,#33,#34);
#32 = CARTESIAN_POINT('',(0.,0.,0.));
#33 = DIRECTION('',(0.,0.,1.));
#34 = DIRECTION('',(1.,0.,-0.));
#35 = AXIS2_PLACEMENT_3D('',#36,#37,#38);
#36 = CARTESIAN_POINT('',(0.,0.,0.));
#37 = DIRECTION('',(0.,0.,1.));
#38 = DIRECTION('',(1.,0.,-0.));
#39 = AXIS2_PLACEMENT_3D('',#40,#41,#42);
#40 = CARTESIAN_POINT('',(0.,0.,0.));
#41 = DIRECTION('',(0.,0.,1.));
#42 = DIRECTION('',(1.,0.,-0.));
#43 = AXIS2_PLACEMENT_3D('',#44,#45,#46);
#44 = CARTESIAN_POINT('',(0.,0.,0.));
#45 = DIRECTION('',(0.,0.,1.));
#46 = DIRECTION('',(1.,0.,-0.));
#47 = AXIS2_PLACEMENT_3D('',#48,#49,#50);
#48 = CARTESIAN_POINT('',(0.,0.,0.));
#49 = DIRECTION('',(0.,0.,1.));
#50 = DIRECTION('',(1.,0.,-0.));
#51 = AXIS2_PLACEMENT_3D('',#52,#53,#54);
#52 = CARTESIAN_POINT('',(0.,0.,0.));
#53 = DIRECTION('',(0.,0.,1.));
#54 = DIRECTION('',(1.,0.,-0.));
#55 = AXIS2_PLACEMENT_3D('',#56,#57,#58);
#56 = CARTESIAN_POINT('',(0.,0.,0.));
#57 = DIRECTION('',(0.,0.,1.));
#58 = DIRECTION('',(1.,0.,-0.));
#59 = AXIS2_PLACEMENT_3D('',#60,#61,#62);
#60 = CARTESIAN_POINT('',(0.,0.,0.));
#61 = DIRECTION('',(0.,0.,1.));
#62 = DIRECTION('',(1.,0.,-0.));
#63 = ( GEOMETRIC_REPRESENTATION_CONTEXT(3) 
GLOBAL_UNCERTAINTY_ASSIGNED_CONTEXT((#67)) GLOBAL_UNIT_ASSIGNED_CONTEXT(
(#64,#65,#66)) REPRESENTATION_CONTEXT('Context #1',
  '3D Context with UNIT and UNCERTAINTY') );
#64 = ( LENGTH_UNIT() NAMED_UNIT(*) SI_UNIT(.MILLI.,.METRE.) );
#65 = ( NAMED_UNIT(*) PLANE_ANGLE_UNIT() SI_UNIT($,.RADIAN.) );
#66 = ( NAMED_UNIT(*) SI_UNIT($,.STERADIAN.) SOLID_ANGLE_UNIT() );
#67 = UNCERTAINTY_MEASURE_WITH_UNIT(LENGTH_MEASURE(1.E-07),#64,
  'distance_accuracy_value','confusion accuracy');
#68 = PRODUCT_RELATED_PRODUCT_CATEGORY('part',$,(#7));
#69 = SHAPE_DEFINITION_REPRESENTATION(#70,#76);
#70 = PRODUCT_DEFINITION_SHAPE('','',#71);
#71 = PRODUCT_DEFINITION('design','',#72,#75);
#72 = PRODUCT_DEFINITION_FORMATION('','',#73);
#73 = PRODUCT('part0','part0','',(#74));
#74 = PRODUCT_CONTEXT('',#2,'mechanical');
#75 = PRODUCT_DEFINITION_CONTEXT('part definition',#2,'design');
#76 = ADVANCED_BREP_SHAPE_REPRESENTATION('',(#11,#77),#407);
#77 = MANIFOLD_SOLID_BREP('',#78);
#78 = CLOSED_SHELL('',(#79,#199,#299,#346,#393,#400));
#79 = ADVANCED_FACE('',(#80),#94,.F.);
#80 = FACE_BOUND('',#81,.F.);
#81 = EDGE_LOOP('',(#82,#117,#145,#173));
#82 = ORIENTED_EDGE('',*,*,#83,.F.);
#83 = EDGE_CURVE('',#84,#86,#88,.T.);
#84 = VERTEX_POINT('',#85);
#85 = CARTESIAN_POINT('',(-8.E+03,-5.5E+03,0.));
#86 = VERTEX_POINT('',#87);
#87 = CARTESIAN_POINT('',(-8.E+03,-5.5E+03,6.5E+03));
#88 = SURFACE_CURVE('',#89,(#93,#105),.PCURVE_S1.);
#89 = LINE('',#90,#91);
#90 = CARTESIAN_POINT('',(-8.E+03,-5.5E+03,0.));
#91 = VECTOR('',#92,1.);
#92 = DIRECTION('',(0.,0.,1.));
#93 = PCURVE('',#94,#99);
#94 = PLANE('',#95);
#95 = AXIS2_PLACEMENT_3D('',#96,#97,#98);
#96 = CARTESIAN_POINT('',(-8.E+03,-5.5E+03,0.));
#97 = DIRECTION('',(1.,0.,0.));
#98 = DIRECTION('',(0.,0.,1.));
#99 = DEFINITIONAL_REPRESENTATION('',(#100),#104);
#100 = LINE('',#101,#102);
#101 = CARTESIAN_POINT('',(0.,0.));
#102 = VECTOR('',#103,1.);
#103 = DIRECTION('',(1.,0.));
#104 = ( GEOMETRIC_REPRESENTATION_CONTEXT(2) 
PARAMETRIC_REPRESENTATION_CONTEXT() REPRESENTATION_CONTEXT('2D SPACE',''
  ) );
#105 = PCURVE('',#106,#111);
#106 = PLANE('',#107);
#107 = AXIS2_PLACEMENT_3D('',#108,#109,#110);
#108 = CARTESIAN_POINT('',(-8.E+03,-5.5E+03,0.));
#109 = DIRECTION('',(0.,1.,0.));
#110 = DIRECTION('',(0.,0.,1.));
#111 = DEFINITIONAL_REPRESENTATION('',(#112),#116);
#112 = LINE('',#113,#114);
#113 = CARTESIAN_POINT('',(0.,0.));
#114 = VECTOR('',#115,1.);
#115 = DIRECTION('',(1.,0.));
#116 = ( GEOMETRIC_REPRESENTATION_CONTEXT(2) 
PARAMETRIC_REPRESENTATION_CONTEXT() REPRESENTATION_CONTEXT('2D SPACE',''
  ) );
#117 = ORIENTED_EDGE('',*,*,#118,.T.);
#118 = EDGE_CURVE('',#84,#119,#121,.T.);
#119 = VERTEX_POINT('',#120);
#120 = CARTESIAN_POINT('',(-8.E+03,5.5E+03,0.));
#121 = SURFACE_CURVE('',#122,(#126,#133),.PCURVE_S1.);
#122 = LINE('',#123,#124);
#123 = CARTESIAN_POINT('',(-8.E+03,-5.5E+03,0.));
#124 = VECTOR('',#125,1.);
#125 = DIRECTION('',(0.,1.,0.));
#126 = PCURVE('',#94,#127);
#127 = DEFINITIONAL_REPRESENTATION('',(#128),#132);
#128 = LINE('',#129,#130);
#129 = CARTESIAN_POINT('',(0.,0.));
#130 = VECTOR('',#131,1.);
#131 = DIRECTION('',(0.,-1.));
#132 = ( GEOMETRIC_REPRESENTATION_CONTEXT(2) 
PARAMETRIC_REPRESENTATION_CONTEXT() REPRESENTATION_CONTEXT('2D SPACE',''
  ) );
#133 = PCURVE('',#134,#139);
#134 = PLANE('',#135);
#135 = AXIS2_PLACEMENT_3D('',#136,#137,#138);
#136 = CARTESIAN_POINT('',(-8.E+03,-5.5E+03,0.));
#137 = DIRECTION('',(0.,0.,1.));
#138 = DIRECTION('',(1.,0.,0.));
#139 = DEFINITIONAL_REPRESENTATION('',(#140),#144);
#140 = LINE('',#141,#142);
#141 = CARTESIAN_POINT('',(0.,0.));
#142 = VECTOR('',#143,1.);
#143 = DIRECTION('',(0.,1.));
#144 = ( GEOMETRIC_REPRESENTATION_CONTEXT(2) 
PARAMETRIC_REPRESENTATION_CONTEXT() REPRESENTATION_CONTEXT('2D SPACE',''
  ) );
#145 = ORIENTED_EDGE('',*,*,#146,.T.);
#146 = EDGE_CURVE('',#119,#147,#149,.T.);
#147 = VERTEX_POINT('',#148);
#148 = CARTESIAN_POINT('',(-8.E+03,5.5E+03,6.5E+03));
#149 = SURFACE_CURVE('',#150,(#154,#161),.PCURVE_S1.);
#150 = LINE('',#151,#152);
#151 = CARTESIAN_POINT('',(-8.E+03,5.5E+03,0.));
#152 = VECTOR('',#153,1.);
#153 = DIRECTION('',(0.,0.,1.));
#154 = PCURVE('',#94,#155);
#155 = DEFINITIONAL_REPRESENTATION('',(#156),#160);
#156 = LINE('',#157,#158);
#157 = CARTESIAN_POINT('',(0.,-1.1E+04));
#158 = VECTOR('',#159,1.);
#159 = DIRECTION('',(1.,0.));
#160 = ( GEOMETRIC_REPRESENTATION_CONTEXT(2) 
PARAMETRIC_REPRESENTATION_CONTEXT() REPRESENTATION_CONTEXT('2D SPACE',''
  ) );
#161 = PCURVE('',#162,#167);
#162 = PLANE('',#163);
#163 = AXIS2_PLACEMENT_3D('',#164,#165,#166);
#164 = CARTESIAN_POINT('',(-8.E+03,5.5E+03,0.));
#165 = DIRECTION('',(0.,1.,0.));
#166 = DIRECTION('',(0.,0.,1.));
#167 = DEFINITIONAL_REPRESENTATION('',(#168),#172);
#168 = LINE('',#169,#170);
#169 = CARTESIAN_POINT('',(0.,0.));
#170 = VECTOR('',#171,1.);
#171 = DIRECTION('',(1.,0.));
#172 = ( GEOMETRIC_REPRESENTATION_CONTEXT(2) 
PARAMETRIC_REPRESENTATION_CONTEXT() REPRESENTATION_CONTEXT('2D SPACE',''
  ) );
#173 = ORIENTED_EDGE('',*,*,#174,.F.);
#174 = EDGE_CURVE('',#86,#147,#175,.T.);
#175 = SURFACE_CURVE('',#176,(#180,#187),.PCURVE_S1.);
#176 = LINE('',#177,#178);
#177 = CARTESIAN_POINT('',(-8.E+03,-5.5E+03,6.5E+03));
#178 = VECTOR('',#179,1.);
#179 = DIRECTION('',(0.,1.,0.));
#180 = PCURVE('',#94,#181);
#181 = DEFINITIONAL_REPRESENTATION('',(#182),#186);
#182 = LINE('',#183,#184);
#183 = CARTESIAN_POINT('',(6.5E+03,0.));
#184 = VECTOR('',#185,1.);
#185 = DIRECTION('',(0.,-1.));
#186 = ( GEOMETRIC_REPRESENTATION_CONTEXT(2) 
PARAMETRIC_REPRESENTATION_CONTEXT() REPRESENTATION_CONTEXT('2D SPACE',''
  ) );
#187 = PCURVE('',#188,#193);
#188 = PLANE('',#189);
#189 = AXIS2_PLACEMENT_3D('',#190,#191,#192);
#190 = CARTESIAN_POINT('',(-8.E+03,-5.5E+03,6.5E+03));
#191 = DIRECTION('',(0.,0.,1.));
#192 = DIRECTION('',(1.,0.,0.));
#193 = DEFINITIONAL_REPRESENTATION('',(#194),#198);
#194 = LINE('',#195,#196);
#195 = CARTESIAN_POINT('',(0.,0.));
#196 = VECTOR('',#197,1.);
#197 = DIRECTION('',(0.,1.));
#198 = ( GEOMETRIC_REPRESENTATION_CONTEXT(2) 
PARAMETRIC_REPRESENTATION_CONTEXT() REPRESENTATION_CONTEXT('2D SPACE',''
  ) );
#199 = ADVANCED_FACE('',(#200),#214,.T.);
#200 = FACE_BOUND('',#201,.T.);
#201 = EDGE_LOOP('',(#202,#232,#255,#278));
#202 = ORIENTED_EDGE('',*,*,#203,.F.);
#203 = EDGE_CURVE('',#204,#206,#208,.T.);
#204 = VERTEX_POINT('',#205);
#205 = CARTESIAN_POINT('',(8.E+03,-5.5E+03,0.));
#206 = VERTEX_POINT('',#207);
#207 = CARTESIAN_POINT('',(8.E+03,-5.5E+03,6.5E+03));
#208 = SURFACE_CURVE('',#209,(#213,#225),.PCURVE_S1.);
#209 = LINE('',#210,#211);
#210 = CARTESIAN_POINT('',(8.E+03,-5.5E+03,0.));
#211 = VECTOR('',#212,1.);
#212 = DIRECTION('',(0.,0.,1.));
#213 = PCURVE('',#214,#219);
#214 = PLANE('',#215);
#215 = AXIS2_PLACEMENT_3D('',#216,#217,#218);
#216 = CARTESIAN_POINT('',(8.E+03,-5.5E+03,0.));
#217 = DIRECTION('',(1.,0.,0.));
#218 = DIRECTION('',(0.,0.,1.));
#219 = DEFINITIONAL_REPRESENTATION('',(#220),#224);
#220 = LINE('',#221,#222);
#221 = CARTESIAN_POINT('',(0.,0.));
#222 = VECTOR('',#223,1.);
#223 = DIRECTION('',(1.,0.));
#224 = ( GEOMETRIC_REPRESENTATION_CONTEXT(2) 
PARAMETRIC_REPRESENTATION_CONTEXT() REPRESENTATION_CONTEXT('2D SPACE',''
  ) );
#225 = PCURVE('',#106,#226);
#226 = DEFINITIONAL_REPRESENTATION('',(#227),#231);
#227 = LINE('',#228,#229);
#228 = CARTESIAN_POINT('',(0.,1.6E+04));
#229 = VECTOR('',#230,1.);
#230 = DIRECTION('',(1.,0.));
#231 = ( GEOMETRIC_REPRESENTATION_CONTEXT(2) 
PARAMETRIC_REPRESENTATION_CONTEXT() REPRESENTATION_CONTEXT('2D SPACE',''
  ) );
#232 = ORIENTED_EDGE('',*,*,#233,.T.);
#233 = EDGE_CURVE('',#204,#234,#236,.T.);
#234 = VERTEX_POINT('',#235);
#235 = CARTESIAN_POINT('',(8.E+03,5.5E+03,0.));
#236 = SURFACE_CURVE('',#237,(#241,#248),.PCURVE_S1.);
#237 = LINE('',#238,#239);
#238 = CARTESIAN_POINT('',(8.E+03,-5.5E+03,0.));
#239 = VECTOR('',#240,1.);
#240 = DIRECTION('',(0.,1.,0.));
#241 = PCURVE('',#214,#242);
#242 = DEFINITIONAL_REPRESENTATION('',(#243),#247);
#243 = LINE('',#244,#245);
#244 = CARTESIAN_POINT('',(0.,0.));
#245 = VECTOR('',#246,1.);
#246 = DIRECTION('',(0.,-1.));
#247 = ( GEOMETRIC_REPRESENTATION_CONTEXT(2) 
PARAMETRIC_REPRESENTATION_CONTEXT() REPRESENTATION_CONTEXT('2D SPACE',''
  ) );
#248 = PCURVE('',#134,#249);
#249 = DEFINITIONAL_REPRESENTATION('',(#250),#254);
#250 = LINE('',#251,#252);
#251 = CARTESIAN_POINT('',(1.6E+04,0.));
#252 = VECTOR('',#253,1.);
#253 = DIRECTION('',(0.,1.));
#254 = ( GEOMETRIC_REPRESENTATION_CONTEXT(2) 
PARAMETRIC_REPRESENTATION_CONTEXT() REPRESENTATION_CONTEXT('2D SPACE',''
  ) );
#255 = ORIENTED_EDGE('',*,*,#256,.T.);
#256 = EDGE_CURVE('',#234,#257,#259,.T.);
#257 = VERTEX_POINT('',#258);
#258 = CARTESIAN_POINT('',(8.E+03,5.5E+03,6.5E+03));
#259 = SURFACE_CURVE('',#260,(#264,#271),.PCURVE_S1.);
#260 = LINE('',#261,#262);
#261 = CARTESIAN_POINT('',(8.E+03,5.5E+03,0.));
#262 = VECTOR('',#263,1.);
#263 = DIRECTION('',(0.,0.,1.));
#264 = PCURVE('',#214,#265);
#265 = DEFINITIONAL_REPRESENTATION('',(#266),#270);
#266 = LINE('',#267,#268);
#267 = CARTESIAN_POINT('',(0.,-1.1E+04));
#268 = VECTOR('',#269,1.);
#269 = DIRECTION('',(1.,0.));
#270 = ( GEOMETRIC_REPRESENTATION_CONTEXT(2) 
PARAMETRIC_REPRESENTATION_CONTEXT() REPRESENTATION_CONTEXT('2D SPACE',''
  ) );
#271 = PCURVE('',#162,#272);
#272 = DEFINITIONAL_REPRESENTATION('',(#273),#277);
#273 = LINE('',#274,#275);
#274 = CARTESIAN_POINT('',(0.,1.6E+04));
#275 = VECTOR('',#276,1.);
#276 = DIRECTION('',(1.,0.));
#277 = ( GEOMETRIC_REPRESENTATION_CONTEXT(2) 
PARAMETRIC_REPRESENTATION_CONTEXT() REPRESENTATION_CONTEXT('2D SPACE',''
  ) );
#278 = ORIENTED_EDGE('',*,*,#279,.F.);
#279 = EDGE_CURVE('',#206,#257,#280,.T.);
#280 = SURFACE_CURVE('',#281,(#285,#292),.PCURVE_S1.);
#281 = LINE('',#282,#283);
#282 = CARTESIAN_POINT('',(8.E+03,-5.5E+03,6.5E+03));
#283 = VECTOR('',#284,1.);
#284 = DIRECTION('',(0.,1.,0.));
#285 = PCURVE('',#214,#286);
#286 = DEFINITIONAL_REPRESENTATION('',(#287),#291);
#287 = LINE('',#288,#289);
#288 = CARTESIAN_POINT('',(6.5E+03,0.));
#289 = VECTOR('',#290,1.);
#290 = DIRECTION('',(0.,-1.));
#291 = ( GEOMETRIC_REPRESENTATION_CONTEXT(2) 
PARAMETRIC_REPRESENTATION_CONTEXT() REPRESENTATION_CONTEXT('2D SPACE',''
  ) );
#292 = PCURVE('',#188,#293);
#293 = DEFINITIONAL_REPRESENTATION('',(#294),#298);
#294 = LINE('',#295,#296);
#295 = CARTESIAN_POINT('',(1.6E+04,0.));
#296 = VECTOR('',#297,1.);
#297 = DIRECTION('',(0.,1.));
#298 = ( GEOMETRIC_REPRESENTATION_CONTEXT(2) 
PARAMETRIC_REPRESENTATION_CONTEXT() REPRESENTATION_CONTEXT('2D SPACE',''
  ) );
#299 = ADVANCED_FACE('',(#300),#106,.F.);
#300 = FACE_BOUND('',#301,.F.);
#301 = EDGE_LOOP('',(#302,#323,#324,#345));
#302 = ORIENTED_EDGE('',*,*,#303,.F.);
#303 = EDGE_CURVE('',#84,#204,#304,.T.);
#304 = SURFACE_CURVE('',#305,(#309,#316),.PCURVE_S1.);
#305 = LINE('',#306,#307);
#306 = CARTESIAN_POINT('',(-8.E+03,-5.5E+03,0.));
#307 = VECTOR('',#308,1.);
#308 = DIRECTION('',(1.,0.,0.));
#309 = PCURVE('',#106,#310);
#310 = DEFINITIONAL_REPRESENTATION('',(#311),#315);
#311 = LINE('',#312,#313);
#312 = CARTESIAN_POINT('',(0.,0.));
#313 = VECTOR('',#314,1.);
#314 = DIRECTION('',(0.,1.));
#315 = ( GEOMETRIC_REPRESENTATION_CONTEXT(2) 
PARAMETRIC_REPRESENTATION_CONTEXT() REPRESENTATION_CONTEXT('2D SPACE',''
  ) );
#316 = PCURVE('',#134,#317);
#317 = DEFINITIONAL_REPRESENTATION('',(#318),#322);
#318 = LINE('',#319,#320);
#319 = CARTESIAN_POINT('',(0.,0.));
#320 = VECTOR('',#321,1.);
#321 = DIRECTION('',(1.,0.));
#322 = ( GEOMETRIC_REPRESENTATION_CONTEXT(2) 
PARAMETRIC_REPRESENTATION_CONTEXT() REPRESENTATION_CONTEXT('2D SPACE',''
  ) );
#323 = ORIENTED_EDGE('',*,*,#83,.T.);
#324 = ORIENTED_EDGE('',*,*,#325,.T.);
#325 = EDGE_CURVE('',#86,#206,#326,.T.);
#326 = SURFACE_CURVE('',#327,(#331,#338),.PCURVE_S1.);
#327 = LINE('',#328,#329);
#328 = CARTESIAN_POINT('',(-8.E+03,-5.5E+03,6.5E+03));
#329 = VECTOR('',#330,1.);
#330 = DIRECTION('',(1.,0.,0.));
#331 = PCURVE('',#106,#332);
#332 = DEFINITIONAL_REPRESENTATION('',(#333),#337);
#333 = LINE('',#334,#335);
#334 = CARTESIAN_POINT('',(6.5E+03,0.));
#335 = VECTOR('',#336,1.);
#336 = DIRECTION('',(0.,1.));
#337 = ( GEOMETRIC_REPRESENTATION_CONTEXT(2) 
PARAMETRIC_REPRESENTATION_CONTEXT() REPRESENTATION_CONTEXT('2D SPACE',''
  ) );
#338 = PCURVE('',#188,#339);
#339 = DEFINITIONAL_REPRESENTATION('',(#340),#344);
#340 = LINE('',#341,#342);
#341 = CARTESIAN_POINT('',(0.,0.));
#342 = VECTOR('',#343,1.);
#343 = DIRECTION('',(1.,0.));
#344 = ( GEOMETRIC_REPRESENTATION_CONTEXT(2) 
PARAMETRIC_REPRESENTATION_CONTEXT() REPRESENTATION_CONTEXT('2D SPACE',''
  ) );
#345 = ORIENTED_EDGE('',*,*,#203,.F.);
#346 = ADVANCED_FACE('',(#347),#162,.T.);
#347 = FACE_BOUND('',#348,.T.);
#348 = EDGE_LOOP('',(#349,#370,#371,#392));
#349 = ORIENTED_EDGE('',*,*,#350,.F.);
#350 = EDGE_CURVE('',#119,#234,#351,.T.);
#351 = SURFACE_CURVE('',#352,(#356,#363),.PCURVE_S1.);
#352 = LINE('',#353,#354);
#353 = CARTESIAN_POINT('',(-8.E+03,5.5E+03,0.));
#354 = VECTOR('',#355,1.);
#355 = DIRECTION('',(1.,0.,0.));
#356 = PCURVE('',#162,#357);
#357 = DEFINITIONAL_REPRESENTATION('',(#358),#362);
#358 = LINE('',#359,#360);
#359 = CARTESIAN_POINT('',(0.,0.));
#360 = VECTOR('',#361,1.);
#361 = DIRECTION('',(0.,1.));
#362 = ( GEOMETRIC_REPRESENTATION_CONTEXT(2) 
PARAMETRIC_REPRESENTATION_CONTEXT() REPRESENTATION_CONTEXT('2D SPACE',''
  ) );
#363 = PCURVE('',#134,#364);
#364 = DEFINITIONAL_REPRESENTATION('',(#365),#369);
#365 = LINE('',#366,#367);
#366 = CARTESIAN_POINT('',(0.,1.1E+04));
#367 = VECTOR('',#368,1.);
#368 = DIRECTION('',(1.,0.));
#369 = ( GEOMETRIC_REPRESENTATION_CONTEXT(2) 
PARAMETRIC_REPRESENTATION_CONTEXT() REPRESENTATION_CONTEXT('2D SPACE',''
  ) );
#370 = ORIENTED_EDGE('',*,*,#146,.T.);
#371 = ORIENTED_EDGE('',*,*,#372,.T.);
#372 = EDGE_CURVE('',#147,#257,#373,.T.);
#373 = SURFACE_CURVE('',#374,(#378,#385),.PCURVE_S1.);
#374 = LINE('',#375,#376);
#375 = CARTESIAN_POINT('',(-8.E+03,5.5E+03,6.5E+03));
#376 = VECTOR('',#377,1.);
#377 = DIRECTION('',(1.,0.,0.));
#378 = PCURVE('',#162,#379);
#379 = DEFINITIONAL_REPRESENTATION('',(#380),#384);
#380 = LINE('',#381,#382);
#381 = CARTESIAN_POINT('',(6.5E+03,0.));
#382 = VECTOR('',#383,1.);
#383 = DIRECTION('',(0.,1.));
#384 = ( GEOMETRIC_REPRESENTATION_CONTEXT(2) 
PARAMETRIC_REPRESENTATION_CONTEXT() REPRESENTATION_CONTEXT('2D SPACE',''
  ) );
#385 = PCURVE('',#188,#386);
#386 = DEFINITIONAL_REPRESENTATION('',(#387),#391);
#387 = LINE('',#388,#389);
#388 = CARTESIAN_POINT('',(0.,1.1E+04));
#389 = VECTOR('',#390,1.);
#390 = DIRECTION('',(1.,0.));
#391 = ( GEOMETRIC_REPRESENTATION_CONTEXT(2) 
PARAMETRIC_REPRESENTATION_CONTEXT() REPRESENTATION_CONTEXT('2D SPACE',''
  ) );
#392 = ORIENTED_EDGE('',*,*,#256,.F.);
#393 = ADVANCED_FACE('',(#394),#134,.F.);
#394 = FACE_BOUND('',#395,.F.);
#395 = EDGE_LOOP('',(#396,#397,#398,#399));
#396 = ORIENTED_EDGE('',*,*,#118,.F.);
#397 = ORIENTED_EDGE('',*,*,#303,.T.);
#398 = ORIENTED_EDGE('',*,*,#233,.T.);
#399 = ORIENTED_EDGE('',*,*,#350,.F.);
#400 = ADVANCED_FACE('',(#401),#188,.T.);
#401 = FACE_BOUND('',#402,.T.);
#402 = EDGE_LOOP('',(#403,#404,#405,#406));
#403 = ORIENTED_EDGE('',*,*,#174,.F.);
#404 = ORIENTED_EDGE('',*,*,#325,.T.);
#405 = ORIENTED_EDGE('',*,*,#279,.T.);
#406 = ORIENTED_EDGE('',*,*,#372,.F.);
#407 = ( GEOMETRIC_REPRESENTATION_CONTEXT(3) 
GLOBAL_UNCERTAINTY_ASSIGNED_CONTEXT((#411)) GLOBAL_UNIT_ASSIGNED_CONTEXT
((#408,#409,#410)) REPRESENTATION_CONTEXT('Context #1',
  '3D Context with UNIT and UNCERTAINTY') );
#408 = ( LENGTH_UNIT() NAMED_UNIT(*) SI_UNIT(.MILLI.,.METRE.) );
#409 = ( NAMED_UNIT(*) PLANE_ANGLE_UNIT() SI_UNIT($,.RADIAN.) );
#410 = ( NAMED_UNIT(*) SI_UNIT($,.STERADIAN.) SOLID_ANGLE_UNIT() );
#411 = UNCERTAINTY_MEASURE_WITH_UNIT(LENGTH_MEASURE(1.E-07),#408,
  'distance_accuracy_value','confusion accuracy');
#412 = CONTEXT_DEPENDENT_SHAPE_REPRESENTATION(#413,#415);
#413 = ( REPRESENTATION_RELATIONSHIP('','',#76,#10) 
REPRESENTATION_RELATIONSHIP_WITH_TRANSFORMATION(#414) 
SHAPE_REPRESENTATION_RELATIONSHIP() );
#414 = ITEM_DEFINED_TRANSFORMATION('','',#11,#15);
#415 = PRODUCT_DEFINITION_SHAPE('Placement','Placement of an item',#416
  );
#416 = NEXT_ASSEMBLY_USAGE_OCCURRENCE('66','part0','',#5,#71,$);
#417 = PRODUCT_RELATED_PRODUCT_CATEGORY('part',$,(#73));
#418 = SHAPE_DEFINITION_REPRESENTATION(#419,#425);
#419 = PRODUCT_DEFINITION_SHAPE('','',#420);
#420 = PRODUCT_DEFINITION('design','',#421,#424);
#421 = PRODUCT_DEFINITION_FORMATION('','',#422);
#422 = PRODUCT('part1','part1','',(#423));
#423 = PRODUCT_CONTEXT('',#2,'mechanical');
#424 = PRODUCT_DEFINITION_CONTEXT('part definition',#2,'design');
#425 = ADVANCED_BREP_SHAPE_REPRESENTATION('',(#11,#426),#678);
#426 = MANIFOLD_SOLID_BREP('',#427);
#427 = CLOSED_SHELL('',(#428,#548,#619,#666,#672));
#428 = ADVANCED_FACE('',(#429),#443,.T.);
#429 = FACE_BOUND('',#430,.T.);
#430 = EDGE_LOOP('',(#431,#466,#494,#522));
#431 = ORIENTED_EDGE('',*,*,#432,.T.);
#432 = EDGE_CURVE('',#433,#435,#437,.T.);
#433 = VERTEX_POINT('',#434);
#434 = CARTESIAN_POINT('',(-8.E+03,5.5E+03,6.5E+03));
#435 = VERTEX_POINT('',#436);
#436 = CARTESIAN_POINT('',(-8.E+03,-5.5E+03,6.5E+03));
#437 = SURFACE_CURVE('',#438,(#442,#454),.PCURVE_S1.);
#438 = LINE('',#439,#440);
#439 = CARTESIAN_POINT('',(-8.E+03,5.5E+03,6.5E+03));
#440 = VECTOR('',#441,1.);
#441 = DIRECTION('',(0.,-1.,0.));
#442 = PCURVE('',#443,#448);
#443 = PLANE('',#444);
#444 = AXIS2_PLACEMENT_3D('',#445,#446,#447);
#445 = CARTESIAN_POINT('',(-8.E+03,5.5E+03,6.5E+03));
#446 = DIRECTION('',(-0.298274993136,0.,0.954479978035));
#447 = DIRECTION('',(0.954479978035,0.,0.298274993136));
#448 = DEFINITIONAL_REPRESENTATION('',(#449),#453);
#449 = LINE('',#450,#451);
#450 = CARTESIAN_POINT('',(0.,0.));
#451 = VECTOR('',#452,1.);
#452 = DIRECTION('',(0.,-1.));
#453 = ( GEOMETRIC_REPRESENTATION_CONTEXT(2) 
PARAMETRIC_REPRESENTATION_CONTEXT() REPRESENTATION_CONTEXT('2D SPACE',''
  ) );
#454 = PCURVE('',#455,#460);
#455 = PLANE('',#456);
#456 = AXIS2_PLACEMENT_3D('',#457,#458,#459);
#457 = CARTESIAN_POINT('',(8.E+03,5.5E+03,6.5E+03));
#458 = DIRECTION('',(-0.,-0.,-1.));
#459 = DIRECTION('',(-1.,0.,0.));
#460 = DEFINITIONAL_REPRESENTATION('',(#461),#465);
#461 = LINE('',#462,#463);
#462 = CARTESIAN_POINT('',(1.6E+04,0.));
#463 = VECTOR('',#464,1.);
#464 = DIRECTION('',(0.,-1.));
#465 = ( GEOMETRIC_REPRESENTATION_CONTEXT(2) 
PARAMETRIC_REPRESENTATION_CONTEXT() REPRESENTATION_CONTEXT('2D SPACE',''
  ) );
#466 = ORIENTED_EDGE('',*,*,#467,.T.);
#467 = EDGE_CURVE('',#435,#468,#470,.T.);
#468 = VERTEX_POINT('',#469);
#469 = CARTESIAN_POINT('',(0.,-5.5E+03,9.E+03));
#470 = SURFACE_CURVE('',#471,(#475,#482),.PCURVE_S1.);
#471 = LINE('',#472,#473);
#472 = CARTESIAN_POINT('',(-8.E+03,-5.5E+03,6.5E+03));
#473 = VECTOR('',#474,1.);
#474 = DIRECTION('',(0.954479978035,0.,0.298274993136));
#475 = PCURVE('',#443,#476);
#476 = DEFINITIONAL_REPRESENTATION('',(#477),#481);
#477 = LINE('',#478,#479);
#478 = CARTESIAN_POINT('',(0.,-1.1E+04));
#479 = VECTOR('',#480,1.);
#480 = DIRECTION('',(1.,0.));
#481 = ( GEOMETRIC_REPRESENTATION_CONTEXT(2) 
PARAMETRIC_REPRESENTATION_CONTEXT() REPRESENTATION_CONTEXT('2D SPACE',''
  ) );
#482 = PCURVE('',#483,#488);
#483 = PLANE('',#484);
#484 = AXIS2_PLACEMENT_3D('',#485,#486,#487);
#485 = CARTESIAN_POINT('',(0.,-5.5E+03,7.139556308608E+03));
#486 = DIRECTION('',(0.,1.,0.));
#487 = DIRECTION('',(0.,-0.,1.));
#488 = DEFINITIONAL_REPRESENTATION('',(#489),#493);
#489 = LINE('',#490,#491);
#490 = CARTESIAN_POINT('',(-639.5563086078,-8.E+03));
#491 = VECTOR('',#492,1.);
#492 = DIRECTION('',(0.298274993136,0.954479978035));
#493 = ( GEOMETRIC_REPRESENTATION_CONTEXT(2) 
PARAMETRIC_REPRESENTATION_CONTEXT() REPRESENTATION_CONTEXT('2D SPACE',''
  ) );
#494 = ORIENTED_EDGE('',*,*,#495,.F.);
#495 = EDGE_CURVE('',#496,#468,#498,.T.);
#496 = VERTEX_POINT('',#497);
#497 = CARTESIAN_POINT('',(0.,5.5E+03,9.E+03));
#498 = SURFACE_CURVE('',#499,(#503,#510),.PCURVE_S1.);
#499 = LINE('',#500,#501);
#500 = CARTESIAN_POINT('',(0.,5.5E+03,9.E+03));
#501 = VECTOR('',#502,1.);
#502 = DIRECTION('',(0.,-1.,0.));
#503 = PCURVE('',#443,#504);
#504 = DEFINITIONAL_REPRESENTATION('',(#505),#509);
#505 = LINE('',#506,#507);
#506 = CARTESIAN_POINT('',(8.38152730712E+03,0.));
#507 = VECTOR('',#508,1.);
#508 = DIRECTION('',(0.,-1.));
#509 = ( GEOMETRIC_REPRESENTATION_CONTEXT(2) 
PARAMETRIC_REPRESENTATION_CONTEXT() REPRESENTATION_CONTEXT('2D SPACE',''
  ) );
#510 = PCURVE('',#511,#516);
#511 = PLANE('',#512);
#512 = AXIS2_PLACEMENT_3D('',#513,#514,#515);
#513 = CARTESIAN_POINT('',(0.,5.5E+03,9.E+03));
#514 = DIRECTION('',(0.298274993136,0.,0.954479978035));
#515 = DIRECTION('',(0.954479978035,0.,-0.298274993136));
#516 = DEFINITIONAL_REPRESENTATION('',(#517),#521);
#517 = LINE('',#518,#519);
#518 = CARTESIAN_POINT('',(0.,0.));
#519 = VECTOR('',#520,1.);
#520 = DIRECTION('',(0.,-1.));
#521 = ( GEOMETRIC_REPRESENTATION_CONTEXT(2) 
PARAMETRIC_REPRESENTATION_CONTEXT() REPRESENTATION_CONTEXT('2D SPACE',''
  ) );
#522 = ORIENTED_EDGE('',*,*,#523,.F.);
#523 = EDGE_CURVE('',#433,#496,#524,.T.);
#524 = SURFACE_CURVE('',#525,(#529,#536),.PCURVE_S1.);
#525 = LINE('',#526,#527);
#526 = CARTESIAN_POINT('',(-8.E+03,5.5E+03,6.5E+03));
#527 = VECTOR('',#528,1.);
#528 = DIRECTION('',(0.954479978035,0.,0.298274993136));
#529 = PCURVE('',#443,#530);
#530 = DEFINITIONAL_REPRESENTATION('',(#531),#535);
#531 = LINE('',#532,#533);
#532 = CARTESIAN_POINT('',(0.,0.));
#533 = VECTOR('',#534,1.);
#534 = DIRECTION('',(1.,0.));
#535 = ( GEOMETRIC_REPRESENTATION_CONTEXT(2) 
PARAMETRIC_REPRESENTATION_CONTEXT() REPRESENTATION_CONTEXT('2D SPACE',''
  ) );
#536 = PCURVE('',#537,#542);
#537 = PLANE('',#538);
#538 = AXIS2_PLACEMENT_3D('',#539,#540,#541);
#539 = CARTESIAN_POINT('',(0.,5.5E+03,7.139556308608E+03));
#540 = DIRECTION('',(0.,1.,0.));
#541 = DIRECTION('',(0.,-0.,1.));
#542 = DEFINITIONAL_REPRESENTATION('',(#543),#547);
#543 = LINE('',#544,#545);
#544 = CARTESIAN_POINT('',(-639.5563086078,-8.E+03));
#545 = VECTOR('',#546,1.);
#546 = DIRECTION('',(0.298274993136,0.954479978035));
#547 = ( GEOMETRIC_REPRESENTATION_CONTEXT(2) 
PARAMETRIC_REPRESENTATION_CONTEXT() REPRESENTATION_CONTEXT('2D SPACE',''
  ) );
#548 = ADVANCED_FACE('',(#549),#511,.T.);
#549 = FACE_BOUND('',#550,.T.);
#550 = EDGE_LOOP('',(#551,#552,#575,#598));
#551 = ORIENTED_EDGE('',*,*,#495,.T.);
#552 = ORIENTED_EDGE('',*,*,#553,.T.);
#553 = EDGE_CURVE('',#468,#554,#556,.T.);
#554 = VERTEX_POINT('',#555);
#555 = CARTESIAN_POINT('',(8.E+03,-5.5E+03,6.5E+03));
#556 = SURFACE_CURVE('',#557,(#561,#568),.PCURVE_S1.);
#557 = LINE('',#558,#559);
#558 = CARTESIAN_POINT('',(0.,-5.5E+03,9.E+03));
#559 = VECTOR('',#560,1.);
#560 = DIRECTION('',(0.954479978035,0.,-0.298274993136));
#561 = PCURVE('',#511,#562);
#562 = DEFINITIONAL_REPRESENTATION('',(#563),#567);
#563 = LINE('',#564,#565);
#564 = CARTESIAN_POINT('',(0.,-1.1E+04));
#565 = VECTOR('',#566,1.);
#566 = DIRECTION('',(1.,0.));
#567 = ( GEOMETRIC_REPRESENTATION_CONTEXT(2) 
PARAMETRIC_REPRESENTATION_CONTEXT() REPRESENTATION_CONTEXT('2D SPACE',''
  ) );
#568 = PCURVE('',#483,#569);
#569 = DEFINITIONAL_REPRESENTATION('',(#570),#574);
#570 = LINE('',#571,#572);
#571 = CARTESIAN_POINT('',(1.860443691392E+03,0.));
#572 = VECTOR('',#573,1.);
#573 = DIRECTION('',(-0.298274993136,0.954479978035));
#574 = ( GEOMETRIC_REPRESENTATION_CONTEXT(2) 
PARAMETRIC_REPRESENTATION_CONTEXT() REPRESENTATION_CONTEXT('2D SPACE',''
  ) );
#575 = ORIENTED_EDGE('',*,*,#576,.F.);
#576 = EDGE_CURVE('',#577,#554,#579,.T.);
#577 = VERTEX_POINT('',#578);
#578 = CARTESIAN_POINT('',(8.E+03,5.5E+03,6.5E+03));
#579 = SURFACE_CURVE('',#580,(#584,#591),.PCURVE_S1.);
#580 = LINE('',#581,#582);
#581 = CARTESIAN_POINT('',(8.E+03,5.5E+03,6.5E+03));
#582 = VECTOR('',#583,1.);
#583 = DIRECTION('',(0.,-1.,0.));
#584 = PCURVE('',#511,#585);
#585 = DEFINITIONAL_REPRESENTATION('',(#586),#590);
#586 = LINE('',#587,#588);
#587 = CARTESIAN_POINT('',(8.38152730712E+03,0.));
#588 = VECTOR('',#589,1.);
#589 = DIRECTION('',(0.,-1.));
#590 = ( GEOMETRIC_REPRESENTATION_CONTEXT(2) 
PARAMETRIC_REPRESENTATION_CONTEXT() REPRESENTATION_CONTEXT('2D SPACE',''
  ) );
#591 = PCURVE('',#455,#592);
#592 = DEFINITIONAL_REPRESENTATION('',(#593),#597);
#593 = LINE('',#594,#595);
#594 = CARTESIAN_POINT('',(0.,0.));
#595 = VECTOR('',#596,1.);
#596 = DIRECTION('',(0.,-1.));
#597 = ( GEOMETRIC_REPRESENTATION_CONTEXT(2) 
PARAMETRIC_REPRESENTATION_CONTEXT() REPRESENTATION_CONTEXT('2D SPACE',''
  ) );
#598 = ORIENTED_EDGE('',*,*,#599,.F.);
#599 = EDGE_CURVE('',#496,#577,#600,.T.);
#600 = SURFACE_CURVE('',#601,(#605,#612),.PCURVE_S1.);
#601 = LINE('',#602,#603);
#602 = CARTESIAN_POINT('',(0.,5.5E+03,9.E+03));
#603 = VECTOR('',#604,1.);
#604 = DIRECTION('',(0.954479978035,0.,-0.298274993136));
#605 = PCURVE('',#511,#606);
#606 = DEFINITIONAL_REPRESENTATION('',(#607),#611);
#607 = LINE('',#608,#609);
#608 = CARTESIAN_POINT('',(0.,0.));
#609 = VECTOR('',#610,1.);
#610 = DIRECTION('',(1.,0.));
#611 = ( GEOMETRIC_REPRESENTATION_CONTEXT(2) 
PARAMETRIC_REPRESENTATION_CONTEXT() REPRESENTATION_CONTEXT('2D SPACE',''
  ) );
#612 = PCURVE('',#537,#613);
#613 = DEFINITIONAL_REPRESENTATION('',(#614),#618);
#614 = LINE('',#615,#616);
#615 = CARTESIAN_POINT('',(1.860443691392E+03,0.));
#616 = VECTOR('',#617,1.);
#617 = DIRECTION('',(-0.298274993136,0.954479978035));
#618 = ( GEOMETRIC_REPRESENTATION_CONTEXT(2) 
PARAMETRIC_REPRESENTATION_CONTEXT() REPRESENTATION_CONTEXT('2D SPACE',''
  ) );
#619 = ADVANCED_FACE('',(#620),#455,.T.);
#620 = FACE_BOUND('',#621,.T.);
#621 = EDGE_LOOP('',(#622,#623,#644,#645));
#622 = ORIENTED_EDGE('',*,*,#576,.T.);
#623 = ORIENTED_EDGE('',*,*,#624,.T.);
#624 = EDGE_CURVE('',#554,#435,#625,.T.);
#625 = SURFACE_CURVE('',#626,(#630,#637),.PCURVE_S1.);
#626 = LINE('',#627,#628);
#627 = CARTESIAN_POINT('',(8.E+03,-5.5E+03,6.5E+03));
#628 = VECTOR('',#629,1.);
#629 = DIRECTION('',(-1.,0.,0.));
#630 = PCURVE('',#455,#631);
#631 = DEFINITIONAL_REPRESENTATION('',(#632),#636);
#632 = LINE('',#633,#634);
#633 = CARTESIAN_POINT('',(0.,-1.1E+04));
#634 = VECTOR('',#635,1.);
#635 = DIRECTION('',(1.,0.));
#636 = ( GEOMETRIC_REPRESENTATION_CONTEXT(2) 
PARAMETRIC_REPRESENTATION_CONTEXT() REPRESENTATION_CONTEXT('2D SPACE',''
  ) );
#637 = PCURVE('',#483,#638);
#638 = DEFINITIONAL_REPRESENTATION('',(#639),#643);
#639 = LINE('',#640,#641);
#640 = CARTESIAN_POINT('',(-639.5563086078,8.E+03));
#641 = VECTOR('',#642,1.);
#642 = DIRECTION('',(0.,-1.));
#643 = ( GEOMETRIC_REPRESENTATION_CONTEXT(2) 
PARAMETRIC_REPRESENTATION_CONTEXT() REPRESENTATION_CONTEXT('2D SPACE',''
  ) );
#644 = ORIENTED_EDGE('',*,*,#432,.F.);
#645 = ORIENTED_EDGE('',*,*,#646,.F.);
#646 = EDGE_CURVE('',#577,#433,#647,.T.);
#647 = SURFACE_CURVE('',#648,(#652,#659),.PCURVE_S1.);
#648 = LINE('',#649,#650);
#649 = CARTESIAN_POINT('',(8.E+03,5.5E+03,6.5E+03));
#650 = VECTOR('',#651,1.);
#651 = DIRECTION('',(-1.,0.,0.));
#652 = PCURVE('',#455,#653);
#653 = DEFINITIONAL_REPRESENTATION('',(#654),#658);
#654 = LINE('',#655,#656);
#655 = CARTESIAN_POINT('',(0.,0.));
#656 = VECTOR('',#657,1.);
#657 = DIRECTION('',(1.,0.));
#658 = ( GEOMETRIC_REPRESENTATION_CONTEXT(2) 
PARAMETRIC_REPRESENTATION_CONTEXT() REPRESENTATION_CONTEXT('2D SPACE',''
  ) );
#659 = PCURVE('',#537,#660);
#660 = DEFINITIONAL_REPRESENTATION('',(#661),#665);
#661 = LINE('',#662,#663);
#662 = CARTESIAN_POINT('',(-639.5563086078,8.E+03));
#663 = VECTOR('',#664,1.);
#664 = DIRECTION('',(0.,-1.));
#665 = ( GEOMETRIC_REPRESENTATION_CONTEXT(2) 
PARAMETRIC_REPRESENTATION_CONTEXT() REPRESENTATION_CONTEXT('2D SPACE',''
  ) );
#666 = ADVANCED_FACE('',(#667),#537,.T.);
#667 = FACE_BOUND('',#668,.T.);
#668 = EDGE_LOOP('',(#669,#670,#671));
#669 = ORIENTED_EDGE('',*,*,#523,.T.);
#670 = ORIENTED_EDGE('',*,*,#599,.T.);
#671 = ORIENTED_EDGE('',*,*,#646,.T.);
#672 = ADVANCED_FACE('',(#673),#483,.F.);
#673 = FACE_BOUND('',#674,.F.);
#674 = EDGE_LOOP('',(#675,#676,#677));
#675 = ORIENTED_EDGE('',*,*,#467,.T.);
#676 = ORIENTED_EDGE('',*,*,#553,.T.);
#677 = ORIENTED_EDGE('',*,*,#624,.T.);
#678 = ( GEOMETRIC_REPRESENTATION_CONTEXT(3) 
GLOBAL_UNCERTAINTY_ASSIGNED_CONTEXT((#682)) GLOBAL_UNIT_ASSIGNED_CONTEXT
((#679,#680,#681)) REPRESENTATION_CONTEXT('Context #1',
  '3D Context with UNIT and UNCERTAINTY') );
#679 = ( LENGTH_UNIT() NAMED_UNIT(*) SI_UNIT(.MILLI.,.METRE.) );
#680 = ( NAMED_UNIT(*) PLANE_ANGLE_UNIT() SI_UNIT($,.RADIAN.) );
#681 = ( NAMED_UNIT(*) SI_UNIT($,.STERADIAN.) SOLID_ANGLE_UNIT() );
#682 = UNCERTAINTY_MEASURE_WITH_UNIT(LENGTH_MEASURE(1.E-07),#679,
  'distance_accuracy_value','confusion accuracy');
#683 = CONTEXT_DEPENDENT_SHAPE_REPRESENTATION(#684,#686);
#684 = ( REPRESENTATION_RELATIONSHIP('','',#425,#10) 
REPRESENTATION_RELATIONSHIP_WITH_TRANSFORMATION(#685) 
SHAPE_REPRESENTATION_RELATIONSHIP() );
#685 = ITEM_DEFINED_TRANSFORMATION('','',#11,#19);
#686 = PRODUCT_DEFINITION_SHAPE('Placement','Placement of an item',#687
  );
#687 = NEXT_ASSEMBLY_USAGE_OCCURRENCE('67','part1','',#5,#420,$);
#688 = PRODUCT_RELATED_PRODUCT_CATEGORY('part',$,(#422));
#689 = SHAPE_DEFINITION_REPRESENTATION(#690,#696);
#690 = PRODUCT_DEFINITION_SHAPE('','',#691);
#691 = PRODUCT_DEFINITION('design','',#692,#695);
#692 = PRODUCT_DEFINITION_FORMATION('','',#693);
#693 = PRODUCT('part2','part2','',(#694));
#694 = PRODUCT_CONTEXT('',#2,'mechanical');
#695 = PRODUCT_DEFINITION_CONTEXT('part definition',#2,'design');
#696 = ADVANCED_BREP_SHAPE_REPRESENTATION('',(#11,#697),#1027);
#697 = MANIFOLD_SOLID_BREP('',#698);
#698 = CLOSED_SHELL('',(#699,#819,#919,#966,#1013,#1020));
#699 = ADVANCED_FACE('',(#700),#714,.F.);
#700 = FACE_BOUND('',#701,.F.);
#701 = EDGE_LOOP('',(#702,#737,#765,#793));
#702 = ORIENTED_EDGE('',*,*,#703,.F.);
#703 = EDGE_CURVE('',#704,#706,#708,.T.);
#704 = VERTEX_POINT('',#705);
#705 = CARTESIAN_POINT('',(-1.5E+03,5.3E+03,3.8E+03));
#706 = VERTEX_POINT('',#707);
#707 = CARTESIAN_POINT('',(-1.5E+03,5.3E+03,5.2E+03));
#708 = SURFACE_CURVE('',#709,(#713,#725),.PCURVE_S1.);
#709 = LINE('',#710,#711);
#710 = CARTESIAN_POINT('',(-1.5E+03,5.3E+03,3.8E+03));
#711 = VECTOR('',#712,1.);
#712 = DIRECTION('',(0.,0.,1.));
#713 = PCURVE('',#714,#719);
#714 = PLANE('',#715);
#715 = AXIS2_PLACEMENT_3D('',#716,#717,#718);
#716 = CARTESIAN_POINT('',(-1.5E+03,5.3E+03,3.8E+03));
#717 = DIRECTION('',(1.,0.,0.));
#718 = DIRECTION('',(0.,0.,1.));
#719 = DEFINITIONAL_REPRESENTATION('',(#720),#724);
#720 = LINE('',#721,#722);
#721 = CARTESIAN_POINT('',(0.,0.));
#722 = VECTOR('',#723,1.);
#723 = DIRECTION('',(1.,0.));
#724 = ( GEOMETRIC_REPRESENTATION_CONTEXT(2) 
PARAMETRIC_REPRESENTATION_CONTEXT() REPRESENTATION_CONTEXT('2D SPACE',''
  ) );
#725 = PCURVE('',#726,#731);
#726 = PLANE('',#727);
#727 = AXIS2_PLACEMENT_3D('',#728,#729,#730);
#728 = CARTESIAN_POINT('',(-1.5E+03,5.3E+03,3.8E+03));
#729 = DIRECTION('',(0.,1.,0.));
#730 = DIRECTION('',(0.,0.,1.));
#731 = DEFINITIONAL_REPRESENTATION('',(#732),#736);
#732 = LINE('',#733,#734);
#733 = CARTESIAN_POINT('',(0.,0.));
#734 = VECTOR('',#735,1.);
#735 = DIRECTION('',(1.,0.));
#736 = ( GEOMETRIC_REPRESENTATION_CONTEXT(2) 
PARAMETRIC_REPRESENTATION_CONTEXT() REPRESENTATION_CONTEXT('2D SPACE',''
  ) );
#737 = ORIENTED_EDGE('',*,*,#738,.T.);
#738 = EDGE_CURVE('',#704,#739,#741,.T.);
#739 = VERTEX_POINT('',#740);
#740 = CARTESIAN_POINT('',(-1.5E+03,5.7E+03,3.8E+03));
#741 = SURFACE_CURVE('',#742,(#746,#753),.PCURVE_S1.);
#742 = LINE('',#743,#744);
#743 = CARTESIAN_POINT('',(-1.5E+03,5.3E+03,3.8E+03));
#744 = VECTOR('',#745,1.);
#745 = DIRECTION('',(0.,1.,0.));
#746 = PCURVE('',#714,#747);
#747 = DEFINITIONAL_REPRESENTATION('',(#748),#752);
#748 = LINE('',#749,#750);
#749 = CARTESIAN_POINT('',(0.,0.));
#750 = VECTOR('',#751,1.);
#751 = DIRECTION('',(0.,-1.));
#752 = ( GEOMETRIC_REPRESENTATION_CONTEXT(2) 
PARAMETRIC_REPRESENTATION_CONTEXT() REPRESENTATION_CONTEXT('2D SPACE',''
  ) );
#753 = PCURVE('',#754,#759);
#754 = PLANE('',#755);
#755 = AXIS2_PLACEMENT_3D('',#756,#757,#758);
#756 = CARTESIAN_POINT('',(-1.5E+03,5.3E+03,3.8E+03));
#757 = DIRECTION('',(0.,0.,1.));
#758 = DIRECTION('',(1.,0.,0.));
#759 = DEFINITIONAL_REPRESENTATION('',(#760),#764);
#760 = LINE('',#761,#762);
#761 = CARTESIAN_POINT('',(0.,0.));
#762 = VECTOR('',#763,1.);
#763 = DIRECTION('',(0.,1.));
#764 = ( GEOMETRIC_REPRESENTATION_CONTEXT(2) 
PARAMETRIC_REPRESENTATION_CONTEXT() REPRESENTATION_CONTEXT('2D SPACE',''
  ) );
#765 = ORIENTED_EDGE('',*,*,#766,.T.);
#766 = EDGE_CURVE('',#739,#767,#769,.T.);
#767 = VERTEX_POINT('',#768);
#768 = CARTESIAN_POINT('',(-1.5E+03,5.7E+03,5.2E+03));
#769 = SURFACE_CURVE('',#770,(#774,#781),.PCURVE_S1.);
#770 = LINE('',#771,#772);
#771 = CARTESIAN_POINT('',(-1.5E+03,5.7E+03,3.8E+03));
#772 = VECTOR('',#773,1.);
#773 = DIRECTION('',(0.,0.,1.));
#774 = PCURVE('',#714,#775);
#775 = DEFINITIONAL_REPRESENTATION('',(#776),#780);
#776 = LINE('',#777,#778);
#777 = CARTESIAN_POINT('',(0.,-400.));
#778 = VECTOR('',#779,1.);
#779 = DIRECTION('',(1.,0.));
#780 = ( GEOMETRIC_REPRESENTATION_CONTEXT(2) 
PARAMETRIC_REPRESENTATION_CONTEXT() REPRESENTATION_CONTEXT('2D SPACE',''
  ) );
#781 = PCURVE('',#782,#787);
#782 = PLANE('',#783);
#783 = AXIS2_PLACEMENT_3D('',#784,#785,#786);
#784 = CARTESIAN_POINT('',(-1.5E+03,5.7E+03,3.8E+03));
#785 = DIRECTION('',(0.,1.,0.));
#786 = DIRECTION('',(0.,0.,1.));
#787 = DEFINITIONAL_REPRESENTATION('',(#788),#792);
#788 = LINE('',#789,#790);
#789 = CARTESIAN_POINT('',(0.,0.));
#790 = VECTOR('',#791,1.);
#791 = DIRECTION('',(1.,0.));
#792 = ( GEOMETRIC_REPRESENTATION_CONTEXT(2) 
PARAMETRIC_REPRESENTATION_CONTEXT() REPRESENTATION_CONTEXT('2D SPACE',''
  ) );
#793 = ORIENTED_EDGE('',*,*,#794,.F.);
#794 = EDGE_CURVE('',#706,#767,#795,.T.);
#795 = SURFACE_CURVE('',#796,(#800,#807),.PCURVE_S1.);
#796 = LINE('',#797,#798);
#797 = CARTESIAN_POINT('',(-1.5E+03,5.3E+03,5.2E+03));
#798 = VECTOR('',#799,1.);
#799 = DIRECTION('',(0.,1.,0.));
#800 = PCURVE('',#714,#801);
#801 = DEFINITIONAL_REPRESENTATION('',(#802),#806);
#802 = LINE('',#803,#804);
#803 = CARTESIAN_POINT('',(1.4E+03,0.));
#804 = VECTOR('',#805,1.);
#805 = DIRECTION('',(0.,-1.));
#806 = ( GEOMETRIC_REPRESENTATION_CONTEXT(2) 
PARAMETRIC_REPRESENTATION_CONTEXT() REPRESENTATION_CONTEXT('2D SPACE',''
  ) );
#807 = PCURVE('',#808,#813);
#808 = PLANE('',#809);
#809 = AXIS2_PLACEMENT_3D('',#810,#811,#812);
#810 = CARTESIAN_POINT('',(-1.5E+03,5.3E+03,5.2E+03));
#811 = DIRECTION('',(0.,0.,1.));
#812 = DIRECTION('',(1.,0.,0.));
#813 = DEFINITIONAL_REPRESENTATION('',(#814),#818);
#814 = LINE('',#815,#816);
#815 = CARTESIAN_POINT('',(0.,0.));
#816 = VECTOR('',#817,1.);
#817 = DIRECTION('',(0.,1.));
#818 = ( GEOMETRIC_REPRESENTATION_CONTEXT(2) 
PARAMETRIC_REPRESENTATION_CONTEXT() REPRESENTATION_CONTEXT('2D SPACE',''
  ) );
#819 = ADVANCED_FACE('',(#820),#834,.T.);
#820 = FACE_BOUND('',#821,.T.);
#821 = EDGE_LOOP('',(#822,#852,#875,#898));
#822 = ORIENTED_EDGE('',*,*,#823,.F.);
#823 = EDGE_CURVE('',#824,#826,#828,.T.);
#824 = VERTEX_POINT('',#825);
#825 = CARTESIAN_POINT('',(1.5E+03,5.3E+03,3.8E+03));
#826 = VERTEX_POINT('',#827);
#827 = CARTESIAN_POINT('',(1.5E+03,5.3E+03,5.2E+03));
#828 = SURFACE_CURVE('',#829,(#833,#845),.PCURVE_S1.);
#829 = LINE('',#830,#831);
#830 = CARTESIAN_POINT('',(1.5E+03,5.3E+03,3.8E+03));
#831 = VECTOR('',#832,1.);
#832 = DIRECTION('',(0.,0.,1.));
#833 = PCURVE('',#834,#839);
#834 = PLANE('',#835);
#835 = AXIS2_PLACEMENT_3D('',#836,#837,#838);
#836 = CARTESIAN_POINT('',(1.5E+03,5.3E+03,3.8E+03));
#837 = DIRECTION('',(1.,0.,0.));
#838 = DIRECTION('',(0.,0.,1.));
#839 = DEFINITIONAL_REPRESENTATION('',(#840),#844);
#840 = LINE('',#841,#842);
#841 = CARTESIAN_POINT('',(0.,0.));
#842 = VECTOR('',#843,1.);
#843 = DIRECTION('',(1.,0.));
#844 = ( GEOMETRIC_REPRESENTATION_CONTEXT(2) 
PARAMETRIC_REPRESENTATION_CONTEXT() REPRESENTATION_CONTEXT('2D SPACE',''
  ) );
#845 = PCURVE('',#726,#846);
#846 = DEFINITIONAL_REPRESENTATION('',(#847),#851);
#847 = LINE('',#848,#849);
#848 = CARTESIAN_POINT('',(0.,3.E+03));
#849 = VECTOR('',#850,1.);
#850 = DIRECTION('',(1.,0.));
#851 = ( GEOMETRIC_REPRESENTATION_CONTEXT(2) 
PARAMETRIC_REPRESENTATION_CONTEXT() REPRESENTATION_CONTEXT('2D SPACE',''
  ) );
#852 = ORIENTED_EDGE('',*,*,#853,.T.);
#853 = EDGE_CURVE('',#824,#854,#856,.T.);
#854 = VERTEX_POINT('',#855);
#855 = CARTESIAN_POINT('',(1.5E+03,5.7E+03,3.8E+03));
#856 = SURFACE_CURVE('',#857,(#861,#868),.PCURVE_S1.);
#857 = LINE('',#858,#859);
#858 = CARTESIAN_POINT('',(1.5E+03,5.3E+03,3.8E+03));
#859 = VECTOR('',#860,1.);
#860 = DIRECTION('',(0.,1.,0.));
#861 = PCURVE('',#834,#862);
#862 = DEFINITIONAL_REPRESENTATION('',(#863),#867);
#863 = LINE('',#864,#865);
#864 = CARTESIAN_POINT('',(0.,0.));
#865 = VECTOR('',#866,1.);
#866 = DIRECTION('',(0.,-1.));
#867 = ( GEOMETRIC_REPRESENTATION_CONTEXT(2) 
PARAMETRIC_REPRESENTATION_CONTEXT() REPRESENTATION_CONTEXT('2D SPACE',''
  ) );
#868 = PCURVE('',#754,#869);
#869 = DEFINITIONAL_REPRESENTATION('',(#870),#874);
#870 = LINE('',#871,#872);
#871 = CARTESIAN_POINT('',(3.E+03,0.));
#872 = VECTOR('',#873,1.);
#873 = DIRECTION('',(0.,1.));
#874 = ( GEOMETRIC_REPRESENTATION_CONTEXT(2) 
PARAMETRIC_REPRESENTATION_CONTEXT() REPRESENTATION_CONTEXT('2D SPACE',''
  ) );
#875 = ORIENTED_EDGE('',*,*,#876,.T.);
#876 = EDGE_CURVE('',#854,#877,#879,.T.);
#877 = VERTEX_POINT('',#878);
#878 = CARTESIAN_POINT('',(1.5E+03,5.7E+03,5.2E+03));
#879 = SURFACE_CURVE('',#880,(#884,#891),.PCURVE_S1.);
#880 = LINE('',#881,#882);
#881 = CARTESIAN_POINT('',(1.5E+03,5.7E+03,3.8E+03));
#882 = VECTOR('',#883,1.);
#883 = DIRECTION('',(0.,0.,1.));
#884 = PCURVE('',#834,#885);
#885 = DEFINITIONAL_REPRESENTATION('',(#886),#890);
#886 = LINE('',#887,#888);
#887 = CARTESIAN_POINT('',(0.,-400.));
#888 = VECTOR('',#889,1.);
#889 = DIRECTION('',(1.,0.));
#890 = ( GEOMETRIC_REPRESENTATION_CONTEXT(2) 
PARAMETRIC_REPRESENTATION_CONTEXT() REPRESENTATION_CONTEXT('2D SPACE',''
  ) );
#891 = PCURVE('',#782,#892);
#892 = DEFINITIONAL_REPRESENTATION('',(#893),#897);
#893 = LINE('',#894,#895);
#894 = CARTESIAN_POINT('',(0.,3.E+03));
#895 = VECTOR('',#896,1.);
#896 = DIRECTION('',(1.,0.));
#897 = ( GEOMETRIC_REPRESENTATION_CONTEXT(2) 
PARAMETRIC_REPRESENTATION_CONTEXT() REPRESENTATION_CONTEXT('2D SPACE',''
  ) );
#898 = ORIENTED_EDGE('',*,*,#899,.F.);
#899 = EDGE_CURVE('',#826,#877,#900,.T.);
#900 = SURFACE_CURVE('',#901,(#905,#912),.PCURVE_S1.);
#901 = LINE('',#902,#903);
#902 = CARTESIAN_POINT('',(1.5E+03,5.3E+03,5.2E+03));
#903 = VECTOR('',#904,1.);
#904 = DIRECTION('',(0.,1.,0.));
#905 = PCURVE('',#834,#906);
#906 = DEFINITIONAL_REPRESENTATION('',(#907),#911);
#907 = LINE('',#908,#909);
#908 = CARTESIAN_POINT('',(1.4E+03,0.));
#909 = VECTOR('',#910,1.);
#910 = DIRECTION('',(0.,-1.));
#911 = ( GEOMETRIC_REPRESENTATION_CONTEXT(2) 
PARAMETRIC_REPRESENTATION_CONTEXT() REPRESENTATION_CONTEXT('2D SPACE',''
  ) );
#912 = PCURVE('',#808,#913);
#913 = DEFINITIONAL_REPRESENTATION('',(#914),#918);
#914 = LINE('',#915,#916);
#915 = CARTESIAN_POINT('',(3.E+03,0.));
#916 = VECTOR('',#917,1.);
#917 = DIRECTION('',(0.,1.));
#918 = ( GEOMETRIC_REPRESENTATION_CONTEXT(2) 
PARAMETRIC_REPRESENTATION_CONTEXT() REPRESENTATION_CONTEXT('2D SPACE',''
  ) );
#919 = ADVANCED_FACE('',(#920),#726,.F.);
#920 = FACE_BOUND('',#921,.F.);
#921 = EDGE_LOOP('',(#922,#943,#944,#965));
#922 = ORIENTED_EDGE('',*,*,#923,.F.);
#923 = EDGE_CURVE('',#704,#824,#924,.T.);
#924 = SURFACE_CURVE('',#925,(#929,#936),.PCURVE_S1.);
#925 = LINE('',#926,#927);
#926 = CARTESIAN_POINT('',(-1.5E+03,5.3E+03,3.8E+03));
#927 = VECTOR('',#928,1.);
#928 = DIRECTION('',(1.,0.,0.));
#929 = PCURVE('',#726,#930);
#930 = DEFINITIONAL_REPRESENTATION('',(#931),#935);
#931 = LINE('',#932,#933);
#932 = CARTESIAN_POINT('',(0.,0.));
#933 = VECTOR('',#934,1.);
#934 = DIRECTION('',(0.,1.));
#935 = ( GEOMETRIC_REPRESENTATION_CONTEXT(2) 
PARAMETRIC_REPRESENTATION_CONTEXT() REPRESENTATION_CONTEXT('2D SPACE',''
  ) );
#936 = PCURVE('',#754,#937);
#937 = DEFINITIONAL_REPRESENTATION('',(#938),#942);
#938 = LINE('',#939,#940);
#939 = CARTESIAN_POINT('',(0.,0.));
#940 = VECTOR('',#941,1.);
#941 = DIRECTION('',(1.,0.));
#942 = ( GEOMETRIC_REPRESENTATION_CONTEXT(2) 
PARAMETRIC_REPRESENTATION_CONTEXT() REPRESENTATION_CONTEXT('2D SPACE',''
  ) );
#943 = ORIENTED_EDGE('',*,*,#703,.T.);
#944 = ORIENTED_EDGE('',*,*,#945,.T.);
#945 = EDGE_CURVE('',#706,#826,#946,.T.);
#946 = SURFACE_CURVE('',#947,(#951,#958),.PCURVE_S1.);
#947 = LINE('',#948,#949);
#948 = CARTESIAN_POINT('',(-1.5E+03,5.3E+03,5.2E+03));
#949 = VECTOR('',#950,1.);
#950 = DIRECTION('',(1.,0.,0.));
#951 = PCURVE('',#726,#952);
#952 = DEFINITIONAL_REPRESENTATION('',(#953),#957);
#953 = LINE('',#954,#955);
#954 = CARTESIAN_POINT('',(1.4E+03,0.));
#955 = VECTOR('',#956,1.);
#956 = DIRECTION('',(0.,1.));
#957 = ( GEOMETRIC_REPRESENTATION_CONTEXT(2) 
PARAMETRIC_REPRESENTATION_CONTEXT() REPRESENTATION_CONTEXT('2D SPACE',''
  ) );
#958 = PCURVE('',#808,#959);
#959 = DEFINITIONAL_REPRESENTATION('',(#960),#964);
#960 = LINE('',#961,#962);
#961 = CARTESIAN_POINT('',(0.,0.));
#962 = VECTOR('',#963,1.);
#963 = DIRECTION('',(1.,0.));
#964 = ( GEOMETRIC_REPRESENTATION_CONTEXT(2) 
PARAMETRIC_REPRESENTATION_CONTEXT() REPRESENTATION_CONTEXT('2D SPACE',''
  ) );
#965 = ORIENTED_EDGE('',*,*,#823,.F.);
#966 = ADVANCED_FACE('',(#967),#782,.T.);
#967 = FACE_BOUND('',#968,.T.);
#968 = EDGE_LOOP('',(#969,#990,#991,#1012));
#969 = ORIENTED_EDGE('',*,*,#970,.F.);
#970 = EDGE_CURVE('',#739,#854,#971,.T.);
#971 = SURFACE_CURVE('',#972,(#976,#983),.PCURVE_S1.);
#972 = LINE('',#973,#974);
#973 = CARTESIAN_POINT('',(-1.5E+03,5.7E+03,3.8E+03));
#974 = VECTOR('',#975,1.);
#975 = DIRECTION('',(1.,0.,0.));
#976 = PCURVE('',#782,#977);
#977 = DEFINITIONAL_REPRESENTATION('',(#978),#982);
#978 = LINE('',#979,#980);
#979 = CARTESIAN_POINT('',(0.,0.));
#980 = VECTOR('',#981,1.);
#981 = DIRECTION('',(0.,1.));
#982 = ( GEOMETRIC_REPRESENTATION_CONTEXT(2) 
PARAMETRIC_REPRESENTATION_CONTEXT() REPRESENTATION_CONTEXT('2D SPACE',''
  ) );
#983 = PCURVE('',#754,#984);
#984 = DEFINITIONAL_REPRESENTATION('',(#985),#989);
#985 = LINE('',#986,#987);
#986 = CARTESIAN_POINT('',(0.,400.));
#987 = VECTOR('',#988,1.);
#988 = DIRECTION('',(1.,0.));
#989 = ( GEOMETRIC_REPRESENTATION_CONTEXT(2) 
PARAMETRIC_REPRESENTATION_CONTEXT() REPRESENTATION_CONTEXT('2D SPACE',''
  ) );
#990 = ORIENTED_EDGE('',*,*,#766,.T.);
#991 = ORIENTED_EDGE('',*,*,#992,.T.);
#992 = EDGE_CURVE('',#767,#877,#993,.T.);
#993 = SURFACE_CURVE('',#994,(#998,#1005),.PCURVE_S1.);
#994 = LINE('',#995,#996);
#995 = CARTESIAN_POINT('',(-1.5E+03,5.7E+03,5.2E+03));
#996 = VECTOR('',#997,1.);
#997 = DIRECTION('',(1.,0.,0.));
#998 = PCURVE('',#782,#999);
#999 = DEFINITIONAL_REPRESENTATION('',(#1000),#1004);
#1000 = LINE('',#1001,#1002);
#1001 = CARTESIAN_POINT('',(1.4E+03,0.));
#1002 = VECTOR('',#1003,1.);
#1003 = DIRECTION('',(0.,1.));
#1004 = ( GEOMETRIC_REPRESENTATION_CONTEXT(2) 
PARAMETRIC_REPRESENTATION_CONTEXT() REPRESENTATION_CONTEXT('2D SPACE',''
  ) );
#1005 = PCURVE('',#808,#1006);
#1006 = DEFINITIONAL_REPRESENTATION('',(#1007),#1011);
#1007 = LINE('',#1008,#1009);
#1008 = CARTESIAN_POINT('',(0.,400.));
#1009 = VECTOR('',#1010,1.);
#1010 = DIRECTION('',(1.,0.));
#1011 = ( GEOMETRIC_REPRESENTATION_CONTEXT(2) 
PARAMETRIC_REPRESENTATION_CONTEXT() REPRESENTATION_CONTEXT('2D SPACE',''
  ) );
#1012 = ORIENTED_EDGE('',*,*,#876,.F.);
#1013 = ADVANCED_FACE('',(#1014),#754,.F.);
#1014 = FACE_BOUND('',#1015,.F.);
#1015 = EDGE_LOOP('',(#1016,#1017,#1018,#1019));
#1016 = ORIENTED_EDGE('',*,*,#738,.F.);
#1017 = ORIENTED_EDGE('',*,*,#923,.T.);
#1018 = ORIENTED_EDGE('',*,*,#853,.T.);
#1019 = ORIENTED_EDGE('',*,*,#970,.F.);
#1020 = ADVANCED_FACE('',(#1021),#808,.T.);
#1021 = FACE_BOUND('',#1022,.T.);
#1022 = EDGE_LOOP('',(#1023,#1024,#1025,#1026));
#1023 = ORIENTED_EDGE('',*,*,#794,.F.);
#1024 = ORIENTED_EDGE('',*,*,#945,.T.);
#1025 = ORIENTED_EDGE('',*,*,#899,.T.);
#1026 = ORIENTED_EDGE('',*,*,#992,.F.);
#1027 = ( GEOMETRIC_REPRESENTATION_CONTEXT(3) 
GLOBAL_UNCERTAINTY_ASSIGNED_CONTEXT((#1031)) 
GLOBAL_UNIT_ASSIGNED_CONTEXT((#1028,#1029,#1030)) REPRESENTATION_CONTEXT
('Context #1','3D Context with UNIT and UNCERTAINTY') );
#1028 = ( LENGTH_UNIT() NAMED_UNIT(*) SI_UNIT(.MILLI.,.METRE.) );
#1029 = ( NAMED_UNIT(*) PLANE_ANGLE_UNIT() SI_UNIT($,.RADIAN.) );
#1030 = ( NAMED_UNIT(*) SI_UNIT($,.STERADIAN.) SOLID_ANGLE_UNIT() );
#1031 = UNCERTAINTY_MEASURE_WITH_UNIT(LENGTH_MEASURE(1.E-07),#1028,
  'distance_accuracy_value','confusion accuracy');
#1032 = CONTEXT_DEPENDENT_SHAPE_REPRESENTATION(#1033,#1035);
#1033 = ( REPRESENTATION_RELATIONSHIP('','',#696,#10) 
REPRESENTATION_RELATIONSHIP_WITH_TRANSFORMATION(#1034) 
SHAPE_REPRESENTATION_RELATIONSHIP() );
#1034 = ITEM_DEFINED_TRANSFORMATION('','',#11,#23);
#1035 = PRODUCT_DEFINITION_SHAPE('Placement','Placement of an item',
  #1036);
#1036 = NEXT_ASSEMBLY_USAGE_OCCURRENCE('68','part2','',#5,#691,$);
#1037 = PRODUCT_RELATED_PRODUCT_CATEGORY('part',$,(#693));
#1038 = SHAPE_DEFINITION_REPRESENTATION(#1039,#1045);
#1039 = PRODUCT_DEFINITION_SHAPE('','',#1040);
#1040 = PRODUCT_DEFINITION('design','',#1041,#1044);
#1041 = PRODUCT_DEFINITION_FORMATION('','',#1042);
#1042 = PRODUCT('part3','part3','',(#1043));
#1043 = PRODUCT_CONTEXT('',#2,'mechanical');
#1044 = PRODUCT_DEFINITION_CONTEXT('part definition',#2,'design');
#1045 = ADVANCED_BREP_SHAPE_REPRESENTATION('',(#11,#1046),#1376);
#1046 = MANIFOLD_SOLID_BREP('',#1047);
#1047 = CLOSED_SHELL('',(#1048,#1168,#1268,#1315,#1362,#1369));
#1048 = ADVANCED_FACE('',(#1049),#1063,.F.);
#1049 = FACE_BOUND('',#1050,.F.);
#1050 = EDGE_LOOP('',(#1051,#1086,#1114,#1142));
#1051 = ORIENTED_EDGE('',*,*,#1052,.F.);
#1052 = EDGE_CURVE('',#1053,#1055,#1057,.T.);
#1053 = VERTEX_POINT('',#1054);
#1054 = CARTESIAN_POINT('',(5.2E+03,5.54E+03,3.E+03));
#1055 = VERTEX_POINT('',#1056);
#1056 = CARTESIAN_POINT('',(5.2E+03,5.54E+03,4.E+03));
#1057 = SURFACE_CURVE('',#1058,(#1062,#1074),.PCURVE_S1.);
#1058 = LINE('',#1059,#1060);
#1059 = CARTESIAN_POINT('',(5.2E+03,5.54E+03,3.E+03));
#1060 = VECTOR('',#1061,1.);
#1061 = DIRECTION('',(0.,0.,1.));
#1062 = PCURVE('',#1063,#1068);
#1063 = PLANE('',#1064);
#1064 = AXIS2_PLACEMENT_3D('',#1065,#1066,#1067);
#1065 = CARTESIAN_POINT('',(5.2E+03,5.54E+03,3.E+03));
#1066 = DIRECTION('',(1.,0.,0.));
#1067 = DIRECTION('',(0.,0.,1.));
#1068 = DEFINITIONAL_REPRESENTATION('',(#1069),#1073);
#1069 = LINE('',#1070,#1071);
#1070 = CARTESIAN_POINT('',(0.,0.));
#1071 = VECTOR('',#1072,1.);
#1072 = DIRECTION('',(1.,0.));
#1073 = ( GEOMETRIC_REPRESENTATION_CONTEXT(2) 
PARAMETRIC_REPRESENTATION_CONTEXT() REPRESENTATION_CONTEXT('2D SPACE',''
  ) );
#1074 = PCURVE('',#1075,#1080);
#1075 = PLANE('',#1076);
#1076 = AXIS2_PLACEMENT_3D('',#1077,#1078,#1079);
#1077 = CARTESIAN_POINT('',(5.2E+03,5.54E+03,3.E+03));
#1078 = DIRECTION('',(0.,1.,0.));
#1079 = DIRECTION('',(0.,0.,1.));
#1080 = DEFINITIONAL_REPRESENTATION('',(#1081),#1085);
#1081 = LINE('',#1082,#1083);
#1082 = CARTESIAN_POINT('',(0.,0.));
#1083 = VECTOR('',#1084,1.);
#1084 = DIRECTION('',(1.,0.));
#1085 = ( GEOMETRIC_REPRESENTATION_CONTEXT(2) 
PARAMETRIC_REPRESENTATION_CONTEXT() REPRESENTATION_CONTEXT('2D SPACE',''
  ) );
#1086 = ORIENTED_EDGE('',*,*,#1087,.T.);
#1087 = EDGE_CURVE('',#1053,#1088,#1090,.T.);
#1088 = VERTEX_POINT('',#1089);
#1089 = CARTESIAN_POINT('',(5.2E+03,5.66E+03,3.E+03));
#1090 = SURFACE_CURVE('',#1091,(#1095,#1102),.PCURVE_S1.);
#1091 = LINE('',#1092,#1093);
#1092 = CARTESIAN_POINT('',(5.2E+03,5.54E+03,3.E+03));
#1093 = VECTOR('',#1094,1.);
#1094 = DIRECTION('',(0.,1.,0.));
#1095 = PCURVE('',#1063,#1096);
#1096 = DEFINITIONAL_REPRESENTATION('',(#1097),#1101);
#1097 = LINE('',#1098,#1099);
#1098 = CARTESIAN_POINT('',(0.,0.));
#1099 = VECTOR('',#1100,1.);
#1100 = DIRECTION('',(0.,-1.));
#1101 = ( GEOMETRIC_REPRESENTATION_CONTEXT(2) 
PARAMETRIC_REPRESENTATION_CONTEXT() REPRESENTATION_CONTEXT('2D SPACE',''
  ) );
#1102 = PCURVE('',#1103,#1108);
#1103 = PLANE('',#1104);
#1104 = AXIS2_PLACEMENT_3D('',#1105,#1106,#1107);
#1105 = CARTESIAN_POINT('',(5.2E+03,5.54E+03,3.E+03));
#1106 = DIRECTION('',(0.,0.,1.));
#1107 = DIRECTION('',(1.,0.,0.));
#1108 = DEFINITIONAL_REPRESENTATION('',(#1109),#1113);
#1109 = LINE('',#1110,#1111);
#1110 = CARTESIAN_POINT('',(0.,0.));
#1111 = VECTOR('',#1112,1.);
#1112 = DIRECTION('',(0.,1.));
#1113 = ( GEOMETRIC_REPRESENTATION_CONTEXT(2) 
PARAMETRIC_REPRESENTATION_CONTEXT() REPRESENTATION_CONTEXT('2D SPACE',''
  ) );
#1114 = ORIENTED_EDGE('',*,*,#1115,.T.);
#1115 = EDGE_CURVE('',#1088,#1116,#1118,.T.);
#1116 = VERTEX_POINT('',#1117);
#1117 = CARTESIAN_POINT('',(5.2E+03,5.66E+03,4.E+03));
#1118 = SURFACE_CURVE('',#1119,(#1123,#1130),.PCURVE_S1.);
#1119 = LINE('',#1120,#1121);
#1120 = CARTESIAN_POINT('',(5.2E+03,5.66E+03,3.E+03));
#1121 = VECTOR('',#1122,1.);
#1122 = DIRECTION('',(0.,0.,1.));
#1123 = PCURVE('',#1063,#1124);
#1124 = DEFINITIONAL_REPRESENTATION('',(#1125),#1129);
#1125 = LINE('',#1126,#1127);
#1126 = CARTESIAN_POINT('',(0.,-120.));
#1127 = VECTOR('',#1128,1.);
#1128 = DIRECTION('',(1.,0.));
#1129 = ( GEOMETRIC_REPRESENTATION_CONTEXT(2) 
PARAMETRIC_REPRESENTATION_CONTEXT() REPRESENTATION_CONTEXT('2D SPACE',''
  ) );
#1130 = PCURVE('',#1131,#1136);
#1131 = PLANE('',#1132);
#1132 = AXIS2_PLACEMENT_3D('',#1133,#1134,#1135);
#1133 = CARTESIAN_POINT('',(5.2E+03,5.66E+03,3.E+03));
#1134 = DIRECTION('',(0.,1.,0.));
#1135 = DIRECTION('',(0.,0.,1.));
#1136 = DEFINITIONAL_REPRESENTATION('',(#1137),#1141);
#1137 = LINE('',#1138,#1139);
#1138 = CARTESIAN_POINT('',(0.,0.));
#1139 = VECTOR('',#1140,1.);
#1140 = DIRECTION('',(1.,0.));
#1141 = ( GEOMETRIC_REPRESENTATION_CONTEXT(2) 
PARAMETRIC_REPRESENTATION_CONTEXT() REPRESENTATION_CONTEXT('2D SPACE',''
  ) );
#1142 = ORIENTED_EDGE('',*,*,#1143,.F.);
#1143 = EDGE_CURVE('',#1055,#1116,#1144,.T.);
#1144 = SURFACE_CURVE('',#1145,(#1149,#1156),.PCURVE_S1.);
#1145 = LINE('',#1146,#1147);
#1146 = CARTESIAN_POINT('',(5.2E+03,5.54E+03,4.E+03));
#1147 = VECTOR('',#1148,1.);
#1148 = DIRECTION('',(0.,1.,0.));
#1149 = PCURVE('',#1063,#1150);
#1150 = DEFINITIONAL_REPRESENTATION('',(#1151),#1155);
#1151 = LINE('',#1152,#1153);
#1152 = CARTESIAN_POINT('',(1.E+03,0.));
#1153 = VECTOR('',#1154,1.);
#1154 = DIRECTION('',(0.,-1.));
#1155 = ( GEOMETRIC_REPRESENTATION_CONTEXT(2) 
PARAMETRIC_REPRESENTATION_CONTEXT() REPRESENTATION_CONTEXT('2D SPACE',''
  ) );
#1156 = PCURVE('',#1157,#1162);
#1157 = PLANE('',#1158);
#1158 = AXIS2_PLACEMENT_3D('',#1159,#1160,#1161);
#1159 = CARTESIAN_POINT('',(5.2E+03,5.54E+03,4.E+03));
#1160 = DIRECTION('',(0.,0.,1.));
#1161 = DIRECTION('',(1.,0.,0.));
#1162 = DEFINITIONAL_REPRESENTATION('',(#1163),#1167);
#1163 = LINE('',#1164,#1165);
#1164 = CARTESIAN_POINT('',(0.,0.));
#1165 = VECTOR('',#1166,1.);
#1166 = DIRECTION('',(0.,1.));
#1167 = ( GEOMETRIC_REPRESENTATION_CONTEXT(2) 
PARAMETRIC_REPRESENTATION_CONTEXT() REPRESENTATION_CONTEXT('2D SPACE',''
  ) );
#1168 = ADVANCED_FACE('',(#1169),#1183,.T.);
#1169 = FACE_BOUND('',#1170,.T.);
#1170 = EDGE_LOOP('',(#1171,#1201,#1224,#1247));
#1171 = ORIENTED_EDGE('',*,*,#1172,.F.);
#1172 = EDGE_CURVE('',#1173,#1175,#1177,.T.);
#1173 = VERTEX_POINT('',#1174);
#1174 = CARTESIAN_POINT('',(6.8E+03,5.54E+03,3.E+03));
#1175 = VERTEX_POINT('',#1176);
#1176 = CARTESIAN_POINT('',(6.8E+03,5.54E+03,4.E+03));
#1177 = SURFACE_CURVE('',#1178,(#1182,#1194),.PCURVE_S1.);
#1178 = LINE('',#1179,#1180);
#1179 = CARTESIAN_POINT('',(6.8E+03,5.54E+03,3.E+03));
#1180 = VECTOR('',#1181,1.);
#1181 = DIRECTION('',(0.,0.,1.));
#1182 = PCURVE('',#1183,#1188);
#1183 = PLANE('',#1184);
#1184 = AXIS2_PLACEMENT_3D('',#1185,#1186,#1187);
#1185 = CARTESIAN_POINT('',(6.8E+03,5.54E+03,3.E+03));
#1186 = DIRECTION('',(1.,0.,0.));
#1187 = DIRECTION('',(0.,0.,1.));
#1188 = DEFINITIONAL_REPRESENTATION('',(#1189),#1193);
#1189 = LINE('',#1190,#1191);
#1190 = CARTESIAN_POINT('',(0.,0.));
#1191 = VECTOR('',#1192,1.);
#1192 = DIRECTION('',(1.,0.));
#1193 = ( GEOMETRIC_REPRESENTATION_CONTEXT(2) 
PARAMETRIC_REPRESENTATION_CONTEXT() REPRESENTATION_CONTEXT('2D SPACE',''
  ) );
#1194 = PCURVE('',#1075,#1195);
#1195 = DEFINITIONAL_REPRESENTATION('',(#1196),#1200);
#1196 = LINE('',#1197,#1198);
#1197 = CARTESIAN_POINT('',(0.,1.6E+03));
#1198 = VECTOR('',#1199,1.);
#1199 = DIRECTION('',(1.,0.));
#1200 = ( GEOMETRIC_REPRESENTATION_CONTEXT(2) 
PARAMETRIC_REPRESENTATION_CONTEXT() REPRESENTATION_CONTEXT('2D SPACE',''
  ) );
#1201 = ORIENTED_EDGE('',*,*,#1202,.T.);
#1202 = EDGE_CURVE('',#1173,#1203,#1205,.T.);
#1203 = VERTEX_POINT('',#1204);
#1204 = CARTESIAN_POINT('',(6.8E+03,5.66E+03,3.E+03));
#1205 = SURFACE_CURVE('',#1206,(#1210,#1217),.PCURVE_S1.);
#1206 = LINE('',#1207,#1208);
#1207 = CARTESIAN_POINT('',(6.8E+03,5.54E+03,3.E+03));
#1208 = VECTOR('',#1209,1.);
#1209 = DIRECTION('',(0.,1.,0.));
#1210 = PCURVE('',#1183,#1211);
#1211 = DEFINITIONAL_REPRESENTATION('',(#1212),#1216);
#1212 = LINE('',#1213,#1214);
#1213 = CARTESIAN_POINT('',(0.,0.));
#1214 = VECTOR('',#1215,1.);
#1215 = DIRECTION('',(0.,-1.));
#1216 = ( GEOMETRIC_REPRESENTATION_CONTEXT(2) 
PARAMETRIC_REPRESENTATION_CONTEXT() REPRESENTATION_CONTEXT('2D SPACE',''
  ) );
#1217 = PCURVE('',#1103,#1218);
#1218 = DEFINITIONAL_REPRESENTATION('',(#1219),#1223);
#1219 = LINE('',#1220,#1221);
#1220 = CARTESIAN_POINT('',(1.6E+03,0.));
#1221 = VECTOR('',#1222,1.);
#1222 = DIRECTION('',(0.,1.));
#1223 = ( GEOMETRIC_REPRESENTATION_CONTEXT(2) 
PARAMETRIC_REPRESENTATION_CONTEXT() REPRESENTATION_CONTEXT('2D SPACE',''
  ) );
#1224 = ORIENTED_EDGE('',*,*,#1225,.T.);
#1225 = EDGE_CURVE('',#1203,#1226,#1228,.T.);
#1226 = VERTEX_POINT('',#1227);
#1227 = CARTESIAN_POINT('',(6.8E+03,5.66E+03,4.E+03));
#1228 = SURFACE_CURVE('',#1229,(#1233,#1240),.PCURVE_S1.);
#1229 = LINE('',#1230,#1231);
#1230 = CARTESIAN_POINT('',(6.8E+03,5.66E+03,3.E+03));
#1231 = VECTOR('',#1232,1.);
#1232 = DIRECTION('',(0.,0.,1.));
#1233 = PCURVE('',#1183,#1234);
#1234 = DEFINITIONAL_REPRESENTATION('',(#1235),#1239);
#1235 = LINE('',#1236,#1237);
#1236 = CARTESIAN_POINT('',(0.,-120.));
#1237 = VECTOR('',#1238,1.);
#1238 = DIRECTION('',(1.,0.));
#1239 = ( GEOMETRIC_REPRESENTATION_CONTEXT(2) 
PARAMETRIC_REPRESENTATION_CONTEXT() REPRESENTATION_CONTEXT('2D SPACE',''
  ) );
#1240 = PCURVE('',#1131,#1241);
#1241 = DEFINITIONAL_REPRESENTATION('',(#1242),#1246);
#1242 = LINE('',#1243,#1244);
#1243 = CARTESIAN_POINT('',(0.,1.6E+03));
#1244 = VECTOR('',#1245,1.);
#1245 = DIRECTION('',(1.,0.));
#1246 = ( GEOMETRIC_REPRESENTATION_CONTEXT(2) 
PARAMETRIC_REPRESENTATION_CONTEXT() REPRESENTATION_CONTEXT('2D SPACE',''
  ) );
#1247 = ORIENTED_EDGE('',*,*,#1248,.F.);
#1248 = EDGE_CURVE('',#1175,#1226,#1249,.T.);
#1249 = SURFACE_CURVE('',#1250,(#1254,#1261),.PCURVE_S1.);
#1250 = LINE('',#1251,#1252);
#1251 = CARTESIAN_POINT('',(6.8E+03,5.54E+03,4.E+03));
#1252 = VECTOR('',#1253,1.);
#1253 = DIRECTION('',(0.,1.,0.));
#1254 = PCURVE('',#1183,#1255);
#1255 = DEFINITIONAL_REPRESENTATION('',(#1256),#1260);
#1256 = LINE('',#1257,#1258);
#1257 = CARTESIAN_POINT('',(1.E+03,0.));
#1258 = VECTOR('',#1259,1.);
#1259 = DIRECTION('',(0.,-1.));
#1260 = ( GEOMETRIC_REPRESENTATION_CONTEXT(2) 
PARAMETRIC_REPRESENTATION_CONTEXT() REPRESENTATION_CONTEXT('2D SPACE',''
  ) );
#1261 = PCURVE('',#1157,#1262);
#1262 = DEFINITIONAL_REPRESENTATION('',(#1263),#1267);
#1263 = LINE('',#1264,#1265);
#1264 = CARTESIAN_POINT('',(1.6E+03,0.));
#1265 = VECTOR('',#1266,1.);
#1266 = DIRECTION('',(0.,1.));
#1267 = ( GEOMETRIC_REPRESENTATION_CONTEXT(2) 
PARAMETRIC_REPRESENTATION_CONTEXT() REPRESENTATION_CONTEXT('2D SPACE',''
  ) );
#1268 = ADVANCED_FACE('',(#1269),#1075,.F.);
#1269 = FACE_BOUND('',#1270,.F.);
#1270 = EDGE_LOOP('',(#1271,#1292,#1293,#1314));
#1271 = ORIENTED_EDGE('',*,*,#1272,.F.);
#1272 = EDGE_CURVE('',#1053,#1173,#1273,.T.);
#1273 = SURFACE_CURVE('',#1274,(#1278,#1285),.PCURVE_S1.);
#1274 = LINE('',#1275,#1276);
#1275 = CARTESIAN_POINT('',(5.2E+03,5.54E+03,3.E+03));
#1276 = VECTOR('',#1277,1.);
#1277 = DIRECTION('',(1.,0.,0.));
#1278 = PCURVE('',#1075,#1279);
#1279 = DEFINITIONAL_REPRESENTATION('',(#1280),#1284);
#1280 = LINE('',#1281,#1282);
#1281 = CARTESIAN_POINT('',(0.,0.));
#1282 = VECTOR('',#1283,1.);
#1283 = DIRECTION('',(0.,1.));
#1284 = ( GEOMETRIC_REPRESENTATION_CONTEXT(2) 
PARAMETRIC_REPRESENTATION_CONTEXT() REPRESENTATION_CONTEXT('2D SPACE',''
  ) );
#1285 = PCURVE('',#1103,#1286);
#1286 = DEFINITIONAL_REPRESENTATION('',(#1287),#1291);
#1287 = LINE('',#1288,#1289);
#1288 = CARTESIAN_POINT('',(0.,0.));
#1289 = VECTOR('',#1290,1.);
#1290 = DIRECTION('',(1.,0.));
#1291 = ( GEOMETRIC_REPRESENTATION_CONTEXT(2) 
PARAMETRIC_REPRESENTATION_CONTEXT() REPRESENTATION_CONTEXT('2D SPACE',''
  ) );
#1292 = ORIENTED_EDGE('',*,*,#1052,.T.);
#1293 = ORIENTED_EDGE('',*,*,#1294,.T.);
#1294 = EDGE_CURVE('',#1055,#1175,#1295,.T.);
#1295 = SURFACE_CURVE('',#1296,(#1300,#1307),.PCURVE_S1.);
#1296 = LINE('',#1297,#1298);
#1297 = CARTESIAN_POINT('',(5.2E+03,5.54E+03,4.E+03));
#1298 = VECTOR('',#1299,1.);
#1299 = DIRECTION('',(1.,0.,0.));
#1300 = PCURVE('',#1075,#1301);
#1301 = DEFINITIONAL_REPRESENTATION('',(#1302),#1306);
#1302 = LINE('',#1303,#1304);
#1303 = CARTESIAN_POINT('',(1.E+03,0.));
#1304 = VECTOR('',#1305,1.);
#1305 = DIRECTION('',(0.,1.));
#1306 = ( GEOMETRIC_REPRESENTATION_CONTEXT(2) 
PARAMETRIC_REPRESENTATION_CONTEXT() REPRESENTATION_CONTEXT('2D SPACE',''
  ) );
#1307 = PCURVE('',#1157,#1308);
#1308 = DEFINITIONAL_REPRESENTATION('',(#1309),#1313);
#1309 = LINE('',#1310,#1311);
#1310 = CARTESIAN_POINT('',(0.,0.));
#1311 = VECTOR('',#1312,1.);
#1312 = DIRECTION('',(1.,0.));
#1313 = ( GEOMETRIC_REPRESENTATION_CONTEXT(2) 
PARAMETRIC_REPRESENTATION_CONTEXT() REPRESENTATION_CONTEXT('2D SPACE',''
  ) );
#1314 = ORIENTED_EDGE('',*,*,#1172,.F.);
#1315 = ADVANCED_FACE('',(#1316),#1131,.T.);
#1316 = FACE_BOUND('',#1317,.T.);
#1317 = EDGE_LOOP('',(#1318,#1339,#1340,#1361));
#1318 = ORIENTED_EDGE('',*,*,#1319,.F.);
#1319 = EDGE_CURVE('',#1088,#1203,#1320,.T.);
#1320 = SURFACE_CURVE('',#1321,(#1325,#1332),.PCURVE_S1.);
#1321 = LINE('',#1322,#1323);
#1322 = CARTESIAN_POINT('',(5.2E+03,5.66E+03,3.E+03));
#1323 = VECTOR('',#1324,1.);
#1324 = DIRECTION('',(1.,0.,0.));
#1325 = PCURVE('',#1131,#1326);
#1326 = DEFINITIONAL_REPRESENTATION('',(#1327),#1331);
#1327 = LINE('',#1328,#1329);
#1328 = CARTESIAN_POINT('',(0.,0.));
#1329 = VECTOR('',#1330,1.);
#1330 = DIRECTION('',(0.,1.));
#1331 = ( GEOMETRIC_REPRESENTATION_CONTEXT(2) 
PARAMETRIC_REPRESENTATION_CONTEXT() REPRESENTATION_CONTEXT('2D SPACE',''
  ) );
#1332 = PCURVE('',#1103,#1333);
#1333 = DEFINITIONAL_REPRESENTATION('',(#1334),#1338);
#1334 = LINE('',#1335,#1336);
#1335 = CARTESIAN_POINT('',(0.,120.));
#1336 = VECTOR('',#1337,1.);
#1337 = DIRECTION('',(1.,0.));
#1338 = ( GEOMETRIC_REPRESENTATION_CONTEXT(2) 
PARAMETRIC_REPRESENTATION_CONTEXT() REPRESENTATION_CONTEXT('2D SPACE',''
  ) );
#1339 = ORIENTED_EDGE('',*,*,#1115,.T.);
#1340 = ORIENTED_EDGE('',*,*,#1341,.T.);
#1341 = EDGE_CURVE('',#1116,#1226,#1342,.T.);
#1342 = SURFACE_CURVE('',#1343,(#1347,#1354),.PCURVE_S1.);
#1343 = LINE('',#1344,#1345);
#1344 = CARTESIAN_POINT('',(5.2E+03,5.66E+03,4.E+03));
#1345 = VECTOR('',#1346,1.);
#1346 = DIRECTION('',(1.,0.,0.));
#1347 = PCURVE('',#1131,#1348);
#1348 = DEFINITIONAL_REPRESENTATION('',(#1349),#1353);
#1349 = LINE('',#1350,#1351);
#1350 = CARTESIAN_POINT('',(1.E+03,0.));
#1351 = VECTOR('',#1352,1.);
#1352 = DIRECTION('',(0.,1.));
#1353 = ( GEOMETRIC_REPRESENTATION_CONTEXT(2) 
PARAMETRIC_REPRESENTATION_CONTEXT() REPRESENTATION_CONTEXT('2D SPACE',''
  ) );
#1354 = PCURVE('',#1157,#1355);
#1355 = DEFINITIONAL_REPRESENTATION('',(#1356),#1360);
#1356 = LINE('',#1357,#1358);
#1357 = CARTESIAN_POINT('',(0.,120.));
#1358 = VECTOR('',#1359,1.);
#1359 = DIRECTION('',(1.,0.));
#1360 = ( GEOMETRIC_REPRESENTATION_CONTEXT(2) 
PARAMETRIC_REPRESENTATION_CONTEXT() REPRESENTATION_CONTEXT('2D SPACE',''
  ) );
#1361 = ORIENTED_EDGE('',*,*,#1225,.F.);
#1362 = ADVANCED_FACE('',(#1363),#1103,.F.);
#1363 = FACE_BOUND('',#1364,.F.);
#1364 = EDGE_LOOP('',(#1365,#1366,#1367,#1368));
#1365 = ORIENTED_EDGE('',*,*,#1087,.F.);
#1366 = ORIENTED_EDGE('',*,*,#1272,.T.);
#1367 = ORIENTED_EDGE('',*,*,#1202,.T.);
#1368 = ORIENTED_EDGE('',*,*,#1319,.F.);
#1369 = ADVANCED_FACE('',(#1370),#1157,.T.);
#1370 = FACE_BOUND('',#1371,.T.);
#1371 = EDGE_LOOP('',(#1372,#1373,#1374,#1375));
#1372 = ORIENTED_EDGE('',*,*,#1143,.F.);
#1373 = ORIENTED_EDGE('',*,*,#1294,.T.);
#1374 = ORIENTED_EDGE('',*,*,#1248,.T.);
#1375 = ORIENTED_EDGE('',*,*,#1341,.F.);
#1376 = ( GEOMETRIC_REPRESENTATION_CONTEXT(3) 
GLOBAL_UNCERTAINTY_ASSIGNED_CONTEXT((#1380)) 
GLOBAL_UNIT_ASSIGNED_CONTEXT((#1377,#1378,#1379)) REPRESENTATION_CONTEXT
('Context #1','3D Context with UNIT and UNCERTAINTY') );
#1377 = ( LENGTH_UNIT() NAMED_UNIT(*) SI_UNIT(.MILLI.,.METRE.) );
#1378 = ( NAMED_UNIT(*) PLANE_ANGLE_UNIT() SI_UNIT($,.RADIAN.) );
#1379 = ( NAMED_UNIT(*) SI_UNIT($,.STERADIAN.) SOLID_ANGLE_UNIT() );
#1380 = UNCERTAINTY_MEASURE_WITH_UNIT(LENGTH_MEASURE(1.E-07),#1377,
  'distance_accuracy_value','confusion accuracy');
#1381 = CONTEXT_DEPENDENT_SHAPE_REPRESENTATION(#1382,#1384);
#1382 = ( REPRESENTATION_RELATIONSHIP('','',#1045,#10) 
REPRESENTATION_RELATIONSHIP_WITH_TRANSFORMATION(#1383) 
SHAPE_REPRESENTATION_RELATIONSHIP() );
#1383 = ITEM_DEFINED_TRANSFORMATION('','',#11,#27);
#1384 = PRODUCT_DEFINITION_SHAPE('Placement','Placement of an item',
  #1385);
#1385 = NEXT_ASSEMBLY_USAGE_OCCURRENCE('69','part3','',#5,#1040,$);
#1386 = PRODUCT_RELATED_PRODUCT_CATEGORY('part',$,(#1042));
#1387 = SHAPE_DEFINITION_REPRESENTATION(#1388,#1394);
#1388 = PRODUCT_DEFINITION_SHAPE('','',#1389);
#1389 = PRODUCT_DEFINITION('design','',#1390,#1393);
#1390 = PRODUCT_DEFINITION_FORMATION('','',#1391);
#1391 = PRODUCT('part4','part4','',(#1392));
#1392 = PRODUCT_CONTEXT('',#2,'mechanical');
#1393 = PRODUCT_DEFINITION_CONTEXT('part definition',#2,'design');
#1394 = ADVANCED_BREP_SHAPE_REPRESENTATION('',(#11,#1395),#1493);
#1395 = MANIFOLD_SOLID_BREP('',#1396);
#1396 = CLOSED_SHELL('',(#1397,#1485,#1489));
#1397 = ADVANCED_FACE('',(#1398),#1411,.T.);
#1398 = FACE_BOUND('',#1399,.T.);
#1399 = EDGE_LOOP('',(#1400,#1434,#1457,#1484));
#1400 = ORIENTED_EDGE('',*,*,#1401,.F.);
#1401 = EDGE_CURVE('',#1402,#1402,#1404,.T.);
#1402 = VERTEX_POINT('',#1403);
#1403 = CARTESIAN_POINT('',(6.88E+03,5.6E+03,5.1E+03));
#1404 = SURFACE_CURVE('',#1405,(#1410,#1422),.PCURVE_S1.);
#1405 = CIRCLE('',#1406,80.);
#1406 = AXIS2_PLACEMENT_3D('',#1407,#1408,#1409);
#1407 = CARTESIAN_POINT('',(6.8E+03,5.6E+03,5.1E+03));
#1408 = DIRECTION('',(0.,0.,1.));
#1409 = DIRECTION('',(1.,0.,-0.));
#1410 = PCURVE('',#1411,#1416);
#1411 = CYLINDRICAL_SURFACE('',#1412,80.);
#1412 = AXIS2_PLACEMENT_3D('',#1413,#1414,#1415);
#1413 = CARTESIAN_POINT('',(6.8E+03,5.6E+03,3.9E+03));
#1414 = DIRECTION('',(0.,0.,1.));
#1415 = DIRECTION('',(1.,0.,-0.));
#1416 = DEFINITIONAL_REPRESENTATION('',(#1417),#1421);
#1417 = LINE('',#1418,#1419);
#1418 = CARTESIAN_POINT('',(0.,1.2E+03));
#1419 = VECTOR('',#1420,1.);
#1420 = DIRECTION('',(1.,0.));
#1421 = ( GEOMETRIC_REPRESENTATION_CONTEXT(2) 
PARAMETRIC_REPRESENTATION_CONTEXT() REPRESENTATION_CONTEXT('2D SPACE',''
  ) );
#1422 = PCURVE('',#1423,#1428);
#1423 = PLANE('',#1424);
#1424 = AXIS2_PLACEMENT_3D('',#1425,#1426,#1427);
#1425 = CARTESIAN_POINT('',(6.8E+03,5.6E+03,5.1E+03));
#1426 = DIRECTION('',(0.,0.,1.));
#1427 = DIRECTION('',(1.,0.,-0.));
#1428 = DEFINITIONAL_REPRESENTATION('',(#1429),#1433);
#1429 = CIRCLE('',#1430,80.);
#1430 = AXIS2_PLACEMENT_2D('',#1431,#1432);
#1431 = CARTESIAN_POINT('',(0.,0.));
#1432 = DIRECTION('',(1.,0.));
#1433 = ( GEOMETRIC_REPRESENTATION_CONTEXT(2) 
PARAMETRIC_REPRESENTATION_CONTEXT() REPRESENTATION_CONTEXT('2D SPACE',''
  ) );
#1434 = ORIENTED_EDGE('',*,*,#1435,.F.);
#1435 = EDGE_CURVE('',#1436,#1402,#1438,.T.);
#1436 = VERTEX_POINT('',#1437);
#1437 = CARTESIAN_POINT('',(6.88E+03,5.6E+03,3.9E+03));
#1438 = SEAM_CURVE('',#1439,(#1443,#1450),.PCURVE_S1.);
#1439 = LINE('',#1440,#1441);
#1440 = CARTESIAN_POINT('',(6.88E+03,5.6E+03,3.9E+03));
#1441 = VECTOR('',#1442,1.);
#1442 = DIRECTION('',(0.,0.,1.));
#1443 = PCURVE('',#1411,#1444);
#1444 = DEFINITIONAL_REPRESENTATION('',(#1445),#1449);
#1445 = LINE('',#1446,#1447);
#1446 = CARTESIAN_POINT('',(6.28318530718,-0.));
#1447 = VECTOR('',#1448,1.);
#1448 = DIRECTION('',(0.,1.));
#1449 = ( GEOMETRIC_REPRESENTATION_CONTEXT(2) 
PARAMETRIC_REPRESENTATION_CONTEXT() REPRESENTATION_CONTEXT('2D SPACE',''
  ) );
#1450 = PCURVE('',#1411,#1451);
#1451 = DEFINITIONAL_REPRESENTATION('',(#1452),#1456);
#1452 = LINE('',#1453,#1454);
#1453 = CARTESIAN_POINT('',(0.,-0.));
#1454 = VECTOR('',#1455,1.);
#1455 = DIRECTION('',(0.,1.));
#1456 = ( GEOMETRIC_REPRESENTATION_CONTEXT(2) 
PARAMETRIC_REPRESENTATION_CONTEXT() REPRESENTATION_CONTEXT('2D SPACE',''
  ) );
#1457 = ORIENTED_EDGE('',*,*,#1458,.T.);
#1458 = EDGE_CURVE('',#1436,#1436,#1459,.T.);
#1459 = SURFACE_CURVE('',#1460,(#1465,#1472),.PCURVE_S1.);
#1460 = CIRCLE('',#1461,80.);
#1461 = AXIS2_PLACEMENT_3D('',#1462,#1463,#1464);
#1462 = CARTESIAN_POINT('',(6.8E+03,5.6E+03,3.9E+03));
#1463 = DIRECTION('',(0.,0.,1.));
#1464 = DIRECTION('',(1.,0.,-0.));
#1465 = PCURVE('',#1411,#1466);
#1466 = DEFINITIONAL_REPRESENTATION('',(#1467),#1471);
#1467 = LINE('',#1468,#1469);
#1468 = CARTESIAN_POINT('',(0.,0.));
#1469 = VECTOR('',#1470,1.);
#1470 = DIRECTION('',(1.,0.));
#1471 = ( GEOMETRIC_REPRESENTATION_CONTEXT(2) 
PARAMETRIC_REPRESENTATION_CONTEXT() REPRESENTATION_CONTEXT('2D SPACE',''
  ) );
#1472 = PCURVE('',#1473,#1478);
#1473 = PLANE('',#1474);
#1474 = AXIS2_PLACEMENT_3D('',#1475,#1476,#1477);
#1475 = CARTESIAN_POINT('',(6.8E+03,5.6E+03,3.9E+03));
#1476 = DIRECTION('',(0.,0.,1.));
#1477 = DIRECTION('',(1.,0.,-0.));
#1478 = DEFINITIONAL_REPRESENTATION('',(#1479),#1483);
#1479 = CIRCLE('',#1480,80.);
#1480 = AXIS2_PLACEMENT_2D('',#1481,#1482);
#1481 = CARTESIAN_POINT('',(0.,0.));
#1482 = DIRECTION('',(1.,0.));
#1483 = ( GEOMETRIC_REPRESENTATION_CONTEXT(2) 
PARAMETRIC_REPRESENTATION_CONTEXT() REPRESENTATION_CONTEXT('2D SPACE',''
  ) );
#1484 = ORIENTED_EDGE('',*,*,#1435,.T.);
#1485 = ADVANCED_FACE('',(#1486),#1423,.T.);
#1486 = FACE_BOUND('',#1487,.T.);
#1487 = EDGE_LOOP('',(#1488));
#1488 = ORIENTED_EDGE('',*,*,#1401,.T.);
#1489 = ADVANCED_FACE('',(#1490),#1473,.F.);
#1490 = FACE_BOUND('',#1491,.T.);
#1491 = EDGE_LOOP('',(#1492));
#1492 = ORIENTED_EDGE('',*,*,#1458,.F.);
#1493 = ( GEOMETRIC_REPRESENTATION_CONTEXT(3) 
GLOBAL_UNCERTAINTY_ASSIGNED_CONTEXT((#1497)) 
GLOBAL_UNIT_ASSIGNED_CONTEXT((#1494,#1495,#1496)) REPRESENTATION_CONTEXT
('Context #1','3D Context with UNIT and UNCERTAINTY') );
#1494 = ( LENGTH_UNIT() NAMED_UNIT(*) SI_UNIT(.MILLI.,.METRE.) );
#1495 = ( NAMED_UNIT(*) PLANE_ANGLE_UNIT() SI_UNIT($,.RADIAN.) );
#1496 = ( NAMED_UNIT(*) SI_UNIT($,.STERADIAN.) SOLID_ANGLE_UNIT() );
#1497 = UNCERTAINTY_MEASURE_WITH_UNIT(LENGTH_MEASURE(1.E-07),#1494,
  'distance_accuracy_value','confusion accuracy');
#1498 = CONTEXT_DEPENDENT_SHAPE_REPRESENTATION(#1499,#1501);
#1499 = ( REPRESENTATION_RELATIONSHIP('','',#1394,#10) 
REPRESENTATION_RELATIONSHIP_WITH_TRANSFORMATION(#1500) 
SHAPE_REPRESENTATION_RELATIONSHIP() );
#1500 = ITEM_DEFINED_TRANSFORMATION('','',#11,#31);
#1501 = PRODUCT_DEFINITION_SHAPE('Placement','Placement of an item',
  #1502);
#1502 = NEXT_ASSEMBLY_USAGE_OCCURRENCE('70','part4','',#5,#1389,$);
#1503 = PRODUCT_RELATED_PRODUCT_CATEGORY('part',$,(#1391));
#1504 = SHAPE_DEFINITION_REPRESENTATION(#1505,#1511);
#1505 = PRODUCT_DEFINITION_SHAPE('','',#1506);
#1506 = PRODUCT_DEFINITION('design','',#1507,#1510);
#1507 = PRODUCT_DEFINITION_FORMATION('','',#1508);
#1508 = PRODUCT('part5','part5','',(#1509));
#1509 = PRODUCT_CONTEXT('',#2,'mechanical');
#1510 = PRODUCT_DEFINITION_CONTEXT('part definition',#2,'design');
#1511 = ADVANCED_BREP_SHAPE_REPRESENTATION('',(#11,#1512),#1842);
#1512 = MANIFOLD_SOLID_BREP('',#1513);
#1513 = CLOSED_SHELL('',(#1514,#1634,#1734,#1781,#1828,#1835));
#1514 = ADVANCED_FACE('',(#1515),#1529,.F.);
#1515 = FACE_BOUND('',#1516,.F.);
#1516 = EDGE_LOOP('',(#1517,#1552,#1580,#1608));
#1517 = ORIENTED_EDGE('',*,*,#1518,.F.);
#1518 = EDGE_CURVE('',#1519,#1521,#1523,.T.);
#1519 = VERTEX_POINT('',#1520);
#1520 = CARTESIAN_POINT('',(-4.5E+03,6.E+03,0.));
#1521 = VERTEX_POINT('',#1522);
#1522 = CARTESIAN_POINT('',(-4.5E+03,6.E+03,120.));
#1523 = SURFACE_CURVE('',#1524,(#1528,#1540),.PCURVE_S1.);
#1524 = LINE('',#1525,#1526);
#1525 = CARTESIAN_POINT('',(-4.5E+03,6.E+03,0.));
#1526 = VECTOR('',#1527,1.);
#1527 = DIRECTION('',(0.,0.,1.));
#1528 = PCURVE('',#1529,#1534);
#1529 = PLANE('',#1530);
#1530 = AXIS2_PLACEMENT_3D('',#1531,#1532,#1533);
#1531 = CARTESIAN_POINT('',(-4.5E+03,6.E+03,0.));
#1532 = DIRECTION('',(1.,0.,0.));
#1533 = DIRECTION('',(0.,0.,1.));
#1534 = DEFINITIONAL_REPRESENTATION('',(#1535),#1539);
#1535 = LINE('',#1536,#1537);
#1536 = CARTESIAN_POINT('',(0.,0.));
#1537 = VECTOR('',#1538,1.);
#1538 = DIRECTION('',(1.,0.));
#1539 = ( GEOMETRIC_REPRESENTATION_CONTEXT(2) 
PARAMETRIC_REPRESENTATION_CONTEXT() REPRESENTATION_CONTEXT('2D SPACE',''
  ) );
#1540 = PCURVE('',#1541,#1546);
#1541 = PLANE('',#1542);
#1542 = AXIS2_PLACEMENT_3D('',#1543,#1544,#1545);
#1543 = CARTESIAN_POINT('',(-4.5E+03,6.E+03,0.));
#1544 = DIRECTION('',(0.,1.,0.));
#1545 = DIRECTION('',(0.,0.,1.));
#1546 = DEFINITIONAL_REPRESENTATION('',(#1547),#1551);
#1547 = LINE('',#1548,#1549);
#1548 = CARTESIAN_POINT('',(0.,0.));
#1549 = VECTOR('',#1550,1.);
#1550 = DIRECTION('',(1.,0.));
#1551 = ( GEOMETRIC_REPRESENTATION_CONTEXT(2) 
PARAMETRIC_REPRESENTATION_CONTEXT() REPRESENTATION_CONTEXT('2D SPACE',''
  ) );
#1552 = ORIENTED_EDGE('',*,*,#1553,.T.);
#1553 = EDGE_CURVE('',#1519,#1554,#1556,.T.);
#1554 = VERTEX_POINT('',#1555);
#1555 = CARTESIAN_POINT('',(-4.5E+03,1.E+04,0.));
#1556 = SURFACE_CURVE('',#1557,(#1561,#1568),.PCURVE_S1.);
#1557 = LINE('',#1558,#1559);
#1558 = CARTESIAN_POINT('',(-4.5E+03,6.E+03,0.));
#1559 = VECTOR('',#1560,1.);
#1560 = DIRECTION('',(0.,1.,0.));
#1561 = PCURVE('',#1529,#1562);
#1562 = DEFINITIONAL_REPRESENTATION('',(#1563),#1567);
#1563 = LINE('',#1564,#1565);
#1564 = CARTESIAN_POINT('',(0.,0.));
#1565 = VECTOR('',#1566,1.);
#1566 = DIRECTION('',(0.,-1.));
#1567 = ( GEOMETRIC_REPRESENTATION_CONTEXT(2) 
PARAMETRIC_REPRESENTATION_CONTEXT() REPRESENTATION_CONTEXT('2D SPACE',''
  ) );
#1568 = PCURVE('',#1569,#1574);
#1569 = PLANE('',#1570);
#1570 = AXIS2_PLACEMENT_3D('',#1571,#1572,#1573);
#1571 = CARTESIAN_POINT('',(-4.5E+03,6.E+03,0.));
#1572 = DIRECTION('',(0.,0.,1.));
#1573 = DIRECTION('',(1.,0.,0.));
#1574 = DEFINITIONAL_REPRESENTATION('',(#1575),#1579);
#1575 = LINE('',#1576,#1577);
#1576 = CARTESIAN_POINT('',(0.,0.));
#1577 = VECTOR('',#1578,1.);
#1578 = DIRECTION('',(0.,1.));
#1579 = ( GEOMETRIC_REPRESENTATION_CONTEXT(2) 
PARAMETRIC_REPRESENTATION_CONTEXT() REPRESENTATION_CONTEXT('2D SPACE',''
  ) );
#1580 = ORIENTED_EDGE('',*,*,#1581,.T.);
#1581 = EDGE_CURVE('',#1554,#1582,#1584,.T.);
#1582 = VERTEX_POINT('',#1583);
#1583 = CARTESIAN_POINT('',(-4.5E+03,1.E+04,120.));
#1584 = SURFACE_CURVE('',#1585,(#1589,#1596),.PCURVE_S1.);
#1585 = LINE('',#1586,#1587);
#1586 = CARTESIAN_POINT('',(-4.5E+03,1.E+04,0.));
#1587 = VECTOR('',#1588,1.);
#1588 = DIRECTION('',(0.,0.,1.));
#1589 = PCURVE('',#1529,#1590);
#1590 = DEFINITIONAL_REPRESENTATION('',(#1591),#1595);
#1591 = LINE('',#1592,#1593);
#1592 = CARTESIAN_POINT('',(0.,-4.E+03));
#1593 = VECTOR('',#1594,1.);
#1594 = DIRECTION('',(1.,0.));
#1595 = ( GEOMETRIC_REPRESENTATION_CONTEXT(2) 
PARAMETRIC_REPRESENTATION_CONTEXT() REPRESENTATION_CONTEXT('2D SPACE',''
  ) );
#1596 = PCURVE('',#1597,#1602);
#1597 = PLANE('',#1598);
#1598 = AXIS2_PLACEMENT_3D('',#1599,#1600,#1601);
#1599 = CARTESIAN_POINT('',(-4.5E+03,1.E+04,0.));
#1600 = DIRECTION('',(0.,1.,0.));
#1601 = DIRECTION('',(0.,0.,1.));
#1602 = DEFINITIONAL_REPRESENTATION('',(#1603),#1607);
#1603 = LINE('',#1604,#1605);
#1604 = CARTESIAN_POINT('',(0.,0.));
#1605 = VECTOR('',#1606,1.);
#1606 = DIRECTION('',(1.,0.));
#1607 = ( GEOMETRIC_REPRESENTATION_CONTEXT(2) 
PARAMETRIC_REPRESENTATION_CONTEXT() REPRESENTATION_CONTEXT('2D SPACE',''
  ) );
#1608 = ORIENTED_EDGE('',*,*,#1609,.F.);
#1609 = EDGE_CURVE('',#1521,#1582,#1610,.T.);
#1610 = SURFACE_CURVE('',#1611,(#1615,#1622),.PCURVE_S1.);
#1611 = LINE('',#1612,#1613);
#1612 = CARTESIAN_POINT('',(-4.5E+03,6.E+03,120.));
#1613 = VECTOR('',#1614,1.);
#1614 = DIRECTION('',(0.,1.,0.));
#1615 = PCURVE('',#1529,#1616);
#1616 = DEFINITIONAL_REPRESENTATION('',(#1617),#1621);
#1617 = LINE('',#1618,#1619);
#1618 = CARTESIAN_POINT('',(120.,0.));
#1619 = VECTOR('',#1620,1.);
#1620 = DIRECTION('',(0.,-1.));
#1621 = ( GEOMETRIC_REPRESENTATION_CONTEXT(2) 
PARAMETRIC_REPRESENTATION_CONTEXT() REPRESENTATION_CONTEXT('2D SPACE',''
  ) );
#1622 = PCURVE('',#1623,#1628);
#1623 = PLANE('',#1624);
#1624 = AXIS2_PLACEMENT_3D('',#1625,#1626,#1627);
#1625 = CARTESIAN_POINT('',(-4.5E+03,6.E+03,120.));
#1626 = DIRECTION('',(0.,0.,1.));
#1627 = DIRECTION('',(1.,0.,0.));
#1628 = DEFINITIONAL_REPRESENTATION('',(#1629),#1633);
#1629 = LINE('',#1630,#1631);
#1630 = CARTESIAN_POINT('',(0.,0.));
#1631 = VECTOR('',#1632,1.);
#1632 = DIRECTION('',(0.,1.));
#1633 = ( GEOMETRIC_REPRESENTATION_CONTEXT(2) 
PARAMETRIC_REPRESENTATION_CONTEXT() REPRESENTATION_CONTEXT('2D SPACE',''
  ) );
#1634 = ADVANCED_FACE('',(#1635),#1649,.T.);
#1635 = FACE_BOUND('',#1636,.T.);
#1636 = EDGE_LOOP('',(#1637,#1667,#1690,#1713));
#1637 = ORIENTED_EDGE('',*,*,#1638,.F.);
#1638 = EDGE_CURVE('',#1639,#1641,#1643,.T.);
#1639 = VERTEX_POINT('',#1640);
#1640 = CARTESIAN_POINT('',(4.5E+03,6.E+03,0.));
#1641 = VERTEX_POINT('',#1642);
#1642 = CARTESIAN_POINT('',(4.5E+03,6.E+03,120.));
#1643 = SURFACE_CURVE('',#1644,(#1648,#1660),.PCURVE_S1.);
#1644 = LINE('',#1645,#1646);
#1645 = CARTESIAN_POINT('',(4.5E+03,6.E+03,0.));
#1646 = VECTOR('',#1647,1.);
#1647 = DIRECTION('',(0.,0.,1.));
#1648 = PCURVE('',#1649,#1654);
#1649 = PLANE('',#1650);
#1650 = AXIS2_PLACEMENT_3D('',#1651,#1652,#1653);
#1651 = CARTESIAN_POINT('',(4.5E+03,6.E+03,0.));
#1652 = DIRECTION('',(1.,0.,0.));
#1653 = DIRECTION('',(0.,0.,1.));
#1654 = DEFINITIONAL_REPRESENTATION('',(#1655),#1659);
#1655 = LINE('',#1656,#1657);
#1656 = CARTESIAN_POINT('',(0.,0.));
#1657 = VECTOR('',#1658,1.);
#1658 = DIRECTION('',(1.,0.));
#1659 = ( GEOMETRIC_REPRESENTATION_CONTEXT(2) 
PARAMETRIC_REPRESENTATION_CONTEXT() REPRESENTATION_CONTEXT('2D SPACE',''
  ) );
#1660 = PCURVE('',#1541,#1661);
#1661 = DEFINITIONAL_REPRESENTATION('',(#1662),#1666);
#1662 = LINE('',#1663,#1664);
#1663 = CARTESIAN_POINT('',(0.,9.E+03));
#1664 = VECTOR('',#1665,1.);
#1665 = DIRECTION('',(1.,0.));
#1666 = ( GEOMETRIC_REPRESENTATION_CONTEXT(2) 
PARAMETRIC_REPRESENTATION_CONTEXT() REPRESENTATION_CONTEXT('2D SPACE',''
  ) );
#1667 = ORIENTED_EDGE('',*,*,#1668,.T.);
#1668 = EDGE_CURVE('',#1639,#1669,#1671,.T.);
#1669 = VERTEX_POINT('',#1670);
#1670 = CARTESIAN_POINT('',(4.5E+03,1.E+04,0.));
#1671 = SURFACE_CURVE('',#1672,(#1676,#1683),.PCURVE_S1.);
#1672 = LINE('',#1673,#1674);
#1673 = CARTESIAN_POINT('',(4.5E+03,6.E+03,0.));
#1674 = VECTOR('',#1675,1.);
#1675 = DIRECTION('',(0.,1.,0.));
#1676 = PCURVE('',#1649,#1677);
#1677 = DEFINITIONAL_REPRESENTATION('',(#1678),#1682);
#1678 = LINE('',#1679,#1680);
#1679 = CARTESIAN_POINT('',(0.,0.));
#1680 = VECTOR('',#1681,1.);
#1681 = DIRECTION('',(0.,-1.));
#1682 = ( GEOMETRIC_REPRESENTATION_CONTEXT(2) 
PARAMETRIC_REPRESENTATION_CONTEXT() REPRESENTATION_CONTEXT('2D SPACE',''
  ) );
#1683 = PCURVE('',#1569,#1684);
#1684 = DEFINITIONAL_REPRESENTATION('',(#1685),#1689);
#1685 = LINE('',#1686,#1687);
#1686 = CARTESIAN_POINT('',(9.E+03,0.));
#1687 = VECTOR('',#1688,1.);
#1688 = DIRECTION('',(0.,1.));
#1689 = ( GEOMETRIC_REPRESENTATION_CONTEXT(2) 
PARAMETRIC_REPRESENTATION_CONTEXT() REPRESENTATION_CONTEXT('2D SPACE',''
  ) );
#1690 = ORIENTED_EDGE('',*,*,#1691,.T.);
#1691 = EDGE_CURVE('',#1669,#1692,#1694,.T.);
#1692 = VERTEX_POINT('',#1693);
#1693 = CARTESIAN_POINT('',(4.5E+03,1.E+04,120.));
#1694 = SURFACE_CURVE('',#1695,(#1699,#1706),.PCURVE_S1.);
#1695 = LINE('',#1696,#1697);
#1696 = CARTESIAN_POINT('',(4.5E+03,1.E+04,0.));
#1697 = VECTOR('',#1698,1.);
#1698 = DIRECTION('',(0.,0.,1.));
#1699 = PCURVE('',#1649,#1700);
#1700 = DEFINITIONAL_REPRESENTATION('',(#1701),#1705);
#1701 = LINE('',#1702,#1703);
#1702 = CARTESIAN_POINT('',(0.,-4.E+03));
#1703 = VECTOR('',#1704,1.);
#1704 = DIRECTION('',(1.,0.));
#1705 = ( GEOMETRIC_REPRESENTATION_CONTEXT(2) 
PARAMETRIC_REPRESENTATION_CONTEXT() REPRESENTATION_CONTEXT('2D SPACE',''
  ) );
#1706 = PCURVE('',#1597,#1707);
#1707 = DEFINITIONAL_REPRESENTATION('',(#1708),#1712);
#1708 = LINE('',#1709,#1710);
#1709 = CARTESIAN_POINT('',(0.,9.E+03));
#1710 = VECTOR('',#1711,1.);
#1711 = DIRECTION('',(1.,0.));
#1712 = ( GEOMETRIC_REPRESENTATION_CONTEXT(2) 
PARAMETRIC_REPRESENTATION_CONTEXT() REPRESENTATION_CONTEXT('2D SPACE',''
  ) );
#1713 = ORIENTED_EDGE('',*,*,#1714,.F.);
#1714 = EDGE_CURVE('',#1641,#1692,#1715,.T.);
#1715 = SURFACE_CURVE('',#1716,(#1720,#1727),.PCURVE_S1.);
#1716 = LINE('',#1717,#1718);
#1717 = CARTESIAN_POINT('',(4.5E+03,6.E+03,120.));
#1718 = VECTOR('',#1719,1.);
#1719 = DIRECTION('',(0.,1.,0.));
#1720 = PCURVE('',#1649,#1721);
#1721 = DEFINITIONAL_REPRESENTATION('',(#1722),#1726);
#1722 = LINE('',#1723,#1724);
#1723 = CARTESIAN_POINT('',(120.,0.));
#1724 = VECTOR('',#1725,1.);
#1725 = DIRECTION('',(0.,-1.));
#1726 = ( GEOMETRIC_REPRESENTATION_CONTEXT(2) 
PARAMETRIC_REPRESENTATION_CONTEXT() REPRESENTATION_CONTEXT('2D SPACE',''
  ) );
#1727 = PCURVE('',#1623,#1728);
#1728 = DEFINITIONAL_REPRESENTATION('',(#1729),#1733);
#1729 = LINE('',#1730,#1731);
#1730 = CARTESIAN_POINT('',(9.E+03,0.));
#1731 = VECTOR('',#1732,1.);
#1732 = DIRECTION('',(0.,1.));
#1733 = ( GEOMETRIC_REPRESENTATION_CONTEXT(2) 
PARAMETRIC_REPRESENTATION_CONTEXT() REPRESENTATION_CONTEXT('2D SPACE',''
  ) );
#1734 = ADVANCED_FACE('',(#1735),#1541,.F.);
#1735 = FACE_BOUND('',#1736,.F.);
#1736 = EDGE_LOOP('',(#1737,#1758,#1759,#1780));
#1737 = ORIENTED_EDGE('',*,*,#1738,.F.);
#1738 = EDGE_CURVE('',#1519,#1639,#1739,.T.);
#1739 = SURFACE_CURVE('',#1740,(#1744,#1751),.PCURVE_S1.);
#1740 = LINE('',#1741,#1742);
#1741 = CARTESIAN_POINT('',(-4.5E+03,6.E+03,0.));
#1742 = VECTOR('',#1743,1.);
#1743 = DIRECTION('',(1.,0.,0.));
#1744 = PCURVE('',#1541,#1745);
#1745 = DEFINITIONAL_REPRESENTATION('',(#1746),#1750);
#1746 = LINE('',#1747,#1748);
#1747 = CARTESIAN_POINT('',(0.,0.));
#1748 = VECTOR('',#1749,1.);
#1749 = DIRECTION('',(0.,1.));
#1750 = ( GEOMETRIC_REPRESENTATION_CONTEXT(2) 
PARAMETRIC_REPRESENTATION_CONTEXT() REPRESENTATION_CONTEXT('2D SPACE',''
  ) );
#1751 = PCURVE('',#1569,#1752);
#1752 = DEFINITIONAL_REPRESENTATION('',(#1753),#1757);
#1753 = LINE('',#1754,#1755);
#1754 = CARTESIAN_POINT('',(0.,0.));
#1755 = VECTOR('',#1756,1.);
#1756 = DIRECTION('',(1.,0.));
#1757 = ( GEOMETRIC_REPRESENTATION_CONTEXT(2) 
PARAMETRIC_REPRESENTATION_CONTEXT() REPRESENTATION_CONTEXT('2D SPACE',''
  ) );
#1758 = ORIENTED_EDGE('',*,*,#1518,.T.);
#1759 = ORIENTED_EDGE('',*,*,#1760,.T.);
#1760 = EDGE_CURVE('',#1521,#1641,#1761,.T.);
#1761 = SURFACE_CURVE('',#1762,(#1766,#1773),.PCURVE_S1.);
#1762 = LINE('',#1763,#1764);
#1763 = CARTESIAN_POINT('',(-4.5E+03,6.E+03,120.));
#1764 = VECTOR('',#1765,1.);
#1765 = DIRECTION('',(1.,0.,0.));
#1766 = PCURVE('',#1541,#1767);
#1767 = DEFINITIONAL_REPRESENTATION('',(#1768),#1772);
#1768 = LINE('',#1769,#1770);
#1769 = CARTESIAN_POINT('',(120.,0.));
#1770 = VECTOR('',#1771,1.);
#1771 = DIRECTION('',(0.,1.));
#1772 = ( GEOMETRIC_REPRESENTATION_CONTEXT(2) 
PARAMETRIC_REPRESENTATION_CONTEXT() REPRESENTATION_CONTEXT('2D SPACE',''
  ) );
#1773 = PCURVE('',#1623,#1774);
#1774 = DEFINITIONAL_REPRESENTATION('',(#1775),#1779);
#1775 = LINE('',#1776,#1777);
#1776 = CARTESIAN_POINT('',(0.,0.));
#1777 = VECTOR('',#1778,1.);
#1778 = DIRECTION('',(1.,0.));
#1779 = ( GEOMETRIC_REPRESENTATION_CONTEXT(2) 
PARAMETRIC_REPRESENTATION_CONTEXT() REPRESENTATION_CONTEXT('2D SPACE',''
  ) );
#1780 = ORIENTED_EDGE('',*,*,#1638,.F.);
#1781 = ADVANCED_FACE('',(#1782),#1597,.T.);
#1782 = FACE_BOUND('',#1783,.T.);
#1783 = EDGE_LOOP('',(#1784,#1805,#1806,#1827));
#1784 = ORIENTED_EDGE('',*,*,#1785,.F.);
#1785 = EDGE_CURVE('',#1554,#1669,#1786,.T.);
#1786 = SURFACE_CURVE('',#1787,(#1791,#1798),.PCURVE_S1.);
#1787 = LINE('',#1788,#1789);
#1788 = CARTESIAN_POINT('',(-4.5E+03,1.E+04,0.));
#1789 = VECTOR('',#1790,1.);
#1790 = DIRECTION('',(1.,0.,0.));
#1791 = PCURVE('',#1597,#1792);
#1792 = DEFINITIONAL_REPRESENTATION('',(#1793),#1797);
#1793 = LINE('',#1794,#1795);
#1794 = CARTESIAN_POINT('',(0.,0.));
#1795 = VECTOR('',#1796,1.);
#1796 = DIRECTION('',(0.,1.));
#1797 = ( GEOMETRIC_REPRESENTATION_CONTEXT(2) 
PARAMETRIC_REPRESENTATION_CONTEXT() REPRESENTATION_CONTEXT('2D SPACE',''
  ) );
#1798 = PCURVE('',#1569,#1799);
#1799 = DEFINITIONAL_REPRESENTATION('',(#1800),#1804);
#1800 = LINE('',#1801,#1802);
#1801 = CARTESIAN_POINT('',(0.,4.E+03));
#1802 = VECTOR('',#1803,1.);
#1803 = DIRECTION('',(1.,0.));
#1804 = ( GEOMETRIC_REPRESENTATION_CONTEXT(2) 
PARAMETRIC_REPRESENTATION_CONTEXT() REPRESENTATION_CONTEXT('2D SPACE',''
  ) );
#1805 = ORIENTED_EDGE('',*,*,#1581,.T.);
#1806 = ORIENTED_EDGE('',*,*,#1807,.T.);
#1807 = EDGE_CURVE('',#1582,#1692,#1808,.T.);
#1808 = SURFACE_CURVE('',#1809,(#1813,#1820),.PCURVE_S1.);
#1809 = LINE('',#1810,#1811);
#1810 = CARTESIAN_POINT('',(-4.5E+03,1.E+04,120.));
#1811 = VECTOR('',#1812,1.);
#1812 = DIRECTION('',(1.,0.,0.));
#1813 = PCURVE('',#1597,#1814);
#1814 = DEFINITIONAL_REPRESENTATION('',(#1815),#1819);
#1815 = LINE('',#1816,#1817);
#1816 = CARTESIAN_POINT('',(120.,0.));
#1817 = VECTOR('',#1818,1.);
#1818 = DIRECTION('',(0.,1.));
#1819 = ( GEOMETRIC_REPRESENTATION_CONTEXT(2) 
PARAMETRIC_REPRESENTATION_CONTEXT() REPRESENTATION_CONTEXT('2D SPACE',''
  ) );
#1820 = PCURVE('',#1623,#1821);
#1821 = DEFINITIONAL_REPRESENTATION('',(#1822),#1826);
#1822 = LINE('',#1823,#1824);
#1823 = CARTESIAN_POINT('',(0.,4.E+03));
#1824 = VECTOR('',#1825,1.);
#1825 = DIRECTION('',(1.,0.));
#1826 = ( GEOMETRIC_REPRESENTATION_CONTEXT(2) 
PARAMETRIC_REPRESENTATION_CONTEXT() REPRESENTATION_CONTEXT('2D SPACE',''
  ) );
#1827 = ORIENTED_EDGE('',*,*,#1691,.F.);
#1828 = ADVANCED_FACE('',(#1829),#1569,.F.);
#1829 = FACE_BOUND('',#1830,.F.);
#1830 = EDGE_LOOP('',(#1831,#1832,#1833,#1834));
#1831 = ORIENTED_EDGE('',*,*,#1553,.F.);
#1832 = ORIENTED_EDGE('',*,*,#1738,.T.);
#1833 = ORIENTED_EDGE('',*,*,#1668,.T.);
#1834 = ORIENTED_EDGE('',*,*,#1785,.F.);
#1835 = ADVANCED_FACE('',(#1836),#1623,.T.);
#1836 = FACE_BOUND('',#1837,.T.);
#1837 = EDGE_LOOP('',(#1838,#1839,#1840,#1841));
#1838 = ORIENTED_EDGE('',*,*,#1609,.F.);
#1839 = ORIENTED_EDGE('',*,*,#1760,.T.);
#1840 = ORIENTED_EDGE('',*,*,#1714,.T.);
#1841 = ORIENTED_EDGE('',*,*,#1807,.F.);
#1842 = ( GEOMETRIC_REPRESENTATION_CONTEXT(3) 
GLOBAL_UNCERTAINTY_ASSIGNED_CONTEXT((#1846)) 
GLOBAL_UNIT_ASSIGNED_CONTEXT((#1843,#1844,#1845)) REPRESENTATION_CONTEXT
('Context #1','3D Context with UNIT and UNCERTAINTY') );
#1843 = ( LENGTH_UNIT() NAMED_UNIT(*) SI_UNIT(.MILLI.,.METRE.) );
#1844 = ( NAMED_UNIT(*) PLANE_ANGLE_UNIT() SI_UNIT($,.RADIAN.) );
#1845 = ( NAMED_UNIT(*) SI_UNIT($,.STERADIAN.) SOLID_ANGLE_UNIT() );
#1846 = UNCERTAINTY_MEASURE_WITH_UNIT(LENGTH_MEASURE(1.E-07),#1843,
  'distance_accuracy_value','confusion accuracy');
#1847 = CONTEXT_DEPENDENT_SHAPE_REPRESENTATION(#1848,#1850);
#1848 = ( REPRESENTATION_RELATIONSHIP('','',#1511,#10) 
REPRESENTATION_RELATIONSHIP_WITH_TRANSFORMATION(#1849) 
SHAPE_REPRESENTATION_RELATIONSHIP() );
#1849 = ITEM_DEFINED_TRANSFORMATION('','',#11,#35);
#1850 = PRODUCT_DEFINITION_SHAPE('Placement','Placement of an item',
  #1851);
#1851 = NEXT_ASSEMBLY_USAGE_OCCURRENCE('71','part5','',#5,#1506,$);
#1852 = PRODUCT_RELATED_PRODUCT_CATEGORY('part',$,(#1508));
#1853 = SHAPE_DEFINITION_REPRESENTATION(#1854,#1860);
#1854 = PRODUCT_DEFINITION_SHAPE('','',#1855);
#1855 = PRODUCT_DEFINITION('design','',#1856,#1859);
#1856 = PRODUCT_DEFINITION_FORMATION('','',#1857);
#1857 = PRODUCT('part6','part6','',(#1858));
#1858 = PRODUCT_CONTEXT('',#2,'mechanical');
#1859 = PRODUCT_DEFINITION_CONTEXT('part definition',#2,'design');
#1860 = ADVANCED_BREP_SHAPE_REPRESENTATION('',(#11,#1861),#2191);
#1861 = MANIFOLD_SOLID_BREP('',#1862);
#1862 = CLOSED_SHELL('',(#1863,#1983,#2083,#2130,#2177,#2184));
#1863 = ADVANCED_FACE('',(#1864),#1878,.F.);
#1864 = FACE_BOUND('',#1865,.F.);
#1865 = EDGE_LOOP('',(#1866,#1901,#1929,#1957));
#1866 = ORIENTED_EDGE('',*,*,#1867,.F.);
#1867 = EDGE_CURVE('',#1868,#1870,#1872,.T.);
#1868 = VERTEX_POINT('',#1869);
#1869 = CARTESIAN_POINT('',(-3.3E+03,7.8E+03,50.));
#1870 = VERTEX_POINT('',#1871);
#1871 = CARTESIAN_POINT('',(-3.3E+03,7.8E+03,750.));
#1872 = SURFACE_CURVE('',#1873,(#1877,#1889),.PCURVE_S1.);
#1873 = LINE('',#1874,#1875);
#1874 = CARTESIAN_POINT('',(-3.3E+03,7.8E+03,50.));
#1875 = VECTOR('',#1876,1.);
#1876 = DIRECTION('',(0.,0.,1.));
#1877 = PCURVE('',#1878,#1883);
#1878 = PLANE('',#1879);
#1879 = AXIS2_PLACEMENT_3D('',#1880,#1881,#1882);
#1880 = CARTESIAN_POINT('',(-3.3E+03,7.8E+03,50.));
#1881 = DIRECTION('',(1.,0.,0.));
#1882 = DIRECTION('',(0.,0.,1.));
#1883 = DEFINITIONAL_REPRESENTATION('',(#1884),#1888);
#1884 = LINE('',#1885,#1886);
#1885 = CARTESIAN_POINT('',(0.,0.));
#1886 = VECTOR('',#1887,1.);
#1887 = DIRECTION('',(1.,0.));
#1888 = ( GEOMETRIC_REPRESENTATION_CONTEXT(2) 
PARAMETRIC_REPRESENTATION_CONTEXT() REPRESENTATION_CONTEXT('2D SPACE',''
  ) );
#1889 = PCURVE('',#1890,#1895);
#1890 = PLANE('',#1891);
#1891 = AXIS2_PLACEMENT_3D('',#1892,#1893,#1894);
#1892 = CARTESIAN_POINT('',(-3.3E+03,7.8E+03,50.));
#1893 = DIRECTION('',(0.,1.,0.));
#1894 = DIRECTION('',(0.,0.,1.));
#1895 = DEFINITIONAL_REPRESENTATION('',(#1896),#1900);
#1896 = LINE('',#1897,#1898);
#1897 = CARTESIAN_POINT('',(0.,0.));
#1898 = VECTOR('',#1899,1.);
#1899 = DIRECTION('',(1.,0.));
#1900 = ( GEOMETRIC_REPRESENTATION_CONTEXT(2) 
PARAMETRIC_REPRESENTATION_CONTEXT() REPRESENTATION_CONTEXT('2D SPACE',''
  ) );
#1901 = ORIENTED_EDGE('',*,*,#1902,.T.);
#1902 = EDGE_CURVE('',#1868,#1903,#1905,.T.);
#1903 = VERTEX_POINT('',#1904);
#1904 = CARTESIAN_POINT('',(-3.3E+03,8.2E+03,50.));
#1905 = SURFACE_CURVE('',#1906,(#1910,#1917),.PCURVE_S1.);
#1906 = LINE('',#1907,#1908);
#1907 = CARTESIAN_POINT('',(-3.3E+03,7.8E+03,50.));
#1908 = VECTOR('',#1909,1.);
#1909 = DIRECTION('',(0.,1.,0.));
#1910 = PCURVE('',#1878,#1911);
#1911 = DEFINITIONAL_REPRESENTATION('',(#1912),#1916);
#1912 = LINE('',#1913,#1914);
#1913 = CARTESIAN_POINT('',(0.,0.));
#1914 = VECTOR('',#1915,1.);
#1915 = DIRECTION('',(0.,-1.));
#1916 = ( GEOMETRIC_REPRESENTATION_CONTEXT(2) 
PARAMETRIC_REPRESENTATION_CONTEXT() REPRESENTATION_CONTEXT('2D SPACE',''
  ) );
#1917 = PCURVE('',#1918,#1923);
#1918 = PLANE('',#1919);
#1919 = AXIS2_PLACEMENT_3D('',#1920,#1921,#1922);
#1920 = CARTESIAN_POINT('',(-3.3E+03,7.8E+03,50.));
#1921 = DIRECTION('',(0.,0.,1.));
#1922 = DIRECTION('',(1.,0.,0.));
#1923 = DEFINITIONAL_REPRESENTATION('',(#1924),#1928);
#1924 = LINE('',#1925,#1926);
#1925 = CARTESIAN_POINT('',(0.,0.));
#1926 = VECTOR('',#1927,1.);
#1927 = DIRECTION('',(0.,1.));
#1928 = ( GEOMETRIC_REPRESENTATION_CONTEXT(2) 
PARAMETRIC_REPRESENTATION_CONTEXT() REPRESENTATION_CONTEXT('2D SPACE',''
  ) );
#1929 = ORIENTED_EDGE('',*,*,#1930,.T.);
#1930 = EDGE_CURVE('',#1903,#1931,#1933,.T.);
#1931 = VERTEX_POINT('',#1932);
#1932 = CARTESIAN_POINT('',(-3.3E+03,8.2E+03,750.));
#1933 = SURFACE_CURVE('',#1934,(#1938,#1945),.PCURVE_S1.);
#1934 = LINE('',#1935,#1936);
#1935 = CARTESIAN_POINT('',(-3.3E+03,8.2E+03,50.));
#1936 = VECTOR('',#1937,1.);
#1937 = DIRECTION('',(0.,0.,1.));
#1938 = PCURVE('',#1878,#1939);
#1939 = DEFINITIONAL_REPRESENTATION('',(#1940),#1944);
#1940 = LINE('',#1941,#1942);
#1941 = CARTESIAN_POINT('',(0.,-400.));
#1942 = VECTOR('',#1943,1.);
#1943 = DIRECTION('',(1.,0.));
#1944 = ( GEOMETRIC_REPRESENTATION_CONTEXT(2) 
PARAMETRIC_REPRESENTATION_CONTEXT() REPRESENTATION_CONTEXT('2D SPACE',''
  ) );
#1945 = PCURVE('',#1946,#1951);
#1946 = PLANE('',#1947);
#1947 = AXIS2_PLACEMENT_3D('',#1948,#1949,#1950);
#1948 = CARTESIAN_POINT('',(-3.3E+03,8.2E+03,50.));
#1949 = DIRECTION('',(0.,1.,0.));
#1950 = DIRECTION('',(0.,0.,1.));
#1951 = DEFINITIONAL_REPRESENTATION('',(#1952),#1956);
#1952 = LINE('',#1953,#1954);
#1953 = CARTESIAN_POINT('',(0.,0.));
#1954 = VECTOR('',#1955,1.);
#1955 = DIRECTION('',(1.,0.));
#1956 = ( GEOMETRIC_REPRESENTATION_CONTEXT(2) 
PARAMETRIC_REPRESENTATION_CONTEXT() REPRESENTATION_CONTEXT('2D SPACE',''
  ) );
#1957 = ORIENTED_EDGE('',*,*,#1958,.F.);
#1958 = EDGE_CURVE('',#1870,#1931,#1959,.T.);
#1959 = SURFACE_CURVE('',#1960,(#1964,#1971),.PCURVE_S1.);
#1960 = LINE('',#1961,#1962);
#1961 = CARTESIAN_POINT('',(-3.3E+03,7.8E+03,750.));
#1962 = VECTOR('',#1963,1.);
#1963 = DIRECTION('',(0.,1.,0.));
#1964 = PCURVE('',#1878,#1965);
#1965 = DEFINITIONAL_REPRESENTATION('',(#1966),#1970);
#1966 = LINE('',#1967,#1968);
#1967 = CARTESIAN_POINT('',(700.,0.));
#1968 = VECTOR('',#1969,1.);
#1969 = DIRECTION('',(0.,-1.));
#1970 = ( GEOMETRIC_REPRESENTATION_CONTEXT(2) 
PARAMETRIC_REPRESENTATION_CONTEXT() REPRESENTATION_CONTEXT('2D SPACE',''
  ) );
#1971 = PCURVE('',#1972,#1977);
#1972 = PLANE('',#1973);
#1973 = AXIS2_PLACEMENT_3D('',#1974,#1975,#1976);
#1974 = CARTESIAN_POINT('',(-3.3E+03,7.8E+03,750.));
#1975 = DIRECTION('',(0.,0.,1.));
#1976 = DIRECTION('',(1.,0.,0.));
#1977 = DEFINITIONAL_REPRESENTATION('',(#1978),#1982);
#1978 = LINE('',#1979,#1980);
#1979 = CARTESIAN_POINT('',(0.,0.));
#1980 = VECTOR('',#1981,1.);
#1981 = DIRECTION('',(0.,1.));
#1982 = ( GEOMETRIC_REPRESENTATION_CONTEXT(2) 
PARAMETRIC_REPRESENTATION_CONTEXT() REPRESENTATION_CONTEXT('2D SPACE',''
  ) );
#1983 = ADVANCED_FACE('',(#1984),#1998,.T.);
#1984 = FACE_BOUND('',#1985,.T.);
#1985 = EDGE_LOOP('',(#1986,#2016,#2039,#2062));
#1986 = ORIENTED_EDGE('',*,*,#1987,.F.);
#1987 = EDGE_CURVE('',#1988,#1990,#1992,.T.);
#1988 = VERTEX_POINT('',#1989);
#1989 = CARTESIAN_POINT('',(-1.7E+03,7.8E+03,50.));
#1990 = VERTEX_POINT('',#1991);
#1991 = CARTESIAN_POINT('',(-1.7E+03,7.8E+03,750.));
#1992 = SURFACE_CURVE('',#1993,(#1997,#2009),.PCURVE_S1.);
#1993 = LINE('',#1994,#1995);
#1994 = CARTESIAN_POINT('',(-1.7E+03,7.8E+03,50.));
#1995 = VECTOR('',#1996,1.);
#1996 = DIRECTION('',(0.,0.,1.));
#1997 = PCURVE('',#1998,#2003);
#1998 = PLANE('',#1999);
#1999 = AXIS2_PLACEMENT_3D('',#2000,#2001,#2002);
#2000 = CARTESIAN_POINT('',(-1.7E+03,7.8E+03,50.));
#2001 = DIRECTION('',(1.,0.,0.));
#2002 = DIRECTION('',(0.,0.,1.));
#2003 = DEFINITIONAL_REPRESENTATION('',(#2004),#2008);
#2004 = LINE('',#2005,#2006);
#2005 = CARTESIAN_POINT('',(0.,0.));
#2006 = VECTOR('',#2007,1.);
#2007 = DIRECTION('',(1.,0.));
#2008 = ( GEOMETRIC_REPRESENTATION_CONTEXT(2) 
PARAMETRIC_REPRESENTATION_CONTEXT() REPRESENTATION_CONTEXT('2D SPACE',''
  ) );
#2009 = PCURVE('',#1890,#2010);
#2010 = DEFINITIONAL_REPRESENTATION('',(#2011),#2015);
#2011 = LINE('',#2012,#2013);
#2012 = CARTESIAN_POINT('',(0.,1.6E+03));
#2013 = VECTOR('',#2014,1.);
#2014 = DIRECTION('',(1.,0.));
#2015 = ( GEOMETRIC_REPRESENTATION_CONTEXT(2) 
PARAMETRIC_REPRESENTATION_CONTEXT() REPRESENTATION_CONTEXT('2D SPACE',''
  ) );
#2016 = ORIENTED_EDGE('',*,*,#2017,.T.);
#2017 = EDGE_CURVE('',#1988,#2018,#2020,.T.);
#2018 = VERTEX_POINT('',#2019);
#2019 = CARTESIAN_POINT('',(-1.7E+03,8.2E+03,50.));
#2020 = SURFACE_CURVE('',#2021,(#2025,#2032),.PCURVE_S1.);
#2021 = LINE('',#2022,#2023);
#2022 = CARTESIAN_POINT('',(-1.7E+03,7.8E+03,50.));
#2023 = VECTOR('',#2024,1.);
#2024 = DIRECTION('',(0.,1.,0.));
#2025 = PCURVE('',#1998,#2026);
#2026 = DEFINITIONAL_REPRESENTATION('',(#2027),#2031);
#2027 = LINE('',#2028,#2029);
#2028 = CARTESIAN_POINT('',(0.,0.));
#2029 = VECTOR('',#2030,1.);
#2030 = DIRECTION('',(0.,-1.));
#2031 = ( GEOMETRIC_REPRESENTATION_CONTEXT(2) 
PARAMETRIC_REPRESENTATION_CONTEXT() REPRESENTATION_CONTEXT('2D SPACE',''
  ) );
#2032 = PCURVE('',#1918,#2033);
#2033 = DEFINITIONAL_REPRESENTATION('',(#2034),#2038);
#2034 = LINE('',#2035,#2036);
#2035 = CARTESIAN_POINT('',(1.6E+03,0.));
#2036 = VECTOR('',#2037,1.);
#2037 = DIRECTION('',(0.,1.));
#2038 = ( GEOMETRIC_REPRESENTATION_CONTEXT(2) 
PARAMETRIC_REPRESENTATION_CONTEXT() REPRESENTATION_CONTEXT('2D SPACE',''
  ) );
#2039 = ORIENTED_EDGE('',*,*,#2040,.T.);
#2040 = EDGE_CURVE('',#2018,#2041,#2043,.T.);
#2041 = VERTEX_POINT('',#2042);
#2042 = CARTESIAN_POINT('',(-1.7E+03,8.2E+03,750.));
#2043 = SURFACE_CURVE('',#2044,(#2048,#2055),.PCURVE_S1.);
#2044 = LINE('',#2045,#2046);
#2045 = CARTESIAN_POINT('',(-1.7E+03,8.2E+03,50.));
#2046 = VECTOR('',#2047,1.);
#2047 = DIRECTION('',(0.,0.,1.));
#2048 = PCURVE('',#1998,#2049);
#2049 = DEFINITIONAL_REPRESENTATION('',(#2050),#2054);
#2050 = LINE('',#2051,#2052);
#2051 = CARTESIAN_POINT('',(0.,-400.));
#2052 = VECTOR('',#2053,1.);
#2053 = DIRECTION('',(1.,0.));
#2054 = ( GEOMETRIC_REPRESENTATION_CONTEXT(2) 
PARAMETRIC_REPRESENTATION_CONTEXT() REPRESENTATION_CONTEXT('2D SPACE',''
  ) );
#2055 = PCURVE('',#1946,#2056);
#2056 = DEFINITIONAL_REPRESENTATION('',(#2057),#2061);
#2057 = LINE('',#2058,#2059);
#2058 = CARTESIAN_POINT('',(0.,1.6E+03));
#2059 = VECTOR('',#2060,1.);
#2060 = DIRECTION('',(1.,0.));
#2061 = ( GEOMETRIC_REPRESENTATION_CONTEXT(2) 
PARAMETRIC_REPRESENTATION_CONTEXT() REPRESENTATION_CONTEXT('2D SPACE',''
  ) );
#2062 = ORIENTED_EDGE('',*,*,#2063,.F.);
#2063 = EDGE_CURVE('',#1990,#2041,#2064,.T.);
#2064 = SURFACE_CURVE('',#2065,(#2069,#2076),.PCURVE_S1.);
#2065 = LINE('',#2066,#2067);
#2066 = CARTESIAN_POINT('',(-1.7E+03,7.8E+03,750.));
#2067 = VECTOR('',#2068,1.);
#2068 = DIRECTION('',(0.,1.,0.));
#2069 = PCURVE('',#1998,#2070);
#2070 = DEFINITIONAL_REPRESENTATION('',(#2071),#2075);
#2071 = LINE('',#2072,#2073);
#2072 = CARTESIAN_POINT('',(700.,0.));
#2073 = VECTOR('',#2074,1.);
#2074 = DIRECTION('',(0.,-1.));
#2075 = ( GEOMETRIC_REPRESENTATION_CONTEXT(2) 
PARAMETRIC_REPRESENTATION_CONTEXT() REPRESENTATION_CONTEXT('2D SPACE',''
  ) );
#2076 = PCURVE('',#1972,#2077);
#2077 = DEFINITIONAL_REPRESENTATION('',(#2078),#2082);
#2078 = LINE('',#2079,#2080);
#2079 = CARTESIAN_POINT('',(1.6E+03,0.));
#2080 = VECTOR('',#2081,1.);
#2081 = DIRECTION('',(0.,1.));
#2082 = ( GEOMETRIC_REPRESENTATION_CONTEXT(2) 
PARAMETRIC_REPRESENTATION_CONTEXT() REPRESENTATION_CONTEXT('2D SPACE',''
  ) );
#2083 = ADVANCED_FACE('',(#2084),#1890,.F.);
#2084 = FACE_BOUND('',#2085,.F.);
#2085 = EDGE_LOOP('',(#2086,#2107,#2108,#2129));
#2086 = ORIENTED_EDGE('',*,*,#2087,.F.);
#2087 = EDGE_CURVE('',#1868,#1988,#2088,.T.);
#2088 = SURFACE_CURVE('',#2089,(#2093,#2100),.PCURVE_S1.);
#2089 = LINE('',#2090,#2091);
#2090 = CARTESIAN_POINT('',(-3.3E+03,7.8E+03,50.));
#2091 = VECTOR('',#2092,1.);
#2092 = DIRECTION('',(1.,0.,0.));
#2093 = PCURVE('',#1890,#2094);
#2094 = DEFINITIONAL_REPRESENTATION('',(#2095),#2099);
#2095 = LINE('',#2096,#2097);
#2096 = CARTESIAN_POINT('',(0.,0.));
#2097 = VECTOR('',#2098,1.);
#2098 = DIRECTION('',(0.,1.));
#2099 = ( GEOMETRIC_REPRESENTATION_CONTEXT(2) 
PARAMETRIC_REPRESENTATION_CONTEXT() REPRESENTATION_CONTEXT('2D SPACE',''
  ) );
#2100 = PCURVE('',#1918,#2101);
#2101 = DEFINITIONAL_REPRESENTATION('',(#2102),#2106);
#2102 = LINE('',#2103,#2104);
#2103 = CARTESIAN_POINT('',(0.,0.));
#2104 = VECTOR('',#2105,1.);
#2105 = DIRECTION('',(1.,0.));
#2106 = ( GEOMETRIC_REPRESENTATION_CONTEXT(2) 
PARAMETRIC_REPRESENTATION_CONTEXT() REPRESENTATION_CONTEXT('2D SPACE',''
  ) );
#2107 = ORIENTED_EDGE('',*,*,#1867,.T.);
#2108 = ORIENTED_EDGE('',*,*,#2109,.T.);
#2109 = EDGE_CURVE('',#1870,#1990,#2110,.T.);
#2110 = SURFACE_CURVE('',#2111,(#2115,#2122),.PCURVE_S1.);
#2111 = LINE('',#2112,#2113);
#2112 = CARTESIAN_POINT('',(-3.3E+03,7.8E+03,750.));
#2113 = VECTOR('',#2114,1.);
#2114 = DIRECTION('',(1.,0.,0.));
#2115 = PCURVE('',#1890,#2116);
#2116 = DEFINITIONAL_REPRESENTATION('',(#2117),#2121);
#2117 = LINE('',#2118,#2119);
#2118 = CARTESIAN_POINT('',(700.,0.));
#2119 = VECTOR('',#2120,1.);
#2120 = DIRECTION('',(0.,1.));
#2121 = ( GEOMETRIC_REPRESENTATION_CONTEXT(2) 
PARAMETRIC_REPRESENTATION_CONTEXT() REPRESENTATION_CONTEXT('2D SPACE',''
  ) );
#2122 = PCURVE('',#1972,#2123);
#2123 = DEFINITIONAL_REPRESENTATION('',(#2124),#2128);
#2124 = LINE('',#2125,#2126);
#2125 = CARTESIAN_POINT('',(0.,0.));
#2126 = VECTOR('',#2127,1.);
#2127 = DIRECTION('',(1.,0.));
#2128 = ( GEOMETRIC_REPRESENTATION_CONTEXT(2) 
PARAMETRIC_REPRESENTATION_CONTEXT() REPRESENTATION_CONTEXT('2D SPACE',''
  ) );
#2129 = ORIENTED_EDGE('',*,*,#1987,.F.);
#2130 = ADVANCED_FACE('',(#2131),#1946,.T.);
#2131 = FACE_BOUND('',#2132,.T.);
#2132 = EDGE_LOOP('',(#2133,#2154,#2155,#2176));
#2133 = ORIENTED_EDGE('',*,*,#2134,.F.);
#2134 = EDGE_CURVE('',#1903,#2018,#2135,.T.);
#2135 = SURFACE_CURVE('',#2136,(#2140,#2147),.PCURVE_S1.);
#2136 = LINE('',#2137,#2138);
#2137 = CARTESIAN_POINT('',(-3.3E+03,8.2E+03,50.));
#2138 = VECTOR('',#2139,1.);
#2139 = DIRECTION('',(1.,0.,0.));
#2140 = PCURVE('',#1946,#2141);
#2141 = DEFINITIONAL_REPRESENTATION('',(#2142),#2146);
#2142 = LINE('',#2143,#2144);
#2143 = CARTESIAN_POINT('',(0.,0.));
#2144 = VECTOR('',#2145,1.);
#2145 = DIRECTION('',(0.,1.));
#2146 = ( GEOMETRIC_REPRESENTATION_CONTEXT(2) 
PARAMETRIC_REPRESENTATION_CONTEXT() REPRESENTATION_CONTEXT('2D SPACE',''
  ) );
#2147 = PCURVE('',#1918,#2148);
#2148 = DEFINITIONAL_REPRESENTATION('',(#2149),#2153);
#2149 = LINE('',#2150,#2151);
#2150 = CARTESIAN_POINT('',(0.,400.));
#2151 = VECTOR('',#2152,1.);
#2152 = DIRECTION('',(1.,0.));
#2153 = ( GEOMETRIC_REPRESENTATION_CONTEXT(2) 
PARAMETRIC_REPRESENTATION_CONTEXT() REPRESENTATION_CONTEXT('2D SPACE',''
  ) );
#2154 = ORIENTED_EDGE('',*,*,#1930,.T.);
#2155 = ORIENTED_EDGE('',*,*,#2156,.T.);
#2156 = EDGE_CURVE('',#1931,#2041,#2157,.T.);
#2157 = SURFACE_CURVE('',#2158,(#2162,#2169),.PCURVE_S1.);
#2158 = LINE('',#2159,#2160);
#2159 = CARTESIAN_POINT('',(-3.3E+03,8.2E+03,750.));
#2160 = VECTOR('',#2161,1.);
#2161 = DIRECTION('',(1.,0.,0.));
#2162 = PCURVE('',#1946,#2163);
#2163 = DEFINITIONAL_REPRESENTATION('',(#2164),#2168);
#2164 = LINE('',#2165,#2166);
#2165 = CARTESIAN_POINT('',(700.,0.));
#2166 = VECTOR('',#2167,1.);
#2167 = DIRECTION('',(0.,1.));
#2168 = ( GEOMETRIC_REPRESENTATION_CONTEXT(2) 
PARAMETRIC_REPRESENTATION_CONTEXT() REPRESENTATION_CONTEXT('2D SPACE',''
  ) );
#2169 = PCURVE('',#1972,#2170);
#2170 = DEFINITIONAL_REPRESENTATION('',(#2171),#2175);
#2171 = LINE('',#2172,#2173);
#2172 = CARTESIAN_POINT('',(0.,400.));
#2173 = VECTOR('',#2174,1.);
#2174 = DIRECTION('',(1.,0.));
#2175 = ( GEOMETRIC_REPRESENTATION_CONTEXT(2) 
PARAMETRIC_REPRESENTATION_CONTEXT() REPRESENTATION_CONTEXT('2D SPACE',''
  ) );
#2176 = ORIENTED_EDGE('',*,*,#2040,.F.);
#2177 = ADVANCED_FACE('',(#2178),#1918,.F.);
#2178 = FACE_BOUND('',#2179,.F.);
#2179 = EDGE_LOOP('',(#2180,#2181,#2182,#2183));
#2180 = ORIENTED_EDGE('',*,*,#1902,.F.);
#2181 = ORIENTED_EDGE('',*,*,#2087,.T.);
#2182 = ORIENTED_EDGE('',*,*,#2017,.T.);
#2183 = ORIENTED_EDGE('',*,*,#2134,.F.);
#2184 = ADVANCED_FACE('',(#2185),#1972,.T.);
#2185 = FACE_BOUND('',#2186,.T.);
#2186 = EDGE_LOOP('',(#2187,#2188,#2189,#2190));
#2187 = ORIENTED_EDGE('',*,*,#1958,.F.);
#2188 = ORIENTED_EDGE('',*,*,#2109,.T.);
#2189 = ORIENTED_EDGE('',*,*,#2063,.T.);
#2190 = ORIENTED_EDGE('',*,*,#2156,.F.);
#2191 = ( GEOMETRIC_REPRESENTATION_CONTEXT(3) 
GLOBAL_UNCERTAINTY_ASSIGNED_CONTEXT((#2195)) 
GLOBAL_UNIT_ASSIGNED_CONTEXT((#2192,#2193,#2194)) REPRESENTATION_CONTEXT
('Context #1','3D Context with UNIT and UNCERTAINTY') );
#2192 = ( LENGTH_UNIT() NAMED_UNIT(*) SI_UNIT(.MILLI.,.METRE.) );
#2193 = ( NAMED_UNIT(*) PLANE_ANGLE_UNIT() SI_UNIT($,.RADIAN.) );
#2194 = ( NAMED_UNIT(*) SI_UNIT($,.STERADIAN.) SOLID_ANGLE_UNIT() );
#2195 = UNCERTAINTY_MEASURE_WITH_UNIT(LENGTH_MEASURE(1.E-07),#2192,
  'distance_accuracy_value','confusion accuracy');
#2196 = CONTEXT_DEPENDENT_SHAPE_REPRESENTATION(#2197,#2199);
#2197 = ( REPRESENTATION_RELATIONSHIP('','',#1860,#10) 
REPRESENTATION_RELATIONSHIP_WITH_TRANSFORMATION(#2198) 
SHAPE_REPRESENTATION_RELATIONSHIP() );
#2198 = ITEM_DEFINED_TRANSFORMATION('','',#11,#39);
#2199 = PRODUCT_DEFINITION_SHAPE('Placement','Placement of an item',
  #2200);
#2200 = NEXT_ASSEMBLY_USAGE_OCCURRENCE('72','part6','',#5,#1855,$);
#2201 = PRODUCT_RELATED_PRODUCT_CATEGORY('part',$,(#1857));
#2202 = SHAPE_DEFINITION_REPRESENTATION(#2203,#2209);
#2203 = PRODUCT_DEFINITION_SHAPE('','',#2204);
#2204 = PRODUCT_DEFINITION('design','',#2205,#2208);
#2205 = PRODUCT_DEFINITION_FORMATION('','',#2206);
#2206 = PRODUCT('part7','part7','',(#2207));
#2207 = PRODUCT_CONTEXT('',#2,'mechanical');
#2208 = PRODUCT_DEFINITION_CONTEXT('part definition',#2,'design');
#2209 = ADVANCED_BREP_SHAPE_REPRESENTATION('',(#11,#2210),#2308);
#2210 = MANIFOLD_SOLID_BREP('',#2211);
#2211 = CLOSED_SHELL('',(#2212,#2300,#2304));
#2212 = ADVANCED_FACE('',(#2213),#2226,.T.);
#2213 = FACE_BOUND('',#2214,.T.);
#2214 = EDGE_LOOP('',(#2215,#2249,#2272,#2299));
#2215 = ORIENTED_EDGE('',*,*,#2216,.F.);
#2216 = EDGE_CURVE('',#2217,#2217,#2219,.T.);
#2217 = VERTEX_POINT('',#2218);
#2218 = CARTESIAN_POINT('',(-2.42E+03,8.E+03,3.1E+03));
#2219 = SURFACE_CURVE('',#2220,(#2225,#2237),.PCURVE_S1.);
#2220 = CIRCLE('',#2221,80.);
#2221 = AXIS2_PLACEMENT_3D('',#2222,#2223,#2224);
#2222 = CARTESIAN_POINT('',(-2.5E+03,8.E+03,3.1E+03));
#2223 = DIRECTION('',(0.,0.,1.));
#2224 = DIRECTION('',(1.,0.,-0.));
#2225 = PCURVE('',#2226,#2231);
#2226 = CONICAL_SURFACE('',#2227,1.4E+03,0.972377433316);
#2227 = AXIS2_PLACEMENT_3D('',#2228,#2229,#2230);
#2228 = CARTESIAN_POINT('',(-2.5E+03,8.E+03,2.2E+03));
#2229 = DIRECTION('',(-0.,-0.,-1.));
#2230 = DIRECTION('',(1.,0.,-0.));
#2231 = DEFINITIONAL_REPRESENTATION('',(#2232),#2236);
#2232 = LINE('',#2233,#2234);
#2233 = CARTESIAN_POINT('',(-0.,-900.));
#2234 = VECTOR('',#2235,1.);
#2235 = DIRECTION('',(-1.,-0.));
#2236 = ( GEOMETRIC_REPRESENTATION_CONTEXT(2) 
PARAMETRIC_REPRESENTATION_CONTEXT() REPRESENTATION_CONTEXT('2D SPACE',''
  ) );
#2237 = PCURVE('',#2238,#2243);
#2238 = PLANE('',#2239);
#2239 = AXIS2_PLACEMENT_3D('',#2240,#2241,#2242);
#2240 = CARTESIAN_POINT('',(-2.5E+03,8.E+03,3.1E+03));
#2241 = DIRECTION('',(0.,0.,1.));
#2242 = DIRECTION('',(1.,0.,-0.));
#2243 = DEFINITIONAL_REPRESENTATION('',(#2244),#2248);
#2244 = CIRCLE('',#2245,80.);
#2245 = AXIS2_PLACEMENT_2D('',#2246,#2247);
#2246 = CARTESIAN_POINT('',(0.,0.));
#2247 = DIRECTION('',(1.,0.));
#2248 = ( GEOMETRIC_REPRESENTATION_CONTEXT(2) 
PARAMETRIC_REPRESENTATION_CONTEXT() REPRESENTATION_CONTEXT('2D SPACE',''
  ) );
#2249 = ORIENTED_EDGE('',*,*,#2250,.F.);
#2250 = EDGE_CURVE('',#2251,#2217,#2253,.T.);
#2251 = VERTEX_POINT('',#2252);
#2252 = CARTESIAN_POINT('',(-1.1E+03,8.E+03,2.2E+03));
#2253 = SEAM_CURVE('',#2254,(#2258,#2265),.PCURVE_S1.);
#2254 = LINE('',#2255,#2256);
#2255 = CARTESIAN_POINT('',(-1.1E+03,8.E+03,2.2E+03));
#2256 = VECTOR('',#2257,1.);
#2257 = DIRECTION('',(-0.826227342808,2.023673341475E-16,0.563336824642)
  );
#2258 = PCURVE('',#2226,#2259);
#2259 = DEFINITIONAL_REPRESENTATION('',(#2260),#2264);
#2260 = LINE('',#2261,#2262);
#2261 = CARTESIAN_POINT('',(-6.28318530718,0.));
#2262 = VECTOR('',#2263,1.);
#2263 = DIRECTION('',(-0.,-1.));
#2264 = ( GEOMETRIC_REPRESENTATION_CONTEXT(2) 
PARAMETRIC_REPRESENTATION_CONTEXT() REPRESENTATION_CONTEXT('2D SPACE',''
  ) );
#2265 = PCURVE('',#2226,#2266);
#2266 = DEFINITIONAL_REPRESENTATION('',(#2267),#2271);
#2267 = LINE('',#2268,#2269);
#2268 = CARTESIAN_POINT('',(0.,-0.));
#2269 = VECTOR('',#2270,1.);
#2270 = DIRECTION('',(-0.,-1.));
#2271 = ( GEOMETRIC_REPRESENTATION_CONTEXT(2) 
PARAMETRIC_REPRESENTATION_CONTEXT() REPRESENTATION_CONTEXT('2D SPACE',''
  ) );
#2272 = ORIENTED_EDGE('',*,*,#2273,.T.);
#2273 = EDGE_CURVE('',#2251,#2251,#2274,.T.);
#2274 = SURFACE_CURVE('',#2275,(#2280,#2287),.PCURVE_S1.);
#2275 = CIRCLE('',#2276,1.4E+03);
#2276 = AXIS2_PLACEMENT_3D('',#2277,#2278,#2279);
#2277 = CARTESIAN_POINT('',(-2.5E+03,8.E+03,2.2E+03));
#2278 = DIRECTION('',(0.,0.,1.));
#2279 = DIRECTION('',(1.,0.,-0.));
#2280 = PCURVE('',#2226,#2281);
#2281 = DEFINITIONAL_REPRESENTATION('',(#2282),#2286);
#2282 = LINE('',#2283,#2284);
#2283 = CARTESIAN_POINT('',(-0.,-0.));
#2284 = VECTOR('',#2285,1.);
#2285 = DIRECTION('',(-1.,-0.));
#2286 = ( GEOMETRIC_REPRESENTATION_CONTEXT(2) 
PARAMETRIC_REPRESENTATION_CONTEXT() REPRESENTATION_CONTEXT('2D SPACE',''
  ) );
#2287 = PCURVE('',#2288,#2293);
#2288 = PLANE('',#2289);
#2289 = AXIS2_PLACEMENT_3D('',#2290,#2291,#2292);
#2290 = CARTESIAN_POINT('',(-2.5E+03,8.E+03,2.2E+03));
#2291 = DIRECTION('',(0.,0.,1.));
#2292 = DIRECTION('',(1.,0.,-0.));
#2293 = DEFINITIONAL_REPRESENTATION('',(#2294),#2298);
#2294 = CIRCLE('',#2295,1.4E+03);
#2295 = AXIS2_PLACEMENT_2D('',#2296,#2297);
#2296 = CARTESIAN_POINT('',(0.,0.));
#2297 = DIRECTION('',(1.,0.));
#2298 = ( GEOMETRIC_REPRESENTATION_CONTEXT(2) 
PARAMETRIC_REPRESENTATION_CONTEXT() REPRESENTATION_CONTEXT('2D SPACE',''
  ) );
#2299 = ORIENTED_EDGE('',*,*,#2250,.T.);
#2300 = ADVANCED_FACE('',(#2301),#2238,.T.);
#2301 = FACE_BOUND('',#2302,.T.);
#2302 = EDGE_LOOP('',(#2303));
#2303 = ORIENTED_EDGE('',*,*,#2216,.T.);
#2304 = ADVANCED_FACE('',(#2305),#2288,.F.);
#2305 = FACE_BOUND('',#2306,.T.);
#2306 = EDGE_LOOP('',(#2307));
#2307 = ORIENTED_EDGE('',*,*,#2273,.F.);
#2308 = ( GEOMETRIC_REPRESENTATION_CONTEXT(3) 
GLOBAL_UNCERTAINTY_ASSIGNED_CONTEXT((#2312)) 
GLOBAL_UNIT_ASSIGNED_CONTEXT((#2309,#2310,#2311)) REPRESENTATION_CONTEXT
('Context #1','3D Context with UNIT and UNCERTAINTY') );
#2309 = ( LENGTH_UNIT() NAMED_UNIT(*) SI_UNIT(.MILLI.,.METRE.) );
#2310 = ( NAMED_UNIT(*) PLANE_ANGLE_UNIT() SI_UNIT($,.RADIAN.) );
#2311 = ( NAMED_UNIT(*) SI_UNIT($,.STERADIAN.) SOLID_ANGLE_UNIT() );
#2312 = UNCERTAINTY_MEASURE_WITH_UNIT(LENGTH_MEASURE(1.E-07),#2309,
  'distance_accuracy_value','confusion accuracy');
#2313 = CONTEXT_DEPENDENT_SHAPE_REPRESENTATION(#2314,#2316);
#2314 = ( REPRESENTATION_RELATIONSHIP('','',#2209,#10) 
REPRESENTATION_RELATIONSHIP_WITH_TRANSFORMATION(#2315) 
SHAPE_REPRESENTATION_RELATIONSHIP() );
#2315 = ITEM_DEFINED_TRANSFORMATION('','',#11,#43);
#2316 = PRODUCT_DEFINITION_SHAPE('Placement','Placement of an item',
  #2317);
#2317 = NEXT_ASSEMBLY_USAGE_OCCURRENCE('73','part7','',#5,#2204,$);
#2318 = PRODUCT_RELATED_PRODUCT_CATEGORY('part',$,(#2206));
#2319 = SHAPE_DEFINITION_REPRESENTATION(#2320,#2326);
#2320 = PRODUCT_DEFINITION_SHAPE('','',#2321);
#2321 = PRODUCT_DEFINITION('design','',#2322,#2325);
#2322 = PRODUCT_DEFINITION_FORMATION('','',#2323);
#2323 = PRODUCT('part8','part8','',(#2324));
#2324 = PRODUCT_CONTEXT('',#2,'mechanical');
#2325 = PRODUCT_DEFINITION_CONTEXT('part definition',#2,'design');
#2326 = ADVANCED_BREP_SHAPE_REPRESENTATION('',(#11,#2327),#2425);
#2327 = MANIFOLD_SOLID_BREP('',#2328);
#2328 = CLOSED_SHELL('',(#2329,#2417,#2421));
#2329 = ADVANCED_FACE('',(#2330),#2343,.T.);
#2330 = FACE_BOUND('',#2331,.T.);
#2331 = EDGE_LOOP('',(#2332,#2366,#2389,#2416));
#2332 = ORIENTED_EDGE('',*,*,#2333,.F.);
#2333 = EDGE_CURVE('',#2334,#2334,#2336,.T.);
#2334 = VERTEX_POINT('',#2335);
#2335 = CARTESIAN_POINT('',(-2.45E+03,8.E+03,2.7E+03));
#2336 = SURFACE_CURVE('',#2337,(#2342,#2354),.PCURVE_S1.);
#2337 = CIRCLE('',#2338,50.);
#2338 = AXIS2_PLACEMENT_3D('',#2339,#2340,#2341);
#2339 = CARTESIAN_POINT('',(-2.5E+03,8.E+03,2.7E+03));
#2340 = DIRECTION('',(0.,0.,1.));
#2341 = DIRECTION('',(1.,0.,-0.));
#2342 = PCURVE('',#2343,#2348);
#2343 = CYLINDRICAL_SURFACE('',#2344,50.);
#2344 = AXIS2_PLACEMENT_3D('',#2345,#2346,#2347);
#2345 = CARTESIAN_POINT('',(-2.5E+03,8.E+03,900.));
#2346 = DIRECTION('',(0.,0.,1.));
#2347 = DIRECTION('',(1.,0.,-0.));
#2348 = DEFINITIONAL_REPRESENTATION('',(#2349),#2353);
#2349 = LINE('',#2350,#2351);
#2350 = CARTESIAN_POINT('',(0.,1.8E+03));
#2351 = VECTOR('',#2352,1.);
#2352 = DIRECTION('',(1.,0.));
#2353 = ( GEOMETRIC_REPRESENTATION_CONTEXT(2) 
PARAMETRIC_REPRESENTATION_CONTEXT() REPRESENTATION_CONTEXT('2D SPACE',''
  ) );
#2354 = PCURVE('',#2355,#2360);
#2355 = PLANE('',#2356);
#2356 = AXIS2_PLACEMENT_3D('',#2357,#2358,#2359);
#2357 = CARTESIAN_POINT('',(-2.5E+03,8.E+03,2.7E+03));
#2358 = DIRECTION('',(0.,0.,1.));
#2359 = DIRECTION('',(1.,0.,-0.));
#2360 = DEFINITIONAL_REPRESENTATION('',(#2361),#2365);
#2361 = CIRCLE('',#2362,50.);
#2362 = AXIS2_PLACEMENT_2D('',#2363,#2364);
#2363 = CARTESIAN_POINT('',(0.,0.));
#2364 = DIRECTION('',(1.,0.));
#2365 = ( GEOMETRIC_REPRESENTATION_CONTEXT(2) 
PARAMETRIC_REPRESENTATION_CONTEXT() REPRESENTATION_CONTEXT('2D SPACE',''
  ) );
#2366 = ORIENTED_EDGE('',*,*,#2367,.F.);
#2367 = EDGE_CURVE('',#2368,#2334,#2370,.T.);
#2368 = VERTEX_POINT('',#2369);
#2369 = CARTESIAN_POINT('',(-2.45E+03,8.E+03,900.));
#2370 = SEAM_CURVE('',#2371,(#2375,#2382),.PCURVE_S1.);
#2371 = LINE('',#2372,#2373);
#2372 = CARTESIAN_POINT('',(-2.45E+03,8.E+03,900.));
#2373 = VECTOR('',#2374,1.);
#2374 = DIRECTION('',(0.,0.,1.));
#2375 = PCURVE('',#2343,#2376);
#2376 = DEFINITIONAL_REPRESENTATION('',(#2377),#2381);
#2377 = LINE('',#2378,#2379);
#2378 = CARTESIAN_POINT('',(6.28318530718,-0.));
#2379 = VECTOR('',#2380,1.);
#2380 = DIRECTION('',(0.,1.));
#2381 = ( GEOMETRIC_REPRESENTATION_CONTEXT(2) 
PARAMETRIC_REPRESENTATION_CONTEXT() REPRESENTATION_CONTEXT('2D SPACE',''
  ) );
#2382 = PCURVE('',#2343,#2383);
#2383 = DEFINITIONAL_REPRESENTATION('',(#2384),#2388);
#2384 = LINE('',#2385,#2386);
#2385 = CARTESIAN_POINT('',(0.,-0.));
#2386 = VECTOR('',#2387,1.);
#2387 = DIRECTION('',(0.,1.));
#2388 = ( GEOMETRIC_REPRESENTATION_CONTEXT(2) 
PARAMETRIC_REPRESENTATION_CONTEXT() REPRESENTATION_CONTEXT('2D SPACE',''
  ) );
#2389 = ORIENTED_EDGE('',*,*,#2390,.T.);
#2390 = EDGE_CURVE('',#2368,#2368,#2391,.T.);
#2391 = SURFACE_CURVE('',#2392,(#2397,#2404),.PCURVE_S1.);
#2392 = CIRCLE('',#2393,50.);
#2393 = AXIS2_PLACEMENT_3D('',#2394,#2395,#2396);
#2394 = CARTESIAN_POINT('',(-2.5E+03,8.E+03,900.));
#2395 = DIRECTION('',(0.,0.,1.));
#2396 = DIRECTION('',(1.,0.,-0.));
#2397 = PCURVE('',#2343,#2398);
#2398 = DEFINITIONAL_REPRESENTATION('',(#2399),#2403);
#2399 = LINE('',#2400,#2401);
#2400 = CARTESIAN_POINT('',(0.,0.));
#2401 = VECTOR('',#2402,1.);
#2402 = DIRECTION('',(1.,0.));
#2403 = ( GEOMETRIC_REPRESENTATION_CONTEXT(2) 
PARAMETRIC_REPRESENTATION_CONTEXT() REPRESENTATION_CONTEXT('2D SPACE',''
  ) );
#2404 = PCURVE('',#2405,#2410);
#2405 = PLANE('',#2406);
#2406 = AXIS2_PLACEMENT_3D('',#2407,#2408,#2409);
#2407 = CARTESIAN_POINT('',(-2.5E+03,8.E+03,900.));
#2408 = DIRECTION('',(0.,0.,1.));
#2409 = DIRECTION('',(1.,0.,-0.));
#2410 = DEFINITIONAL_REPRESENTATION('',(#2411),#2415);
#2411 = CIRCLE('',#2412,50.);
#2412 = AXIS2_PLACEMENT_2D('',#2413,#2414);
#2413 = CARTESIAN_POINT('',(0.,0.));
#2414 = DIRECTION('',(1.,0.));
#2415 = ( GEOMETRIC_REPRESENTATION_CONTEXT(2) 
PARAMETRIC_REPRESENTATION_CONTEXT() REPRESENTATION_CONTEXT('2D SPACE',''
  ) );
#2416 = ORIENTED_EDGE('',*,*,#2367,.T.);
#2417 = ADVANCED_FACE('',(#2418),#2355,.T.);
#2418 = FACE_BOUND('',#2419,.T.);
#2419 = EDGE_LOOP('',(#2420));
#2420 = ORIENTED_EDGE('',*,*,#2333,.T.);
#2421 = ADVANCED_FACE('',(#2422),#2405,.F.);
#2422 = FACE_BOUND('',#2423,.T.);
#2423 = EDGE_LOOP('',(#2424));
#2424 = ORIENTED_EDGE('',*,*,#2390,.F.);
#2425 = ( GEOMETRIC_REPRESENTATION_CONTEXT(3) 
GLOBAL_UNCERTAINTY_ASSIGNED_CONTEXT((#2429)) 
GLOBAL_UNIT_ASSIGNED_CONTEXT((#2426,#2427,#2428)) REPRESENTATION_CONTEXT
('Context #1','3D Context with UNIT and UNCERTAINTY') );
#2426 = ( LENGTH_UNIT() NAMED_UNIT(*) SI_UNIT(.MILLI.,.METRE.) );
#2427 = ( NAMED_UNIT(*) PLANE_ANGLE_UNIT() SI_UNIT($,.RADIAN.) );
#2428 = ( NAMED_UNIT(*) SI_UNIT($,.STERADIAN.) SOLID_ANGLE_UNIT() );
#2429 = UNCERTAINTY_MEASURE_WITH_UNIT(LENGTH_MEASURE(1.E-07),#2426,
  'distance_accuracy_value','confusion accuracy');
#2430 = CONTEXT_DEPENDENT_SHAPE_REPRESENTATION(#2431,#2433);
#2431 = ( REPRESENTATION_RELATIONSHIP('','',#2326,#10) 
REPRESENTATION_RELATIONSHIP_WITH_TRANSFORMATION(#2432) 
SHAPE_REPRESENTATION_RELATIONSHIP() );
#2432 = ITEM_DEFINED_TRANSFORMATION('','',#11,#47);
#2433 = PRODUCT_DEFINITION_SHAPE('Placement','Placement of an item',
  #2434);
#2434 = NEXT_ASSEMBLY_USAGE_OCCURRENCE('74','part8','',#5,#2321,$);
#2435 = PRODUCT_RELATED_PRODUCT_CATEGORY('part',$,(#2323));
#2436 = SHAPE_DEFINITION_REPRESENTATION(#2437,#2443);
#2437 = PRODUCT_DEFINITION_SHAPE('','',#2438);
#2438 = PRODUCT_DEFINITION('design','',#2439,#2442);
#2439 = PRODUCT_DEFINITION_FORMATION('','',#2440);
#2440 = PRODUCT('part9','part9','',(#2441));
#2441 = PRODUCT_CONTEXT('',#2,'mechanical');
#2442 = PRODUCT_DEFINITION_CONTEXT('part definition',#2,'design');
#2443 = ADVANCED_BREP_SHAPE_REPRESENTATION('',(#11,#2444),#2774);
#2444 = MANIFOLD_SOLID_BREP('',#2445);
#2445 = CLOSED_SHELL('',(#2446,#2566,#2666,#2713,#2760,#2767));
#2446 = ADVANCED_FACE('',(#2447),#2461,.F.);
#2447 = FACE_BOUND('',#2448,.F.);
#2448 = EDGE_LOOP('',(#2449,#2484,#2512,#2540));
#2449 = ORIENTED_EDGE('',*,*,#2450,.F.);
#2450 = EDGE_CURVE('',#2451,#2453,#2455,.T.);
#2451 = VERTEX_POINT('',#2452);
#2452 = CARTESIAN_POINT('',(1.7E+03,7.8E+03,50.));
#2453 = VERTEX_POINT('',#2454);
#2454 = CARTESIAN_POINT('',(1.7E+03,7.8E+03,750.));
#2455 = SURFACE_CURVE('',#2456,(#2460,#2472),.PCURVE_S1.);
#2456 = LINE('',#2457,#2458);
#2457 = CARTESIAN_POINT('',(1.7E+03,7.8E+03,50.));
#2458 = VECTOR('',#2459,1.);
#2459 = DIRECTION('',(0.,0.,1.));
#2460 = PCURVE('',#2461,#2466);
#2461 = PLANE('',#2462);
#2462 = AXIS2_PLACEMENT_3D('',#2463,#2464,#2465);
#2463 = CARTESIAN_POINT('',(1.7E+03,7.8E+03,50.));
#2464 = DIRECTION('',(1.,0.,0.));
#2465 = DIRECTION('',(0.,0.,1.));
#2466 = DEFINITIONAL_REPRESENTATION('',(#2467),#2471);
#2467 = LINE('',#2468,#2469);
#2468 = CARTESIAN_POINT('',(0.,0.));
#2469 = VECTOR('',#2470,1.);
#2470 = DIRECTION('',(1.,0.));
#2471 = ( GEOMETRIC_REPRESENTATION_CONTEXT(2) 
PARAMETRIC_REPRESENTATION_CONTEXT() REPRESENTATION_CONTEXT('2D SPACE',''
  ) );
#2472 = PCURVE('',#2473,#2478);
#2473 = PLANE('',#2474);
#2474 = AXIS2_PLACEMENT_3D('',#2475,#2476,#2477);
#2475 = CARTESIAN_POINT('',(1.7E+03,7.8E+03,50.));
#2476 = DIRECTION('',(0.,1.,0.));
#2477 = DIRECTION('',(0.,0.,1.));
#2478 = DEFINITIONAL_REPRESENTATION('',(#2479),#2483);
#2479 = LINE('',#2480,#2481);
#2480 = CARTESIAN_POINT('',(0.,0.));
#2481 = VECTOR('',#2482,1.);
#2482 = DIRECTION('',(1.,0.));
#2483 = ( GEOMETRIC_REPRESENTATION_CONTEXT(2) 
PARAMETRIC_REPRESENTATION_CONTEXT() REPRESENTATION_CONTEXT('2D SPACE',''
  ) );
#2484 = ORIENTED_EDGE('',*,*,#2485,.T.);
#2485 = EDGE_CURVE('',#2451,#2486,#2488,.T.);
#2486 = VERTEX_POINT('',#2487);
#2487 = CARTESIAN_POINT('',(1.7E+03,8.2E+03,50.));
#2488 = SURFACE_CURVE('',#2489,(#2493,#2500),.PCURVE_S1.);
#2489 = LINE('',#2490,#2491);
#2490 = CARTESIAN_POINT('',(1.7E+03,7.8E+03,50.));
#2491 = VECTOR('',#2492,1.);
#2492 = DIRECTION('',(0.,1.,0.));
#2493 = PCURVE('',#2461,#2494);
#2494 = DEFINITIONAL_REPRESENTATION('',(#2495),#2499);
#2495 = LINE('',#2496,#2497);
#2496 = CARTESIAN_POINT('',(0.,0.));
#2497 = VECTOR('',#2498,1.);
#2498 = DIRECTION('',(0.,-1.));
#2499 = ( GEOMETRIC_REPRESENTATION_CONTEXT(2) 
PARAMETRIC_REPRESENTATION_CONTEXT() REPRESENTATION_CONTEXT('2D SPACE',''
  ) );
#2500 = PCURVE('',#2501,#2506);
#2501 = PLANE('',#2502);
#2502 = AXIS2_PLACEMENT_3D('',#2503,#2504,#2505);
#2503 = CARTESIAN_POINT('',(1.7E+03,7.8E+03,50.));
#2504 = DIRECTION('',(0.,0.,1.));
#2505 = DIRECTION('',(1.,0.,0.));
#2506 = DEFINITIONAL_REPRESENTATION('',(#2507),#2511);
#2507 = LINE('',#2508,#2509);
#2508 = CARTESIAN_POINT('',(0.,0.));
#2509 = VECTOR('',#2510,1.);
#2510 = DIRECTION('',(0.,1.));
#2511 = ( GEOMETRIC_REPRESENTATION_CONTEXT(2) 
PARAMETRIC_REPRESENTATION_CONTEXT() REPRESENTATION_CONTEXT('2D SPACE',''
  ) );
#2512 = ORIENTED_EDGE('',*,*,#2513,.T.);
#2513 = EDGE_CURVE('',#2486,#2514,#2516,.T.);
#2514 = VERTEX_POINT('',#2515);
#2515 = CARTESIAN_POINT('',(1.7E+03,8.2E+03,750.));
#2516 = SURFACE_CURVE('',#2517,(#2521,#2528),.PCURVE_S1.);
#2517 = LINE('',#2518,#2519);
#2518 = CARTESIAN_POINT('',(1.7E+03,8.2E+03,50.));
#2519 = VECTOR('',#2520,1.);
#2520 = DIRECTION('',(0.,0.,1.));
#2521 = PCURVE('',#2461,#2522);
#2522 = DEFINITIONAL_REPRESENTATION('',(#2523),#2527);
#2523 = LINE('',#2524,#2525);
#2524 = CARTESIAN_POINT('',(0.,-400.));
#2525 = VECTOR('',#2526,1.);
#2526 = DIRECTION('',(1.,0.));
#2527 = ( GEOMETRIC_REPRESENTATION_CONTEXT(2) 
PARAMETRIC_REPRESENTATION_CONTEXT() REPRESENTATION_CONTEXT('2D SPACE',''
  ) );
#2528 = PCURVE('',#2529,#2534);
#2529 = PLANE('',#2530);
#2530 = AXIS2_PLACEMENT_3D('',#2531,#2532,#2533);
#2531 = CARTESIAN_POINT('',(1.7E+03,8.2E+03,50.));
#2532 = DIRECTION('',(0.,1.,0.));
#2533 = DIRECTION('',(0.,0.,1.));
#2534 = DEFINITIONAL_REPRESENTATION('',(#2535),#2539);
#2535 = LINE('',#2536,#2537);
#2536 = CARTESIAN_POINT('',(0.,0.));
#2537 = VECTOR('',#2538,1.);
#2538 = DIRECTION('',(1.,0.));
#2539 = ( GEOMETRIC_REPRESENTATION_CONTEXT(2) 
PARAMETRIC_REPRESENTATION_CONTEXT() REPRESENTATION_CONTEXT('2D SPACE',''
  ) );
#2540 = ORIENTED_EDGE('',*,*,#2541,.F.);
#2541 = EDGE_CURVE('',#2453,#2514,#2542,.T.);
#2542 = SURFACE_CURVE('',#2543,(#2547,#2554),.PCURVE_S1.);
#2543 = LINE('',#2544,#2545);
#2544 = CARTESIAN_POINT('',(1.7E+03,7.8E+03,750.));
#2545 = VECTOR('',#2546,1.);
#2546 = DIRECTION('',(0.,1.,0.));
#2547 = PCURVE('',#2461,#2548);
#2548 = DEFINITIONAL_REPRESENTATION('',(#2549),#2553);
#2549 = LINE('',#2550,#2551);
#2550 = CARTESIAN_POINT('',(700.,0.));
#2551 = VECTOR('',#2552,1.);
#2552 = DIRECTION('',(0.,-1.));
#2553 = ( GEOMETRIC_REPRESENTATION_CONTEXT(2) 
PARAMETRIC_REPRESENTATION_CONTEXT() REPRESENTATION_CONTEXT('2D SPACE',''
  ) );
#2554 = PCURVE('',#2555,#2560);
#2555 = PLANE('',#2556);
#2556 = AXIS2_PLACEMENT_3D('',#2557,#2558,#2559);
#2557 = CARTESIAN_POINT('',(1.7E+03,7.8E+03,750.));
#2558 = DIRECTION('',(0.,0.,1.));
#2559 = DIRECTION('',(1.,0.,0.));
#2560 = DEFINITIONAL_REPRESENTATION('',(#2561),#2565);
#2561 = LINE('',#2562,#2563);
#2562 = CARTESIAN_POINT('',(0.,0.));
#2563 = VECTOR('',#2564,1.);
#2564 = DIRECTION('',(0.,1.));
#2565 = ( GEOMETRIC_REPRESENTATION_CONTEXT(2) 
PARAMETRIC_REPRESENTATION_CONTEXT() REPRESENTATION_CONTEXT('2D SPACE',''
  ) );
#2566 = ADVANCED_FACE('',(#2567),#2581,.T.);
#2567 = FACE_BOUND('',#2568,.T.);
#2568 = EDGE_LOOP('',(#2569,#2599,#2622,#2645));
#2569 = ORIENTED_EDGE('',*,*,#2570,.F.);
#2570 = EDGE_CURVE('',#2571,#2573,#2575,.T.);
#2571 = VERTEX_POINT('',#2572);
#2572 = CARTESIAN_POINT('',(3.3E+03,7.8E+03,50.));
#2573 = VERTEX_POINT('',#2574);
#2574 = CARTESIAN_POINT('',(3.3E+03,7.8E+03,750.));
#2575 = SURFACE_CURVE('',#2576,(#2580,#2592),.PCURVE_S1.);
#2576 = LINE('',#2577,#2578);
#2577 = CARTESIAN_POINT('',(3.3E+03,7.8E+03,50.));
#2578 = VECTOR('',#2579,1.);
#2579 = DIRECTION('',(0.,0.,1.));
#2580 = PCURVE('',#2581,#2586);
#2581 = PLANE('',#2582);
#2582 = AXIS2_PLACEMENT_3D('',#2583,#2584,#2585);
#2583 = CARTESIAN_POINT('',(3.3E+03,7.8E+03,50.));
#2584 = DIRECTION('',(1.,0.,0.));
#2585 = DIRECTION('',(0.,0.,1.));
#2586 = DEFINITIONAL_REPRESENTATION('',(#2587),#2591);
#2587 = LINE('',#2588,#2589);
#2588 = CARTESIAN_POINT('',(0.,0.));
#2589 = VECTOR('',#2590,1.);
#2590 = DIRECTION('',(1.,0.));
#2591 = ( GEOMETRIC_REPRESENTATION_CONTEXT(2) 
PARAMETRIC_REPRESENTATION_CONTEXT() REPRESENTATION_CONTEXT('2D SPACE',''
  ) );
#2592 = PCURVE('',#2473,#2593);
#2593 = DEFINITIONAL_REPRESENTATION('',(#2594),#2598);
#2594 = LINE('',#2595,#2596);
#2595 = CARTESIAN_POINT('',(0.,1.6E+03));
#2596 = VECTOR('',#2597,1.);
#2597 = DIRECTION('',(1.,0.));
#2598 = ( GEOMETRIC_REPRESENTATION_CONTEXT(2) 
PARAMETRIC_REPRESENTATION_CONTEXT() REPRESENTATION_CONTEXT('2D SPACE',''
  ) );
#2599 = ORIENTED_EDGE('',*,*,#2600,.T.);
#2600 = EDGE_CURVE('',#2571,#2601,#2603,.T.);
#2601 = VERTEX_POINT('',#2602);
#2602 = CARTESIAN_POINT('',(3.3E+03,8.2E+03,50.));
#2603 = SURFACE_CURVE('',#2604,(#2608,#2615),.PCURVE_S1.);
#2604 = LINE('',#2605,#2606);
#2605 = CARTESIAN_POINT('',(3.3E+03,7.8E+03,50.));
#2606 = VECTOR('',#2607,1.);
#2607 = DIRECTION('',(0.,1.,0.));
#2608 = PCURVE('',#2581,#2609);
#2609 = DEFINITIONAL_REPRESENTATION('',(#2610),#2614);
#2610 = LINE('',#2611,#2612);
#2611 = CARTESIAN_POINT('',(0.,0.));
#2612 = VECTOR('',#2613,1.);
#2613 = DIRECTION('',(0.,-1.));
#2614 = ( GEOMETRIC_REPRESENTATION_CONTEXT(2) 
PARAMETRIC_REPRESENTATION_CONTEXT() REPRESENTATION_CONTEXT('2D SPACE',''
  ) );
#2615 = PCURVE('',#2501,#2616);
#2616 = DEFINITIONAL_REPRESENTATION('',(#2617),#2621);
#2617 = LINE('',#2618,#2619);
#2618 = CARTESIAN_POINT('',(1.6E+03,0.));
#2619 = VECTOR('',#2620,1.);
#2620 = DIRECTION('',(0.,1.));
#2621 = ( GEOMETRIC_REPRESENTATION_CONTEXT(2) 
PARAMETRIC_REPRESENTATION_CONTEXT() REPRESENTATION_CONTEXT('2D SPACE',''
  ) );
#2622 = ORIENTED_EDGE('',*,*,#2623,.T.);
#2623 = EDGE_CURVE('',#2601,#2624,#2626,.T.);
#2624 = VERTEX_POINT('',#2625);
#2625 = CARTESIAN_POINT('',(3.3E+03,8.2E+03,750.));
#2626 = SURFACE_CURVE('',#2627,(#2631,#2638),.PCURVE_S1.);
#2627 = LINE('',#2628,#2629);
#2628 = CARTESIAN_POINT('',(3.3E+03,8.2E+03,50.));
#2629 = VECTOR('',#2630,1.);
#2630 = DIRECTION('',(0.,0.,1.));
#2631 = PCURVE('',#2581,#2632);
#2632 = DEFINITIONAL_REPRESENTATION('',(#2633),#2637);
#2633 = LINE('',#2634,#2635);
#2634 = CARTESIAN_POINT('',(0.,-400.));
#2635 = VECTOR('',#2636,1.);
#2636 = DIRECTION('',(1.,0.));
#2637 = ( GEOMETRIC_REPRESENTATION_CONTEXT(2) 
PARAMETRIC_REPRESENTATION_CONTEXT() REPRESENTATION_CONTEXT('2D SPACE',''
  ) );
#2638 = PCURVE('',#2529,#2639);
#2639 = DEFINITIONAL_REPRESENTATION('',(#2640),#2644);
#2640 = LINE('',#2641,#2642);
#2641 = CARTESIAN_POINT('',(0.,1.6E+03));
#2642 = VECTOR('',#2643,1.);
#2643 = DIRECTION('',(1.,0.));
#2644 = ( GEOMETRIC_REPRESENTATION_CONTEXT(2) 
PARAMETRIC_REPRESENTATION_CONTEXT() REPRESENTATION_CONTEXT('2D SPACE',''
  ) );
#2645 = ORIENTED_EDGE('',*,*,#2646,.F.);
#2646 = EDGE_CURVE('',#2573,#2624,#2647,.T.);
#2647 = SURFACE_CURVE('',#2648,(#2652,#2659),.PCURVE_S1.);
#2648 = LINE('',#2649,#2650);
#2649 = CARTESIAN_POINT('',(3.3E+03,7.8E+03,750.));
#2650 = VECTOR('',#2651,1.);
#2651 = DIRECTION('',(0.,1.,0.));
#2652 = PCURVE('',#2581,#2653);
#2653 = DEFINITIONAL_REPRESENTATION('',(#2654),#2658);
#2654 = LINE('',#2655,#2656);
#2655 = CARTESIAN_POINT('',(700.,0.));
#2656 = VECTOR('',#2657,1.);
#2657 = DIRECTION('',(0.,-1.));
#2658 = ( GEOMETRIC_REPRESENTATION_CONTEXT(2) 
PARAMETRIC_REPRESENTATION_CONTEXT() REPRESENTATION_CONTEXT('2D SPACE',''
  ) );
#2659 = PCURVE('',#2555,#2660);
#2660 = DEFINITIONAL_REPRESENTATION('',(#2661),#2665);
#2661 = LINE('',#2662,#2663);
#2662 = CARTESIAN_POINT('',(1.6E+03,0.));
#2663 = VECTOR('',#2664,1.);
#2664 = DIRECTION('',(0.,1.));
#2665 = ( GEOMETRIC_REPRESENTATION_CONTEXT(2) 
PARAMETRIC_REPRESENTATION_CONTEXT() REPRESENTATION_CONTEXT('2D SPACE',''
  ) );
#2666 = ADVANCED_FACE('',(#2667),#2473,.F.);
#2667 = FACE_BOUND('',#2668,.F.);
#2668 = EDGE_LOOP('',(#2669,#2690,#2691,#2712));
#2669 = ORIENTED_EDGE('',*,*,#2670,.F.);
#2670 = EDGE_CURVE('',#2451,#2571,#2671,.T.);
#2671 = SURFACE_CURVE('',#2672,(#2676,#2683),.PCURVE_S1.);
#2672 = LINE('',#2673,#2674);
#2673 = CARTESIAN_POINT('',(1.7E+03,7.8E+03,50.));
#2674 = VECTOR('',#2675,1.);
#2675 = DIRECTION('',(1.,0.,0.));
#2676 = PCURVE('',#2473,#2677);
#2677 = DEFINITIONAL_REPRESENTATION('',(#2678),#2682);
#2678 = LINE('',#2679,#2680);
#2679 = CARTESIAN_POINT('',(0.,0.));
#2680 = VECTOR('',#2681,1.);
#2681 = DIRECTION('',(0.,1.));
#2682 = ( GEOMETRIC_REPRESENTATION_CONTEXT(2) 
PARAMETRIC_REPRESENTATION_CONTEXT() REPRESENTATION_CONTEXT('2D SPACE',''
  ) );
#2683 = PCURVE('',#2501,#2684);
#2684 = DEFINITIONAL_REPRESENTATION('',(#2685),#2689);
#2685 = LINE('',#2686,#2687);
#2686 = CARTESIAN_POINT('',(0.,0.));
#2687 = VECTOR('',#2688,1.);
#2688 = DIRECTION('',(1.,0.));
#2689 = ( GEOMETRIC_REPRESENTATION_CONTEXT(2) 
PARAMETRIC_REPRESENTATION_CONTEXT() REPRESENTATION_CONTEXT('2D SPACE',''
  ) );
#2690 = ORIENTED_EDGE('',*,*,#2450,.T.);
#2691 = ORIENTED_EDGE('',*,*,#2692,.T.);
#2692 = EDGE_CURVE('',#2453,#2573,#2693,.T.);
#2693 = SURFACE_CURVE('',#2694,(#2698,#2705),.PCURVE_S1.);
#2694 = LINE('',#2695,#2696);
#2695 = CARTESIAN_POINT('',(1.7E+03,7.8E+03,750.));
#2696 = VECTOR('',#2697,1.);
#2697 = DIRECTION('',(1.,0.,0.));
#2698 = PCURVE('',#2473,#2699);
#2699 = DEFINITIONAL_REPRESENTATION('',(#2700),#2704);
#2700 = LINE('',#2701,#2702);
#2701 = CARTESIAN_POINT('',(700.,0.));
#2702 = VECTOR('',#2703,1.);
#2703 = DIRECTION('',(0.,1.));
#2704 = ( GEOMETRIC_REPRESENTATION_CONTEXT(2) 
PARAMETRIC_REPRESENTATION_CONTEXT() REPRESENTATION_CONTEXT('2D SPACE',''
  ) );
#2705 = PCURVE('',#2555,#2706);
#2706 = DEFINITIONAL_REPRESENTATION('',(#2707),#2711);
#2707 = LINE('',#2708,#2709);
#2708 = CARTESIAN_POINT('',(0.,0.));
#2709 = VECTOR('',#2710,1.);
#2710 = DIRECTION('',(1.,0.));
#2711 = ( GEOMETRIC_REPRESENTATION_CONTEXT(2) 
PARAMETRIC_REPRESENTATION_CONTEXT() REPRESENTATION_CONTEXT('2D SPACE',''
  ) );
#2712 = ORIENTED_EDGE('',*,*,#2570,.F.);
#2713 = ADVANCED_FACE('',(#2714),#2529,.T.);
#2714 = FACE_BOUND('',#2715,.T.);
#2715 = EDGE_LOOP('',(#2716,#2737,#2738,#2759));
#2716 = ORIENTED_EDGE('',*,*,#2717,.F.);
#2717 = EDGE_CURVE('',#2486,#2601,#2718,.T.);
#2718 = SURFACE_CURVE('',#2719,(#2723,#2730),.PCURVE_S1.);
#2719 = LINE('',#2720,#2721);
#2720 = CARTESIAN_POINT('',(1.7E+03,8.2E+03,50.));
#2721 = VECTOR('',#2722,1.);
#2722 = DIRECTION('',(1.,0.,0.));
#2723 = PCURVE('',#2529,#2724);
#2724 = DEFINITIONAL_REPRESENTATION('',(#2725),#2729);
#2725 = LINE('',#2726,#2727);
#2726 = CARTESIAN_POINT('',(0.,0.));
#2727 = VECTOR('',#2728,1.);
#2728 = DIRECTION('',(0.,1.));
#2729 = ( GEOMETRIC_REPRESENTATION_CONTEXT(2) 
PARAMETRIC_REPRESENTATION_CONTEXT() REPRESENTATION_CONTEXT('2D SPACE',''
  ) );
#2730 = PCURVE('',#2501,#2731);
#2731 = DEFINITIONAL_REPRESENTATION('',(#2732),#2736);
#2732 = LINE('',#2733,#2734);
#2733 = CARTESIAN_POINT('',(0.,400.));
#2734 = VECTOR('',#2735,1.);
#2735 = DIRECTION('',(1.,0.));
#2736 = ( GEOMETRIC_REPRESENTATION_CONTEXT(2) 
PARAMETRIC_REPRESENTATION_CONTEXT() REPRESENTATION_CONTEXT('2D SPACE',''
  ) );
#2737 = ORIENTED_EDGE('',*,*,#2513,.T.);
#2738 = ORIENTED_EDGE('',*,*,#2739,.T.);
#2739 = EDGE_CURVE('',#2514,#2624,#2740,.T.);
#2740 = SURFACE_CURVE('',#2741,(#2745,#2752),.PCURVE_S1.);
#2741 = LINE('',#2742,#2743);
#2742 = CARTESIAN_POINT('',(1.7E+03,8.2E+03,750.));
#2743 = VECTOR('',#2744,1.);
#2744 = DIRECTION('',(1.,0.,0.));
#2745 = PCURVE('',#2529,#2746);
#2746 = DEFINITIONAL_REPRESENTATION('',(#2747),#2751);
#2747 = LINE('',#2748,#2749);
#2748 = CARTESIAN_POINT('',(700.,0.));
#2749 = VECTOR('',#2750,1.);
#2750 = DIRECTION('',(0.,1.));
#2751 = ( GEOMETRIC_REPRESENTATION_CONTEXT(2) 
PARAMETRIC_REPRESENTATION_CONTEXT() REPRESENTATION_CONTEXT('2D SPACE',''
  ) );
#2752 = PCURVE('',#2555,#2753);
#2753 = DEFINITIONAL_REPRESENTATION('',(#2754),#2758);
#2754 = LINE('',#2755,#2756);
#2755 = CARTESIAN_POINT('',(0.,400.));
#2756 = VECTOR('',#2757,1.);
#2757 = DIRECTION('',(1.,0.));
#2758 = ( GEOMETRIC_REPRESENTATION_CONTEXT(2) 
PARAMETRIC_REPRESENTATION_CONTEXT() REPRESENTATION_CONTEXT('2D SPACE',''
  ) );
#2759 = ORIENTED_EDGE('',*,*,#2623,.F.);
#2760 = ADVANCED_FACE('',(#2761),#2501,.F.);
#2761 = FACE_BOUND('',#2762,.F.);
#2762 = EDGE_LOOP('',(#2763,#2764,#2765,#2766));
#2763 = ORIENTED_EDGE('',*,*,#2485,.F.);
#2764 = ORIENTED_EDGE('',*,*,#2670,.T.);
#2765 = ORIENTED_EDGE('',*,*,#2600,.T.);
#2766 = ORIENTED_EDGE('',*,*,#2717,.F.);
#2767 = ADVANCED_FACE('',(#2768),#2555,.T.);
#2768 = FACE_BOUND('',#2769,.T.);
#2769 = EDGE_LOOP('',(#2770,#2771,#2772,#2773));
#2770 = ORIENTED_EDGE('',*,*,#2541,.F.);
#2771 = ORIENTED_EDGE('',*,*,#2692,.T.);
#2772 = ORIENTED_EDGE('',*,*,#2646,.T.);
#2773 = ORIENTED_EDGE('',*,*,#2739,.F.);
#2774 = ( GEOMETRIC_REPRESENTATION_CONTEXT(3) 
GLOBAL_UNCERTAINTY_ASSIGNED_CONTEXT((#2778)) 
GLOBAL_UNIT_ASSIGNED_CONTEXT((#2775,#2776,#2777)) REPRESENTATION_CONTEXT
('Context #1','3D Context with UNIT and UNCERTAINTY') );
#2775 = ( LENGTH_UNIT() NAMED_UNIT(*) SI_UNIT(.MILLI.,.METRE.) );
#2776 = ( NAMED_UNIT(*) PLANE_ANGLE_UNIT() SI_UNIT($,.RADIAN.) );
#2777 = ( NAMED_UNIT(*) SI_UNIT($,.STERADIAN.) SOLID_ANGLE_UNIT() );
#2778 = UNCERTAINTY_MEASURE_WITH_UNIT(LENGTH_MEASURE(1.E-07),#2775,
  'distance_accuracy_value','confusion accuracy');
#2779 = CONTEXT_DEPENDENT_SHAPE_REPRESENTATION(#2780,#2782);
#2780 = ( REPRESENTATION_RELATIONSHIP('','',#2443,#10) 
REPRESENTATION_RELATIONSHIP_WITH_TRANSFORMATION(#2781) 
SHAPE_REPRESENTATION_RELATIONSHIP() );
#2781 = ITEM_DEFINED_TRANSFORMATION('','',#11,#51);
#2782 = PRODUCT_DEFINITION_SHAPE('Placement','Placement of an item',
  #2783);
#2783 = NEXT_ASSEMBLY_USAGE_OCCURRENCE('75','part9','',#5,#2438,$);
#2784 = PRODUCT_RELATED_PRODUCT_CATEGORY('part',$,(#2440));
#2785 = SHAPE_DEFINITION_REPRESENTATION(#2786,#2792);
#2786 = PRODUCT_DEFINITION_SHAPE('','',#2787);
#2787 = PRODUCT_DEFINITION('design','',#2788,#2791);
#2788 = PRODUCT_DEFINITION_FORMATION('','',#2789);
#2789 = PRODUCT('part10','part10','',(#2790));
#2790 = PRODUCT_CONTEXT('',#2,'mechanical');
#2791 = PRODUCT_DEFINITION_CONTEXT('part definition',#2,'design');
#2792 = ADVANCED_BREP_SHAPE_REPRESENTATION('',(#11,#2793),#2891);
#2793 = MANIFOLD_SOLID_BREP('',#2794);
#2794 = CLOSED_SHELL('',(#2795,#2883,#2887));
#2795 = ADVANCED_FACE('',(#2796),#2809,.T.);
#2796 = FACE_BOUND('',#2797,.T.);
#2797 = EDGE_LOOP('',(#2798,#2832,#2855,#2882));
#2798 = ORIENTED_EDGE('',*,*,#2799,.F.);
#2799 = EDGE_CURVE('',#2800,#2800,#2802,.T.);
#2800 = VERTEX_POINT('',#2801);
#2801 = CARTESIAN_POINT('',(2.58E+03,8.E+03,3.1E+03));
#2802 = SURFACE_CURVE('',#2803,(#2808,#2820),.PCURVE_S1.);
#2803 = CIRCLE('',#2804,80.);
#2804 = AXIS2_PLACEMENT_3D('',#2805,#2806,#2807);
#2805 = CARTESIAN_POINT('',(2.5E+03,8.E+03,3.1E+03));
#2806 = DIRECTION('',(0.,0.,1.));
#2807 = DIRECTION('',(1.,0.,-0.));
#2808 = PCURVE('',#2809,#2814);
#2809 = CONICAL_SURFACE('',#2810,1.4E+03,0.972377433316);
#2810 = AXIS2_PLACEMENT_3D('',#2811,#2812,#2813);
#2811 = CARTESIAN_POINT('',(2.5E+03,8.E+03,2.2E+03));
#2812 = DIRECTION('',(-0.,-0.,-1.));
#2813 = DIRECTION('',(1.,0.,-0.));
#2814 = DEFINITIONAL_REPRESENTATION('',(#2815),#2819);
#2815 = LINE('',#2816,#2817);
#2816 = CARTESIAN_POINT('',(-0.,-900.));
#2817 = VECTOR('',#2818,1.);
#2818 = DIRECTION('',(-1.,-0.));
#2819 = ( GEOMETRIC_REPRESENTATION_CONTEXT(2) 
PARAMETRIC_REPRESENTATION_CONTEXT() REPRESENTATION_CONTEXT('2D SPACE',''
  ) );
#2820 = PCURVE('',#2821,#2826);
#2821 = PLANE('',#2822);
#2822 = AXIS2_PLACEMENT_3D('',#2823,#2824,#2825);
#2823 = CARTESIAN_POINT('',(2.5E+03,8.E+03,3.1E+03));
#2824 = DIRECTION('',(0.,0.,1.));
#2825 = DIRECTION('',(1.,0.,-0.));
#2826 = DEFINITIONAL_REPRESENTATION('',(#2827),#2831);
#2827 = CIRCLE('',#2828,80.);
#2828 = AXIS2_PLACEMENT_2D('',#2829,#2830);
#2829 = CARTESIAN_POINT('',(0.,0.));
#2830 = DIRECTION('',(1.,0.));
#2831 = ( GEOMETRIC_REPRESENTATION_CONTEXT(2) 
PARAMETRIC_REPRESENTATION_CONTEXT() REPRESENTATION_CONTEXT('2D SPACE',''
  ) );
#2832 = ORIENTED_EDGE('',*,*,#2833,.F.);
#2833 = EDGE_CURVE('',#2834,#2800,#2836,.T.);
#2834 = VERTEX_POINT('',#2835);
#2835 = CARTESIAN_POINT('',(3.9E+03,8.E+03,2.2E+03));
#2836 = SEAM_CURVE('',#2837,(#2841,#2848),.PCURVE_S1.);
#2837 = LINE('',#2838,#2839);
#2838 = CARTESIAN_POINT('',(3.9E+03,8.E+03,2.2E+03));
#2839 = VECTOR('',#2840,1.);
#2840 = DIRECTION('',(-0.826227342808,2.023673341475E-16,0.563336824642)
  );
#2841 = PCURVE('',#2809,#2842);
#2842 = DEFINITIONAL_REPRESENTATION('',(#2843),#2847);
#2843 = LINE('',#2844,#2845);
#2844 = CARTESIAN_POINT('',(-6.28318530718,0.));
#2845 = VECTOR('',#2846,1.);
#2846 = DIRECTION('',(-0.,-1.));
#2847 = ( GEOMETRIC_REPRESENTATION_CONTEXT(2) 
PARAMETRIC_REPRESENTATION_CONTEXT() REPRESENTATION_CONTEXT('2D SPACE',''
  ) );
#2848 = PCURVE('',#2809,#2849);
#2849 = DEFINITIONAL_REPRESENTATION('',(#2850),#2854);
#2850 = LINE('',#2851,#2852);
#2851 = CARTESIAN_POINT('',(0.,-0.));
#2852 = VECTOR('',#2853,1.);
#2853 = DIRECTION('',(-0.,-1.));
#2854 = ( GEOMETRIC_REPRESENTATION_CONTEXT(2) 
PARAMETRIC_REPRESENTATION_CONTEXT() REPRESENTATION_CONTEXT('2D SPACE',''
  ) );
#2855 = ORIENTED_EDGE('',*,*,#2856,.T.);
#2856 = EDGE_CURVE('',#2834,#2834,#2857,.T.);
#2857 = SURFACE_CURVE('',#2858,(#2863,#2870),.PCURVE_S1.);
#2858 = CIRCLE('',#2859,1.4E+03);
#2859 = AXIS2_PLACEMENT_3D('',#2860,#2861,#2862);
#2860 = CARTESIAN_POINT('',(2.5E+03,8.E+03,2.2E+03));
#2861 = DIRECTION('',(0.,0.,1.));
#2862 = DIRECTION('',(1.,0.,-0.));
#2863 = PCURVE('',#2809,#2864);
#2864 = DEFINITIONAL_REPRESENTATION('',(#2865),#2869);
#2865 = LINE('',#2866,#2867);
#2866 = CARTESIAN_POINT('',(-0.,-0.));
#2867 = VECTOR('',#2868,1.);
#2868 = DIRECTION('',(-1.,-0.));
#2869 = ( GEOMETRIC_REPRESENTATION_CONTEXT(2) 
PARAMETRIC_REPRESENTATION_CONTEXT() REPRESENTATION_CONTEXT('2D SPACE',''
  ) );
#2870 = PCURVE('',#2871,#2876);
#2871 = PLANE('',#2872);
#2872 = AXIS2_PLACEMENT_3D('',#2873,#2874,#2875);
#2873 = CARTESIAN_POINT('',(2.5E+03,8.E+03,2.2E+03));
#2874 = DIRECTION('',(0.,0.,1.));
#2875 = DIRECTION('',(1.,0.,-0.));
#2876 = DEFINITIONAL_REPRESENTATION('',(#2877),#2881);
#2877 = CIRCLE('',#2878,1.4E+03);
#2878 = AXIS2_PLACEMENT_2D('',#2879,#2880);
#2879 = CARTESIAN_POINT('',(0.,0.));
#2880 = DIRECTION('',(1.,0.));
#2881 = ( GEOMETRIC_REPRESENTATION_CONTEXT(2) 
PARAMETRIC_REPRESENTATION_CONTEXT() REPRESENTATION_CONTEXT('2D SPACE',''
  ) );
#2882 = ORIENTED_EDGE('',*,*,#2833,.T.);
#2883 = ADVANCED_FACE('',(#2884),#2821,.T.);
#2884 = FACE_BOUND('',#2885,.T.);
#2885 = EDGE_LOOP('',(#2886));
#2886 = ORIENTED_EDGE('',*,*,#2799,.T.);
#2887 = ADVANCED_FACE('',(#2888),#2871,.F.);
#2888 = FACE_BOUND('',#2889,.T.);
#2889 = EDGE_LOOP('',(#2890));
#2890 = ORIENTED_EDGE('',*,*,#2856,.F.);
#2891 = ( GEOMETRIC_REPRESENTATION_CONTEXT(3) 
GLOBAL_UNCERTAINTY_ASSIGNED_CONTEXT((#2895)) 
GLOBAL_UNIT_ASSIGNED_CONTEXT((#2892,#2893,#2894)) REPRESENTATION_CONTEXT
('Context #1','3D Context with UNIT and UNCERTAINTY') );
#2892 = ( LENGTH_UNIT() NAMED_UNIT(*) SI_UNIT(.MILLI.,.METRE.) );
#2893 = ( NAMED_UNIT(*) PLANE_ANGLE_UNIT() SI_UNIT($,.RADIAN.) );
#2894 = ( NAMED_UNIT(*) SI_UNIT($,.STERADIAN.) SOLID_ANGLE_UNIT() );
#2895 = UNCERTAINTY_MEASURE_WITH_UNIT(LENGTH_MEASURE(1.E-07),#2892,
  'distance_accuracy_value','confusion accuracy');
#2896 = CONTEXT_DEPENDENT_SHAPE_REPRESENTATION(#2897,#2899);
#2897 = ( REPRESENTATION_RELATIONSHIP('','',#2792,#10) 
REPRESENTATION_RELATIONSHIP_WITH_TRANSFORMATION(#2898) 
SHAPE_REPRESENTATION_RELATIONSHIP() );
#2898 = ITEM_DEFINED_TRANSFORMATION('','',#11,#55);
#2899 = PRODUCT_DEFINITION_SHAPE('Placement','Placement of an item',
  #2900);
#2900 = NEXT_ASSEMBLY_USAGE_OCCURRENCE('76','part10','',#5,#2787,$);
#2901 = PRODUCT_RELATED_PRODUCT_CATEGORY('part',$,(#2789));
#2902 = SHAPE_DEFINITION_REPRESENTATION(#2903,#2909);
#2903 = PRODUCT_DEFINITION_SHAPE('','',#2904);
#2904 = PRODUCT_DEFINITION('design','',#2905,#2908);
#2905 = PRODUCT_DEFINITION_FORMATION('','',#2906);
#2906 = PRODUCT('part11','part11','',(#2907));
#2907 = PRODUCT_CONTEXT('',#2,'mechanical');
#2908 = PRODUCT_DEFINITION_CONTEXT('part definition',#2,'design');
#2909 = ADVANCED_BREP_SHAPE_REPRESENTATION('',(#11,#2910),#3008);
#2910 = MANIFOLD_SOLID_BREP('',#2911);
#2911 = CLOSED_SHELL('',(#2912,#3000,#3004));
#2912 = ADVANCED_FACE('',(#2913),#2926,.T.);
#2913 = FACE_BOUND('',#2914,.T.);
#2914 = EDGE_LOOP('',(#2915,#2949,#2972,#2999));
#2915 = ORIENTED_EDGE('',*,*,#2916,.F.);
#2916 = EDGE_CURVE('',#2917,#2917,#2919,.T.);
#2917 = VERTEX_POINT('',#2918);
#2918 = CARTESIAN_POINT('',(2.55E+03,8.E+03,2.7E+03));
#2919 = SURFACE_CURVE('',#2920,(#2925,#2937),.PCURVE_S1.);
#2920 = CIRCLE('',#2921,50.);
#2921 = AXIS2_PLACEMENT_3D('',#2922,#2923,#2924);
#2922 = CARTESIAN_POINT('',(2.5E+03,8.E+03,2.7E+03));
#2923 = DIRECTION('',(0.,0.,1.));
#2924 = DIRECTION('',(1.,0.,-0.));
#2925 = PCURVE('',#2926,#2931);
#2926 = CYLINDRICAL_SURFACE('',#2927,50.);
#2927 = AXIS2_PLACEMENT_3D('',#2928,#2929,#2930);
#2928 = CARTESIAN_POINT('',(2.5E+03,8.E+03,900.));
#2929 = DIRECTION('',(0.,0.,1.));
#2930 = DIRECTION('',(1.,0.,-0.));
#2931 = DEFINITIONAL_REPRESENTATION('',(#2932),#2936);
#2932 = LINE('',#2933,#2934);
#2933 = CARTESIAN_POINT('',(0.,1.8E+03));
#2934 = VECTOR('',#2935,1.);
#2935 = DIRECTION('',(1.,0.));
#2936 = ( GEOMETRIC_REPRESENTATION_CONTEXT(2) 
PARAMETRIC_REPRESENTATION_CONTEXT() REPRESENTATION_CONTEXT('2D SPACE',''
  ) );
#2937 = PCURVE('',#2938,#2943);
#2938 = PLANE('',#2939);
#2939 = AXIS2_PLACEMENT_3D('',#2940,#2941,#2942);
#2940 = CARTESIAN_POINT('',(2.5E+03,8.E+03,2.7E+03));
#2941 = DIRECTION('',(0.,0.,1.));
#2942 = DIRECTION('',(1.,0.,-0.));
#2943 = DEFINITIONAL_REPRESENTATION('',(#2944),#2948);
#2944 = CIRCLE('',#2945,50.);
#2945 = AXIS2_PLACEMENT_2D('',#2946,#2947);
#2946 = CARTESIAN_POINT('',(0.,0.));
#2947 = DIRECTION('',(1.,0.));
#2948 = ( GEOMETRIC_REPRESENTATION_CONTEXT(2) 
PARAMETRIC_REPRESENTATION_CONTEXT() REPRESENTATION_CONTEXT('2D SPACE',''
  ) );
#2949 = ORIENTED_EDGE('',*,*,#2950,.F.);
#2950 = EDGE_CURVE('',#2951,#2917,#2953,.T.);
#2951 = VERTEX_POINT('',#2952);
#2952 = CARTESIAN_POINT('',(2.55E+03,8.E+03,900.));
#2953 = SEAM_CURVE('',#2954,(#2958,#2965),.PCURVE_S1.);
#2954 = LINE('',#2955,#2956);
#2955 = CARTESIAN_POINT('',(2.55E+03,8.E+03,900.));
#2956 = VECTOR('',#2957,1.);
#2957 = DIRECTION('',(0.,0.,1.));
#2958 = PCURVE('',#2926,#2959);
#2959 = DEFINITIONAL_REPRESENTATION('',(#2960),#2964);
#2960 = LINE('',#2961,#2962);
#2961 = CARTESIAN_POINT('',(6.28318530718,-0.));
#2962 = VECTOR('',#2963,1.);
#2963 = DIRECTION('',(0.,1.));
#2964 = ( GEOMETRIC_REPRESENTATION_CONTEXT(2) 
PARAMETRIC_REPRESENTATION_CONTEXT() REPRESENTATION_CONTEXT('2D SPACE',''
  ) );
#2965 = PCURVE('',#2926,#2966);
#2966 = DEFINITIONAL_REPRESENTATION('',(#2967),#2971);
#2967 = LINE('',#2968,#2969);
#2968 = CARTESIAN_POINT('',(0.,-0.));
#2969 = VECTOR('',#2970,1.);
#2970 = DIRECTION('',(0.,1.));
#2971 = ( GEOMETRIC_REPRESENTATION_CONTEXT(2) 
PARAMETRIC_REPRESENTATION_CONTEXT() REPRESENTATION_CONTEXT('2D SPACE',''
  ) );
#2972 = ORIENTED_EDGE('',*,*,#2973,.T.);
#2973 = EDGE_CURVE('',#2951,#2951,#2974,.T.);
#2974 = SURFACE_CURVE('',#2975,(#2980,#2987),.PCURVE_S1.);
#2975 = CIRCLE('',#2976,50.);
#2976 = AXIS2_PLACEMENT_3D('',#2977,#2978,#2979);
#2977 = CARTESIAN_POINT('',(2.5E+03,8.E+03,900.));
#2978 = DIRECTION('',(0.,0.,1.));
#2979 = DIRECTION('',(1.,0.,-0.));
#2980 = PCURVE('',#2926,#2981);
#2981 = DEFINITIONAL_REPRESENTATION('',(#2982),#2986);
#2982 = LINE('',#2983,#2984);
#2983 = CARTESIAN_POINT('',(0.,0.));
#2984 = VECTOR('',#2985,1.);
#2985 = DIRECTION('',(1.,0.));
#2986 = ( GEOMETRIC_REPRESENTATION_CONTEXT(2) 
PARAMETRIC_REPRESENTATION_CONTEXT() REPRESENTATION_CONTEXT('2D SPACE',''
  ) );
#2987 = PCURVE('',#2988,#2993);
#2988 = PLANE('',#2989);
#2989 = AXIS2_PLACEMENT_3D('',#2990,#2991,#2992);
#2990 = CARTESIAN_POINT('',(2.5E+03,8.E+03,900.));
#2991 = DIRECTION('',(0.,0.,1.));
#2992 = DIRECTION('',(1.,0.,-0.));
#2993 = DEFINITIONAL_REPRESENTATION('',(#2994),#2998);
#2994 = CIRCLE('',#2995,50.);
#2995 = AXIS2_PLACEMENT_2D('',#2996,#2997);
#2996 = CARTESIAN_POINT('',(0.,0.));
#2997 = DIRECTION('',(1.,0.));
#2998 = ( GEOMETRIC_REPRESENTATION_CONTEXT(2) 
PARAMETRIC_REPRESENTATION_CONTEXT() REPRESENTATION_CONTEXT('2D SPACE',''
  ) );
#2999 = ORIENTED_EDGE('',*,*,#2950,.T.);
#3000 = ADVANCED_FACE('',(#3001),#2938,.T.);
#3001 = FACE_BOUND('',#3002,.T.);
#3002 = EDGE_LOOP('',(#3003));
#3003 = ORIENTED_EDGE('',*,*,#2916,.T.);
#3004 = ADVANCED_FACE('',(#3005),#2988,.F.);
#3005 = FACE_BOUND('',#3006,.T.);
#3006 = EDGE_LOOP('',(#3007));
#3007 = ORIENTED_EDGE('',*,*,#2973,.F.);
#3008 = ( GEOMETRIC_REPRESENTATION_CONTEXT(3) 
GLOBAL_UNCERTAINTY_ASSIGNED_CONTEXT((#3012)) 
GLOBAL_UNIT_ASSIGNED_CONTEXT((#3009,#3010,#3011)) REPRESENTATION_CONTEXT
('Context #1','3D Context with UNIT and UNCERTAINTY') );
#3009 = ( LENGTH_UNIT() NAMED_UNIT(*) SI_UNIT(.MILLI.,.METRE.) );
#3010 = ( NAMED_UNIT(*) PLANE_ANGLE_UNIT() SI_UNIT($,.RADIAN.) );
#3011 = ( NAMED_UNIT(*) SI_UNIT($,.STERADIAN.) SOLID_ANGLE_UNIT() );
#3012 = UNCERTAINTY_MEASURE_WITH_UNIT(LENGTH_MEASURE(1.E-07),#3009,
  'distance_accuracy_value','confusion accuracy');
#3013 = CONTEXT_DEPENDENT_SHAPE_REPRESENTATION(#3014,#3016);
#3014 = ( REPRESENTATION_RELATIONSHIP('','',#2909,#10) 
REPRESENTATION_RELATIONSHIP_WITH_TRANSFORMATION(#3015) 
SHAPE_REPRESENTATION_RELATIONSHIP() );
#3015 = ITEM_DEFINED_TRANSFORMATION('','',#11,#59);
#3016 = PRODUCT_DEFINITION_SHAPE('Placement','Placement of an item',
  #3017);
#3017 = NEXT_ASSEMBLY_USAGE_OCCURRENCE('77','part11','',#5,#2904,$);
#3018 = PRODUCT_RELATED_PRODUCT_CATEGORY('part',$,(#2906));
#3019 = MECHANICAL_DESIGN_GEOMETRIC_PRESENTATION_REPRESENTATION('',(
    #3020),#2774);
#3020 = STYLED_ITEM('color',(#3021),#2444);
#3021 = PRESENTATION_STYLE_ASSIGNMENT((#3022));
#3022 = SURFACE_STYLE_USAGE(.BOTH.,#3023);
#3023 = SURFACE_SIDE_STYLE('',(#3024));
#3024 = SURFACE_STYLE_FILL_AREA(#3025);
#3025 = FILL_AREA_STYLE('',(#3026));
#3026 = FILL_AREA_STYLE_COLOUR('',#3027);
#3027 = COLOUR_RGB('',0.545098039737,0.450980401079,0.333333332236);
#3028 = MECHANICAL_DESIGN_GEOMETRIC_PRESENTATION_REPRESENTATION('',(
    #3029),#3008);
#3029 = STYLED_ITEM('color',(#3030),#2910);
#3030 = PRESENTATION_STYLE_ASSIGNMENT((#3031));
#3031 = SURFACE_STYLE_USAGE(.BOTH.,#3032);
#3032 = SURFACE_SIDE_STYLE('',(#3033));
#3033 = SURFACE_STYLE_FILL_AREA(#3034);
#3034 = FILL_AREA_STYLE('',(#3035));
#3035 = FILL_AREA_STYLE_COLOUR('',#3036);
#3036 = COLOUR_RGB('',0.352941174961,0.372549021024,0.399999997426);
#3037 = MECHANICAL_DESIGN_GEOMETRIC_PRESENTATION_REPRESENTATION('',(
    #3038),#1842);
#3038 = STYLED_ITEM('color',(#3039),#1512);
#3039 = PRESENTATION_STYLE_ASSIGNMENT((#3040));
#3040 = SURFACE_STYLE_USAGE(.BOTH.,#3041);
#3041 = SURFACE_SIDE_STYLE('',(#3042));
#3042 = SURFACE_STYLE_FILL_AREA(#3043);
#3043 = FILL_AREA_STYLE('',(#3044));
#3044 = FILL_AREA_STYLE_COLOUR('',#3027);
#3045 = MECHANICAL_DESIGN_GEOMETRIC_PRESENTATION_REPRESENTATION('',(
    #3046),#407);
#3046 = STYLED_ITEM('color',(#3047),#77);
#3047 = PRESENTATION_STYLE_ASSIGNMENT((#3048));
#3048 = SURFACE_STYLE_USAGE(.BOTH.,#3049);
#3049 = SURFACE_SIDE_STYLE('',(#3050));
#3050 = SURFACE_STYLE_FILL_AREA(#3051);
#3051 = FILL_AREA_STYLE('',(#3052));
#3052 = FILL_AREA_STYLE_COLOUR('',#3053);
#3053 = COLOUR_RGB('',0.941176459967,0.917647049334,0.847058829703);
#3054 = MECHANICAL_DESIGN_GEOMETRIC_PRESENTATION_REPRESENTATION('',(
    #3055),#2308);
#3055 = STYLED_ITEM('color',(#3056),#2210);
#3056 = PRESENTATION_STYLE_ASSIGNMENT((#3057));
#3057 = SURFACE_STYLE_USAGE(.BOTH.,#3058);
#3058 = SURFACE_SIDE_STYLE('',(#3059));
#3059 = SURFACE_STYLE_FILL_AREA(#3060);
#3060 = FILL_AREA_STYLE('',(#3061));
#3061 = FILL_AREA_STYLE_COLOUR('',#3062);
#3062 = COLOUR_RGB('',0.960784305148,0.952941189437,0.929411760963);
#3063 = MECHANICAL_DESIGN_GEOMETRIC_PRESENTATION_REPRESENTATION('',(
    #3064),#1493);
#3064 = STYLED_ITEM('color',(#3065),#1395);
#3065 = PRESENTATION_STYLE_ASSIGNMENT((#3066));
#3066 = SURFACE_STYLE_USAGE(.BOTH.,#3067);
#3067 = SURFACE_SIDE_STYLE('',(#3068));
#3068 = SURFACE_STYLE_FILL_AREA(#3069);
#3069 = FILL_AREA_STYLE('',(#3070));
#3070 = FILL_AREA_STYLE_COLOUR('',#3071);
#3071 = COLOUR_RGB('',0.11764705971,0.227450982423,0.18039215679);
#3072 = MECHANICAL_DESIGN_GEOMETRIC_PRESENTATION_REPRESENTATION('',(
    #3073),#2425);
#3073 = STYLED_ITEM('color',(#3074),#2327);
#3074 = PRESENTATION_STYLE_ASSIGNMENT((#3075));
#3075 = SURFACE_STYLE_USAGE(.BOTH.,#3076);
#3076 = SURFACE_SIDE_STYLE('',(#3077));
#3077 = SURFACE_STYLE_FILL_AREA(#3078);
#3078 = FILL_AREA_STYLE('',(#3079));
#3079 = FILL_AREA_STYLE_COLOUR('',#3036);
#3080 = MECHANICAL_DESIGN_GEOMETRIC_PRESENTATION_REPRESENTATION('',(
    #3081),#2891);
#3081 = STYLED_ITEM('color',(#3082),#2793);
#3082 = PRESENTATION_STYLE_ASSIGNMENT((#3083));
#3083 = SURFACE_STYLE_USAGE(.BOTH.,#3084);
#3084 = SURFACE_SIDE_STYLE('',(#3085));
#3085 = SURFACE_STYLE_FILL_AREA(#3086);
#3086 = FILL_AREA_STYLE('',(#3087));
#3087 = FILL_AREA_STYLE_COLOUR('',#3062);
#3088 = MECHANICAL_DESIGN_GEOMETRIC_PRESENTATION_REPRESENTATION('',(
    #3089),#1376);
#3089 = STYLED_ITEM('color',(#3090),#1046);
#3090 = PRESENTATION_STYLE_ASSIGNMENT((#3091));
#3091 = SURFACE_STYLE_USAGE(.BOTH.,#3092);
#3092 = SURFACE_SIDE_STYLE('',(#3093));
#3093 = SURFACE_STYLE_FILL_AREA(#3094);
#3094 = FILL_AREA_STYLE('',(#3095));
#3095 = FILL_AREA_STYLE_COLOUR('',#3096);
#3096 = COLOUR_RGB('',0.545098039737,0.18039215679,0.125490196231);
#3097 = MECHANICAL_DESIGN_GEOMETRIC_PRESENTATION_REPRESENTATION('',(
    #3098),#678);
#3098 = STYLED_ITEM('color',(#3099),#426);
#3099 = PRESENTATION_STYLE_ASSIGNMENT((#3100));
#3100 = SURFACE_STYLE_USAGE(.BOTH.,#3101);
#3101 = SURFACE_SIDE_STYLE('',(#3102));
#3102 = SURFACE_STYLE_FILL_AREA(#3103);
#3103 = FILL_AREA_STYLE('',(#3104));
#3104 = FILL_AREA_STYLE_COLOUR('',#3105);
#3105 = COLOUR_RGB('',0.290196072577,0.305882355746,0.329411759782);
#3106 = MECHANICAL_DESIGN_GEOMETRIC_PRESENTATION_REPRESENTATION('',(
    #3107),#2191);
#3107 = STYLED_ITEM('color',(#3108),#1861);
#3108 = PRESENTATION_STYLE_ASSIGNMENT((#3109));
#3109 = SURFACE_STYLE_USAGE(.BOTH.,#3110);
#3110 = SURFACE_SIDE_STYLE('',(#3111));
#3111 = SURFACE_STYLE_FILL_AREA(#3112);
#3112 = FILL_AREA_STYLE('',(#3113));
#3113 = FILL_AREA_STYLE_COLOUR('',#3027);
#3114 = MECHANICAL_DESIGN_GEOMETRIC_PRESENTATION_REPRESENTATION('',(
    #3115),#1027);
#3115 = STYLED_ITEM('color',(#3116),#697);
#3116 = PRESENTATION_STYLE_ASSIGNMENT((#3117));
#3117 = SURFACE_STYLE_USAGE(.BOTH.,#3118);
#3118 = SURFACE_SIDE_STYLE('',(#3119));
#3119 = SURFACE_STYLE_FILL_AREA(#3120);
#3120 = FILL_AREA_STYLE('',(#3121));
#3121 = FILL_AREA_STYLE_COLOUR('',#3071);
ENDSEC;
END-ISO-10303-21;
