ISO-10303-21;
HEADER;
FILE_DESCRIPTION(('Open CASCADE Model'),'2;1');
FILE_NAME('Open CASCADE Shape Model','2026-09-14T11:06:48',('Author'),(
    'Open CASCADE'),'Open CASCADE STEP processor 7.9','Open CASCADE 7.9'
  ,'Unknown');
FILE_SCHEMA(('AUTOMOTIVE_DESIGN { 1 0 10303 214 1 1 1 1 }'));
ENDSEC;
DATA;
#1 = APPLICATION_PROTOCOL_DEFINITION('international standard',
  'automotive_design',2000,#2);
#2 = APPLICATION_CONTEXT(
  'core data for automotive mechanical design processes');
#3 = SHAPE_DEFINITION_REPRESENTATION(#4,#10);
#4 = PRODUCT_DEFINITION_SHAPE('','',#5);
#5 = PRODUCT_DEFINITION('design','',#6,#9);
#6 = PRODUCT_DEFINITION_FORMATION('','',#7);
#7 = PRODUCT('ffbace9c-b023-11f1-b0cc-3c9c0f4bdafb',
  'ffbace9c-b023-11f1-b0cc-3c9c0f4bdafb','',(#8));
#8 = PRODUCT_CONTEXT('',#2,'mechanical');
#9 = PRODUCT_DEFINITION_CONTEXT('part definition',#2,'design');
#10 = SHAPE_REPRESENTATION('',(#11,#15,#19),#23);
#11 = AXIS2_PLACEMENT_3D('',#12,#13,#14);
#12 = CARTESIAN_POINT('',(0.,0.,0.));
#13 = DIRECTION('',(0.,0.,1.));
#14 = DIRECTION('',(1.,0.,-0.));
#15 = AXIS2_PLACEMENT_3D('',#16,#17,#18);
#16 = CARTESIAN_POINT('',(0.,0.,0.));
#17 = DIRECTION('',(0.,0.,1.));
#18 = DIRECTION('',(1.,0.,-0.));
#19 = AXIS2_PLACEMENT_3D('',#20,#21,#22);
#20 = CARTESIAN_POINT('',(0.,0.,0.));
#21 = DIRECTION('',(0.,0.,1.));
#22 = DIRECTION('',(1.,0.,-0.));
#23 = ( GEOMETRIC_REPRESENTATION_CONTEXT(3) 
GLOBAL_UNCERTAINTY_ASSIGNED_CONTEXT((#27)) GLOBAL_UNIT_ASSIGNED_CONTEXT(
(#24,#25,#26)) REPRESENTATION_CONTEXT('Context #1',
  '3D Context with UNIT and UNCERTAINTY') );
#24 = ( LENGTH_UNIT() NAMED_UNIT(*) SI_UNIT(.MILLI.,.METRE.) );
#25 = ( NAMED_UNIT(*) PLANE_ANGLE_UNIT() SI_UNIT($,.RADIAN.) );
#26 = ( NAMED_UNIT(*) SI_UNIT($,.STERADIAN.) SOLID_ANGLE_UNIT() );
#27 = UNCERTAINTY_MEASURE_WITH_UNIT(LENGTH_MEASURE(2.E-07),#24,
  'distance_accuracy_value','confusion accuracy');
#28 = PRODUCT_RELATED_PRODUCT_CATEGORY('part',$,(#7));
#29 = SHAPE_DEFINITION_REPRESENTATION(#30,#36);
#30 = PRODUCT_DEFINITION_SHAPE('','',#31);
#31 = PRODUCT_DEFINITION('design','',#32,#35);
#32 = PRODUCT_DEFINITION_FORMATION('','',#33);
#33 = PRODUCT('part0','part0','',(#34));
#34 = PRODUCT_CONTEXT('',#2,'mechanical');
#35 = PRODUCT_DEFINITION_CONTEXT('part definition',#2,'design');
#36 = SHAPE_REPRESENTATION('',(#11,#37,#692,#735,#778,#821,#864,#907,
    #950,#993,#1036,#1079,#1122,#1165,#1208,#1251,#1294,#1337,#1380,
    #1423),#1466);
#37 = MANIFOLD_SOLID_BREP('',#38);
#38 = CLOSED_SHELL('',(#39,#684));
#39 = ADVANCED_FACE('',(#40,#44),#237,.T.);
#40 = FACE_BOUND('',#41,.T.);
#41 = VERTEX_LOOP('',#42);
#42 = VERTEX_POINT('',#43);
#43 = CARTESIAN_POINT('',(-551.9366415341,-442.7421381066,
    52.099637631375));
#44 = FACE_BOUND('',#45,.T.);
#45 = EDGE_LOOP('',(#46));
#46 = ORIENTED_EDGE('',*,*,#47,.F.);
#47 = EDGE_CURVE('',#48,#48,#50,.T.);
#48 = VERTEX_POINT('',#49);
#49 = CARTESIAN_POINT('',(-502.6348409959,-499.7855607559,15.36833665046
    ));
#50 = SURFACE_CURVE('',#51,(#236,#460),.PCURVE_S1.);
#51 = B_SPLINE_CURVE_WITH_KNOTS('',8,(#52,#53,#54,#55,#56,#57,#58,#59,
    #60,#61,#62,#63,#64,#65,#66,#67,#68,#69,#70,#71,#72,#73,#74,#75,#76,
    #77,#78,#79,#80,#81,#82,#83,#84,#85,#86,#87,#88,#89,#90,#91,#92,#93,
    #94,#95,#96,#97,#98,#99,#100,#101,#102,#103,#104,#105,#106,#107,#108
    ,#109,#110,#111,#112,#113,#114,#115,#116,#117,#118,#119,#120,#121,
    #122,#123,#124,#125,#126,#127,#128,#129,#130,#131,#132,#133,#134,
    #135,#136,#137,#138,#139,#140,#141,#142,#143,#144,#145,#146,#147,
    #148,#149,#150,#151,#152,#153,#154,#155,#156,#157,#158,#159,#160,
    #161,#162,#163,#164,#165,#166,#167,#168,#169,#170,#171,#172,#173,
    #174,#175,#176,#177,#178,#179,#180,#181,#182,#183,#184,#185,#186,
    #187,#188,#189,#190,#191,#192,#193,#194,#195,#196,#197,#198,#199,
    #200,#201,#202,#203,#204,#205,#206,#207,#208,#209,#210,#211,#212,
    #213,#214,#215,#216,#217,#218,#219,#220,#221,#222,#223,#224,#225,
    #226,#227,#228,#229,#230,#231,#232,#233,#234,#235),.UNSPECIFIED.,.T.
  ,.F.,(9,7,7,7,7,7,7,7,7,7,7,7,7,7,7,7,7,7,7,7,7,7,7,7,7,7,9),(0.,
    4.574816220096E-02,0.123217961263,0.185940974214,0.293324086014,
    0.362224760566,0.406044402337,0.417530920738,0.426416098386,
    0.435376076441,0.448459989488,0.470473177698,0.495166512183,
    0.52268056225,0.553409401906,0.614779925699,0.685523868395,
    0.804323136105,0.834196725885,0.863017069155,0.906606547348,
    0.91805626312,0.926926516226,0.93539488432,0.946404875289,
    0.962942838139,1.),.UNSPECIFIED.);
#52 = CARTESIAN_POINT('',(-502.6348409959,-499.7855607559,15.36833665046
    ));
#53 = CARTESIAN_POINT('',(-502.4760351273,-499.6801560316,
    15.242996863353));
#54 = CARTESIAN_POINT('',(-502.3124530861,-499.5715514097,
    15.126555864274));
#55 = CARTESIAN_POINT('',(-502.1450588491,-499.4603909173,
    15.017987125771));
#56 = CARTESIAN_POINT('',(-501.974577088,-499.3471585805,14.916571034651
    ));
#57 = CARTESIAN_POINT('',(-501.8015698676,-499.2322298896,
    14.821718223407));
#58 = CARTESIAN_POINT('',(-501.6264590105,-499.1158868106,
    14.732916172737));
#59 = CARTESIAN_POINT('',(-501.4495276142,-498.9983188036,
    14.649725405584));
#60 = CARTESIAN_POINT('',(-500.9685046751,-498.6786489656,
    14.439710975774));
#61 = CARTESIAN_POINT('',(-500.6616134291,-498.474660456,14.32276326532)
  );
#62 = CARTESIAN_POINT('',(-500.3513070091,-498.2683676651,14.21907280385
    ));
#63 = CARTESIAN_POINT('',(-500.0383657314,-498.0602927044,
    14.127473928437));
#64 = CARTESIAN_POINT('',(-499.7233911073,-497.8508380139,
    14.047082039965));
#65 = CARTESIAN_POINT('',(-499.4068283949,-497.6403016234,
    13.977186633558));
#66 = CARTESIAN_POINT('',(-499.0889655455,-497.4288764436,
    13.917254860046));
#67 = CARTESIAN_POINT('',(-498.5116604028,-497.0448427057,
    13.826083743241));
#68 = CARTESIAN_POINT('',(-498.2526974604,-496.8725609045,
    13.791567719887));
#69 = CARTESIAN_POINT('',(-497.9931979063,-496.699907687,13.76311234919)
  );
#70 = CARTESIAN_POINT('',(-497.7332882575,-496.5269676276,
    13.740562024081));
#71 = CARTESIAN_POINT('',(-497.4730854495,-496.3538188162,
    13.723806655685));
#72 = CARTESIAN_POINT('',(-497.2126973421,-496.1805332125,
    13.712774231968));
#73 = CARTESIAN_POINT('',(-496.952222904,-496.0071767741,13.707428578449
    ));
#74 = CARTESIAN_POINT('',(-496.2458205632,-495.5370007117,
    13.708360815304));
#75 = CARTESIAN_POINT('',(-495.8001093893,-495.2402995033,
    13.725624845258));
#76 = CARTESIAN_POINT('',(-495.3548966707,-494.9438908861,
    13.759546806522));
#77 = CARTESIAN_POINT('',(-494.9106337736,-494.6480744469,
    13.810482789468));
#78 = CARTESIAN_POINT('',(-494.4679360844,-494.3532582868,
    13.879067957509));
#79 = CARTESIAN_POINT('',(-494.0276072324,-494.059974813,13.966356716372
    ));
#80 = CARTESIAN_POINT('',(-493.5906351192,-493.7688781576,
    14.073796861639));
#81 = CARTESIAN_POINT('',(-492.8808925745,-493.2959782188,
    14.287621475738));
#82 = CARTESIAN_POINT('',(-492.6057409287,-493.1126218269,
    14.380483219579));
#83 = CARTESIAN_POINT('',(-492.3329294221,-492.9307994455,
    14.483363504968));
#84 = CARTESIAN_POINT('',(-492.0628861877,-492.750793886,14.59717622766)
  );
#85 = CARTESIAN_POINT('',(-491.7963560197,-492.5730984106,
    14.722969557542));
#86 = CARTESIAN_POINT('',(-491.5344940709,-492.3984785651,
    14.862151558062));
#87 = CARTESIAN_POINT('',(-491.2788185026,-492.2279409378,
    15.016373685948));
#88 = CARTESIAN_POINT('',(-490.8743984173,-491.9581004363,15.29820603327
    ));
#89 = CARTESIAN_POINT('',(-490.721045307,-491.8557561239,15.414763897717
    ));
#90 = CARTESIAN_POINT('',(-490.571778349,-491.7561128596,15.539252607599
    ));
#91 = CARTESIAN_POINT('',(-490.427408739,-491.6597083569,15.672611639866
    ));
#92 = CARTESIAN_POINT('',(-490.2893006816,-491.567448496,15.815742512101
    ));
#93 = CARTESIAN_POINT('',(-490.1594266783,-491.4806439966,
    15.969562004917));
#94 = CARTESIAN_POINT('',(-490.0403055748,-491.4009693603,
    16.134927047993));
#95 = CARTESIAN_POINT('',(-489.9077799614,-491.3122331461,
    16.359685391007));
#96 = CARTESIAN_POINT('',(-489.8812455895,-491.294460394,16.407205910008
    ));
#97 = CARTESIAN_POINT('',(-489.8557669728,-491.277388352,16.455572272376
    ));
#98 = CARTESIAN_POINT('',(-489.8314163249,-491.2610650866,
    16.504783773703));
#99 = CARTESIAN_POINT('',(-489.8082705978,-491.2455418341,16.55483267678
    ));
#100 = CARTESIAN_POINT('',(-489.786409931,-491.2308719719,
    16.605703194652));
#101 = CARTESIAN_POINT('',(-489.7659161023,-491.2171099888,
    16.657370473683));
#102 = CARTESIAN_POINT('',(-489.7321389829,-491.1944096203,
    16.75035511113));
#103 = CARTESIAN_POINT('',(-489.7182739114,-491.1850847283,
    16.791366137193));
#104 = CARTESIAN_POINT('',(-489.7053139378,-491.1763612305,
    16.832814852957));
#105 = CARTESIAN_POINT('',(-489.6932970661,-491.1682644727,
    16.874679624628));
#106 = CARTESIAN_POINT('',(-489.6822602331,-491.1608191005,
    16.916934646249));
#107 = CARTESIAN_POINT('',(-489.6722384125,-491.1540484633,
    16.959549599488));
#108 = CARTESIAN_POINT('',(-489.6632637185,-491.1479740187,
    17.00248931342));
#109 = CARTESIAN_POINT('',(-489.6473988022,-491.137210338,
    17.089301420011));
#110 = CARTESIAN_POINT('',(-489.6405263272,-491.1325328979,
    17.133180836876));
#111 = CARTESIAN_POINT('',(-489.6347765902,-491.1286021565,
    17.177308453118));
#112 = CARTESIAN_POINT('',(-489.6301742031,-491.1254346025,
    17.221638758343));
#113 = CARTESIAN_POINT('',(-489.6267383593,-491.1230431231,
    17.266123803975));
#114 = CARTESIAN_POINT('',(-489.6244822774,-491.1214366356,
    17.310713116232));
#115 = CARTESIAN_POINT('',(-489.623412617,-491.1206196971,
    17.355353671669));
#116 = CARTESIAN_POINT('',(-489.6236986137,-491.1205517902,
    17.465170562745));
#117 = CARTESIAN_POINT('',(-489.626397182,-491.1221946319,17.53035428771
    ));
#118 = CARTESIAN_POINT('',(-489.6316246442,-491.1255210937,
    17.595361430049));
#119 = CARTESIAN_POINT('',(-489.639347049,-491.1305089631,
    17.660028225864));
#120 = CARTESIAN_POINT('',(-489.64950215,-491.1371171543,17.724208094479
    ));
#121 = CARTESIAN_POINT('',(-489.6620046755,-491.1452892237,
    17.787768212838));
#122 = CARTESIAN_POINT('',(-489.6767508508,-491.1549563778,
    17.850590505263));
#123 = CARTESIAN_POINT('',(-489.7220083975,-491.1846883211,
    18.016847742908));
#124 = CARTESIAN_POINT('',(-489.7564068099,-491.2073439517,
    18.118722871642));
#125 = CARTESIAN_POINT('',(-489.796279274,-491.2336496158,
    18.217807313411));
#126 = CARTESIAN_POINT('',(-489.8410333084,-491.2632115026,
    18.313872108108));
#127 = CARTESIAN_POINT('',(-489.8900837573,-491.2956403956,
    18.406807996611));
#128 = CARTESIAN_POINT('',(-489.9428969504,-491.3305811326,
    18.496596608243));
#129 = CARTESIAN_POINT('',(-489.9990176749,-491.3677306016,
    18.583292094602));
#130 = CARTESIAN_POINT('',(-490.1243310645,-491.450720102,
    18.760927525166));
#131 = CARTESIAN_POINT('',(-490.1942584894,-491.4970510734,
    18.851063077879));
#132 = CARTESIAN_POINT('',(-490.2673466205,-491.5454942445,
    18.93759818218));
#133 = CARTESIAN_POINT('',(-490.3431560728,-491.5957567631,
    19.020703929751));
#134 = CARTESIAN_POINT('',(-490.4213172147,-491.6475922051,
    19.100550921418));
#135 = CARTESIAN_POINT('',(-490.5015270279,-491.7007984756,
    19.177313074429));
#136 = CARTESIAN_POINT('',(-490.5835483012,-491.7552172707,
    19.25116850527));
#137 = CARTESIAN_POINT('',(-490.7604308159,-491.8725947223,
    19.40155152291));
#138 = CARTESIAN_POINT('',(-490.8556507882,-491.9357937696,
    19.477388919648));
#139 = CARTESIAN_POINT('',(-490.95260666,-492.0001557037,19.550041189179
    ));
#140 = CARTESIAN_POINT('',(-491.0510771735,-492.0655327999,
    19.619703096175));
#141 = CARTESIAN_POINT('',(-491.1508778763,-492.1318018874,
    19.686545212434));
#142 = CARTESIAN_POINT('',(-491.2518568805,-492.198861507,
    19.750722355709));
#143 = CARTESIAN_POINT('',(-491.3538927362,-492.266630486,19.81237791401
    ));
#144 = CARTESIAN_POINT('',(-491.5719309987,-492.4114593848,
    19.937834955996));
#145 = CARTESIAN_POINT('',(-491.6881542158,-492.4886676873,
    20.001035294688));
#146 = CARTESIAN_POINT('',(-491.8054242447,-492.5665793485,
    20.061424190743));
#147 = CARTESIAN_POINT('',(-491.923621868,-492.6451146622,
    20.119153112494));
#148 = CARTESIAN_POINT('',(-492.0426457828,-492.7242058929,
    20.174353673177));
#149 = CARTESIAN_POINT('',(-492.1624107215,-492.8037960116,
    20.227143099478));
#150 = CARTESIAN_POINT('',(-492.2828463867,-492.8838379798,
    20.277627372778));
#151 = CARTESIAN_POINT('',(-492.6456554986,-493.1249795886,
    20.422314463268));
#152 = CARTESIAN_POINT('',(-492.8898198188,-493.2872867897,
    20.509894941096));
#153 = CARTESIAN_POINT('',(-493.1359446966,-493.450917882,
    20.589411254514));
#154 = CARTESIAN_POINT('',(-493.3836731527,-493.6156339531,
    20.661420730351));
#155 = CARTESIAN_POINT('',(-493.6327164556,-493.7812417859,
    20.726365921503));
#156 = CARTESIAN_POINT('',(-493.8828466827,-493.9475888217,
    20.784610624173));
#157 = CARTESIAN_POINT('',(-494.1338947962,-494.114561859,20.83644904495
    ));
#158 = CARTESIAN_POINT('',(-494.6760657079,-494.475193816,
    20.934768499092));
#159 = CARTESIAN_POINT('',(-494.9673944965,-494.6689946337,
    20.979211481014));
#160 = CARTESIAN_POINT('',(-495.2595191641,-494.8633436202,
    21.015813418753));
#161 = CARTESIAN_POINT('',(-495.5522462626,-495.0581114119,
    21.044832314645));
#162 = CARTESIAN_POINT('',(-495.8454009121,-495.2531811869,
    21.066448235698));
#163 = CARTESIAN_POINT('',(-496.1388255185,-495.4484477744,
    21.080779427243));
#164 = CARTESIAN_POINT('',(-496.4323793448,-495.6438173577,
    21.087886932443));
#165 = CARTESIAN_POINT('',(-497.218909257,-496.1673240364,
    21.087567522011));
#166 = CARTESIAN_POINT('',(-497.7114978642,-496.4952341627,
    21.066987732895));
#167 = CARTESIAN_POINT('',(-498.203443328,-496.8227640216,
    21.026081851823));
#168 = CARTESIAN_POINT('',(-498.6941727001,-497.1495335532,
    20.964302147902));
#169 = CARTESIAN_POINT('',(-499.1828333927,-497.474977439,
    20.880732295725));
#170 = CARTESIAN_POINT('',(-499.6682225548,-497.7982989322,
    20.77373181893));
#171 = CARTESIAN_POINT('',(-500.1488280149,-498.1184965363,
    20.641179464414));
#172 = CARTESIAN_POINT('',(-500.7416780805,-498.5135696955,
    20.437726327689));
#173 = CARTESIAN_POINT('',(-500.8603472838,-498.5926552422,
    20.394954273621));
#174 = CARTESIAN_POINT('',(-500.978522048,-498.671416305,20.350222227748
    ));
#175 = CARTESIAN_POINT('',(-501.0961552648,-498.7498217045,
    20.303455637303));
#176 = CARTESIAN_POINT('',(-501.2131912607,-498.8278345792,
    20.254571803978));
#177 = CARTESIAN_POINT('',(-501.3295650617,-498.9054119026,
    20.203477484842));
#178 = CARTESIAN_POINT('',(-501.445201659,-498.9825039994,
    20.150066493275));
#179 = CARTESIAN_POINT('',(-501.6707809306,-499.1329052159,
    20.040337169078));
#180 = CARTESIAN_POINT('',(-501.7807711722,-499.2062455888,
    19.984191939809));
#181 = CARTESIAN_POINT('',(-501.889915214,-499.2790283303,
    19.925669675685));
#182 = CARTESIAN_POINT('',(-501.9981212794,-499.3511926444,
    19.864647320565));
#183 = CARTESIAN_POINT('',(-502.1052763833,-499.4226636463,
    19.800990057109));
#184 = CARTESIAN_POINT('',(-502.2112447697,-499.4933513321,
    19.734547532807));
#185 = CARTESIAN_POINT('',(-502.3158650056,-499.5631486598,
    19.665146953494));
#186 = CARTESIAN_POINT('',(-502.574850703,-499.7359555382,
    19.482833382257));
#187 = CARTESIAN_POINT('',(-502.726866765,-499.8374103253,
    19.366105493021));
#188 = CARTESIAN_POINT('',(-502.8747652764,-499.9361431243,
    19.241464476239));
#189 = CARTESIAN_POINT('',(-503.0177261966,-500.0316103258,
    19.107974617355));
#190 = CARTESIAN_POINT('',(-503.15437355,-500.1228981967,18.964742106044
    ));
#191 = CARTESIAN_POINT('',(-503.2827243753,-500.2086890161,
    18.810866911666));
#192 = CARTESIAN_POINT('',(-503.4002489496,-500.2873009871,
    18.645515680136));
#193 = CARTESIAN_POINT('',(-503.5307292832,-500.3746757017,
    18.420835193396));
#194 = CARTESIAN_POINT('',(-503.556874428,-500.3921895168,
    18.373260090508));
#195 = CARTESIAN_POINT('',(-503.5819549343,-500.4089966939,
    18.324845600438));
#196 = CARTESIAN_POINT('',(-503.6058984996,-500.4250491046,
    18.275593650462));
#197 = CARTESIAN_POINT('',(-503.6286282809,-500.4402955819,
    18.225513329882));
#198 = CARTESIAN_POINT('',(-503.6500644899,-500.4546829786,
    18.174621917018));
#199 = CARTESIAN_POINT('',(-503.6701259878,-500.4681572275,
    18.122945906207));
#200 = CARTESIAN_POINT('',(-503.7031461218,-500.4903538786,
    18.029908536837));
#201 = CARTESIAN_POINT('',(-503.716686678,-500.4994628967,
    17.988846454995));
#202 = CARTESIAN_POINT('',(-503.7293156502,-500.5079661853,
    17.947354520706));
#203 = CARTESIAN_POINT('',(-503.74099548,-500.5158386925,17.905455280235
    ));
#204 = CARTESIAN_POINT('',(-503.7516898418,-500.523056178,
    17.863175423894));
#205 = CARTESIAN_POINT('',(-503.7613645381,-500.5295958067,
    17.820546115258));
#206 = CARTESIAN_POINT('',(-503.769988393,-500.5354367439,
    17.777603320388));
#207 = CARTESIAN_POINT('',(-503.7847380245,-500.5454526004,
    17.69313090622));
#208 = CARTESIAN_POINT('',(-503.7909596149,-500.5496912399,
    17.651623645894));
#209 = CARTESIAN_POINT('',(-503.7961749168,-500.5532606054,
    17.609903389419));
#210 = CARTESIAN_POINT('',(-503.8003639293,-500.5561472932,
    17.568008949038));
#211 = CARTESIAN_POINT('',(-503.8035110412,-500.558340817,
    17.525981037747));
#212 = CARTESIAN_POINT('',(-503.8056054401,-500.5598338798,
    17.483862334611));
#213 = CARTESIAN_POINT('',(-503.8066415408,-500.5606226591,
    17.441697493506));
#214 = CARTESIAN_POINT('',(-503.8065906933,-500.560816898,
    17.344713838722));
#215 = CARTESIAN_POINT('',(-503.8047732172,-500.5597361405,
    17.289888916195));
#216 = CARTESIAN_POINT('',(-503.8011664552,-500.5574642201,
    17.235163184316));
#217 = CARTESIAN_POINT('',(-503.7957865247,-500.5540116338,
    17.180634641411));
#218 = CARTESIAN_POINT('',(-503.7886641396,-500.5493986109,
    17.126394137503));
#219 = CARTESIAN_POINT('',(-503.7798426732,-500.5436538224,
    17.072525828589));
#220 = CARTESIAN_POINT('',(-503.7693763745,-500.5368131922,
    17.019107705393));
#221 = CARTESIAN_POINT('',(-503.7392321906,-500.5170608023,
    16.886756871333));
#222 = CARTESIAN_POINT('',(-503.7175667865,-500.5028246381,
    16.808476048099));
#223 = CARTESIAN_POINT('',(-503.6925419185,-500.4863491761,
    16.73158758615));
#224 = CARTESIAN_POINT('',(-503.6643993096,-500.4677949351,
    16.656248511523));
#225 = CARTESIAN_POINT('',(-503.6333922332,-500.4473302406,
    16.582565436611));
#226 = CARTESIAN_POINT('',(-503.599769411,-500.4251204864,
    16.510603234157));
#227 = CARTESIAN_POINT('',(-503.5637636049,-500.4013205274,
    16.440391295792));
#228 = CARTESIAN_POINT('',(-503.4400366318,-500.3194909658,
    16.218517997353));
#229 = CARTESIAN_POINT('',(-503.343721761,-500.2557243516,
    16.074142302519));
#230 = CARTESIAN_POINT('',(-503.2388227807,-500.1862241837,
    15.938297132992));
#231 = CARTESIAN_POINT('',(-503.1271051067,-500.1121666482,
    15.810496107525));
#232 = CARTESIAN_POINT('',(-503.0099773743,-500.0344905769,
    15.690203659813));
#233 = CARTESIAN_POINT('',(-502.8884949854,-499.9538998174,
    15.576831677699));
#234 = CARTESIAN_POINT('',(-502.763343818,-499.8708523428,15.46975932782
    ));
#235 = CARTESIAN_POINT('',(-502.6348409959,-499.7855607559,
    15.36833665046));
#236 = PCURVE('',#237,#273);
#237 = ( BOUNDED_SURFACE() B_SPLINE_SURFACE(2,2,(
    (#238,#239,#240,#241,#242)
    ,(#243,#244,#245,#246,#247)
    ,(#248,#249,#250,#251,#252)
    ,(#253,#254,#255,#256,#257)
    ,(#258,#259,#260,#261,#262)
    ,(#263,#264,#265,#266,#267)
    ,(#268,#269,#270,#271,#272
)),.UNSPECIFIED.,.T.,.F.,.F.) B_SPLINE_SURFACE_WITH_KNOTS((1,2,2,2,2,1),
  (3,2,3),(-2.094395102393,0.,2.094395102393,4.188790204786,
    6.28318530718,8.377580409573),(-1.570796326795,0.,1.570796326795),
.UNSPECIFIED.) GEOMETRIC_REPRESENTATION_ITEM() RATIONAL_B_SPLINE_SURFACE
((
    (1.,0.707106781187,1.,0.707106781187,1.)
    ,(0.5,0.353553390593,0.5,0.353553390593,0.5)
    ,(1.,0.707106781187,1.,0.707106781187,1.)
    ,(0.5,0.353553390593,0.5,0.353553390593,0.5)
    ,(1.,0.707106781187,1.,0.707106781187,1.)
    ,(0.5,0.353553390593,0.5,0.353553390593,0.5)
,(1.,0.707106781187,1.,0.707106781187,1.
))) REPRESENTATION_ITEM('') SURFACE() );
#238 = CARTESIAN_POINT('',(-551.9366415341,-442.7421381066,
    -17.36654587712));
#239 = CARTESIAN_POINT('',(-465.1039121485,-442.7421381066,
    -17.36654587712));
#240 = CARTESIAN_POINT('',(-465.1039121485,-442.7421381066,
    17.366545877125));
#241 = CARTESIAN_POINT('',(-465.1039121485,-442.7421381066,
    52.099637631375));
#242 = CARTESIAN_POINT('',(-551.9366415341,-442.7421381066,
    52.099637631375));
#243 = CARTESIAN_POINT('',(-551.9366415341,-442.7421381066,
    -17.36654587712));
#244 = CARTESIAN_POINT('',(-465.1039121485,-322.423178862,
    -17.36654587712));
#245 = CARTESIAN_POINT('',(-465.1039121485,-322.423178862,
    17.366545877125));
#246 = CARTESIAN_POINT('',(-465.1039121485,-322.423178862,
    52.099637631375));
#247 = CARTESIAN_POINT('',(-551.9366415341,-442.7421381066,
    52.099637631375));
#248 = CARTESIAN_POINT('',(-551.9366415341,-442.7421381066,
    -17.36654587712));
#249 = CARTESIAN_POINT('',(-595.3530062269,-382.5826584843,
    -17.36654587712));
#250 = CARTESIAN_POINT('',(-595.3530062269,-382.5826584843,
    17.366545877125));
#251 = CARTESIAN_POINT('',(-595.3530062269,-382.5826584843,
    52.099637631375));
#252 = CARTESIAN_POINT('',(-551.9366415341,-442.7421381066,
    52.099637631375));
#253 = CARTESIAN_POINT('',(-551.9366415341,-442.7421381066,
    -17.36654587712));
#254 = CARTESIAN_POINT('',(-725.6021003054,-442.7421381066,
    -17.36654587712));
#255 = CARTESIAN_POINT('',(-725.6021003054,-442.7421381066,
    17.366545877125));
#256 = CARTESIAN_POINT('',(-725.6021003054,-442.7421381066,
    52.099637631375));
#257 = CARTESIAN_POINT('',(-551.9366415341,-442.7421381066,
    52.099637631375));
#258 = CARTESIAN_POINT('',(-551.9366415341,-442.7421381066,
    -17.36654587712));
#259 = CARTESIAN_POINT('',(-595.3530062269,-502.9016177289,
    -17.36654587712));
#260 = CARTESIAN_POINT('',(-595.3530062269,-502.9016177289,
    17.366545877125));
#261 = CARTESIAN_POINT('',(-595.3530062269,-502.9016177289,
    52.099637631375));
#262 = CARTESIAN_POINT('',(-551.9366415341,-442.7421381066,
    52.099637631375));
#263 = CARTESIAN_POINT('',(-551.9366415341,-442.7421381066,
    -17.36654587712));
#264 = CARTESIAN_POINT('',(-465.1039121485,-563.0610973513,
    -17.36654587712));
#265 = CARTESIAN_POINT('',(-465.1039121485,-563.0610973513,
    17.366545877125));
#266 = CARTESIAN_POINT('',(-465.1039121485,-563.0610973513,
    52.099637631375));
#267 = CARTESIAN_POINT('',(-551.9366415341,-442.7421381066,
    52.099637631375));
#268 = CARTESIAN_POINT('',(-551.9366415341,-442.7421381066,
    -17.36654587712));
#269 = CARTESIAN_POINT('',(-465.1039121485,-442.7421381066,
    -17.36654587712));
#270 = CARTESIAN_POINT('',(-465.1039121485,-442.7421381066,
    17.366545877125));
#271 = CARTESIAN_POINT('',(-465.1039121485,-442.7421381066,
    52.099637631375));
#272 = CARTESIAN_POINT('',(-551.9366415341,-442.7421381066,
    52.099637631375));
#273 = DEFINITIONAL_REPRESENTATION('',(#274),#459);
#274 = B_SPLINE_CURVE_WITH_KNOTS('',8,(#275,#276,#277,#278,#279,#280,
    #281,#282,#283,#284,#285,#286,#287,#288,#289,#290,#291,#292,#293,
    #294,#295,#296,#297,#298,#299,#300,#301,#302,#303,#304,#305,#306,
    #307,#308,#309,#310,#311,#312,#313,#314,#315,#316,#317,#318,#319,
    #320,#321,#322,#323,#324,#325,#326,#327,#328,#329,#330,#331,#332,
    #333,#334,#335,#336,#337,#338,#339,#340,#341,#342,#343,#344,#345,
    #346,#347,#348,#349,#350,#351,#352,#353,#354,#355,#356,#357,#358,
    #359,#360,#361,#362,#363,#364,#365,#366,#367,#368,#369,#370,#371,
    #372,#373,#374,#375,#376,#377,#378,#379,#380,#381,#382,#383,#384,
    #385,#386,#387,#388,#389,#390,#391,#392,#393,#394,#395,#396,#397,
    #398,#399,#400,#401,#402,#403,#404,#405,#406,#407,#408,#409,#410,
    #411,#412,#413,#414,#415,#416,#417,#418,#419,#420,#421,#422,#423,
    #424,#425,#426,#427,#428,#429,#430,#431,#432,#433,#434,#435,#436,
    #437,#438,#439,#440,#441,#442,#443,#444,#445,#446,#447,#448,#449,
    #450,#451,#452,#453,#454,#455,#456,#457,#458),.UNSPECIFIED.,.T.,.F.,
  (9,7,7,7,7,7,7,7,7,7,7,7,7,7,7,7,7,7,7,7,7,7,7,7,7,7,9),(0.,
    4.574816220096E-02,0.123217961263,0.185940974214,0.293324086014,
    0.362224760566,0.406044402337,0.417530920738,0.426416098386,
    0.435376076441,0.448459989488,0.470473177698,0.495166512183,
    0.52268056225,0.553409401906,0.614779925699,0.685523868395,
    0.804323136105,0.834196725885,0.863017069155,0.906606547348,
    0.91805626312,0.926926516226,0.93539488432,0.946404875289,
    0.962942838139,1.),.UNSPECIFIED.);
#275 = CARTESIAN_POINT('',(5.309805864841,-6.319954446553E-02));
#276 = CARTESIAN_POINT('',(5.311959849072,-6.712358594628E-02));
#277 = CARTESIAN_POINT('',(5.314180100588,-7.076379136058E-02));
#278 = CARTESIAN_POINT('',(5.31645362287,-7.415372764795E-02));
#279 = CARTESIAN_POINT('',(5.318770629563,-7.731691601674E-02));
#280 = CARTESIAN_POINT('',(5.321123512876,-8.027256314547E-02));
#281 = CARTESIAN_POINT('',(5.323506549703,-8.303730763923E-02));
#282 = CARTESIAN_POINT('',(5.325915890403,-8.562536345178E-02));
#283 = CARTESIAN_POINT('',(5.332470230869,-9.215436921491E-02));
#284 = CARTESIAN_POINT('',(5.33665617617,-9.578494764455E-02));
#285 = CARTESIAN_POINT('',(5.34089293697,-9.90004410421E-02));
#286 = CARTESIAN_POINT('',(5.34516978263,-0.101838441302));
#287 = CARTESIAN_POINT('',(5.349478362885,-0.104327409809));
#288 = CARTESIAN_POINT('',(5.353812423464,-0.106490150888));
#289 = CARTESIAN_POINT('',(5.358167838766,-0.10834373104));
#290 = CARTESIAN_POINT('',(5.366084240182,-0.111162481775));
#291 = CARTESIAN_POINT('',(5.369637503703,-0.112229185016));
#292 = CARTESIAN_POINT('',(5.373200209631,-0.113108313864));
#293 = CARTESIAN_POINT('',(5.376770511679,-0.113804849394));
#294 = CARTESIAN_POINT('',(5.380346688538,-0.114322313367));
#295 = CARTESIAN_POINT('',(5.383927138607,-0.114663007976));
#296 = CARTESIAN_POINT('',(5.387510379033,-0.114828089232));
#297 = CARTESIAN_POINT('',(5.397232079188,-0.114799300472));
#298 = CARTESIAN_POINT('',(5.403370412739,-0.114266162988));
#299 = CARTESIAN_POINT('',(5.409505597898,-0.113218599138));
#300 = CARTESIAN_POINT('',(5.415630792014,-0.111645249062));
#301 = CARTESIAN_POINT('',(5.421736883064,-0.109525823424));
#302 = CARTESIAN_POINT('',(5.427812168066,-0.106826558824));
#303 = CARTESIAN_POINT('',(5.433842427339,-0.103500993021));
#304 = CARTESIAN_POINT('',(5.443638240729,-9.687319062105E-02));
#305 = CARTESIAN_POINT('',(5.447436191291,-9.39928724211E-02));
#306 = CARTESIAN_POINT('',(5.451202036215,-9.079929675445E-02));
#307 = CARTESIAN_POINT('',(5.454929748052,-8.726307900052E-02));
#308 = CARTESIAN_POINT('',(5.458608943615,-8.335038974702E-02));
#309 = CARTESIAN_POINT('',(5.462223606764,-7.901559713982E-02));
#310 = CARTESIAN_POINT('',(5.465752753833,-7.420494517222E-02));
#311 = CARTESIAN_POINT('',(5.471334970608,-6.539613913687E-02));
#312 = CARTESIAN_POINT('',(5.473451684498,-6.174916910288E-02));
#313 = CARTESIAN_POINT('',(5.475511994434,-5.784946369251E-02));
#314 = CARTESIAN_POINT('',(5.477504738543,-5.366638318468E-02));
#315 = CARTESIAN_POINT('',(5.47941114408,-4.917010827206E-02));
#316 = CARTESIAN_POINT('',(5.48120407775,-4.432979945016E-02));
#317 = CARTESIAN_POINT('',(5.482848908873,-3.911594265216E-02));
#318 = CARTESIAN_POINT('',(5.4846795642,-3.201303190216E-02));
#319 = CARTESIAN_POINT('',(5.485046144643,-3.05104375638E-02));
#320 = CARTESIAN_POINT('',(5.485398190584,-2.898022337831E-02));
#321 = CARTESIAN_POINT('',(5.485734708676,-2.742234919079E-02));
#322 = CARTESIAN_POINT('',(5.486054640253,-2.583699504748E-02));
#323 = CARTESIAN_POINT('',(5.486356882633,-2.42245948218E-02));
#324 = CARTESIAN_POINT('',(5.486640310418,-2.25858698404E-02));
#325 = CARTESIAN_POINT('',(5.487107611648,-1.963470131466E-02));
#326 = CARTESIAN_POINT('',(5.4872994933,-1.833242343648E-02));
#327 = CARTESIAN_POINT('',(5.487478916239,-1.701556342505E-02));
#328 = CARTESIAN_POINT('',(5.487645357235,-1.568477802744E-02));
#329 = CARTESIAN_POINT('',(5.48779830764,-1.434085784965E-02));
#330 = CARTESIAN_POINT('',(5.487937285705,-1.298473901886E-02));
#331 = CARTESIAN_POINT('',(5.488061848894,-1.161751484577E-02));
#332 = CARTESIAN_POINT('',(5.488282287492,-8.851787202916E-03));
#333 = CARTESIAN_POINT('',(5.488377918631,-7.453254802696E-03));
#334 = CARTESIAN_POINT('',(5.488458092764,-6.04537435142E-03));
#335 = CARTESIAN_POINT('',(5.488522470299,-4.630563218658E-03));
#336 = CARTESIAN_POINT('',(5.488570786119,-3.210548691949E-03));
#337 = CARTESIAN_POINT('',(5.488602857207,-1.785883113796E-03));
#338 = CARTESIAN_POINT('',(5.488618590704,-3.575575420946E-04));
#339 = CARTESIAN_POINT('',(5.488617118641,3.152851180224E-03));
#340 = CARTESIAN_POINT('',(5.488581419326,5.234671166342E-03));
#341 = CARTESIAN_POINT('',(5.488510889094,7.309021676522E-03));
#342 = CARTESIAN_POINT('',(5.488405991033,9.370715586674E-03));
#343 = CARTESIAN_POINT('',(5.488267577751,1.141513818347E-02));
#344 = CARTESIAN_POINT('',(5.488096818834,1.343813233747E-02));
#345 = CARTESIAN_POINT('',(5.487895138752,1.54360254445E-02));
#346 = CARTESIAN_POINT('',(5.487275548477,2.071924839964E-02));
#347 = CARTESIAN_POINT('',(5.486804057695,2.395214785371E-02));
#348 = CARTESIAN_POINT('',(5.486257084749,2.709237697826E-02));
#349 = CARTESIAN_POINT('',(5.485642772688,3.013315689828E-02));
#350 = CARTESIAN_POINT('',(5.484969167162,3.307151054058E-02));
#351 = CARTESIAN_POINT('',(5.484243608606,3.59073069885E-02));
#352 = CARTESIAN_POINT('',(5.483472360507,3.864265876327E-02));
#353 = CARTESIAN_POINT('',(5.481749738304,4.424199003462E-02));
#354 = CARTESIAN_POINT('',(5.480788207962,4.707994641652E-02));
#355 = CARTESIAN_POINT('',(5.479782966046,4.980167495979E-02));
#356 = CARTESIAN_POINT('',(5.478740062254,5.241300346232E-02));
#357 = CARTESIAN_POINT('',(5.477664587971,5.491967749443E-02));
#358 = CARTESIAN_POINT('',(5.476560719173,5.732748974793E-02));
#359 = CARTESIAN_POINT('',(5.475431726924,5.964231497767E-02));
#360 = CARTESIAN_POINT('',(5.472996617365,6.435225996387E-02));
#361 = CARTESIAN_POINT('',(5.471685518067,6.672535328744E-02));
#362 = CARTESIAN_POINT('',(5.470350305915,6.899693170613E-02));
#363 = CARTESIAN_POINT('',(5.46899403592,7.117338156426E-02));
#364 = CARTESIAN_POINT('',(5.467619257126,7.326028327554E-02));
#365 = CARTESIAN_POINT('',(5.466228070792,7.526268712726E-02));
#366 = CARTESIAN_POINT('',(5.464822159413,7.718525596346E-02));
#367 = CARTESIAN_POINT('',(5.461817571726,8.109510242675E-02));
#368 = CARTESIAN_POINT('',(5.460215814974,8.306337751023E-02));
#369 = CARTESIAN_POINT('',(5.458599456142,8.494291461622E-02));
#370 = CARTESIAN_POINT('',(5.456970151795,8.67386262593E-02));
#371 = CARTESIAN_POINT('',(5.455329312201,8.845477552072E-02));
#372 = CARTESIAN_POINT('',(5.453678127089,9.009515368536E-02));
#373 = CARTESIAN_POINT('',(5.452017580183,9.166318284475E-02));
#374 = CARTESIAN_POINT('',(5.44701493129,9.615521380896E-02));
#375 = CARTESIAN_POINT('',(5.443647840681,9.88716188463E-02));
#376 = CARTESIAN_POINT('',(5.44025344051,0.101335906242));
#377 = CARTESIAN_POINT('',(5.436836775166,0.103566021191));
#378 = CARTESIAN_POINT('',(5.433401951072,0.105576189849));
#379 = CARTESIAN_POINT('',(5.429952237511,0.107378086217));
#380 = CARTESIAN_POINT('',(5.426490092006,0.10898113655));
#381 = CARTESIAN_POINT('',(5.419013900943,0.112020537294));
#382 = CARTESIAN_POINT('',(5.414997130699,0.113393706188));
#383 = CARTESIAN_POINT('',(5.410970047898,0.114524161489));
#384 = CARTESIAN_POINT('',(5.406935514321,0.115420157983));
#385 = CARTESIAN_POINT('',(5.402896134021,0.1160874521));
#386 = CARTESIAN_POINT('',(5.398854269515,0.116529820763));
#387 = CARTESIAN_POINT('',(5.394812046469,0.116749212802));
#388 = CARTESIAN_POINT('',(5.383985859257,0.11673935336));
#389 = CARTESIAN_POINT('',(5.377210145613,0.116104102974));
#390 = CARTESIAN_POINT('',(5.370448657404,0.114841438003));
#391 = CARTESIAN_POINT('',(5.363710097273,0.112933908263));
#392 = CARTESIAN_POINT('',(5.357006953128,0.110352284246));
#393 = CARTESIAN_POINT('',(5.350356390156,0.107044063513));
#394 = CARTESIAN_POINT('',(5.343779617728,0.102941165211));
#395 = CARTESIAN_POINT('',(5.335677463827,9.663234499035E-02));
#396 = CARTESIAN_POINT('',(5.334056221514,9.530557212006E-02));
#397 = CARTESIAN_POINT('',(5.332442283081,9.391747512286E-02));
#398 = CARTESIAN_POINT('',(5.330836293465,9.246565187341E-02));
#399 = CARTESIAN_POINT('',(5.329239012644,9.094743459784E-02));
#400 = CARTESIAN_POINT('',(5.327651325138,8.935981191426E-02));
#401 = CARTESIAN_POINT('',(5.326074249518,8.769935087321E-02));
#402 = CARTESIAN_POINT('',(5.32299883379,8.428613632094E-02));
#403 = CARTESIAN_POINT('',(5.321499806783,8.253883128382E-02));
#404 = CARTESIAN_POINT('',(5.320012825148,8.071658507619E-02));
#405 = CARTESIAN_POINT('',(5.31853913051,7.881541084208E-02));
#406 = CARTESIAN_POINT('',(5.3170802499,7.683093108347E-02));
#407 = CARTESIAN_POINT('',(5.315638015915,7.475825389313E-02));
#408 = CARTESIAN_POINT('',(5.314214605019,7.259174801701E-02));
#409 = CARTESIAN_POINT('',(5.310692115082,6.689593349999E-02));
#410 = CARTESIAN_POINT('',(5.308625583696,6.324525486659E-02));
#411 = CARTESIAN_POINT('',(5.306616011025,5.934252422341E-02));
#412 = CARTESIAN_POINT('',(5.304674432824,5.515724145383E-02));
#413 = CARTESIAN_POINT('',(5.302819390329,5.065985151274E-02));
#414 = CARTESIAN_POINT('',(5.301077585009,4.582007204776E-02));
#415 = CARTESIAN_POINT('',(5.299483036919,4.060916567657E-02));
#416 = CARTESIAN_POINT('',(5.29771267493,3.351226086164E-02));
#417 = CARTESIAN_POINT('',(5.297357934574,3.200869543534E-02));
#418 = CARTESIAN_POINT('',(5.297017630089,3.047773117786E-02));
#419 = CARTESIAN_POINT('',(5.296692734868,2.891936727299E-02));
#420 = CARTESIAN_POINT('',(5.296384283581,2.733382724778E-02));
#421 = CARTESIAN_POINT('',(5.296093350701,2.572159293291E-02));
#422 = CARTESIAN_POINT('',(5.295821029034,2.408343842301E-02));
#423 = CARTESIAN_POINT('',(5.295372699428,2.113213478912E-02));
#424 = CARTESIAN_POINT('',(5.295188815511,1.982891765673E-02));
#425 = CARTESIAN_POINT('',(5.295017267059,1.85113768817E-02));
#426 = CARTESIAN_POINT('',(5.294858560121,1.718019840078E-02));
#427 = CARTESIAN_POINT('',(5.294713184205,1.583620114614E-02));
#428 = CARTESIAN_POINT('',(5.294581600249,1.448034834578E-02));
#429 = CARTESIAN_POINT('',(5.294464228588,1.311375882391E-02));
#430 = CARTESIAN_POINT('',(5.294263302456,1.042402211734E-02));
#431 = CARTESIAN_POINT('',(5.294178452187,9.101655781385E-03));
#432 = CARTESIAN_POINT('',(5.29410720991,7.771778558917E-03));
#433 = CARTESIAN_POINT('',(5.294049845536,6.435609515476E-03));
#434 = CARTESIAN_POINT('',(5.294006569899,5.09443187089E-03));
#435 = CARTESIAN_POINT('',(5.293977529257,3.749595545982E-03));
#436 = CARTESIAN_POINT('',(5.293962799516,2.402517901849E-03));
#437 = CARTESIAN_POINT('',(5.293961834972,-6.976801858573E-04));
#438 = CARTESIAN_POINT('',(5.293985479165,-2.452433354328E-03));
#439 = CARTESIAN_POINT('',(5.294033321838,-4.198860899603E-03));
#440 = CARTESIAN_POINT('',(5.294105147435,-5.93951944331E-03));
#441 = CARTESIAN_POINT('',(5.294200543778,-7.670640289702E-03));
#442 = CARTESIAN_POINT('',(5.294318928172,-9.386756738355E-03));
#443 = CARTESIAN_POINT('',(5.294459571369,-1.108845239967E-02));
#444 = CARTESIAN_POINT('',(5.294865028983,-1.530115083109E-02));
#445 = CARTESIAN_POINT('',(5.29515674621,-1.779019430699E-02));
#446 = CARTESIAN_POINT('',(5.295493954899,-2.023247173731E-02));
#447 = CARTESIAN_POINT('',(5.295873402962,-2.262318782823E-02));
#448 = CARTESIAN_POINT('',(5.296291682066,-2.495916374381E-02));
#449 = CARTESIAN_POINT('',(5.296745444457,-2.723854615557E-02));
#450 = CARTESIAN_POINT('',(5.297231556709,-2.946059861053E-02));
#451 = CARTESIAN_POINT('',(5.298902587849,-3.647671010596E-02));
#452 = CARTESIAN_POINT('',(5.300204274331,-4.103314389848E-02));
#453 = CARTESIAN_POINT('',(5.301622870398,-4.53128947138E-02));
#454 = CARTESIAN_POINT('',(5.303134612719,-4.933301244002E-02));
#455 = CARTESIAN_POINT('',(5.30472052298,-5.311174852776E-02));
#456 = CARTESIAN_POINT('',(5.306366368027,-5.666871193435E-02));
#457 = CARTESIAN_POINT('',(5.308062899956,-6.002428142868E-02));
#458 = CARTESIAN_POINT('',(5.309805864841,-6.319954446553E-02));
#459 = ( GEOMETRIC_REPRESENTATION_CONTEXT(2) 
PARAMETRIC_REPRESENTATION_CONTEXT() REPRESENTATION_CONTEXT('2D SPACE',''
  ) );
#460 = PCURVE('',#461,#497);
#461 = ( BOUNDED_SURFACE() B_SPLINE_SURFACE(2,2,(
    (#462,#463,#464,#465,#466)
    ,(#467,#468,#469,#470,#471)
    ,(#472,#473,#474,#475,#476)
    ,(#477,#478,#479,#480,#481)
    ,(#482,#483,#484,#485,#486)
    ,(#487,#488,#489,#490,#491)
    ,(#492,#493,#494,#495,#496
)),.UNSPECIFIED.,.T.,.F.,.F.) B_SPLINE_SURFACE_WITH_KNOTS((1,2,2,2,2,1),
  (3,2,3),(-2.094395102393,0.,2.094395102393,4.188790204786,
    6.28318530718,8.377580409573),(-1.570796326795,0.,1.570796326795),
.UNSPECIFIED.) GEOMETRIC_REPRESENTATION_ITEM() RATIONAL_B_SPLINE_SURFACE
((
    (1.,0.707106781187,1.,0.707106781187,1.)
    ,(0.5,0.353553390593,0.5,0.353553390593,0.5)
    ,(1.,0.707106781187,1.,0.707106781187,1.)
    ,(0.5,0.353553390593,0.5,0.353553390593,0.5)
    ,(1.,0.707106781187,1.,0.707106781187,1.)
    ,(0.5,0.353553390593,0.5,0.353553390593,0.5)
,(1.,0.707106781187,1.,0.707106781187,1.
))) REPRESENTATION_ITEM('') SURFACE() );
#462 = CARTESIAN_POINT('',(-441.2923356461,-549.1325971859,
    -17.42909714335));
#463 = CARTESIAN_POINT('',(-354.1468499294,-549.1325971859,
    -17.42909714335));
#464 = CARTESIAN_POINT('',(-354.1468499294,-549.1325971859,
    17.429097143351));
#465 = CARTESIAN_POINT('',(-354.1468499294,-549.1325971859,
    52.287291430052));
#466 = CARTESIAN_POINT('',(-441.2923356461,-549.1325971859,
    52.287291430052));
#467 = CARTESIAN_POINT('',(-441.2923356461,-549.1325971859,
    -17.42909714335));
#468 = CARTESIAN_POINT('',(-354.1468499294,-428.3802700566,
    -17.42909714335));
#469 = CARTESIAN_POINT('',(-354.1468499294,-428.3802700566,
    17.429097143351));
#470 = CARTESIAN_POINT('',(-354.1468499294,-428.3802700566,
    52.287291430052));
#471 = CARTESIAN_POINT('',(-441.2923356461,-549.1325971859,
    52.287291430052));
#472 = CARTESIAN_POINT('',(-441.2923356461,-549.1325971859,
    -17.42909714335));
#473 = CARTESIAN_POINT('',(-484.8650785045,-488.7564336213,
    -17.42909714335));
#474 = CARTESIAN_POINT('',(-484.8650785045,-488.7564336213,
    17.429097143351));
#475 = CARTESIAN_POINT('',(-484.8650785045,-488.7564336213,
    52.287291430052));
#476 = CARTESIAN_POINT('',(-441.2923356461,-549.1325971859,
    52.287291430052));
#477 = CARTESIAN_POINT('',(-441.2923356461,-549.1325971859,
    -17.42909714335));
#478 = CARTESIAN_POINT('',(-615.5833070796,-549.1325971859,
    -17.42909714335));
#479 = CARTESIAN_POINT('',(-615.5833070796,-549.1325971859,
    17.429097143351));
#480 = CARTESIAN_POINT('',(-615.5833070796,-549.1325971859,
    52.287291430052));
#481 = CARTESIAN_POINT('',(-441.2923356461,-549.1325971859,
    52.287291430052));
#482 = CARTESIAN_POINT('',(-441.2923356461,-549.1325971859,
    -17.42909714335));
#483 = CARTESIAN_POINT('',(-484.8650785045,-609.5087607506,
    -17.42909714335));
#484 = CARTESIAN_POINT('',(-484.8650785045,-609.5087607506,
    17.429097143351));
#485 = CARTESIAN_POINT('',(-484.8650785045,-609.5087607506,
    52.287291430052));
#486 = CARTESIAN_POINT('',(-441.2923356461,-549.1325971859,
    52.287291430052));
#487 = CARTESIAN_POINT('',(-441.2923356461,-549.1325971859,
    -17.42909714335));
#488 = CARTESIAN_POINT('',(-354.1468499294,-669.8849243153,
    -17.42909714335));
#489 = CARTESIAN_POINT('',(-354.1468499294,-669.8849243153,
    17.429097143351));
#490 = CARTESIAN_POINT('',(-354.1468499294,-669.8849243153,
    52.287291430052));
#491 = CARTESIAN_POINT('',(-441.2923356461,-549.1325971859,
    52.287291430052));
#492 = CARTESIAN_POINT('',(-441.2923356461,-549.1325971859,
    -17.42909714335));
#493 = CARTESIAN_POINT('',(-354.1468499294,-549.1325971859,
    -17.42909714335));
#494 = CARTESIAN_POINT('',(-354.1468499294,-549.1325971859,
    17.429097143351));
#495 = CARTESIAN_POINT('',(-354.1468499294,-549.1325971859,
    52.287291430052));
#496 = CARTESIAN_POINT('',(-441.2923356461,-549.1325971859,
    52.287291430052));
#497 = DEFINITIONAL_REPRESENTATION('',(#498),#683);
#498 = B_SPLINE_CURVE_WITH_KNOTS('',8,(#499,#500,#501,#502,#503,#504,
    #505,#506,#507,#508,#509,#510,#511,#512,#513,#514,#515,#516,#517,
    #518,#519,#520,#521,#522,#523,#524,#525,#526,#527,#528,#529,#530,
    #531,#532,#533,#534,#535,#536,#537,#538,#539,#540,#541,#542,#543,
    #544,#545,#546,#547,#548,#549,#550,#551,#552,#553,#554,#555,#556,
    #557,#558,#559,#560,#561,#562,#563,#564,#565,#566,#567,#568,#569,
    #570,#571,#572,#573,#574,#575,#576,#577,#578,#579,#580,#581,#582,
    #583,#584,#585,#586,#587,#588,#589,#590,#591,#592,#593,#594,#595,
    #596,#597,#598,#599,#600,#601,#602,#603,#604,#605,#606,#607,#608,
    #609,#610,#611,#612,#613,#614,#615,#616,#617,#618,#619,#620,#621,
    #622,#623,#624,#625,#626,#627,#628,#629,#630,#631,#632,#633,#634,
    #635,#636,#637,#638,#639,#640,#641,#642,#643,#644,#645,#646,#647,
    #648,#649,#650,#651,#652,#653,#654,#655,#656,#657,#658,#659,#660,
    #661,#662,#663,#664,#665,#666,#667,#668,#669,#670,#671,#672,#673,
    #674,#675,#676,#677,#678,#679,#680,#681,#682),.UNSPECIFIED.,.T.,.F.,
  (9,7,7,7,7,7,7,7,7,7,7,7,7,7,7,7,7,7,7,7,7,7,7,7,7,7,9),(0.,
    4.574816220096E-02,0.123217961263,0.185940974214,0.293324086014,
    0.362224760566,0.406044402337,0.417530920738,0.426416098386,
    0.435376076441,0.448459989488,0.470473177698,0.495166512183,
    0.52268056225,0.553409401906,0.614779925699,0.685523868395,
    0.804323136105,0.834196725885,0.863017069155,0.906606547348,
    0.91805626312,0.926926516226,0.93539488432,0.946404875289,
    0.962942838139,1.),.UNSPECIFIED.);
#499 = CARTESIAN_POINT('',(2.387343164806,-6.492586467729E-02));
#500 = CARTESIAN_POINT('',(2.384830249275,-6.88338209769E-02));
#501 = CARTESIAN_POINT('',(2.382237388777,-7.245916325821E-02));
#502 = CARTESIAN_POINT('',(2.379579478837,-7.583530527256E-02));
#503 = CARTESIAN_POINT('',(2.376867739875,-7.89856608921E-02));
#504 = CARTESIAN_POINT('',(2.374110901933,-8.192934968713E-02));
#505 = CARTESIAN_POINT('',(2.371315530525,-8.468293543445E-02));
#506 = CARTESIAN_POINT('',(2.368486022451,-8.726056869868E-02));
#507 = CARTESIAN_POINT('',(2.360779615729,-9.376333376582E-02));
#508 = CARTESIAN_POINT('',(2.355848362804,-9.737938050382E-02));
#509 = CARTESIAN_POINT('',(2.35084729282,-0.100582045342));
#510 = CARTESIAN_POINT('',(2.345788650915,-0.103408753339));
#511 = CARTESIAN_POINT('',(2.340681994716,-0.10588784016));
#512 = CARTESIAN_POINT('',(2.335534489742,-0.108042009952));
#513 = CARTESIAN_POINT('',(2.330350834129,-0.109888254573));
#514 = CARTESIAN_POINT('',(2.320909249938,-0.112695862434));
#515 = CARTESIAN_POINT('',(2.316664279362,-0.113758354177));
#516 = CARTESIAN_POINT('',(2.312400819467,-0.114634015457));
#517 = CARTESIAN_POINT('',(2.308120996715,-0.11532780557));
#518 = CARTESIAN_POINT('',(2.303826807782,-0.115843230893));
#519 = CARTESIAN_POINT('',(2.299520124148,-0.116182583577));
#520 = CARTESIAN_POINT('',(2.295202691465,-0.116347014601));
#521 = CARTESIAN_POINT('',(2.283468949079,-0.116318339236));
#522 = CARTESIAN_POINT('',(2.276038483601,-0.115787301709));
#523 = CARTESIAN_POINT('',(2.268589993138,-0.114743864147));
#524 = CARTESIAN_POINT('',(2.26113171814,-0.113176715936));
#525 = CARTESIAN_POINT('',(2.253674798477,-0.111065656047));
#526 = CARTESIAN_POINT('',(2.246233748614,-0.108377068807));
#527 = CARTESIAN_POINT('',(2.238826436613,-0.105064696301));
#528 = CARTESIAN_POINT('',(2.226759551087,-9.846329985862E-02));
#529 = CARTESIAN_POINT('',(2.222072430232,-9.559448032041E-02));
#530 = CARTESIAN_POINT('',(2.217416435605,-9.241368372048E-02));
#531 = CARTESIAN_POINT('',(2.212799240299,-8.889165483007E-02));
#532 = CARTESIAN_POINT('',(2.208233983634,-8.499471453795E-02));
#533 = CARTESIAN_POINT('',(2.203740959993,-8.067743552002E-02));
#534 = CARTESIAN_POINT('',(2.199346859606,-7.588630506712E-02));
#535 = CARTESIAN_POINT('',(2.19238566042,-6.711344393403E-02));
#536 = CARTESIAN_POINT('',(2.189743278639,-6.348139955408E-02));
#537 = CARTESIAN_POINT('',(2.1871687096,-5.959770556231E-02));
#538 = CARTESIAN_POINT('',(2.184676139691,-5.543186124276E-02));
#539 = CARTESIAN_POINT('',(2.182289351009,-5.095418686633E-02));
#540 = CARTESIAN_POINT('',(2.180042733911,-4.61339924297E-02));
#541 = CARTESIAN_POINT('',(2.177980250363,-4.094191362778E-02));
#542 = CARTESIAN_POINT('',(2.175683616362,-3.386884809064E-02));
#543 = CARTESIAN_POINT('',(2.175223655317,-3.237257631195E-02));
#544 = CARTESIAN_POINT('',(2.174781869562,-3.084881027374E-02));
#545 = CARTESIAN_POINT('',(2.174359517726,-2.929751064348E-02));
#546 = CARTESIAN_POINT('',(2.173957940947,-2.77188573845E-02));
#547 = CARTESIAN_POINT('',(2.173578535921,-2.611328322486E-02));
#548 = CARTESIAN_POINT('',(2.173222727953,-2.448150712619E-02));
#549 = CARTESIAN_POINT('',(2.172636072372,-2.154287384218E-02));
#550 = CARTESIAN_POINT('',(2.172395175436,-2.024613444942E-02));
#551 = CARTESIAN_POINT('',(2.172169918571,-1.893488216853E-02));
#552 = CARTESIAN_POINT('',(2.171960964223,-1.760977126456E-02));
#553 = CARTESIAN_POINT('',(2.171768956304,-1.627158927705E-02));
#554 = CARTESIAN_POINT('',(2.171594504594,-1.492126862381E-02));
#555 = CARTESIAN_POINT('',(2.171438169136,-1.355989820471E-02));
#556 = CARTESIAN_POINT('',(2.171161560692,-1.080602858555E-02));
#557 = CARTESIAN_POINT('',(2.171041594766,-9.413293556482E-03));
#558 = CARTESIAN_POINT('',(2.17094106153,-8.011876945927E-03));
#559 = CARTESIAN_POINT('',(2.17086039055,-6.603202207029E-03));
#560 = CARTESIAN_POINT('',(2.170799917063,-5.188774593528E-03));
#561 = CARTESIAN_POINT('',(2.170759872286,-3.770184545666E-03));
#562 = CARTESIAN_POINT('',(2.170740373243,-2.349109086855E-03));
#563 = CARTESIAN_POINT('',(2.170742929137,1.148885764038E-03));
#564 = CARTESIAN_POINT('',(2.170788240771,3.228230163151E-03));
#565 = CARTESIAN_POINT('',(2.17087735188,5.291218444036E-03));
#566 = CARTESIAN_POINT('',(2.171009674725,7.352736073788E-03));
#567 = CARTESIAN_POINT('',(2.171184128215,9.387399796911E-03));
#568 = CARTESIAN_POINT('',(2.171399229755,1.140622388893E-02));
#569 = CARTESIAN_POINT('',(2.171653174274,1.33980809868E-02));
#570 = CARTESIAN_POINT('',(2.172433050999,1.866615229457E-02));
#571 = CARTESIAN_POINT('',(2.173026259614,2.188976305079E-02));
#572 = CARTESIAN_POINT('',(2.173714160672,2.502095308306E-02));
#573 = CARTESIAN_POINT('',(2.174486435198,2.805296430999E-02));
#574 = CARTESIAN_POINT('',(2.175332888831,3.098282970663E-02));
#575 = CARTESIAN_POINT('',(2.176244222332,3.381042023229E-02));
#576 = CARTESIAN_POINT('',(2.177212500156,3.653784373062E-02));
#577 = CARTESIAN_POINT('',(2.179374176841,4.21209198416E-02));
#578 = CARTESIAN_POINT('',(2.180580202421,4.495062163095E-02));
#579 = CARTESIAN_POINT('',(2.181840411394,4.766441906897E-02));
#580 = CARTESIAN_POINT('',(2.183147132975,5.026812477091E-02));
#581 = CARTESIAN_POINT('',(2.184493913115,5.276746917791E-02));
#582 = CARTESIAN_POINT('',(2.185875458581,5.516822953348E-02));
#583 = CARTESIAN_POINT('',(2.187287620014,5.747626472639E-02));
#584 = CARTESIAN_POINT('',(2.190331675341,6.21723735915E-02));
#585 = CARTESIAN_POINT('',(2.19196959348,6.453848310166E-02));
#586 = CARTESIAN_POINT('',(2.19363653604,6.680336509953E-02));
#587 = CARTESIAN_POINT('',(2.195328625876,6.897338862222E-02));
#588 = CARTESIAN_POINT('',(2.197042629367,7.105411895088E-02));
#589 = CARTESIAN_POINT('',(2.198775881123,7.305059264246E-02));
#590 = CARTESIAN_POINT('',(2.20052624507,7.49674598172E-02));
#591 = CARTESIAN_POINT('',(2.204264305694,7.886569561731E-02));
#592 = CARTESIAN_POINT('',(2.206255526921,8.082811625246E-02));
#593 = CARTESIAN_POINT('',(2.208263311119,8.270205434279E-02));
#594 = CARTESIAN_POINT('',(2.210285555763,8.449240900603E-02));
#595 = CARTESIAN_POINT('',(2.212320472448,8.620343170353E-02));
#596 = CARTESIAN_POINT('',(2.214366553134,8.78389033801E-02));
#597 = CARTESIAN_POINT('',(2.216422550421,8.940223678251E-02));
#598 = CARTESIAN_POINT('',(2.222611458125,9.38808001485E-02));
#599 = CARTESIAN_POINT('',(2.226770227844,9.658903970937E-02));
#600 = CARTESIAN_POINT('',(2.230955832775,9.904590260929E-02));
#601 = CARTESIAN_POINT('',(2.235161894739,0.1012692852));
#602 = CARTESIAN_POINT('',(2.2393832449,0.103273374961));
#603 = CARTESIAN_POINT('',(2.24361578467,0.105069814134));
#604 = CARTESIAN_POINT('',(2.247856441234,0.10666800332));
#605 = CARTESIAN_POINT('',(2.256998351543,0.109698177474));
#606 = CARTESIAN_POINT('',(2.261900591414,0.111067171025));
#607 = CARTESIAN_POINT('',(2.266805893762,0.112194184588));
#608 = CARTESIAN_POINT('',(2.27171073191,0.113087450591));
#609 = CARTESIAN_POINT('',(2.276611929905,0.113752709894));
#610 = CARTESIAN_POINT('',(2.281506637535,0.114193729192));
#611 = CARTESIAN_POINT('',(2.286392319489,0.114412452022));
#612 = CARTESIAN_POINT('',(2.299452333047,0.114402622654));
#613 = CARTESIAN_POINT('',(2.307599594846,0.113769309962));
#614 = CARTESIAN_POINT('',(2.315703500008,0.112510496491));
#615 = CARTESIAN_POINT('',(2.323753973663,0.110608779889));
#616 = CARTESIAN_POINT('',(2.331736598198,0.108035009892));
#617 = CARTESIAN_POINT('',(2.33963169688,0.104736826549));
#618 = CARTESIAN_POINT('',(2.347415179722,0.10064633239));
#619 = CARTESIAN_POINT('',(2.35697550904,9.435648989726E-02));
#620 = CARTESIAN_POINT('',(2.358887074085,9.303370420088E-02));
#621 = CARTESIAN_POINT('',(2.360788586813,9.164977430878E-02));
#622 = CARTESIAN_POINT('',(2.362679313192,9.020230464789E-02));
#623 = CARTESIAN_POINT('',(2.364558386831,8.868863471794E-02));
#624 = CARTESIAN_POINT('',(2.366424798654,8.710576134928E-02));
#625 = CARTESIAN_POINT('',(2.368277386574,8.545026096066E-02));
#626 = CARTESIAN_POINT('',(2.371887481594,8.204722914472E-02));
#627 = CARTESIAN_POINT('',(2.373645887047,8.030513041695E-02));
#628 = CARTESIAN_POINT('',(2.375388951825,7.848830672942E-02));
#629 = CARTESIAN_POINT('',(2.37711525782,7.659278211567E-02));
#630 = CARTESIAN_POINT('',(2.378823057865,7.461419100751E-02));
#631 = CARTESIAN_POINT('',(2.380510253958,7.254765481116E-02));
#632 = CARTESIAN_POINT('',(2.382174354333,7.038755759918E-02));
#633 = CARTESIAN_POINT('',(2.386289894312,6.47085629397E-02));
#634 = CARTESIAN_POINT('',(2.388701964231,6.106863983624E-02));
#635 = CARTESIAN_POINT('',(2.391045331611,5.717737898783E-02));
#636 = CARTESIAN_POINT('',(2.393307347248,5.300436383338E-02));
#637 = CARTESIAN_POINT('',(2.395466681766,4.852011860506E-02));
#638 = CARTESIAN_POINT('',(2.397492625129,4.369444050067E-02));
#639 = CARTESIAN_POINT('',(2.399346100273,3.849866576472E-02));
#640 = CARTESIAN_POINT('',(2.40140301975,3.142229426004E-02));
#641 = CARTESIAN_POINT('',(2.401815122654,2.992307526675E-02));
#642 = CARTESIAN_POINT('',(2.402210405971,2.839653271796E-02));
#643 = CARTESIAN_POINT('',(2.402587749387,2.684266559693E-02));
#644 = CARTESIAN_POINT('',(2.402945961828,2.526169658381E-02));
#645 = CARTESIAN_POINT('',(2.403283806208,2.365410592468E-02));
#646 = CARTESIAN_POINT('',(2.403600024164,2.202066530064E-02));
#647 = CARTESIAN_POINT('',(2.404120612762,1.907784618671E-02));
#648 = CARTESIAN_POINT('',(2.404334130836,1.777837291768E-02));
#649 = CARTESIAN_POINT('',(2.404533326971,1.646461443066E-02));
#650 = CARTESIAN_POINT('',(2.404717618251,1.513725461903E-02));
#651 = CARTESIAN_POINT('',(2.404886440754,1.379710999928E-02));
#652 = CARTESIAN_POINT('',(2.405039263395,1.24451409817E-02));
#653 = CARTESIAN_POINT('',(2.405175601778,1.108246314105E-02));
#654 = CARTESIAN_POINT('',(2.405409051266,8.400419849316E-03));
#655 = CARTESIAN_POINT('',(2.405507665088,7.082023482934E-03));
#656 = CARTESIAN_POINT('',(2.40559050023,5.755572538879E-03));
#657 = CARTESIAN_POINT('',(2.405657245495,4.423169401914E-03));
#658 = CARTESIAN_POINT('',(2.405707657709,3.086299533751E-03));
#659 = CARTESIAN_POINT('',(2.405741568035,1.745382676006E-03));
#660 = CARTESIAN_POINT('',(2.405758888636,4.01191413158E-04));
#661 = CARTESIAN_POINT('',(2.40576057018,-2.688009947817E-03));
#662 = CARTESIAN_POINT('',(2.405733478788,-4.43304174248E-03));
#663 = CARTESIAN_POINT('',(2.40567833411,-6.173629389522E-03));
#664 = CARTESIAN_POINT('',(2.405595383635,-7.906676318826E-03));
#665 = CARTESIAN_POINT('',(2.405485101286,-9.629325564156E-03));
#666 = CARTESIAN_POINT('',(2.405348157342,-1.13389433064E-02));
#667 = CARTESIAN_POINT('',(2.405185390951,-1.30331001269E-02));
#668 = CARTESIAN_POINT('',(2.404715985673,-1.722777691521E-02));
#669 = CARTESIAN_POINT('',(2.404378127227,-1.970619993649E-02));
#670 = CARTESIAN_POINT('',(2.403987451161,-2.213808274355E-02));
#671 = CARTESIAN_POINT('',(2.403547700501,-2.451864847625E-02));
#672 = CARTESIAN_POINT('',(2.4030627983,-2.68447296856E-02));
#673 = CARTESIAN_POINT('',(2.402536598043,-2.911447878295E-02));
#674 = CARTESIAN_POINT('',(2.401972706402,-3.132716040009E-02));
#675 = CARTESIAN_POINT('',(2.400033684802,-3.831374445032E-02));
#676 = CARTESIAN_POINT('',(2.398522334844,-4.285109923357E-02));
#677 = CARTESIAN_POINT('',(2.396874119637,-4.711301022501E-02));
#678 = CARTESIAN_POINT('',(2.395116357684,-5.111643795364E-02));
#679 = CARTESIAN_POINT('',(2.393270883222,-5.487954309094E-02));
#680 = CARTESIAN_POINT('',(2.391354080174,-5.842184126701E-02));
#681 = CARTESIAN_POINT('',(2.389376570375,-6.176361747662E-02));
#682 = CARTESIAN_POINT('',(2.387343164806,-6.492586467729E-02));
#683 = ( GEOMETRIC_REPRESENTATION_CONTEXT(2) 
PARAMETRIC_REPRESENTATION_CONTEXT() REPRESENTATION_CONTEXT('2D SPACE',''
  ) );
#684 = ADVANCED_FACE('',(#685,#689),#461,.T.);
#685 = FACE_BOUND('',#686,.T.);
#686 = VERTEX_LOOP('',#687);
#687 = VERTEX_POINT('',#688);
#688 = CARTESIAN_POINT('',(-441.2923356461,-549.1325971859,
    52.287291430052));
#689 = FACE_BOUND('',#690,.T.);
#690 = EDGE_LOOP('',(#691));
#691 = ORIENTED_EDGE('',*,*,#47,.T.);
#692 = MANIFOLD_SOLID_BREP('',#693);
#693 = CLOSED_SHELL('',(#694));
#694 = ADVANCED_FACE('',(#695),#699,.T.);
#695 = FACE_BOUND('',#696,.T.);
#696 = VERTEX_LOOP('',#697);
#697 = VERTEX_POINT('',#698);
#698 = CARTESIAN_POINT('',(-525.8995975172,449.29530691162,
    -14.76699487422));
#699 = ( BOUNDED_SURFACE() B_SPLINE_SURFACE(2,2,(
    (#700,#701,#702,#703,#704)
    ,(#705,#706,#707,#708,#709)
    ,(#710,#711,#712,#713,#714)
    ,(#715,#716,#717,#718,#719)
    ,(#720,#721,#722,#723,#724)
    ,(#725,#726,#727,#728,#729)
    ,(#730,#731,#732,#733,#734
)),.UNSPECIFIED.,.T.,.F.,.F.) B_SPLINE_SURFACE_WITH_KNOTS((1,2,2,2,2,1),
  (3,2,3),(-2.094395102393,0.,2.094395102393,4.188790204786,
    6.28318530718,8.377580409573),(-1.570796326795,0.,1.570796326795),
.UNSPECIFIED.) GEOMETRIC_REPRESENTATION_ITEM() RATIONAL_B_SPLINE_SURFACE
((
    (1.,0.707106781187,1.,0.707106781187,1.)
    ,(0.5,0.353553390593,0.5,0.353553390593,0.5)
    ,(1.,0.707106781187,1.,0.707106781187,1.)
    ,(0.5,0.353553390593,0.5,0.353553390593,0.5)
    ,(1.,0.707106781187,1.,0.707106781187,1.)
    ,(0.5,0.353553390593,0.5,0.353553390593,0.5)
,(1.,0.707106781187,1.,0.707106781187,1.
))) REPRESENTATION_ITEM('') SURFACE() );
#700 = CARTESIAN_POINT('',(-525.8995975172,449.29530691162,
    -14.76699487422));
#701 = CARTESIAN_POINT('',(-452.064623146,449.29530691162,
    -14.76699487422));
#702 = CARTESIAN_POINT('',(-452.064623146,449.29530691162,
    14.766994874229));
#703 = CARTESIAN_POINT('',(-452.064623146,449.29530691162,
    44.300984622687));
#704 = CARTESIAN_POINT('',(-525.8995975172,449.29530691162,
    44.300984622687));
#705 = CARTESIAN_POINT('',(-525.8995975172,449.29530691162,
    -14.76699487422));
#706 = CARTESIAN_POINT('',(-452.064623146,551.60404850072,
    -14.76699487422));
#707 = CARTESIAN_POINT('',(-452.064623146,551.60404850072,
    14.766994874229));
#708 = CARTESIAN_POINT('',(-452.064623146,551.60404850072,
    44.300984622687));
#709 = CARTESIAN_POINT('',(-525.8995975172,449.29530691162,
    44.300984622687));
#710 = CARTESIAN_POINT('',(-525.8995975172,449.29530691162,
    -14.76699487422));
#711 = CARTESIAN_POINT('',(-562.8170847028,500.44967770617,
    -14.76699487422));
#712 = CARTESIAN_POINT('',(-562.8170847028,500.44967770617,
    14.766994874229));
#713 = CARTESIAN_POINT('',(-562.8170847028,500.44967770617,
    44.300984622687));
#714 = CARTESIAN_POINT('',(-525.8995975172,449.29530691162,
    44.300984622687));
#715 = CARTESIAN_POINT('',(-525.8995975172,449.29530691162,
    -14.76699487422));
#716 = CARTESIAN_POINT('',(-673.5695462595,449.29530691162,
    -14.76699487422));
#717 = CARTESIAN_POINT('',(-673.5695462595,449.29530691162,
    14.766994874229));
#718 = CARTESIAN_POINT('',(-673.5695462595,449.29530691162,
    44.300984622687));
#719 = CARTESIAN_POINT('',(-525.8995975172,449.29530691162,
    44.300984622687));
#720 = CARTESIAN_POINT('',(-525.8995975172,449.29530691162,
    -14.76699487422));
#721 = CARTESIAN_POINT('',(-562.8170847028,398.14093611707,
    -14.76699487422));
#722 = CARTESIAN_POINT('',(-562.8170847028,398.14093611707,
    14.766994874229));
#723 = CARTESIAN_POINT('',(-562.8170847028,398.14093611707,
    44.300984622687));
#724 = CARTESIAN_POINT('',(-525.8995975172,449.29530691162,
    44.300984622687));
#725 = CARTESIAN_POINT('',(-525.8995975172,449.29530691162,
    -14.76699487422));
#726 = CARTESIAN_POINT('',(-452.064623146,346.98656532252,
    -14.76699487422));
#727 = CARTESIAN_POINT('',(-452.064623146,346.98656532252,
    14.766994874229));
#728 = CARTESIAN_POINT('',(-452.064623146,346.98656532252,
    44.300984622687));
#729 = CARTESIAN_POINT('',(-525.8995975172,449.29530691162,
    44.300984622687));
#730 = CARTESIAN_POINT('',(-525.8995975172,449.29530691162,
    -14.76699487422));
#731 = CARTESIAN_POINT('',(-452.064623146,449.29530691162,
    -14.76699487422));
#732 = CARTESIAN_POINT('',(-452.064623146,449.29530691162,
    14.766994874229));
#733 = CARTESIAN_POINT('',(-452.064623146,449.29530691162,
    44.300984622687));
#734 = CARTESIAN_POINT('',(-525.8995975172,449.29530691162,
    44.300984622687));
#735 = MANIFOLD_SOLID_BREP('',#736);
#736 = CLOSED_SHELL('',(#737));
#737 = ADVANCED_FACE('',(#738),#742,.T.);
#738 = FACE_BOUND('',#739,.T.);
#739 = VERTEX_LOOP('',#740);
#740 = VERTEX_POINT('',#741);
#741 = CARTESIAN_POINT('',(-893.3852830676,-534.5878478731,
    -13.05355288103));
#742 = ( BOUNDED_SURFACE() B_SPLINE_SURFACE(2,2,(
    (#743,#744,#745,#746,#747)
    ,(#748,#749,#750,#751,#752)
    ,(#753,#754,#755,#756,#757)
    ,(#758,#759,#760,#761,#762)
    ,(#763,#764,#765,#766,#767)
    ,(#768,#769,#770,#771,#772)
    ,(#773,#774,#775,#776,#777
)),.UNSPECIFIED.,.T.,.F.,.F.) B_SPLINE_SURFACE_WITH_KNOTS((1,2,2,2,2,1),
  (3,2,3),(-2.094395102393,0.,2.094395102393,4.188790204786,
    6.28318530718,8.377580409573),(-1.570796326795,0.,1.570796326795),
.UNSPECIFIED.) GEOMETRIC_REPRESENTATION_ITEM() RATIONAL_B_SPLINE_SURFACE
((
    (1.,0.707106781187,1.,0.707106781187,1.)
    ,(0.5,0.353553390593,0.5,0.353553390593,0.5)
    ,(1.,0.707106781187,1.,0.707106781187,1.)
    ,(0.5,0.353553390593,0.5,0.353553390593,0.5)
    ,(1.,0.707106781187,1.,0.707106781187,1.)
    ,(0.5,0.353553390593,0.5,0.353553390593,0.5)
,(1.,0.707106781187,1.,0.707106781187,1.
))) REPRESENTATION_ITEM('') SURFACE() );
#743 = CARTESIAN_POINT('',(-893.3852830676,-534.5878478731,
    -13.05355288103));
#744 = CARTESIAN_POINT('',(-828.1175186624,-534.5878478731,
    -13.05355288103));
#745 = CARTESIAN_POINT('',(-828.1175186624,-534.5878478731,
    13.053552881034));
#746 = CARTESIAN_POINT('',(-828.1175186624,-534.5878478731,
    39.160658643101));
#747 = CARTESIAN_POINT('',(-893.3852830676,-534.5878478731,
    39.160658643101));
#748 = CARTESIAN_POINT('',(-893.3852830676,-534.5878478731,
    -13.05355288103));
#749 = CARTESIAN_POINT('',(-828.1175186624,-444.1501806362,
    -13.05355288103));
#750 = CARTESIAN_POINT('',(-828.1175186624,-444.1501806362,
    13.053552881034));
#751 = CARTESIAN_POINT('',(-828.1175186624,-444.1501806362,
    39.160658643101));
#752 = CARTESIAN_POINT('',(-893.3852830676,-534.5878478731,
    39.160658643101));
#753 = CARTESIAN_POINT('',(-893.3852830676,-534.5878478731,
    -13.05355288103));
#754 = CARTESIAN_POINT('',(-926.0191652702,-489.3690142546,
    -13.05355288103));
#755 = CARTESIAN_POINT('',(-926.0191652702,-489.3690142546,
    13.053552881034));
#756 = CARTESIAN_POINT('',(-926.0191652702,-489.3690142546,
    39.160658643101));
#757 = CARTESIAN_POINT('',(-893.3852830676,-534.5878478731,
    39.160658643101));
#758 = CARTESIAN_POINT('',(-893.3852830676,-534.5878478731,
    -13.05355288103));
#759 = CARTESIAN_POINT('',(-1.023920811878E+03,-534.5878478731,
    -13.05355288103));
#760 = CARTESIAN_POINT('',(-1.023920811878E+03,-534.5878478731,
    13.053552881034));
#761 = CARTESIAN_POINT('',(-1.023920811878E+03,-534.5878478731,
    39.160658643101));
#762 = CARTESIAN_POINT('',(-893.3852830676,-534.5878478731,
    39.160658643101));
#763 = CARTESIAN_POINT('',(-893.3852830676,-534.5878478731,
    -13.05355288103));
#764 = CARTESIAN_POINT('',(-926.0191652702,-579.8066814916,
    -13.05355288103));
#765 = CARTESIAN_POINT('',(-926.0191652702,-579.8066814916,
    13.053552881034));
#766 = CARTESIAN_POINT('',(-926.0191652702,-579.8066814916,
    39.160658643101));
#767 = CARTESIAN_POINT('',(-893.3852830676,-534.5878478731,
    39.160658643101));
#768 = CARTESIAN_POINT('',(-893.3852830676,-534.5878478731,
    -13.05355288103));
#769 = CARTESIAN_POINT('',(-828.1175186624,-625.0255151101,
    -13.05355288103));
#770 = CARTESIAN_POINT('',(-828.1175186624,-625.0255151101,
    13.053552881034));
#771 = CARTESIAN_POINT('',(-828.1175186624,-625.0255151101,
    39.160658643101));
#772 = CARTESIAN_POINT('',(-893.3852830676,-534.5878478731,
    39.160658643101));
#773 = CARTESIAN_POINT('',(-893.3852830676,-534.5878478731,
    -13.05355288103));
#774 = CARTESIAN_POINT('',(-828.1175186624,-534.5878478731,
    -13.05355288103));
#775 = CARTESIAN_POINT('',(-828.1175186624,-534.5878478731,
    13.053552881034));
#776 = CARTESIAN_POINT('',(-828.1175186624,-534.5878478731,
    39.160658643101));
#777 = CARTESIAN_POINT('',(-893.3852830676,-534.5878478731,
    39.160658643101));
#778 = MANIFOLD_SOLID_BREP('',#779);
#779 = CLOSED_SHELL('',(#780));
#780 = ADVANCED_FACE('',(#781),#785,.T.);
#781 = FACE_BOUND('',#782,.T.);
#782 = VERTEX_LOOP('',#783);
#783 = VERTEX_POINT('',#784);
#784 = CARTESIAN_POINT('',(85.388813146112,-531.1628181226,
    -13.89265683875));
#785 = ( BOUNDED_SURFACE() B_SPLINE_SURFACE(2,2,(
    (#786,#787,#788,#789,#790)
    ,(#791,#792,#793,#794,#795)
    ,(#796,#797,#798,#799,#800)
    ,(#801,#802,#803,#804,#805)
    ,(#806,#807,#808,#809,#810)
    ,(#811,#812,#813,#814,#815)
    ,(#816,#817,#818,#819,#820
)),.UNSPECIFIED.,.T.,.F.,.F.) B_SPLINE_SURFACE_WITH_KNOTS((1,2,2,2,2,1),
  (3,2,3),(-2.094395102393,0.,2.094395102393,4.188790204786,
    6.28318530718,8.377580409573),(-1.570796326795,0.,1.570796326795),
.UNSPECIFIED.) GEOMETRIC_REPRESENTATION_ITEM() RATIONAL_B_SPLINE_SURFACE
((
    (1.,0.707106781187,1.,0.707106781187,1.)
    ,(0.5,0.353553390593,0.5,0.353553390593,0.5)
    ,(1.,0.707106781187,1.,0.707106781187,1.)
    ,(0.5,0.353553390593,0.5,0.353553390593,0.5)
    ,(1.,0.707106781187,1.,0.707106781187,1.)
    ,(0.5,0.353553390593,0.5,0.353553390593,0.5)
,(1.,0.707106781187,1.,0.707106781187,1.
))) REPRESENTATION_ITEM('') SURFACE() );
#786 = CARTESIAN_POINT('',(85.388813146112,-531.1628181226,
    -13.89265683875));
#787 = CARTESIAN_POINT('',(154.8520973399,-531.1628181226,
    -13.89265683875));
#788 = CARTESIAN_POINT('',(154.8520973399,-531.1628181226,
    13.892656838759));
#789 = CARTESIAN_POINT('',(154.8520973399,-531.1628181226,
    41.677970516277));
#790 = CARTESIAN_POINT('',(85.388813146112,-531.1628181226,
    41.677970516277));
#791 = CARTESIAN_POINT('',(85.388813146112,-531.1628181226,
    -13.89265683875));
#792 = CARTESIAN_POINT('',(154.8520973399,-434.9116681352,
    -13.89265683875));
#793 = CARTESIAN_POINT('',(154.8520973399,-434.9116681352,
    13.892656838759));
#794 = CARTESIAN_POINT('',(154.8520973399,-434.9116681352,
    41.677970516277));
#795 = CARTESIAN_POINT('',(85.388813146112,-531.1628181226,
    41.677970516277));
#796 = CARTESIAN_POINT('',(85.388813146112,-531.1628181226,
    -13.89265683875));
#797 = CARTESIAN_POINT('',(50.657171049214,-483.0372431289,
    -13.89265683875));
#798 = CARTESIAN_POINT('',(50.657171049214,-483.0372431289,
    13.892656838759));
#799 = CARTESIAN_POINT('',(50.657171049214,-483.0372431289,
    41.677970516277));
#800 = CARTESIAN_POINT('',(85.388813146112,-531.1628181226,
    41.677970516277));
#801 = CARTESIAN_POINT('',(85.388813146112,-531.1628181226,
    -13.89265683875));
#802 = CARTESIAN_POINT('',(-53.53775524147,-531.1628181226,
    -13.89265683875));
#803 = CARTESIAN_POINT('',(-53.53775524147,-531.1628181226,
    13.892656838759));
#804 = CARTESIAN_POINT('',(-53.53775524147,-531.1628181226,
    41.677970516277));
#805 = CARTESIAN_POINT('',(85.388813146112,-531.1628181226,
    41.677970516277));
#806 = CARTESIAN_POINT('',(85.388813146112,-531.1628181226,
    -13.89265683875));
#807 = CARTESIAN_POINT('',(50.657171049214,-579.2883931163,
    -13.89265683875));
#808 = CARTESIAN_POINT('',(50.657171049214,-579.2883931163,
    13.892656838759));
#809 = CARTESIAN_POINT('',(50.657171049214,-579.2883931163,
    41.677970516277));
#810 = CARTESIAN_POINT('',(85.388813146112,-531.1628181226,
    41.677970516277));
#811 = CARTESIAN_POINT('',(85.388813146112,-531.1628181226,
    -13.89265683875));
#812 = CARTESIAN_POINT('',(154.8520973399,-627.41396811,-13.89265683875)
  );
#813 = CARTESIAN_POINT('',(154.8520973399,-627.41396811,13.892656838759)
  );
#814 = CARTESIAN_POINT('',(154.8520973399,-627.41396811,41.677970516277)
  );
#815 = CARTESIAN_POINT('',(85.388813146112,-531.1628181226,
    41.677970516277));
#816 = CARTESIAN_POINT('',(85.388813146112,-531.1628181226,
    -13.89265683875));
#817 = CARTESIAN_POINT('',(154.8520973399,-531.1628181226,
    -13.89265683875));
#818 = CARTESIAN_POINT('',(154.8520973399,-531.1628181226,
    13.892656838759));
#819 = CARTESIAN_POINT('',(154.8520973399,-531.1628181226,
    41.677970516277));
#820 = CARTESIAN_POINT('',(85.388813146112,-531.1628181226,
    41.677970516277));
#821 = MANIFOLD_SOLID_BREP('',#822);
#822 = CLOSED_SHELL('',(#823));
#823 = ADVANCED_FACE('',(#824),#828,.T.);
#824 = FACE_BOUND('',#825,.T.);
#825 = VERTEX_LOOP('',#826);
#826 = VERTEX_POINT('',#827);
#827 = CARTESIAN_POINT('',(376.46485047763,-303.5240186158,
    -9.554794998118));
#828 = ( BOUNDED_SURFACE() B_SPLINE_SURFACE(2,2,(
    (#829,#830,#831,#832,#833)
    ,(#834,#835,#836,#837,#838)
    ,(#839,#840,#841,#842,#843)
    ,(#844,#845,#846,#847,#848)
    ,(#849,#850,#851,#852,#853)
    ,(#854,#855,#856,#857,#858)
    ,(#859,#860,#861,#862,#863
)),.UNSPECIFIED.,.T.,.F.,.F.) B_SPLINE_SURFACE_WITH_KNOTS((1,2,2,2,2,1),
  (3,2,3),(-2.094395102393,0.,2.094395102393,4.188790204786,
    6.28318530718,8.377580409573),(-1.570796326795,0.,1.570796326795),
.UNSPECIFIED.) GEOMETRIC_REPRESENTATION_ITEM() RATIONAL_B_SPLINE_SURFACE
((
    (1.,0.707106781187,1.,0.707106781187,1.)
    ,(0.5,0.353553390593,0.5,0.353553390593,0.5)
    ,(1.,0.707106781187,1.,0.707106781187,1.)
    ,(0.5,0.353553390593,0.5,0.353553390593,0.5)
    ,(1.,0.707106781187,1.,0.707106781187,1.)
    ,(0.5,0.353553390593,0.5,0.353553390593,0.5)
,(1.,0.707106781187,1.,0.707106781187,1.
))) REPRESENTATION_ITEM('') SURFACE() );
#829 = CARTESIAN_POINT('',(376.46485047763,-303.5240186158,
    -9.554794998118));
#830 = CARTESIAN_POINT('',(424.23882546822,-303.5240186158,
    -9.554794998118));
#831 = CARTESIAN_POINT('',(424.23882546822,-303.5240186158,
    9.554794998118));
#832 = CARTESIAN_POINT('',(424.23882546822,-303.5240186158,
    28.664384994353));
#833 = CARTESIAN_POINT('',(376.46485047763,-303.5240186158,
    28.664384994353));
#834 = CARTESIAN_POINT('',(376.46485047763,-303.5240186158,
    -9.554794998118));
#835 = CARTESIAN_POINT('',(424.23882546822,-237.3264570452,
    -9.554794998118));
#836 = CARTESIAN_POINT('',(424.23882546822,-237.3264570452,
    9.554794998118));
#837 = CARTESIAN_POINT('',(424.23882546822,-237.3264570452,
    28.664384994353));
#838 = CARTESIAN_POINT('',(376.46485047763,-303.5240186158,
    28.664384994353));
#839 = CARTESIAN_POINT('',(376.46485047763,-303.5240186158,
    -9.554794998118));
#840 = CARTESIAN_POINT('',(352.57786298233,-270.4252378305,
    -9.554794998118));
#841 = CARTESIAN_POINT('',(352.57786298233,-270.4252378305,
    9.554794998118));
#842 = CARTESIAN_POINT('',(352.57786298233,-270.4252378305,
    28.664384994353));
#843 = CARTESIAN_POINT('',(376.46485047763,-303.5240186158,
    28.664384994353));
#844 = CARTESIAN_POINT('',(376.46485047763,-303.5240186158,
    -9.554794998118));
#845 = CARTESIAN_POINT('',(280.91690049645,-303.5240186158,
    -9.554794998118));
#846 = CARTESIAN_POINT('',(280.91690049645,-303.5240186158,
    9.554794998118));
#847 = CARTESIAN_POINT('',(280.91690049645,-303.5240186158,
    28.664384994353));
#848 = CARTESIAN_POINT('',(376.46485047763,-303.5240186158,
    28.664384994353));
#849 = CARTESIAN_POINT('',(376.46485047763,-303.5240186158,
    -9.554794998118));
#850 = CARTESIAN_POINT('',(352.57786298233,-336.6227994011,
    -9.554794998118));
#851 = CARTESIAN_POINT('',(352.57786298233,-336.6227994011,
    9.554794998118));
#852 = CARTESIAN_POINT('',(352.57786298233,-336.6227994011,
    28.664384994353));
#853 = CARTESIAN_POINT('',(376.46485047763,-303.5240186158,
    28.664384994353));
#854 = CARTESIAN_POINT('',(376.46485047763,-303.5240186158,
    -9.554794998118));
#855 = CARTESIAN_POINT('',(424.23882546822,-369.7215801863,
    -9.554794998118));
#856 = CARTESIAN_POINT('',(424.23882546822,-369.7215801863,
    9.554794998118));
#857 = CARTESIAN_POINT('',(424.23882546822,-369.7215801863,
    28.664384994353));
#858 = CARTESIAN_POINT('',(376.46485047763,-303.5240186158,
    28.664384994353));
#859 = CARTESIAN_POINT('',(376.46485047763,-303.5240186158,
    -9.554794998118));
#860 = CARTESIAN_POINT('',(424.23882546822,-303.5240186158,
    -9.554794998118));
#861 = CARTESIAN_POINT('',(424.23882546822,-303.5240186158,
    9.554794998118));
#862 = CARTESIAN_POINT('',(424.23882546822,-303.5240186158,
    28.664384994353));
#863 = CARTESIAN_POINT('',(376.46485047763,-303.5240186158,
    28.664384994353));
#864 = MANIFOLD_SOLID_BREP('',#865);
#865 = CLOSED_SHELL('',(#866));
#866 = ADVANCED_FACE('',(#867),#871,.T.);
#867 = FACE_BOUND('',#868,.T.);
#868 = VERTEX_LOOP('',#869);
#869 = VERTEX_POINT('',#870);
#870 = CARTESIAN_POINT('',(-766.2388840164,660.23929606017,
    -14.03726031366));
#871 = ( BOUNDED_SURFACE() B_SPLINE_SURFACE(2,2,(
    (#872,#873,#874,#875,#876)
    ,(#877,#878,#879,#880,#881)
    ,(#882,#883,#884,#885,#886)
    ,(#887,#888,#889,#890,#891)
    ,(#892,#893,#894,#895,#896)
    ,(#897,#898,#899,#900,#901)
    ,(#902,#903,#904,#905,#906
)),.UNSPECIFIED.,.T.,.F.,.F.) B_SPLINE_SURFACE_WITH_KNOTS((1,2,2,2,2,1),
  (3,2,3),(-2.094395102393,0.,2.094395102393,4.188790204786,
    6.28318530718,8.377580409573),(-1.570796326795,0.,1.570796326795),
.UNSPECIFIED.) GEOMETRIC_REPRESENTATION_ITEM() RATIONAL_B_SPLINE_SURFACE
((
    (1.,0.707106781187,1.,0.707106781187,1.)
    ,(0.5,0.353553390593,0.5,0.353553390593,0.5)
    ,(1.,0.707106781187,1.,0.707106781187,1.)
    ,(0.5,0.353553390593,0.5,0.353553390593,0.5)
    ,(1.,0.707106781187,1.,0.707106781187,1.)
    ,(0.5,0.353553390593,0.5,0.353553390593,0.5)
,(1.,0.707106781187,1.,0.707106781187,1.
))) REPRESENTATION_ITEM('') SURFACE() );
#872 = CARTESIAN_POINT('',(-766.2388840164,660.23929606017,
    -14.03726031366));
#873 = CARTESIAN_POINT('',(-696.052582448,660.23929606017,
    -14.03726031366));
#874 = CARTESIAN_POINT('',(-696.052582448,660.23929606017,
    14.037260313669));
#875 = CARTESIAN_POINT('',(-696.052582448,660.23929606017,
    42.111780941007));
#876 = CARTESIAN_POINT('',(-766.2388840164,660.23929606017,
    42.111780941007));
#877 = CARTESIAN_POINT('',(-766.2388840164,660.23929606017,
    -14.03726031366));
#878 = CARTESIAN_POINT('',(-696.052582448,757.49228830955,
    -14.03726031366));
#879 = CARTESIAN_POINT('',(-696.052582448,757.49228830955,
    14.037260313669));
#880 = CARTESIAN_POINT('',(-696.052582448,757.49228830955,
    42.111780941007));
#881 = CARTESIAN_POINT('',(-766.2388840164,660.23929606017,
    42.111780941007));
#882 = CARTESIAN_POINT('',(-766.2388840164,660.23929606017,
    -14.03726031366));
#883 = CARTESIAN_POINT('',(-801.3320348005,708.86579218486,
    -14.03726031366));
#884 = CARTESIAN_POINT('',(-801.3320348005,708.86579218486,
    14.037260313669));
#885 = CARTESIAN_POINT('',(-801.3320348005,708.86579218486,
    42.111780941007));
#886 = CARTESIAN_POINT('',(-766.2388840164,660.23929606017,
    42.111780941007));
#887 = CARTESIAN_POINT('',(-766.2388840164,660.23929606017,
    -14.03726031366));
#888 = CARTESIAN_POINT('',(-906.6114871531,660.23929606017,
    -14.03726031366));
#889 = CARTESIAN_POINT('',(-906.6114871531,660.23929606017,
    14.037260313669));
#890 = CARTESIAN_POINT('',(-906.6114871531,660.23929606017,
    42.111780941007));
#891 = CARTESIAN_POINT('',(-766.2388840164,660.23929606017,
    42.111780941007));
#892 = CARTESIAN_POINT('',(-766.2388840164,660.23929606017,
    -14.03726031366));
#893 = CARTESIAN_POINT('',(-801.3320348005,611.61279993548,
    -14.03726031366));
#894 = CARTESIAN_POINT('',(-801.3320348005,611.61279993548,
    14.037260313669));
#895 = CARTESIAN_POINT('',(-801.3320348005,611.61279993548,
    42.111780941007));
#896 = CARTESIAN_POINT('',(-766.2388840164,660.23929606017,
    42.111780941007));
#897 = CARTESIAN_POINT('',(-766.2388840164,660.23929606017,
    -14.03726031366));
#898 = CARTESIAN_POINT('',(-696.052582448,562.98630381079,
    -14.03726031366));
#899 = CARTESIAN_POINT('',(-696.052582448,562.98630381079,
    14.037260313669));
#900 = CARTESIAN_POINT('',(-696.052582448,562.98630381079,
    42.111780941007));
#901 = CARTESIAN_POINT('',(-766.2388840164,660.23929606017,
    42.111780941007));
#902 = CARTESIAN_POINT('',(-766.2388840164,660.23929606017,
    -14.03726031366));
#903 = CARTESIAN_POINT('',(-696.052582448,660.23929606017,
    -14.03726031366));
#904 = CARTESIAN_POINT('',(-696.052582448,660.23929606017,
    14.037260313669));
#905 = CARTESIAN_POINT('',(-696.052582448,660.23929606017,
    42.111780941007));
#906 = CARTESIAN_POINT('',(-766.2388840164,660.23929606017,
    42.111780941007));
#907 = MANIFOLD_SOLID_BREP('',#908);
#908 = CLOSED_SHELL('',(#909));
#909 = ADVANCED_FACE('',(#910),#914,.T.);
#910 = FACE_BOUND('',#911,.T.);
#911 = VERTEX_LOOP('',#912);
#912 = VERTEX_POINT('',#913);
#913 = CARTESIAN_POINT('',(898.9199515608,-230.7846833041,
    -13.52040631273));
#914 = ( BOUNDED_SURFACE() B_SPLINE_SURFACE(2,2,(
    (#915,#916,#917,#918,#919)
    ,(#920,#921,#922,#923,#924)
    ,(#925,#926,#927,#928,#929)
    ,(#930,#931,#932,#933,#934)
    ,(#935,#936,#937,#938,#939)
    ,(#940,#941,#942,#943,#944)
    ,(#945,#946,#947,#948,#949
)),.UNSPECIFIED.,.T.,.F.,.F.) B_SPLINE_SURFACE_WITH_KNOTS((1,2,2,2,2,1),
  (3,2,3),(-2.094395102393,0.,2.094395102393,4.188790204786,
    6.28318530718,8.377580409573),(-1.570796326795,0.,1.570796326795),
.UNSPECIFIED.) GEOMETRIC_REPRESENTATION_ITEM() RATIONAL_B_SPLINE_SURFACE
((
    (1.,0.707106781187,1.,0.707106781187,1.)
    ,(0.5,0.353553390593,0.5,0.353553390593,0.5)
    ,(1.,0.707106781187,1.,0.707106781187,1.)
    ,(0.5,0.353553390593,0.5,0.353553390593,0.5)
    ,(1.,0.707106781187,1.,0.707106781187,1.)
    ,(0.5,0.353553390593,0.5,0.353553390593,0.5)
,(1.,0.707106781187,1.,0.707106781187,1.
))) REPRESENTATION_ITEM('') SURFACE() );
#915 = CARTESIAN_POINT('',(898.9199515608,-230.7846833041,
    -13.52040631273));
#916 = CARTESIAN_POINT('',(966.52198312446,-230.7846833041,
    -13.52040631273));
#917 = CARTESIAN_POINT('',(966.52198312446,-230.7846833041,
    13.520406312732));
#918 = CARTESIAN_POINT('',(966.52198312446,-230.7846833041,
    40.561218938197));
#919 = CARTESIAN_POINT('',(898.9199515608,-230.7846833041,
    40.561218938197));
#920 = CARTESIAN_POINT('',(898.9199515608,-230.7846833041,
    -13.52040631273));
#921 = CARTESIAN_POINT('',(966.52198312446,-137.1125606136,
    -13.52040631273));
#922 = CARTESIAN_POINT('',(966.52198312446,-137.1125606136,
    13.520406312732));
#923 = CARTESIAN_POINT('',(966.52198312446,-137.1125606136,
    40.561218938197));
#924 = CARTESIAN_POINT('',(898.9199515608,-230.7846833041,
    40.561218938197));
#925 = CARTESIAN_POINT('',(898.9199515608,-230.7846833041,
    -13.52040631273));
#926 = CARTESIAN_POINT('',(865.11893577897,-183.9486219588,
    -13.52040631273));
#927 = CARTESIAN_POINT('',(865.11893577897,-183.9486219588,
    13.520406312732));
#928 = CARTESIAN_POINT('',(865.11893577897,-183.9486219588,
    40.561218938197));
#929 = CARTESIAN_POINT('',(898.9199515608,-230.7846833041,
    40.561218938197));
#930 = CARTESIAN_POINT('',(898.9199515608,-230.7846833041,
    -13.52040631273));
#931 = CARTESIAN_POINT('',(763.71588843348,-230.7846833041,
    -13.52040631273));
#932 = CARTESIAN_POINT('',(763.71588843348,-230.7846833041,
    13.520406312732));
#933 = CARTESIAN_POINT('',(763.71588843348,-230.7846833041,
    40.561218938197));
#934 = CARTESIAN_POINT('',(898.9199515608,-230.7846833041,
    40.561218938197));
#935 = CARTESIAN_POINT('',(898.9199515608,-230.7846833041,
    -13.52040631273));
#936 = CARTESIAN_POINT('',(865.11893577897,-277.6207446493,
    -13.52040631273));
#937 = CARTESIAN_POINT('',(865.11893577897,-277.6207446493,
    13.520406312732));
#938 = CARTESIAN_POINT('',(865.11893577897,-277.6207446493,
    40.561218938197));
#939 = CARTESIAN_POINT('',(898.9199515608,-230.7846833041,
    40.561218938197));
#940 = CARTESIAN_POINT('',(898.9199515608,-230.7846833041,
    -13.52040631273));
#941 = CARTESIAN_POINT('',(966.52198312446,-324.4568059946,
    -13.52040631273));
#942 = CARTESIAN_POINT('',(966.52198312446,-324.4568059946,
    13.520406312732));
#943 = CARTESIAN_POINT('',(966.52198312446,-324.4568059946,
    40.561218938197));
#944 = CARTESIAN_POINT('',(898.9199515608,-230.7846833041,
    40.561218938197));
#945 = CARTESIAN_POINT('',(898.9199515608,-230.7846833041,
    -13.52040631273));
#946 = CARTESIAN_POINT('',(966.52198312446,-230.7846833041,
    -13.52040631273));
#947 = CARTESIAN_POINT('',(966.52198312446,-230.7846833041,
    13.520406312732));
#948 = CARTESIAN_POINT('',(966.52198312446,-230.7846833041,
    40.561218938197));
#949 = CARTESIAN_POINT('',(898.9199515608,-230.7846833041,
    40.561218938197));
#950 = MANIFOLD_SOLID_BREP('',#951);
#951 = CLOSED_SHELL('',(#952));
#952 = ADVANCED_FACE('',(#953),#957,.T.);
#953 = FACE_BOUND('',#954,.T.);
#954 = VERTEX_LOOP('',#955);
#955 = VERTEX_POINT('',#956);
#956 = CARTESIAN_POINT('',(146.96907598784,388.68648880835,
    -8.458243836557));
#957 = ( BOUNDED_SURFACE() B_SPLINE_SURFACE(2,2,(
    (#958,#959,#960,#961,#962)
    ,(#963,#964,#965,#966,#967)
    ,(#968,#969,#970,#971,#972)
    ,(#973,#974,#975,#976,#977)
    ,(#978,#979,#980,#981,#982)
    ,(#983,#984,#985,#986,#987)
    ,(#988,#989,#990,#991,#992
)),.UNSPECIFIED.,.T.,.F.,.F.) B_SPLINE_SURFACE_WITH_KNOTS((1,2,2,2,2,1),
  (3,2,3),(-2.094395102393,0.,2.094395102393,4.188790204786,
    6.28318530718,8.377580409573),(-1.570796326795,0.,1.570796326795),
.UNSPECIFIED.) GEOMETRIC_REPRESENTATION_ITEM() RATIONAL_B_SPLINE_SURFACE
((
    (1.,0.707106781187,1.,0.707106781187,1.)
    ,(0.5,0.353553390593,0.5,0.353553390593,0.5)
    ,(1.,0.707106781187,1.,0.707106781187,1.)
    ,(0.5,0.353553390593,0.5,0.353553390593,0.5)
    ,(1.,0.707106781187,1.,0.707106781187,1.)
    ,(0.5,0.353553390593,0.5,0.353553390593,0.5)
,(1.,0.707106781187,1.,0.707106781187,1.
))) REPRESENTATION_ITEM('') SURFACE() );
#958 = CARTESIAN_POINT('',(146.96907598784,388.68648880835,
    -8.458243836557));
#959 = CARTESIAN_POINT('',(189.26029517063,388.68648880835,
    -8.458243836557));
#960 = CARTESIAN_POINT('',(189.26029517063,388.68648880835,
    8.458243836557));
#961 = CARTESIAN_POINT('',(189.26029517063,388.68648880835,
    25.37473150967));
#962 = CARTESIAN_POINT('',(146.96907598784,388.68648880835,
    25.37473150967));
#963 = CARTESIAN_POINT('',(146.96907598784,388.68648880835,
    -8.458243836557));
#964 = CARTESIAN_POINT('',(189.26029517063,447.28692107924,
    -8.458243836557));
#965 = CARTESIAN_POINT('',(189.26029517063,447.28692107924,
    8.458243836557));
#966 = CARTESIAN_POINT('',(189.26029517063,447.28692107924,
    25.37473150967));
#967 = CARTESIAN_POINT('',(146.96907598784,388.68648880835,
    25.37473150967));
#968 = CARTESIAN_POINT('',(146.96907598784,388.68648880835,
    -8.458243836557));
#969 = CARTESIAN_POINT('',(125.82346639645,417.98670494379,
    -8.458243836557));
#970 = CARTESIAN_POINT('',(125.82346639645,417.98670494379,
    8.458243836557));
#971 = CARTESIAN_POINT('',(125.82346639645,417.98670494379,
    25.37473150967));
#972 = CARTESIAN_POINT('',(146.96907598784,388.68648880835,
    25.37473150967));
#973 = CARTESIAN_POINT('',(146.96907598784,388.68648880835,
    -8.458243836557));
#974 = CARTESIAN_POINT('',(62.386637622282,388.68648880835,
    -8.458243836557));
#975 = CARTESIAN_POINT('',(62.386637622282,388.68648880835,
    8.458243836557));
#976 = CARTESIAN_POINT('',(62.386637622282,388.68648880835,
    25.37473150967));
#977 = CARTESIAN_POINT('',(146.96907598784,388.68648880835,
    25.37473150967));
#978 = CARTESIAN_POINT('',(146.96907598784,388.68648880835,
    -8.458243836557));
#979 = CARTESIAN_POINT('',(125.82346639645,359.38627267291,
    -8.458243836557));
#980 = CARTESIAN_POINT('',(125.82346639645,359.38627267291,
    8.458243836557));
#981 = CARTESIAN_POINT('',(125.82346639645,359.38627267291,
    25.37473150967));
#982 = CARTESIAN_POINT('',(146.96907598784,388.68648880835,
    25.37473150967));
#983 = CARTESIAN_POINT('',(146.96907598784,388.68648880835,
    -8.458243836557));
#984 = CARTESIAN_POINT('',(189.26029517063,330.08605653746,
    -8.458243836557));
#985 = CARTESIAN_POINT('',(189.26029517063,330.08605653746,
    8.458243836557));
#986 = CARTESIAN_POINT('',(189.26029517063,330.08605653746,
    25.37473150967));
#987 = CARTESIAN_POINT('',(146.96907598784,388.68648880835,
    25.37473150967));
#988 = CARTESIAN_POINT('',(146.96907598784,388.68648880835,
    -8.458243836557));
#989 = CARTESIAN_POINT('',(189.26029517063,388.68648880835,
    -8.458243836557));
#990 = CARTESIAN_POINT('',(189.26029517063,388.68648880835,
    8.458243836557));
#991 = CARTESIAN_POINT('',(189.26029517063,388.68648880835,
    25.37473150967));
#992 = CARTESIAN_POINT('',(146.96907598784,388.68648880835,
    25.37473150967));
#993 = MANIFOLD_SOLID_BREP('',#994);
#994 = CLOSED_SHELL('',(#995));
#995 = ADVANCED_FACE('',(#996),#1000,.T.);
#996 = FACE_BOUND('',#997,.T.);
#997 = VERTEX_LOOP('',#998);
#998 = VERTEX_POINT('',#999);
#999 = CARTESIAN_POINT('',(-507.697315914,-758.0972841215,-10.7797360311
    ));
#1000 = ( BOUNDED_SURFACE() B_SPLINE_SURFACE(2,2,(
    (#1001,#1002,#1003,#1004,#1005)
    ,(#1006,#1007,#1008,#1009,#1010)
    ,(#1011,#1012,#1013,#1014,#1015)
    ,(#1016,#1017,#1018,#1019,#1020)
    ,(#1021,#1022,#1023,#1024,#1025)
    ,(#1026,#1027,#1028,#1029,#1030)
    ,(#1031,#1032,#1033,#1034,#1035
)),.UNSPECIFIED.,.T.,.F.,.F.) B_SPLINE_SURFACE_WITH_KNOTS((1,2,2,2,2,1),
  (3,2,3),(-2.094395102393,0.,2.094395102393,4.188790204786,
    6.28318530718,8.377580409573),(-1.570796326795,0.,1.570796326795),
.UNSPECIFIED.) GEOMETRIC_REPRESENTATION_ITEM() RATIONAL_B_SPLINE_SURFACE
((
    (1.,0.707106781187,1.,0.707106781187,1.)
    ,(0.5,0.353553390593,0.5,0.353553390593,0.5)
    ,(1.,0.707106781187,1.,0.707106781187,1.)
    ,(0.5,0.353553390593,0.5,0.353553390593,0.5)
    ,(1.,0.707106781187,1.,0.707106781187,1.)
    ,(0.5,0.353553390593,0.5,0.353553390593,0.5)
,(1.,0.707106781187,1.,0.707106781187,1.
))) REPRESENTATION_ITEM('') SURFACE() );
#1001 = CARTESIAN_POINT('',(-507.697315914,-758.0972841215,
    -10.7797360311));
#1002 = CARTESIAN_POINT('',(-453.7986357585,-758.0972841215,
    -10.7797360311));
#1003 = CARTESIAN_POINT('',(-453.7986357585,-758.0972841215,
    10.779736031101));
#1004 = CARTESIAN_POINT('',(-453.7986357585,-758.0972841215,
    32.339208093303));
#1005 = CARTESIAN_POINT('',(-507.697315914,-758.0972841215,
    32.339208093303));
#1006 = CARTESIAN_POINT('',(-507.697315914,-758.0972841215,
    -10.7797360311));
#1007 = CARTESIAN_POINT('',(-453.7986357585,-683.4130821293,
    -10.7797360311));
#1008 = CARTESIAN_POINT('',(-453.7986357585,-683.4130821293,
    10.779736031101));
#1009 = CARTESIAN_POINT('',(-453.7986357585,-683.4130821293,
    32.339208093303));
#1010 = CARTESIAN_POINT('',(-507.697315914,-758.0972841215,
    32.339208093303));
#1011 = CARTESIAN_POINT('',(-507.697315914,-758.0972841215,
    -10.7797360311));
#1012 = CARTESIAN_POINT('',(-534.6466559917,-720.7551831254,
    -10.7797360311));
#1013 = CARTESIAN_POINT('',(-534.6466559917,-720.7551831254,
    10.779736031101));
#1014 = CARTESIAN_POINT('',(-534.6466559917,-720.7551831254,
    32.339208093303));
#1015 = CARTESIAN_POINT('',(-507.697315914,-758.0972841215,
    32.339208093303));
#1016 = CARTESIAN_POINT('',(-507.697315914,-758.0972841215,
    -10.7797360311));
#1017 = CARTESIAN_POINT('',(-615.494676225,-758.0972841215,
    -10.7797360311));
#1018 = CARTESIAN_POINT('',(-615.494676225,-758.0972841215,
    10.779736031101));
#1019 = CARTESIAN_POINT('',(-615.494676225,-758.0972841215,
    32.339208093303));
#1020 = CARTESIAN_POINT('',(-507.697315914,-758.0972841215,
    32.339208093303));
#1021 = CARTESIAN_POINT('',(-507.697315914,-758.0972841215,
    -10.7797360311));
#1022 = CARTESIAN_POINT('',(-534.6466559917,-795.4393851176,
    -10.7797360311));
#1023 = CARTESIAN_POINT('',(-534.6466559917,-795.4393851176,
    10.779736031101));
#1024 = CARTESIAN_POINT('',(-534.6466559917,-795.4393851176,
    32.339208093303));
#1025 = CARTESIAN_POINT('',(-507.697315914,-758.0972841215,
    32.339208093303));
#1026 = CARTESIAN_POINT('',(-507.697315914,-758.0972841215,
    -10.7797360311));
#1027 = CARTESIAN_POINT('',(-453.7986357585,-832.7814861137,
    -10.7797360311));
#1028 = CARTESIAN_POINT('',(-453.7986357585,-832.7814861137,
    10.779736031101));
#1029 = CARTESIAN_POINT('',(-453.7986357585,-832.7814861137,
    32.339208093303));
#1030 = CARTESIAN_POINT('',(-507.697315914,-758.0972841215,
    32.339208093303));
#1031 = CARTESIAN_POINT('',(-507.697315914,-758.0972841215,
    -10.7797360311));
#1032 = CARTESIAN_POINT('',(-453.7986357585,-758.0972841215,
    -10.7797360311));
#1033 = CARTESIAN_POINT('',(-453.7986357585,-758.0972841215,
    10.779736031101));
#1034 = CARTESIAN_POINT('',(-453.7986357585,-758.0972841215,
    32.339208093303));
#1035 = CARTESIAN_POINT('',(-507.697315914,-758.0972841215,
    32.339208093303));
#1036 = MANIFOLD_SOLID_BREP('',#1037);
#1037 = CLOSED_SHELL('',(#1038));
#1038 = ADVANCED_FACE('',(#1039),#1043,.T.);
#1039 = FACE_BOUND('',#1040,.T.);
#1040 = VERTEX_LOOP('',#1041);
#1041 = VERTEX_POINT('',#1042);
#1042 = CARTESIAN_POINT('',(435.34091610566,-639.5352618523,
    -11.79455441757));
#1043 = ( BOUNDED_SURFACE() B_SPLINE_SURFACE(2,2,(
    (#1044,#1045,#1046,#1047,#1048)
    ,(#1049,#1050,#1051,#1052,#1053)
    ,(#1054,#1055,#1056,#1057,#1058)
    ,(#1059,#1060,#1061,#1062,#1063)
    ,(#1064,#1065,#1066,#1067,#1068)
    ,(#1069,#1070,#1071,#1072,#1073)
    ,(#1074,#1075,#1076,#1077,#1078
)),.UNSPECIFIED.,.T.,.F.,.F.) B_SPLINE_SURFACE_WITH_KNOTS((1,2,2,2,2,1),
  (3,2,3),(-2.094395102393,0.,2.094395102393,4.188790204786,
    6.28318530718,8.377580409573),(-1.570796326795,0.,1.570796326795),
.UNSPECIFIED.) GEOMETRIC_REPRESENTATION_ITEM() RATIONAL_B_SPLINE_SURFACE
((
    (1.,0.707106781187,1.,0.707106781187,1.)
    ,(0.5,0.353553390593,0.5,0.353553390593,0.5)
    ,(1.,0.707106781187,1.,0.707106781187,1.)
    ,(0.5,0.353553390593,0.5,0.353553390593,0.5)
    ,(1.,0.707106781187,1.,0.707106781187,1.)
    ,(0.5,0.353553390593,0.5,0.353553390593,0.5)
,(1.,0.707106781187,1.,0.707106781187,1.
))) REPRESENTATION_ITEM('') SURFACE() );
#1044 = CARTESIAN_POINT('',(435.34091610566,-639.5352618523,
    -11.79455441757));
#1045 = CARTESIAN_POINT('',(494.31368819354,-639.5352618523,
    -11.79455441757));
#1046 = CARTESIAN_POINT('',(494.31368819354,-639.5352618523,
    11.794554417576));
#1047 = CARTESIAN_POINT('',(494.31368819354,-639.5352618523,
    35.383663252729));
#1048 = CARTESIAN_POINT('',(435.34091610566,-639.5352618523,
    35.383663252729));
#1049 = CARTESIAN_POINT('',(435.34091610566,-639.5352618523,
    -11.79455441757));
#1050 = CARTESIAN_POINT('',(494.31368819354,-557.8201918368,
    -11.79455441757));
#1051 = CARTESIAN_POINT('',(494.31368819354,-557.8201918368,
    11.794554417576));
#1052 = CARTESIAN_POINT('',(494.31368819354,-557.8201918368,
    35.383663252729));
#1053 = CARTESIAN_POINT('',(435.34091610566,-639.5352618523,
    35.383663252729));
#1054 = CARTESIAN_POINT('',(435.34091610566,-639.5352618523,
    -11.79455441757));
#1055 = CARTESIAN_POINT('',(405.85453006172,-598.6777268445,
    -11.79455441757));
#1056 = CARTESIAN_POINT('',(405.85453006172,-598.6777268445,
    11.794554417576));
#1057 = CARTESIAN_POINT('',(405.85453006172,-598.6777268445,
    35.383663252729));
#1058 = CARTESIAN_POINT('',(435.34091610566,-639.5352618523,
    35.383663252729));
#1059 = CARTESIAN_POINT('',(435.34091610566,-639.5352618523,
    -11.79455441757));
#1060 = CARTESIAN_POINT('',(317.39537192989,-639.5352618523,
    -11.79455441757));
#1061 = CARTESIAN_POINT('',(317.39537192989,-639.5352618523,
    11.794554417576));
#1062 = CARTESIAN_POINT('',(317.39537192989,-639.5352618523,
    35.383663252729));
#1063 = CARTESIAN_POINT('',(435.34091610566,-639.5352618523,
    35.383663252729));
#1064 = CARTESIAN_POINT('',(435.34091610566,-639.5352618523,
    -11.79455441757));
#1065 = CARTESIAN_POINT('',(405.85453006172,-680.39279686,
    -11.79455441757));
#1066 = CARTESIAN_POINT('',(405.85453006172,-680.39279686,
    11.794554417576));
#1067 = CARTESIAN_POINT('',(405.85453006172,-680.39279686,
    35.383663252729));
#1068 = CARTESIAN_POINT('',(435.34091610566,-639.5352618523,
    35.383663252729));
#1069 = CARTESIAN_POINT('',(435.34091610566,-639.5352618523,
    -11.79455441757));
#1070 = CARTESIAN_POINT('',(494.31368819354,-721.2503318678,
    -11.79455441757));
#1071 = CARTESIAN_POINT('',(494.31368819354,-721.2503318678,
    11.794554417576));
#1072 = CARTESIAN_POINT('',(494.31368819354,-721.2503318678,
    35.383663252729));
#1073 = CARTESIAN_POINT('',(435.34091610566,-639.5352618523,
    35.383663252729));
#1074 = CARTESIAN_POINT('',(435.34091610566,-639.5352618523,
    -11.79455441757));
#1075 = CARTESIAN_POINT('',(494.31368819354,-639.5352618523,
    -11.79455441757));
#1076 = CARTESIAN_POINT('',(494.31368819354,-639.5352618523,
    11.794554417576));
#1077 = CARTESIAN_POINT('',(494.31368819354,-639.5352618523,
    35.383663252729));
#1078 = CARTESIAN_POINT('',(435.34091610566,-639.5352618523,
    35.383663252729));
#1079 = MANIFOLD_SOLID_BREP('',#1080);
#1080 = CLOSED_SHELL('',(#1081));
#1081 = ADVANCED_FACE('',(#1082),#1086,.T.);
#1082 = FACE_BOUND('',#1083,.T.);
#1083 = VERTEX_LOOP('',#1084);
#1084 = VERTEX_POINT('',#1085);
#1085 = CARTESIAN_POINT('',(350.76707688076,651.41864836063,
    -15.75999911546));
#1086 = ( BOUNDED_SURFACE() B_SPLINE_SURFACE(2,2,(
    (#1087,#1088,#1089,#1090,#1091)
    ,(#1092,#1093,#1094,#1095,#1096)
    ,(#1097,#1098,#1099,#1100,#1101)
    ,(#1102,#1103,#1104,#1105,#1106)
    ,(#1107,#1108,#1109,#1110,#1111)
    ,(#1112,#1113,#1114,#1115,#1116)
    ,(#1117,#1118,#1119,#1120,#1121
)),.UNSPECIFIED.,.T.,.F.,.F.) B_SPLINE_SURFACE_WITH_KNOTS((1,2,2,2,2,1),
  (3,2,3),(-2.094395102393,0.,2.094395102393,4.188790204786,
    6.28318530718,8.377580409573),(-1.570796326795,0.,1.570796326795),
.UNSPECIFIED.) GEOMETRIC_REPRESENTATION_ITEM() RATIONAL_B_SPLINE_SURFACE
((
    (1.,0.707106781187,1.,0.707106781187,1.)
    ,(0.5,0.353553390593,0.5,0.353553390593,0.5)
    ,(1.,0.707106781187,1.,0.707106781187,1.)
    ,(0.5,0.353553390593,0.5,0.353553390593,0.5)
    ,(1.,0.707106781187,1.,0.707106781187,1.)
    ,(0.5,0.353553390593,0.5,0.353553390593,0.5)
,(1.,0.707106781187,1.,0.707106781187,1.
))) REPRESENTATION_ITEM('') SURFACE() );
#1087 = CARTESIAN_POINT('',(350.76707688076,651.41864836063,
    -15.75999911546));
#1088 = CARTESIAN_POINT('',(429.56707245807,651.41864836063,
    -15.75999911546));
#1089 = CARTESIAN_POINT('',(429.56707245807,651.41864836063,
    15.759999115462));
#1090 = CARTESIAN_POINT('',(429.56707245807,651.41864836063,
    47.279997346387));
#1091 = CARTESIAN_POINT('',(350.76707688076,651.41864836063,
    47.279997346387));
#1092 = CARTESIAN_POINT('',(350.76707688076,651.41864836063,
    -15.75999911546));
#1093 = CARTESIAN_POINT('',(429.56707245807,760.60712514152,
    -15.75999911546));
#1094 = CARTESIAN_POINT('',(429.56707245807,760.60712514152,
    15.759999115462));
#1095 = CARTESIAN_POINT('',(429.56707245807,760.60712514152,
    47.279997346387));
#1096 = CARTESIAN_POINT('',(350.76707688076,651.41864836063,
    47.279997346387));
#1097 = CARTESIAN_POINT('',(350.76707688076,651.41864836063,
    -15.75999911546));
#1098 = CARTESIAN_POINT('',(311.3670790921,706.01288675108,
    -15.75999911546));
#1099 = CARTESIAN_POINT('',(311.3670790921,706.01288675108,
    15.759999115462));
#1100 = CARTESIAN_POINT('',(311.3670790921,706.01288675108,
    47.279997346387));
#1101 = CARTESIAN_POINT('',(350.76707688076,651.41864836063,
    47.279997346387));
#1102 = CARTESIAN_POINT('',(350.76707688076,651.41864836063,
    -15.75999911546));
#1103 = CARTESIAN_POINT('',(193.16708572613,651.41864836063,
    -15.75999911546));
#1104 = CARTESIAN_POINT('',(193.16708572613,651.41864836063,
    15.759999115462));
#1105 = CARTESIAN_POINT('',(193.16708572613,651.41864836063,
    47.279997346387));
#1106 = CARTESIAN_POINT('',(350.76707688076,651.41864836063,
    47.279997346387));
#1107 = CARTESIAN_POINT('',(350.76707688076,651.41864836063,
    -15.75999911546));
#1108 = CARTESIAN_POINT('',(311.3670790921,596.82440997019,
    -15.75999911546));
#1109 = CARTESIAN_POINT('',(311.3670790921,596.82440997019,
    15.759999115462));
#1110 = CARTESIAN_POINT('',(311.3670790921,596.82440997019,
    47.279997346387));
#1111 = CARTESIAN_POINT('',(350.76707688076,651.41864836063,
    47.279997346387));
#1112 = CARTESIAN_POINT('',(350.76707688076,651.41864836063,
    -15.75999911546));
#1113 = CARTESIAN_POINT('',(429.56707245807,542.23017157975,
    -15.75999911546));
#1114 = CARTESIAN_POINT('',(429.56707245807,542.23017157975,
    15.759999115462));
#1115 = CARTESIAN_POINT('',(429.56707245807,542.23017157975,
    47.279997346387));
#1116 = CARTESIAN_POINT('',(350.76707688076,651.41864836063,
    47.279997346387));
#1117 = CARTESIAN_POINT('',(350.76707688076,651.41864836063,
    -15.75999911546));
#1118 = CARTESIAN_POINT('',(429.56707245807,651.41864836063,
    -15.75999911546));
#1119 = CARTESIAN_POINT('',(429.56707245807,651.41864836063,
    15.759999115462));
#1120 = CARTESIAN_POINT('',(429.56707245807,651.41864836063,
    47.279997346387));
#1121 = CARTESIAN_POINT('',(350.76707688076,651.41864836063,
    47.279997346387));
#1122 = MANIFOLD_SOLID_BREP('',#1123);
#1123 = CLOSED_SHELL('',(#1124));
#1124 = ADVANCED_FACE('',(#1125),#1129,.T.);
#1125 = FACE_BOUND('',#1126,.T.);
#1126 = VERTEX_LOOP('',#1127);
#1127 = VERTEX_POINT('',#1128);
#1128 = CARTESIAN_POINT('',(-198.2993879847,787.64042050703,
    -12.58851852587));
#1129 = ( BOUNDED_SURFACE() B_SPLINE_SURFACE(2,2,(
    (#1130,#1131,#1132,#1133,#1134)
    ,(#1135,#1136,#1137,#1138,#1139)
    ,(#1140,#1141,#1142,#1143,#1144)
    ,(#1145,#1146,#1147,#1148,#1149)
    ,(#1150,#1151,#1152,#1153,#1154)
    ,(#1155,#1156,#1157,#1158,#1159)
    ,(#1160,#1161,#1162,#1163,#1164
)),.UNSPECIFIED.,.T.,.F.,.F.) B_SPLINE_SURFACE_WITH_KNOTS((1,2,2,2,2,1),
  (3,2,3),(-2.094395102393,0.,2.094395102393,4.188790204786,
    6.28318530718,8.377580409573),(-1.570796326795,0.,1.570796326795),
.UNSPECIFIED.) GEOMETRIC_REPRESENTATION_ITEM() RATIONAL_B_SPLINE_SURFACE
((
    (1.,0.707106781187,1.,0.707106781187,1.)
    ,(0.5,0.353553390593,0.5,0.353553390593,0.5)
    ,(1.,0.707106781187,1.,0.707106781187,1.)
    ,(0.5,0.353553390593,0.5,0.353553390593,0.5)
    ,(1.,0.707106781187,1.,0.707106781187,1.)
    ,(0.5,0.353553390593,0.5,0.353553390593,0.5)
,(1.,0.707106781187,1.,0.707106781187,1.
))) REPRESENTATION_ITEM('') SURFACE() );
#1130 = CARTESIAN_POINT('',(-198.2993879847,787.64042050703,
    -12.58851852587));
#1131 = CARTESIAN_POINT('',(-135.3567953553,787.64042050703,
    -12.58851852587));
#1132 = CARTESIAN_POINT('',(-135.3567953553,787.64042050703,
    12.588518525874));
#1133 = CARTESIAN_POINT('',(-135.3567953553,787.64042050703,
    37.765555577622));
#1134 = CARTESIAN_POINT('',(-198.2993879847,787.64042050703,
    37.765555577622));
#1135 = CARTESIAN_POINT('',(-198.2993879847,787.64042050703,
    -12.58851852587));
#1136 = CARTESIAN_POINT('',(-135.3567953553,874.85623522237,
    -12.58851852587));
#1137 = CARTESIAN_POINT('',(-135.3567953553,874.85623522237,
    12.588518525874));
#1138 = CARTESIAN_POINT('',(-135.3567953553,874.85623522237,
    37.765555577622));
#1139 = CARTESIAN_POINT('',(-198.2993879847,787.64042050703,
    37.765555577622));
#1140 = CARTESIAN_POINT('',(-198.2993879847,787.64042050703,
    -12.58851852587));
#1141 = CARTESIAN_POINT('',(-229.7706842994,831.2483278647,
    -12.58851852587));
#1142 = CARTESIAN_POINT('',(-229.7706842994,831.2483278647,
    12.588518525874));
#1143 = CARTESIAN_POINT('',(-229.7706842994,831.2483278647,
    37.765555577622));
#1144 = CARTESIAN_POINT('',(-198.2993879847,787.64042050703,
    37.765555577622));
#1145 = CARTESIAN_POINT('',(-198.2993879847,787.64042050703,
    -12.58851852587));
#1146 = CARTESIAN_POINT('',(-324.1845732434,787.64042050703,
    -12.58851852587));
#1147 = CARTESIAN_POINT('',(-324.1845732434,787.64042050703,
    12.588518525874));
#1148 = CARTESIAN_POINT('',(-324.1845732434,787.64042050703,
    37.765555577622));
#1149 = CARTESIAN_POINT('',(-198.2993879847,787.64042050703,
    37.765555577622));
#1150 = CARTESIAN_POINT('',(-198.2993879847,787.64042050703,
    -12.58851852587));
#1151 = CARTESIAN_POINT('',(-229.7706842994,744.03251314936,
    -12.58851852587));
#1152 = CARTESIAN_POINT('',(-229.7706842994,744.03251314936,
    12.588518525874));
#1153 = CARTESIAN_POINT('',(-229.7706842994,744.03251314936,
    37.765555577622));
#1154 = CARTESIAN_POINT('',(-198.2993879847,787.64042050703,
    37.765555577622));
#1155 = CARTESIAN_POINT('',(-198.2993879847,787.64042050703,
    -12.58851852587));
#1156 = CARTESIAN_POINT('',(-135.3567953553,700.42460579168,
    -12.58851852587));
#1157 = CARTESIAN_POINT('',(-135.3567953553,700.42460579168,
    12.588518525874));
#1158 = CARTESIAN_POINT('',(-135.3567953553,700.42460579168,
    37.765555577622));
#1159 = CARTESIAN_POINT('',(-198.2993879847,787.64042050703,
    37.765555577622));
#1160 = CARTESIAN_POINT('',(-198.2993879847,787.64042050703,
    -12.58851852587));
#1161 = CARTESIAN_POINT('',(-135.3567953553,787.64042050703,
    -12.58851852587));
#1162 = CARTESIAN_POINT('',(-135.3567953553,787.64042050703,
    12.588518525874));
#1163 = CARTESIAN_POINT('',(-135.3567953553,787.64042050703,
    37.765555577622));
#1164 = CARTESIAN_POINT('',(-198.2993879847,787.64042050703,
    37.765555577622));
#1165 = MANIFOLD_SOLID_BREP('',#1166);
#1166 = CLOSED_SHELL('',(#1167));
#1167 = ADVANCED_FACE('',(#1168),#1172,.T.);
#1168 = FACE_BOUND('',#1169,.T.);
#1169 = VERTEX_LOOP('',#1170);
#1170 = VERTEX_POINT('',#1171);
#1171 = CARTESIAN_POINT('',(-450.7909438064,160.71338142472,
    -16.97822883602));
#1172 = ( BOUNDED_SURFACE() B_SPLINE_SURFACE(2,2,(
    (#1173,#1174,#1175,#1176,#1177)
    ,(#1178,#1179,#1180,#1181,#1182)
    ,(#1183,#1184,#1185,#1186,#1187)
    ,(#1188,#1189,#1190,#1191,#1192)
    ,(#1193,#1194,#1195,#1196,#1197)
    ,(#1198,#1199,#1200,#1201,#1202)
    ,(#1203,#1204,#1205,#1206,#1207
)),.UNSPECIFIED.,.T.,.F.,.F.) B_SPLINE_SURFACE_WITH_KNOTS((1,2,2,2,2,1),
  (3,2,3),(-2.094395102393,0.,2.094395102393,4.188790204786,
    6.28318530718,8.377580409573),(-1.570796326795,0.,1.570796326795),
.UNSPECIFIED.) GEOMETRIC_REPRESENTATION_ITEM() RATIONAL_B_SPLINE_SURFACE
((
    (1.,0.707106781187,1.,0.707106781187,1.)
    ,(0.5,0.353553390593,0.5,0.353553390593,0.5)
    ,(1.,0.707106781187,1.,0.707106781187,1.)
    ,(0.5,0.353553390593,0.5,0.353553390593,0.5)
    ,(1.,0.707106781187,1.,0.707106781187,1.)
    ,(0.5,0.353553390593,0.5,0.353553390593,0.5)
,(1.,0.707106781187,1.,0.707106781187,1.
))) REPRESENTATION_ITEM('') SURFACE() );
#1173 = CARTESIAN_POINT('',(-450.7909438064,160.71338142472,
    -16.97822883602));
#1174 = CARTESIAN_POINT('',(-365.8997996262,160.71338142472,
    -16.97822883602));
#1175 = CARTESIAN_POINT('',(-365.8997996262,160.71338142472,
    16.978228836025));
#1176 = CARTESIAN_POINT('',(-365.8997996262,160.71338142472,
    50.934686508074));
#1177 = CARTESIAN_POINT('',(-450.7909438064,160.71338142472,
    50.934686508074));
#1178 = CARTESIAN_POINT('',(-450.7909438064,160.71338142472,
    -16.97822883602));
#1179 = CARTESIAN_POINT('',(-365.8997996262,278.34200129083,
    -16.97822883602));
#1180 = CARTESIAN_POINT('',(-365.8997996262,278.34200129083,
    16.978228836025));
#1181 = CARTESIAN_POINT('',(-365.8997996262,278.34200129083,
    50.934686508074));
#1182 = CARTESIAN_POINT('',(-450.7909438064,160.71338142472,
    50.934686508074));
#1183 = CARTESIAN_POINT('',(-450.7909438064,160.71338142472,
    -16.97822883602));
#1184 = CARTESIAN_POINT('',(-493.2365158964,219.52769135777,
    -16.97822883602));
#1185 = CARTESIAN_POINT('',(-493.2365158964,219.52769135777,
    16.978228836025));
#1186 = CARTESIAN_POINT('',(-493.2365158964,219.52769135777,
    50.934686508074));
#1187 = CARTESIAN_POINT('',(-450.7909438064,160.71338142472,
    50.934686508074));
#1188 = CARTESIAN_POINT('',(-450.7909438064,160.71338142472,
    -16.97822883602));
#1189 = CARTESIAN_POINT('',(-620.5732321666,160.71338142472,
    -16.97822883602));
#1190 = CARTESIAN_POINT('',(-620.5732321666,160.71338142472,
    16.978228836025));
#1191 = CARTESIAN_POINT('',(-620.5732321666,160.71338142472,
    50.934686508074));
#1192 = CARTESIAN_POINT('',(-450.7909438064,160.71338142472,
    50.934686508074));
#1193 = CARTESIAN_POINT('',(-450.7909438064,160.71338142472,
    -16.97822883602));
#1194 = CARTESIAN_POINT('',(-493.2365158964,101.89907149167,
    -16.97822883602));
#1195 = CARTESIAN_POINT('',(-493.2365158964,101.89907149167,
    16.978228836025));
#1196 = CARTESIAN_POINT('',(-493.2365158964,101.89907149167,
    50.934686508074));
#1197 = CARTESIAN_POINT('',(-450.7909438064,160.71338142472,
    50.934686508074));
#1198 = CARTESIAN_POINT('',(-450.7909438064,160.71338142472,
    -16.97822883602));
#1199 = CARTESIAN_POINT('',(-365.8997996262,43.084761558623,
    -16.97822883602));
#1200 = CARTESIAN_POINT('',(-365.8997996262,43.084761558623,
    16.978228836025));
#1201 = CARTESIAN_POINT('',(-365.8997996262,43.084761558623,
    50.934686508074));
#1202 = CARTESIAN_POINT('',(-450.7909438064,160.71338142472,
    50.934686508074));
#1203 = CARTESIAN_POINT('',(-450.7909438064,160.71338142472,
    -16.97822883602));
#1204 = CARTESIAN_POINT('',(-365.8997996262,160.71338142472,
    -16.97822883602));
#1205 = CARTESIAN_POINT('',(-365.8997996262,160.71338142472,
    16.978228836025));
#1206 = CARTESIAN_POINT('',(-365.8997996262,160.71338142472,
    50.934686508074));
#1207 = CARTESIAN_POINT('',(-450.7909438064,160.71338142472,
    50.934686508074));
#1208 = MANIFOLD_SOLID_BREP('',#1209);
#1209 = CLOSED_SHELL('',(#1210));
#1210 = ADVANCED_FACE('',(#1211),#1215,.T.);
#1211 = FACE_BOUND('',#1212,.T.);
#1212 = VERTEX_LOOP('',#1213);
#1213 = VERTEX_POINT('',#1214);
#1214 = CARTESIAN_POINT('',(18.099957985283,-777.2721168697,
    -8.471163754247));
#1215 = ( BOUNDED_SURFACE() B_SPLINE_SURFACE(2,2,(
    (#1216,#1217,#1218,#1219,#1220)
    ,(#1221,#1222,#1223,#1224,#1225)
    ,(#1226,#1227,#1228,#1229,#1230)
    ,(#1231,#1232,#1233,#1234,#1235)
    ,(#1236,#1237,#1238,#1239,#1240)
    ,(#1241,#1242,#1243,#1244,#1245)
    ,(#1246,#1247,#1248,#1249,#1250
)),.UNSPECIFIED.,.T.,.F.,.F.) B_SPLINE_SURFACE_WITH_KNOTS((1,2,2,2,2,1),
  (3,2,3),(-2.094395102393,0.,2.094395102393,4.188790204786,
    6.28318530718,8.377580409573),(-1.570796326795,0.,1.570796326795),
.UNSPECIFIED.) GEOMETRIC_REPRESENTATION_ITEM() RATIONAL_B_SPLINE_SURFACE
((
    (1.,0.707106781187,1.,0.707106781187,1.)
    ,(0.5,0.353553390593,0.5,0.353553390593,0.5)
    ,(1.,0.707106781187,1.,0.707106781187,1.)
    ,(0.5,0.353553390593,0.5,0.353553390593,0.5)
    ,(1.,0.707106781187,1.,0.707106781187,1.)
    ,(0.5,0.353553390593,0.5,0.353553390593,0.5)
,(1.,0.707106781187,1.,0.707106781187,1.
))) REPRESENTATION_ITEM('') SURFACE() );
#1216 = CARTESIAN_POINT('',(18.099957985283,-777.2721168697,
    -8.471163754247));
#1217 = CARTESIAN_POINT('',(60.455776756519,-777.2721168697,
    -8.471163754247));
#1218 = CARTESIAN_POINT('',(60.455776756519,-777.2721168697,
    8.471163754247));
#1219 = CARTESIAN_POINT('',(60.455776756519,-777.2721168697,
    25.413491262742));
#1220 = CARTESIAN_POINT('',(18.099957985283,-777.2721168697,
    25.413491262742));
#1221 = CARTESIAN_POINT('',(18.099957985283,-777.2721168697,
    -8.471163754247));
#1222 = CARTESIAN_POINT('',(60.455776756519,-718.5821727834,
    -8.471163754247));
#1223 = CARTESIAN_POINT('',(60.455776756519,-718.5821727834,
    8.471163754247));
#1224 = CARTESIAN_POINT('',(60.455776756519,-718.5821727834,
    25.413491262742));
#1225 = CARTESIAN_POINT('',(18.099957985283,-777.2721168697,
    25.413491262742));
#1226 = CARTESIAN_POINT('',(18.099957985283,-777.2721168697,
    -8.471163754247));
#1227 = CARTESIAN_POINT('',(-3.077951400336,-747.9271448266,
    -8.471163754247));
#1228 = CARTESIAN_POINT('',(-3.077951400336,-747.9271448266,
    8.471163754247));
#1229 = CARTESIAN_POINT('',(-3.077951400336,-747.9271448266,
    25.413491262742));
#1230 = CARTESIAN_POINT('',(18.099957985283,-777.2721168697,
    25.413491262742));
#1231 = CARTESIAN_POINT('',(18.099957985283,-777.2721168697,
    -8.471163754247));
#1232 = CARTESIAN_POINT('',(-66.61167955719,-777.2721168697,
    -8.471163754247));
#1233 = CARTESIAN_POINT('',(-66.61167955719,-777.2721168697,
    8.471163754247));
#1234 = CARTESIAN_POINT('',(-66.61167955719,-777.2721168697,
    25.413491262742));
#1235 = CARTESIAN_POINT('',(18.099957985283,-777.2721168697,
    25.413491262742));
#1236 = CARTESIAN_POINT('',(18.099957985283,-777.2721168697,
    -8.471163754247));
#1237 = CARTESIAN_POINT('',(-3.077951400336,-806.6170889129,
    -8.471163754247));
#1238 = CARTESIAN_POINT('',(-3.077951400336,-806.6170889129,
    8.471163754247));
#1239 = CARTESIAN_POINT('',(-3.077951400336,-806.6170889129,
    25.413491262742));
#1240 = CARTESIAN_POINT('',(18.099957985283,-777.2721168697,
    25.413491262742));
#1241 = CARTESIAN_POINT('',(18.099957985283,-777.2721168697,
    -8.471163754247));
#1242 = CARTESIAN_POINT('',(60.455776756519,-835.9620609561,
    -8.471163754247));
#1243 = CARTESIAN_POINT('',(60.455776756519,-835.9620609561,
    8.471163754247));
#1244 = CARTESIAN_POINT('',(60.455776756519,-835.9620609561,
    25.413491262742));
#1245 = CARTESIAN_POINT('',(18.099957985283,-777.2721168697,
    25.413491262742));
#1246 = CARTESIAN_POINT('',(18.099957985283,-777.2721168697,
    -8.471163754247));
#1247 = CARTESIAN_POINT('',(60.455776756519,-777.2721168697,
    -8.471163754247));
#1248 = CARTESIAN_POINT('',(60.455776756519,-777.2721168697,
    8.471163754247));
#1249 = CARTESIAN_POINT('',(60.455776756519,-777.2721168697,
    25.413491262742));
#1250 = CARTESIAN_POINT('',(18.099957985283,-777.2721168697,
    25.413491262742));
#1251 = MANIFOLD_SOLID_BREP('',#1252);
#1252 = CLOSED_SHELL('',(#1253));
#1253 = ADVANCED_FACE('',(#1254),#1258,.T.);
#1254 = FACE_BOUND('',#1255,.T.);
#1255 = VERTEX_LOOP('',#1256);
#1256 = VERTEX_POINT('',#1257);
#1257 = CARTESIAN_POINT('',(-147.8960630806,-829.2973583112,
    -11.81619286506));
#1258 = ( BOUNDED_SURFACE() B_SPLINE_SURFACE(2,2,(
    (#1259,#1260,#1261,#1262,#1263)
    ,(#1264,#1265,#1266,#1267,#1268)
    ,(#1269,#1270,#1271,#1272,#1273)
    ,(#1274,#1275,#1276,#1277,#1278)
    ,(#1279,#1280,#1281,#1282,#1283)
    ,(#1284,#1285,#1286,#1287,#1288)
    ,(#1289,#1290,#1291,#1292,#1293
)),.UNSPECIFIED.,.T.,.F.,.F.) B_SPLINE_SURFACE_WITH_KNOTS((1,2,2,2,2,1),
  (3,2,3),(-2.094395102393,0.,2.094395102393,4.188790204786,
    6.28318530718,8.377580409573),(-1.570796326795,0.,1.570796326795),
.UNSPECIFIED.) GEOMETRIC_REPRESENTATION_ITEM() RATIONAL_B_SPLINE_SURFACE
((
    (1.,0.707106781187,1.,0.707106781187,1.)
    ,(0.5,0.353553390593,0.5,0.353553390593,0.5)
    ,(1.,0.707106781187,1.,0.707106781187,1.)
    ,(0.5,0.353553390593,0.5,0.353553390593,0.5)
    ,(1.,0.707106781187,1.,0.707106781187,1.)
    ,(0.5,0.353553390593,0.5,0.353553390593,0.5)
,(1.,0.707106781187,1.,0.707106781187,1.
))) REPRESENTATION_ITEM('') SURFACE() );
#1259 = CARTESIAN_POINT('',(-147.8960630806,-829.2973583112,
    -11.81619286506));
#1260 = CARTESIAN_POINT('',(-88.81509875527,-829.2973583112,
    -11.81619286506));
#1261 = CARTESIAN_POINT('',(-88.81509875527,-829.2973583112,
    11.816192865065));
#1262 = CARTESIAN_POINT('',(-88.81509875527,-829.2973583112,
    35.448578595196));
#1263 = CARTESIAN_POINT('',(-147.8960630806,-829.2973583112,
    35.448578595196));
#1264 = CARTESIAN_POINT('',(-147.8960630806,-829.2973583112,
    -11.81619286506));
#1265 = CARTESIAN_POINT('',(-88.81509875527,-747.4323727339,
    -11.81619286506));
#1266 = CARTESIAN_POINT('',(-88.81509875527,-747.4323727339,
    11.816192865065));
#1267 = CARTESIAN_POINT('',(-88.81509875527,-747.4323727339,
    35.448578595196));
#1268 = CARTESIAN_POINT('',(-147.8960630806,-829.2973583112,
    35.448578595196));
#1269 = CARTESIAN_POINT('',(-147.8960630806,-829.2973583112,
    -11.81619286506));
#1270 = CARTESIAN_POINT('',(-177.4365452432,-788.3648655226,
    -11.81619286506));
#1271 = CARTESIAN_POINT('',(-177.4365452432,-788.3648655226,
    11.816192865065));
#1272 = CARTESIAN_POINT('',(-177.4365452432,-788.3648655226,
    35.448578595196));
#1273 = CARTESIAN_POINT('',(-147.8960630806,-829.2973583112,
    35.448578595196));
#1274 = CARTESIAN_POINT('',(-147.8960630806,-829.2973583112,
    -11.81619286506));
#1275 = CARTESIAN_POINT('',(-266.0579917312,-829.2973583112,
    -11.81619286506));
#1276 = CARTESIAN_POINT('',(-266.0579917312,-829.2973583112,
    11.816192865065));
#1277 = CARTESIAN_POINT('',(-266.0579917312,-829.2973583112,
    35.448578595196));
#1278 = CARTESIAN_POINT('',(-147.8960630806,-829.2973583112,
    35.448578595196));
#1279 = CARTESIAN_POINT('',(-147.8960630806,-829.2973583112,
    -11.81619286506));
#1280 = CARTESIAN_POINT('',(-177.4365452432,-870.2298510999,
    -11.81619286506));
#1281 = CARTESIAN_POINT('',(-177.4365452432,-870.2298510999,
    11.816192865065));
#1282 = CARTESIAN_POINT('',(-177.4365452432,-870.2298510999,
    35.448578595196));
#1283 = CARTESIAN_POINT('',(-147.8960630806,-829.2973583112,
    35.448578595196));
#1284 = CARTESIAN_POINT('',(-147.8960630806,-829.2973583112,
    -11.81619286506));
#1285 = CARTESIAN_POINT('',(-88.81509875527,-911.1623438885,
    -11.81619286506));
#1286 = CARTESIAN_POINT('',(-88.81509875527,-911.1623438885,
    11.816192865065));
#1287 = CARTESIAN_POINT('',(-88.81509875527,-911.1623438885,
    35.448578595196));
#1288 = CARTESIAN_POINT('',(-147.8960630806,-829.2973583112,
    35.448578595196));
#1289 = CARTESIAN_POINT('',(-147.8960630806,-829.2973583112,
    -11.81619286506));
#1290 = CARTESIAN_POINT('',(-88.81509875527,-829.2973583112,
    -11.81619286506));
#1291 = CARTESIAN_POINT('',(-88.81509875527,-829.2973583112,
    11.816192865065));
#1292 = CARTESIAN_POINT('',(-88.81509875527,-829.2973583112,
    35.448578595196));
#1293 = CARTESIAN_POINT('',(-147.8960630806,-829.2973583112,
    35.448578595196));
#1294 = MANIFOLD_SOLID_BREP('',#1295);
#1295 = CLOSED_SHELL('',(#1296));
#1296 = ADVANCED_FACE('',(#1297),#1301,.T.);
#1297 = FACE_BOUND('',#1298,.T.);
#1298 = VERTEX_LOOP('',#1299);
#1299 = VERTEX_POINT('',#1300);
#1300 = CARTESIAN_POINT('',(685.48143424554,-928.1860583086,
    -15.2072181936));
#1301 = ( BOUNDED_SURFACE() B_SPLINE_SURFACE(2,2,(
    (#1302,#1303,#1304,#1305,#1306)
    ,(#1307,#1308,#1309,#1310,#1311)
    ,(#1312,#1313,#1314,#1315,#1316)
    ,(#1317,#1318,#1319,#1320,#1321)
    ,(#1322,#1323,#1324,#1325,#1326)
    ,(#1327,#1328,#1329,#1330,#1331)
    ,(#1332,#1333,#1334,#1335,#1336
)),.UNSPECIFIED.,.T.,.F.,.F.) B_SPLINE_SURFACE_WITH_KNOTS((1,2,2,2,2,1),
  (3,2,3),(-2.094395102393,0.,2.094395102393,4.188790204786,
    6.28318530718,8.377580409573),(-1.570796326795,0.,1.570796326795),
.UNSPECIFIED.) GEOMETRIC_REPRESENTATION_ITEM() RATIONAL_B_SPLINE_SURFACE
((
    (1.,0.707106781187,1.,0.707106781187,1.)
    ,(0.5,0.353553390593,0.5,0.353553390593,0.5)
    ,(1.,0.707106781187,1.,0.707106781187,1.)
    ,(0.5,0.353553390593,0.5,0.353553390593,0.5)
    ,(1.,0.707106781187,1.,0.707106781187,1.)
    ,(0.5,0.353553390593,0.5,0.353553390593,0.5)
,(1.,0.707106781187,1.,0.707106781187,1.
))) REPRESENTATION_ITEM('') SURFACE() );
#1302 = CARTESIAN_POINT('',(685.48143424554,-928.1860583086,
    -15.2072181936));
#1303 = CARTESIAN_POINT('',(761.51752521355,-928.1860583086,
    -15.2072181936));
#1304 = CARTESIAN_POINT('',(761.51752521355,-928.1860583086,
    15.207218193602));
#1305 = CARTESIAN_POINT('',(761.51752521355,-928.1860583086,
    45.621654580806));
#1306 = CARTESIAN_POINT('',(685.48143424554,-928.1860583086,
    45.621654580806));
#1307 = CARTESIAN_POINT('',(685.48143424554,-928.1860583086,
    -15.2072181936));
#1308 = CARTESIAN_POINT('',(761.51752521355,-822.8273600962,
    -15.2072181936));
#1309 = CARTESIAN_POINT('',(761.51752521355,-822.8273600962,
    15.207218193602));
#1310 = CARTESIAN_POINT('',(761.51752521355,-822.8273600962,
    45.621654580806));
#1311 = CARTESIAN_POINT('',(685.48143424554,-928.1860583086,
    45.621654580806));
#1312 = CARTESIAN_POINT('',(685.48143424554,-928.1860583086,
    -15.2072181936));
#1313 = CARTESIAN_POINT('',(647.46338876154,-875.5067092024,
    -15.2072181936));
#1314 = CARTESIAN_POINT('',(647.46338876154,-875.5067092024,
    15.207218193602));
#1315 = CARTESIAN_POINT('',(647.46338876154,-875.5067092024,
    45.621654580806));
#1316 = CARTESIAN_POINT('',(685.48143424554,-928.1860583086,
    45.621654580806));
#1317 = CARTESIAN_POINT('',(685.48143424554,-928.1860583086,
    -15.2072181936));
#1318 = CARTESIAN_POINT('',(533.40925230952,-928.1860583086,
    -15.2072181936));
#1319 = CARTESIAN_POINT('',(533.40925230952,-928.1860583086,
    15.207218193602));
#1320 = CARTESIAN_POINT('',(533.40925230952,-928.1860583086,
    45.621654580806));
#1321 = CARTESIAN_POINT('',(685.48143424554,-928.1860583086,
    45.621654580806));
#1322 = CARTESIAN_POINT('',(685.48143424554,-928.1860583086,
    -15.2072181936));
#1323 = CARTESIAN_POINT('',(647.46338876154,-980.8654074148,
    -15.2072181936));
#1324 = CARTESIAN_POINT('',(647.46338876154,-980.8654074148,
    15.207218193602));
#1325 = CARTESIAN_POINT('',(647.46338876154,-980.8654074148,
    45.621654580806));
#1326 = CARTESIAN_POINT('',(685.48143424554,-928.1860583086,
    45.621654580806));
#1327 = CARTESIAN_POINT('',(685.48143424554,-928.1860583086,
    -15.2072181936));
#1328 = CARTESIAN_POINT('',(761.51752521355,-1.033544756521E+03,
    -15.2072181936));
#1329 = CARTESIAN_POINT('',(761.51752521355,-1.033544756521E+03,
    15.207218193602));
#1330 = CARTESIAN_POINT('',(761.51752521355,-1.033544756521E+03,
    45.621654580806));
#1331 = CARTESIAN_POINT('',(685.48143424554,-928.1860583086,
    45.621654580806));
#1332 = CARTESIAN_POINT('',(685.48143424554,-928.1860583086,
    -15.2072181936));
#1333 = CARTESIAN_POINT('',(761.51752521355,-928.1860583086,
    -15.2072181936));
#1334 = CARTESIAN_POINT('',(761.51752521355,-928.1860583086,
    15.207218193602));
#1335 = CARTESIAN_POINT('',(761.51752521355,-928.1860583086,
    45.621654580806));
#1336 = CARTESIAN_POINT('',(685.48143424554,-928.1860583086,
    45.621654580806));
#1337 = MANIFOLD_SOLID_BREP('',#1338);
#1338 = CLOSED_SHELL('',(#1339));
#1339 = ADVANCED_FACE('',(#1340),#1344,.T.);
#1340 = FACE_BOUND('',#1341,.T.);
#1341 = VERTEX_LOOP('',#1342);
#1342 = VERTEX_POINT('',#1343);
#1343 = CARTESIAN_POINT('',(267.82741730163,-738.0508701678,
    -12.34765250669));
#1344 = ( BOUNDED_SURFACE() B_SPLINE_SURFACE(2,2,(
    (#1345,#1346,#1347,#1348,#1349)
    ,(#1350,#1351,#1352,#1353,#1354)
    ,(#1355,#1356,#1357,#1358,#1359)
    ,(#1360,#1361,#1362,#1363,#1364)
    ,(#1365,#1366,#1367,#1368,#1369)
    ,(#1370,#1371,#1372,#1373,#1374)
    ,(#1375,#1376,#1377,#1378,#1379
)),.UNSPECIFIED.,.T.,.F.,.F.) B_SPLINE_SURFACE_WITH_KNOTS((1,2,2,2,2,1),
  (3,2,3),(-2.094395102393,0.,2.094395102393,4.188790204786,
    6.28318530718,8.377580409573),(-1.570796326795,0.,1.570796326795),
.UNSPECIFIED.) GEOMETRIC_REPRESENTATION_ITEM() RATIONAL_B_SPLINE_SURFACE
((
    (1.,0.707106781187,1.,0.707106781187,1.)
    ,(0.5,0.353553390593,0.5,0.353553390593,0.5)
    ,(1.,0.707106781187,1.,0.707106781187,1.)
    ,(0.5,0.353553390593,0.5,0.353553390593,0.5)
    ,(1.,0.707106781187,1.,0.707106781187,1.)
    ,(0.5,0.353553390593,0.5,0.353553390593,0.5)
,(1.,0.707106781187,1.,0.707106781187,1.
))) REPRESENTATION_ITEM('') SURFACE() );
#1345 = CARTESIAN_POINT('',(267.82741730163,-738.0508701678,
    -12.34765250669));
#1346 = CARTESIAN_POINT('',(329.56567983509,-738.0508701678,
    -12.34765250669));
#1347 = CARTESIAN_POINT('',(329.56567983509,-738.0508701678,
    12.347652506691));
#1348 = CARTESIAN_POINT('',(329.56567983509,-738.0508701678,
    37.042957520073));
#1349 = CARTESIAN_POINT('',(267.82741730163,-738.0508701678,
    37.042957520073));
#1350 = CARTESIAN_POINT('',(267.82741730163,-738.0508701678,
    -12.34765250669));
#1351 = CARTESIAN_POINT('',(329.56567983509,-652.5038241846,
    -12.34765250669));
#1352 = CARTESIAN_POINT('',(329.56567983509,-652.5038241846,
    12.347652506691));
#1353 = CARTESIAN_POINT('',(329.56567983509,-652.5038241846,
    37.042957520073));
#1354 = CARTESIAN_POINT('',(267.82741730163,-738.0508701678,
    37.042957520073));
#1355 = CARTESIAN_POINT('',(267.82741730163,-738.0508701678,
    -12.34765250669));
#1356 = CARTESIAN_POINT('',(236.9582860349,-695.2773471762,
    -12.34765250669));
#1357 = CARTESIAN_POINT('',(236.9582860349,-695.2773471762,
    12.347652506691));
#1358 = CARTESIAN_POINT('',(236.9582860349,-695.2773471762,
    37.042957520073));
#1359 = CARTESIAN_POINT('',(267.82741730163,-738.0508701678,
    37.042957520073));
#1360 = CARTESIAN_POINT('',(267.82741730163,-738.0508701678,
    -12.34765250669));
#1361 = CARTESIAN_POINT('',(144.35089223472,-738.0508701678,
    -12.34765250669));
#1362 = CARTESIAN_POINT('',(144.35089223472,-738.0508701678,
    12.347652506691));
#1363 = CARTESIAN_POINT('',(144.35089223472,-738.0508701678,
    37.042957520073));
#1364 = CARTESIAN_POINT('',(267.82741730163,-738.0508701678,
    37.042957520073));
#1365 = CARTESIAN_POINT('',(267.82741730163,-738.0508701678,
    -12.34765250669));
#1366 = CARTESIAN_POINT('',(236.9582860349,-780.8243931594,
    -12.34765250669));
#1367 = CARTESIAN_POINT('',(236.9582860349,-780.8243931594,
    12.347652506691));
#1368 = CARTESIAN_POINT('',(236.9582860349,-780.8243931594,
    37.042957520073));
#1369 = CARTESIAN_POINT('',(267.82741730163,-738.0508701678,
    37.042957520073));
#1370 = CARTESIAN_POINT('',(267.82741730163,-738.0508701678,
    -12.34765250669));
#1371 = CARTESIAN_POINT('',(329.56567983509,-823.597916151,
    -12.34765250669));
#1372 = CARTESIAN_POINT('',(329.56567983509,-823.597916151,
    12.347652506691));
#1373 = CARTESIAN_POINT('',(329.56567983509,-823.597916151,
    37.042957520073));
#1374 = CARTESIAN_POINT('',(267.82741730163,-738.0508701678,
    37.042957520073));
#1375 = CARTESIAN_POINT('',(267.82741730163,-738.0508701678,
    -12.34765250669));
#1376 = CARTESIAN_POINT('',(329.56567983509,-738.0508701678,
    -12.34765250669));
#1377 = CARTESIAN_POINT('',(329.56567983509,-738.0508701678,
    12.347652506691));
#1378 = CARTESIAN_POINT('',(329.56567983509,-738.0508701678,
    37.042957520073));
#1379 = CARTESIAN_POINT('',(267.82741730163,-738.0508701678,
    37.042957520073));
#1380 = MANIFOLD_SOLID_BREP('',#1381);
#1381 = CLOSED_SHELL('',(#1382));
#1382 = ADVANCED_FACE('',(#1383),#1387,.T.);
#1383 = FACE_BOUND('',#1384,.T.);
#1384 = VERTEX_LOOP('',#1385);
#1385 = VERTEX_POINT('',#1386);
#1386 = CARTESIAN_POINT('',(-449.5608035729,1.113614795567,
    -9.786518805301));
#1387 = ( BOUNDED_SURFACE() B_SPLINE_SURFACE(2,2,(
    (#1388,#1389,#1390,#1391,#1392)
    ,(#1393,#1394,#1395,#1396,#1397)
    ,(#1398,#1399,#1400,#1401,#1402)
    ,(#1403,#1404,#1405,#1406,#1407)
    ,(#1408,#1409,#1410,#1411,#1412)
    ,(#1413,#1414,#1415,#1416,#1417)
    ,(#1418,#1419,#1420,#1421,#1422
)),.UNSPECIFIED.,.T.,.F.,.F.) B_SPLINE_SURFACE_WITH_KNOTS((1,2,2,2,2,1),
  (3,2,3),(-2.094395102393,0.,2.094395102393,4.188790204786,
    6.28318530718,8.377580409573),(-1.570796326795,0.,1.570796326795),
.UNSPECIFIED.) GEOMETRIC_REPRESENTATION_ITEM() RATIONAL_B_SPLINE_SURFACE
((
    (1.,0.707106781187,1.,0.707106781187,1.)
    ,(0.5,0.353553390593,0.5,0.353553390593,0.5)
    ,(1.,0.707106781187,1.,0.707106781187,1.)
    ,(0.5,0.353553390593,0.5,0.353553390593,0.5)
    ,(1.,0.707106781187,1.,0.707106781187,1.)
    ,(0.5,0.353553390593,0.5,0.353553390593,0.5)
,(1.,0.707106781187,1.,0.707106781187,1.
))) REPRESENTATION_ITEM('') SURFACE() );
#1388 = CARTESIAN_POINT('',(-449.5608035729,1.113614795567,
    -9.786518805301));
#1389 = CARTESIAN_POINT('',(-400.6282095464,1.113614795567,
    -9.786518805301));
#1390 = CARTESIAN_POINT('',(-400.6282095464,1.113614795567,
    9.786518805301));
#1391 = CARTESIAN_POINT('',(-400.6282095464,1.113614795567,
    29.359556415904));
#1392 = CARTESIAN_POINT('',(-449.5608035729,1.113614795567,
    29.359556415904));
#1393 = CARTESIAN_POINT('',(-449.5608035729,1.113614795567,
    -9.786518805301));
#1394 = CARTESIAN_POINT('',(-400.6282095464,68.916605995607,
    -9.786518805301));
#1395 = CARTESIAN_POINT('',(-400.6282095464,68.916605995607,
    9.786518805301));
#1396 = CARTESIAN_POINT('',(-400.6282095464,68.916605995607,
    29.359556415904));
#1397 = CARTESIAN_POINT('',(-449.5608035729,1.113614795567,
    29.359556415904));
#1398 = CARTESIAN_POINT('',(-449.5608035729,1.113614795567,
    -9.786518805301));
#1399 = CARTESIAN_POINT('',(-474.0271005861,35.015110395587,
    -9.786518805301));
#1400 = CARTESIAN_POINT('',(-474.0271005861,35.015110395587,
    9.786518805301));
#1401 = CARTESIAN_POINT('',(-474.0271005861,35.015110395587,
    29.359556415904));
#1402 = CARTESIAN_POINT('',(-449.5608035729,1.113614795567,
    29.359556415904));
#1403 = CARTESIAN_POINT('',(-449.5608035729,1.113614795567,
    -9.786518805301));
#1404 = CARTESIAN_POINT('',(-547.4259916259,1.113614795567,
    -9.786518805301));
#1405 = CARTESIAN_POINT('',(-547.4259916259,1.113614795567,
    9.786518805301));
#1406 = CARTESIAN_POINT('',(-547.4259916259,1.113614795567,
    29.359556415904));
#1407 = CARTESIAN_POINT('',(-449.5608035729,1.113614795567,
    29.359556415904));
#1408 = CARTESIAN_POINT('',(-449.5608035729,1.113614795567,
    -9.786518805301));
#1409 = CARTESIAN_POINT('',(-474.0271005861,-32.78788080445,
    -9.786518805301));
#1410 = CARTESIAN_POINT('',(-474.0271005861,-32.78788080445,
    9.786518805301));
#1411 = CARTESIAN_POINT('',(-474.0271005861,-32.78788080445,
    29.359556415904));
#1412 = CARTESIAN_POINT('',(-449.5608035729,1.113614795567,
    29.359556415904));
#1413 = CARTESIAN_POINT('',(-449.5608035729,1.113614795567,
    -9.786518805301));
#1414 = CARTESIAN_POINT('',(-400.6282095464,-66.68937640447,
    -9.786518805301));
#1415 = CARTESIAN_POINT('',(-400.6282095464,-66.68937640447,
    9.786518805301));
#1416 = CARTESIAN_POINT('',(-400.6282095464,-66.68937640447,
    29.359556415904));
#1417 = CARTESIAN_POINT('',(-449.5608035729,1.113614795567,
    29.359556415904));
#1418 = CARTESIAN_POINT('',(-449.5608035729,1.113614795567,
    -9.786518805301));
#1419 = CARTESIAN_POINT('',(-400.6282095464,1.113614795567,
    -9.786518805301));
#1420 = CARTESIAN_POINT('',(-400.6282095464,1.113614795567,
    9.786518805301));
#1421 = CARTESIAN_POINT('',(-400.6282095464,1.113614795567,
    29.359556415904));
#1422 = CARTESIAN_POINT('',(-449.5608035729,1.113614795567,
    29.359556415904));
#1423 = MANIFOLD_SOLID_BREP('',#1424);
#1424 = CLOSED_SHELL('',(#1425));
#1425 = ADVANCED_FACE('',(#1426),#1430,.T.);
#1426 = FACE_BOUND('',#1427,.T.);
#1427 = VERTEX_LOOP('',#1428);
#1428 = VERTEX_POINT('',#1429);
#1429 = CARTESIAN_POINT('',(264.00404024541,207.04340173252,
    -9.528392685496));
#1430 = ( BOUNDED_SURFACE() B_SPLINE_SURFACE(2,2,(
    (#1431,#1432,#1433,#1434,#1435)
    ,(#1436,#1437,#1438,#1439,#1440)
    ,(#1441,#1442,#1443,#1444,#1445)
    ,(#1446,#1447,#1448,#1449,#1450)
    ,(#1451,#1452,#1453,#1454,#1455)
    ,(#1456,#1457,#1458,#1459,#1460)
    ,(#1461,#1462,#1463,#1464,#1465
)),.UNSPECIFIED.,.T.,.F.,.F.) B_SPLINE_SURFACE_WITH_KNOTS((1,2,2,2,2,1),
  (3,2,3),(-2.094395102393,0.,2.094395102393,4.188790204786,
    6.28318530718,8.377580409573),(-1.570796326795,0.,1.570796326795),
.UNSPECIFIED.) GEOMETRIC_REPRESENTATION_ITEM() RATIONAL_B_SPLINE_SURFACE
((
    (1.,0.707106781187,1.,0.707106781187,1.)
    ,(0.5,0.353553390593,0.5,0.353553390593,0.5)
    ,(1.,0.707106781187,1.,0.707106781187,1.)
    ,(0.5,0.353553390593,0.5,0.353553390593,0.5)
    ,(1.,0.707106781187,1.,0.707106781187,1.)
    ,(0.5,0.353553390593,0.5,0.353553390593,0.5)
,(1.,0.707106781187,1.,0.707106781187,1.
))) REPRESENTATION_ITEM('') SURFACE() );
#1431 = CARTESIAN_POINT('',(264.00404024541,207.04340173252,
    -9.528392685496));
#1432 = CARTESIAN_POINT('',(311.64600367289,207.04340173252,
    -9.528392685496));
#1433 = CARTESIAN_POINT('',(311.64600367289,207.04340173252,
    9.528392685496));
#1434 = CARTESIAN_POINT('',(311.64600367289,207.04340173252,
    28.585178056489));
#1435 = CARTESIAN_POINT('',(264.00404024541,207.04340173252,
    28.585178056489));
#1436 = CARTESIAN_POINT('',(264.00404024541,207.04340173252,
    -9.528392685496));
#1437 = CARTESIAN_POINT('',(311.64600367289,273.05804271551,
    -9.528392685496));
#1438 = CARTESIAN_POINT('',(311.64600367289,273.05804271551,
    9.528392685496));
#1439 = CARTESIAN_POINT('',(311.64600367289,273.05804271551,
    28.585178056489));
#1440 = CARTESIAN_POINT('',(264.00404024541,207.04340173252,
    28.585178056489));
#1441 = CARTESIAN_POINT('',(264.00404024541,207.04340173252,
    -9.528392685496));
#1442 = CARTESIAN_POINT('',(240.18305853166,240.05072222402,
    -9.528392685496));
#1443 = CARTESIAN_POINT('',(240.18305853166,240.05072222402,
    9.528392685496));
#1444 = CARTESIAN_POINT('',(240.18305853166,240.05072222402,
    28.585178056489));
#1445 = CARTESIAN_POINT('',(264.00404024541,207.04340173252,
    28.585178056489));
#1446 = CARTESIAN_POINT('',(264.00404024541,207.04340173252,
    -9.528392685496));
#1447 = CARTESIAN_POINT('',(168.72011339044,207.04340173252,
    -9.528392685496));
#1448 = CARTESIAN_POINT('',(168.72011339044,207.04340173252,
    9.528392685496));
#1449 = CARTESIAN_POINT('',(168.72011339044,207.04340173252,
    28.585178056489));
#1450 = CARTESIAN_POINT('',(264.00404024541,207.04340173252,
    28.585178056489));
#1451 = CARTESIAN_POINT('',(264.00404024541,207.04340173252,
    -9.528392685496));
#1452 = CARTESIAN_POINT('',(240.18305853166,174.03608124103,
    -9.528392685496));
#1453 = CARTESIAN_POINT('',(240.18305853166,174.03608124103,
    9.528392685496));
#1454 = CARTESIAN_POINT('',(240.18305853166,174.03608124103,
    28.585178056489));
#1455 = CARTESIAN_POINT('',(264.00404024541,207.04340173252,
    28.585178056489));
#1456 = CARTESIAN_POINT('',(264.00404024541,207.04340173252,
    -9.528392685496));
#1457 = CARTESIAN_POINT('',(311.64600367289,141.02876074953,
    -9.528392685496));
#1458 = CARTESIAN_POINT('',(311.64600367289,141.02876074953,
    9.528392685496));
#1459 = CARTESIAN_POINT('',(311.64600367289,141.02876074953,
    28.585178056489));
#1460 = CARTESIAN_POINT('',(264.00404024541,207.04340173252,
    28.585178056489));
#1461 = CARTESIAN_POINT('',(264.00404024541,207.04340173252,
    -9.528392685496));
#1462 = CARTESIAN_POINT('',(311.64600367289,207.04340173252,
    -9.528392685496));
#1463 = CARTESIAN_POINT('',(311.64600367289,207.04340173252,
    9.528392685496));
#1464 = CARTESIAN_POINT('',(311.64600367289,207.04340173252,
    28.585178056489));
#1465 = CARTESIAN_POINT('',(264.00404024541,207.04340173252,
    28.585178056489));
#1466 = ( GEOMETRIC_REPRESENTATION_CONTEXT(3) 
GLOBAL_UNCERTAINTY_ASSIGNED_CONTEXT((#1470)) 
GLOBAL_UNIT_ASSIGNED_CONTEXT((#1467,#1468,#1469)) REPRESENTATION_CONTEXT
('Context #1','3D Context with UNIT and UNCERTAINTY') );
#1467 = ( LENGTH_UNIT() NAMED_UNIT(*) SI_UNIT(.MILLI.,.METRE.) );
#1468 = ( NAMED_UNIT(*) PLANE_ANGLE_UNIT() SI_UNIT($,.RADIAN.) );
#1469 = ( NAMED_UNIT(*) SI_UNIT($,.STERADIAN.) SOLID_ANGLE_UNIT() );
#1470 = UNCERTAINTY_MEASURE_WITH_UNIT(LENGTH_MEASURE(2.E-07),#1467,
  'distance_accuracy_value','confusion accuracy');
#1471 = CONTEXT_DEPENDENT_SHAPE_REPRESENTATION(#1472,#1474);
#1472 = ( REPRESENTATION_RELATIONSHIP('','',#36,#10) 
REPRESENTATION_RELATIONSHIP_WITH_TRANSFORMATION(#1473) 
SHAPE_REPRESENTATION_RELATIONSHIP() );
#1473 = ITEM_DEFINED_TRANSFORMATION('','',#11,#15);
#1474 = PRODUCT_DEFINITION_SHAPE('Placement','Placement of an item',
  #1475);
#1475 = NEXT_ASSEMBLY_USAGE_OCCURRENCE('1','part0','',#5,#31,$);
#1476 = PRODUCT_RELATED_PRODUCT_CATEGORY('part',$,(#33));
#1477 = SHAPE_DEFINITION_REPRESENTATION(#1478,#1484);
#1478 = PRODUCT_DEFINITION_SHAPE('','',#1479);
#1479 = PRODUCT_DEFINITION('design','',#1480,#1483);
#1480 = PRODUCT_DEFINITION_FORMATION('','',#1481);
#1481 = PRODUCT('part1','part1','',(#1482));
#1482 = PRODUCT_CONTEXT('',#2,'mechanical');
#1483 = PRODUCT_DEFINITION_CONTEXT('part definition',#2,'design');
#1484 = SHAPE_REPRESENTATION('',(#11,#1485,#1528,#1571,#1614,#1657,#1700
    ,#1743,#1786,#1829,#1872,#1915,#1958,#2001,#2044,#2087,#2130,#2173,
    #2216,#2259,#2302),#2345);
#1485 = MANIFOLD_SOLID_BREP('',#1486);
#1486 = CLOSED_SHELL('',(#1487));
#1487 = ADVANCED_FACE('',(#1488),#1492,.T.);
#1488 = FACE_BOUND('',#1489,.T.);
#1489 = VERTEX_LOOP('',#1490);
#1490 = VERTEX_POINT('',#1491);
#1491 = CARTESIAN_POINT('',(264.91091706997,-902.4795650769,
    -10.75029318369));
#1492 = ( BOUNDED_SURFACE() B_SPLINE_SURFACE(2,2,(
    (#1493,#1494,#1495,#1496,#1497)
    ,(#1498,#1499,#1500,#1501,#1502)
    ,(#1503,#1504,#1505,#1506,#1507)
    ,(#1508,#1509,#1510,#1511,#1512)
    ,(#1513,#1514,#1515,#1516,#1517)
    ,(#1518,#1519,#1520,#1521,#1522)
    ,(#1523,#1524,#1525,#1526,#1527
)),.UNSPECIFIED.,.T.,.F.,.F.) B_SPLINE_SURFACE_WITH_KNOTS((1,2,2,2,2,1),
  (3,2,3),(-2.094395102393,0.,2.094395102393,4.188790204786,
    6.28318530718,8.377580409573),(-1.570796326795,0.,1.570796326795),
.UNSPECIFIED.) GEOMETRIC_REPRESENTATION_ITEM() RATIONAL_B_SPLINE_SURFACE
((
    (1.,0.707106781187,1.,0.707106781187,1.)
    ,(0.5,0.353553390593,0.5,0.353553390593,0.5)
    ,(1.,0.707106781187,1.,0.707106781187,1.)
    ,(0.5,0.353553390593,0.5,0.353553390593,0.5)
    ,(1.,0.707106781187,1.,0.707106781187,1.)
    ,(0.5,0.353553390593,0.5,0.353553390593,0.5)
,(1.,0.707106781187,1.,0.707106781187,1.
))) REPRESENTATION_ITEM('') SURFACE() );
#1493 = CARTESIAN_POINT('',(264.91091706997,-902.4795650769,
    -10.75029318369));
#1494 = CARTESIAN_POINT('',(318.66238298843,-902.4795650769,
    -10.75029318369));
#1495 = CARTESIAN_POINT('',(318.66238298843,-902.4795650769,
    10.750293183691));
#1496 = CARTESIAN_POINT('',(318.66238298843,-902.4795650769,
    32.250879551074));
#1497 = CARTESIAN_POINT('',(264.91091706997,-902.4795650769,
    32.250879551074));
#1498 = CARTESIAN_POINT('',(264.91091706997,-902.4795650769,
    -10.75029318369));
#1499 = CARTESIAN_POINT('',(318.66238298843,-827.9993491152,
    -10.75029318369));
#1500 = CARTESIAN_POINT('',(318.66238298843,-827.9993491152,
    10.750293183691));
#1501 = CARTESIAN_POINT('',(318.66238298843,-827.9993491152,
    32.250879551074));
#1502 = CARTESIAN_POINT('',(264.91091706997,-902.4795650769,
    32.250879551074));
#1503 = CARTESIAN_POINT('',(264.91091706997,-902.4795650769,
    -10.75029318369));
#1504 = CARTESIAN_POINT('',(238.03518411075,-865.2394570961,
    -10.75029318369));
#1505 = CARTESIAN_POINT('',(238.03518411075,-865.2394570961,
    10.750293183691));
#1506 = CARTESIAN_POINT('',(238.03518411075,-865.2394570961,
    32.250879551074));
#1507 = CARTESIAN_POINT('',(264.91091706997,-902.4795650769,
    32.250879551074));
#1508 = CARTESIAN_POINT('',(264.91091706997,-902.4795650769,
    -10.75029318369));
#1509 = CARTESIAN_POINT('',(157.40798523306,-902.4795650769,
    -10.75029318369));
#1510 = CARTESIAN_POINT('',(157.40798523306,-902.4795650769,
    10.750293183691));
#1511 = CARTESIAN_POINT('',(157.40798523306,-902.4795650769,
    32.250879551074));
#1512 = CARTESIAN_POINT('',(264.91091706997,-902.4795650769,
    32.250879551074));
#1513 = CARTESIAN_POINT('',(264.91091706997,-902.4795650769,
    -10.75029318369));
#1514 = CARTESIAN_POINT('',(238.03518411075,-939.7196730577,
    -10.75029318369));
#1515 = CARTESIAN_POINT('',(238.03518411075,-939.7196730577,
    10.750293183691));
#1516 = CARTESIAN_POINT('',(238.03518411075,-939.7196730577,
    32.250879551074));
#1517 = CARTESIAN_POINT('',(264.91091706997,-902.4795650769,
    32.250879551074));
#1518 = CARTESIAN_POINT('',(264.91091706997,-902.4795650769,
    -10.75029318369));
#1519 = CARTESIAN_POINT('',(318.66238298843,-976.9597810385,
    -10.75029318369));
#1520 = CARTESIAN_POINT('',(318.66238298843,-976.9597810385,
    10.750293183691));
#1521 = CARTESIAN_POINT('',(318.66238298843,-976.9597810385,
    32.250879551074));
#1522 = CARTESIAN_POINT('',(264.91091706997,-902.4795650769,
    32.250879551074));
#1523 = CARTESIAN_POINT('',(264.91091706997,-902.4795650769,
    -10.75029318369));
#1524 = CARTESIAN_POINT('',(318.66238298843,-902.4795650769,
    -10.75029318369));
#1525 = CARTESIAN_POINT('',(318.66238298843,-902.4795650769,
    10.750293183691));
#1526 = CARTESIAN_POINT('',(318.66238298843,-902.4795650769,
    32.250879551074));
#1527 = CARTESIAN_POINT('',(264.91091706997,-902.4795650769,
    32.250879551074));
#1528 = MANIFOLD_SOLID_BREP('',#1529);
#1529 = CLOSED_SHELL('',(#1530));
#1530 = ADVANCED_FACE('',(#1531),#1535,.T.);
#1531 = FACE_BOUND('',#1532,.T.);
#1532 = VERTEX_LOOP('',#1533);
#1533 = VERTEX_POINT('',#1534);
#1534 = CARTESIAN_POINT('',(745.1411786392,-784.8162180041,
    -12.21921819685));
#1535 = ( BOUNDED_SURFACE() B_SPLINE_SURFACE(2,2,(
    (#1536,#1537,#1538,#1539,#1540)
    ,(#1541,#1542,#1543,#1544,#1545)
    ,(#1546,#1547,#1548,#1549,#1550)
    ,(#1551,#1552,#1553,#1554,#1555)
    ,(#1556,#1557,#1558,#1559,#1560)
    ,(#1561,#1562,#1563,#1564,#1565)
    ,(#1566,#1567,#1568,#1569,#1570
)),.UNSPECIFIED.,.T.,.F.,.F.) B_SPLINE_SURFACE_WITH_KNOTS((1,2,2,2,2,1),
  (3,2,3),(-2.094395102393,0.,2.094395102393,4.188790204786,
    6.28318530718,8.377580409573),(-1.570796326795,0.,1.570796326795),
.UNSPECIFIED.) GEOMETRIC_REPRESENTATION_ITEM() RATIONAL_B_SPLINE_SURFACE
((
    (1.,0.707106781187,1.,0.707106781187,1.)
    ,(0.5,0.353553390593,0.5,0.353553390593,0.5)
    ,(1.,0.707106781187,1.,0.707106781187,1.)
    ,(0.5,0.353553390593,0.5,0.353553390593,0.5)
    ,(1.,0.707106781187,1.,0.707106781187,1.)
    ,(0.5,0.353553390593,0.5,0.353553390593,0.5)
,(1.,0.707106781187,1.,0.707106781187,1.
))) REPRESENTATION_ITEM('') SURFACE() );
#1536 = CARTESIAN_POINT('',(745.1411786392,-784.8162180041,
    -12.21921819685));
#1537 = CARTESIAN_POINT('',(806.23726962347,-784.8162180041,
    -12.21921819685));
#1538 = CARTESIAN_POINT('',(806.23726962347,-784.8162180041,
    12.219218196853));
#1539 = CARTESIAN_POINT('',(806.23726962347,-784.8162180041,
    36.657654590558));
#1540 = CARTESIAN_POINT('',(745.1411786392,-784.8162180041,
    36.657654590558));
#1541 = CARTESIAN_POINT('',(745.1411786392,-784.8162180041,
    -12.21921819685));
#1542 = CARTESIAN_POINT('',(806.23726962347,-700.1589910212,
    -12.21921819685));
#1543 = CARTESIAN_POINT('',(806.23726962347,-700.1589910212,
    12.219218196853));
#1544 = CARTESIAN_POINT('',(806.23726962347,-700.1589910212,
    36.657654590558));
#1545 = CARTESIAN_POINT('',(745.1411786392,-784.8162180041,
    36.657654590558));
#1546 = CARTESIAN_POINT('',(745.1411786392,-784.8162180041,
    -12.21921819685));
#1547 = CARTESIAN_POINT('',(714.59313314707,-742.4876045126,
    -12.21921819685));
#1548 = CARTESIAN_POINT('',(714.59313314707,-742.4876045126,
    12.219218196853));
#1549 = CARTESIAN_POINT('',(714.59313314707,-742.4876045126,
    36.657654590558));
#1550 = CARTESIAN_POINT('',(745.1411786392,-784.8162180041,
    36.657654590558));
#1551 = CARTESIAN_POINT('',(745.1411786392,-784.8162180041,
    -12.21921819685));
#1552 = CARTESIAN_POINT('',(622.94899667067,-784.8162180041,
    -12.21921819685));
#1553 = CARTESIAN_POINT('',(622.94899667067,-784.8162180041,
    12.219218196853));
#1554 = CARTESIAN_POINT('',(622.94899667067,-784.8162180041,
    36.657654590558));
#1555 = CARTESIAN_POINT('',(745.1411786392,-784.8162180041,
    36.657654590558));
#1556 = CARTESIAN_POINT('',(745.1411786392,-784.8162180041,
    -12.21921819685));
#1557 = CARTESIAN_POINT('',(714.59313314707,-827.1448314955,
    -12.21921819685));
#1558 = CARTESIAN_POINT('',(714.59313314707,-827.1448314955,
    12.219218196853));
#1559 = CARTESIAN_POINT('',(714.59313314707,-827.1448314955,
    36.657654590558));
#1560 = CARTESIAN_POINT('',(745.1411786392,-784.8162180041,
    36.657654590558));
#1561 = CARTESIAN_POINT('',(745.1411786392,-784.8162180041,
    -12.21921819685));
#1562 = CARTESIAN_POINT('',(806.23726962347,-869.4734449869,
    -12.21921819685));
#1563 = CARTESIAN_POINT('',(806.23726962347,-869.4734449869,
    12.219218196853));
#1564 = CARTESIAN_POINT('',(806.23726962347,-869.4734449869,
    36.657654590558));
#1565 = CARTESIAN_POINT('',(745.1411786392,-784.8162180041,
    36.657654590558));
#1566 = CARTESIAN_POINT('',(745.1411786392,-784.8162180041,
    -12.21921819685));
#1567 = CARTESIAN_POINT('',(806.23726962347,-784.8162180041,
    -12.21921819685));
#1568 = CARTESIAN_POINT('',(806.23726962347,-784.8162180041,
    12.219218196853));
#1569 = CARTESIAN_POINT('',(806.23726962347,-784.8162180041,
    36.657654590558));
#1570 = CARTESIAN_POINT('',(745.1411786392,-784.8162180041,
    36.657654590558));
#1571 = MANIFOLD_SOLID_BREP('',#1572);
#1572 = CLOSED_SHELL('',(#1573));
#1573 = ADVANCED_FACE('',(#1574),#1578,.T.);
#1574 = FACE_BOUND('',#1575,.T.);
#1575 = VERTEX_LOOP('',#1576);
#1576 = VERTEX_POINT('',#1577);
#1577 = CARTESIAN_POINT('',(-899.5816576006,-572.2084636953,
    -14.49884437779));
#1578 = ( BOUNDED_SURFACE() B_SPLINE_SURFACE(2,2,(
    (#1579,#1580,#1581,#1582,#1583)
    ,(#1584,#1585,#1586,#1587,#1588)
    ,(#1589,#1590,#1591,#1592,#1593)
    ,(#1594,#1595,#1596,#1597,#1598)
    ,(#1599,#1600,#1601,#1602,#1603)
    ,(#1604,#1605,#1606,#1607,#1608)
    ,(#1609,#1610,#1611,#1612,#1613
)),.UNSPECIFIED.,.T.,.F.,.F.) B_SPLINE_SURFACE_WITH_KNOTS((1,2,2,2,2,1),
  (3,2,3),(-2.094395102393,0.,2.094395102393,4.188790204786,
    6.28318530718,8.377580409573),(-1.570796326795,0.,1.570796326795),
.UNSPECIFIED.) GEOMETRIC_REPRESENTATION_ITEM() RATIONAL_B_SPLINE_SURFACE
((
    (1.,0.707106781187,1.,0.707106781187,1.)
    ,(0.5,0.353553390593,0.5,0.353553390593,0.5)
    ,(1.,0.707106781187,1.,0.707106781187,1.)
    ,(0.5,0.353553390593,0.5,0.353553390593,0.5)
    ,(1.,0.707106781187,1.,0.707106781187,1.)
    ,(0.5,0.353553390593,0.5,0.353553390593,0.5)
,(1.,0.707106781187,1.,0.707106781187,1.
))) REPRESENTATION_ITEM('') SURFACE() );
#1579 = CARTESIAN_POINT('',(-899.5816576006,-572.2084636953,
    -14.49884437779));
#1580 = CARTESIAN_POINT('',(-827.0874357116,-572.2084636953,
    -14.49884437779));
#1581 = CARTESIAN_POINT('',(-827.0874357116,-572.2084636953,
    14.498844377795));
#1582 = CARTESIAN_POINT('',(-827.0874357116,-572.2084636953,
    43.496533133386));
#1583 = CARTESIAN_POINT('',(-899.5816576006,-572.2084636953,
    43.496533133386));
#1584 = CARTESIAN_POINT('',(-899.5816576006,-572.2084636953,
    -14.49884437779));
#1585 = CARTESIAN_POINT('',(-827.0874357116,-471.7575232418,
    -14.49884437779));
#1586 = CARTESIAN_POINT('',(-827.0874357116,-471.7575232418,
    14.498844377795));
#1587 = CARTESIAN_POINT('',(-827.0874357116,-471.7575232418,
    43.496533133386));
#1588 = CARTESIAN_POINT('',(-899.5816576006,-572.2084636953,
    43.496533133386));
#1589 = CARTESIAN_POINT('',(-899.5816576006,-572.2084636953,
    -14.49884437779));
#1590 = CARTESIAN_POINT('',(-935.8287685451,-521.9829934686,
    -14.49884437779));
#1591 = CARTESIAN_POINT('',(-935.8287685451,-521.9829934686,
    14.498844377795));
#1592 = CARTESIAN_POINT('',(-935.8287685451,-521.9829934686,
    43.496533133386));
#1593 = CARTESIAN_POINT('',(-899.5816576006,-572.2084636953,
    43.496533133386));
#1594 = CARTESIAN_POINT('',(-899.5816576006,-572.2084636953,
    -14.49884437779));
#1595 = CARTESIAN_POINT('',(-1.044570101379E+03,-572.2084636953,
    -14.49884437779));
#1596 = CARTESIAN_POINT('',(-1.044570101379E+03,-572.2084636953,
    14.498844377795));
#1597 = CARTESIAN_POINT('',(-1.044570101379E+03,-572.2084636953,
    43.496533133386));
#1598 = CARTESIAN_POINT('',(-899.5816576006,-572.2084636953,
    43.496533133386));
#1599 = CARTESIAN_POINT('',(-899.5816576006,-572.2084636953,
    -14.49884437779));
#1600 = CARTESIAN_POINT('',(-935.8287685451,-622.4339339221,
    -14.49884437779));
#1601 = CARTESIAN_POINT('',(-935.8287685451,-622.4339339221,
    14.498844377795));
#1602 = CARTESIAN_POINT('',(-935.8287685451,-622.4339339221,
    43.496533133386));
#1603 = CARTESIAN_POINT('',(-899.5816576006,-572.2084636953,
    43.496533133386));
#1604 = CARTESIAN_POINT('',(-899.5816576006,-572.2084636953,
    -14.49884437779));
#1605 = CARTESIAN_POINT('',(-827.0874357116,-672.6594041488,
    -14.49884437779));
#1606 = CARTESIAN_POINT('',(-827.0874357116,-672.6594041488,
    14.498844377795));
#1607 = CARTESIAN_POINT('',(-827.0874357116,-672.6594041488,
    43.496533133386));
#1608 = CARTESIAN_POINT('',(-899.5816576006,-572.2084636953,
    43.496533133386));
#1609 = CARTESIAN_POINT('',(-899.5816576006,-572.2084636953,
    -14.49884437779));
#1610 = CARTESIAN_POINT('',(-827.0874357116,-572.2084636953,
    -14.49884437779));
#1611 = CARTESIAN_POINT('',(-827.0874357116,-572.2084636953,
    14.498844377795));
#1612 = CARTESIAN_POINT('',(-827.0874357116,-572.2084636953,
    43.496533133386));
#1613 = CARTESIAN_POINT('',(-899.5816576006,-572.2084636953,
    43.496533133386));
#1614 = MANIFOLD_SOLID_BREP('',#1615);
#1615 = CLOSED_SHELL('',(#1616));
#1616 = ADVANCED_FACE('',(#1617),#1621,.T.);
#1617 = FACE_BOUND('',#1618,.T.);
#1618 = VERTEX_LOOP('',#1619);
#1619 = VERTEX_POINT('',#1620);
#1620 = CARTESIAN_POINT('',(587.91786768787,-937.6523566116,
    -16.05819251832));
#1621 = ( BOUNDED_SURFACE() B_SPLINE_SURFACE(2,2,(
    (#1622,#1623,#1624,#1625,#1626)
    ,(#1627,#1628,#1629,#1630,#1631)
    ,(#1632,#1633,#1634,#1635,#1636)
    ,(#1637,#1638,#1639,#1640,#1641)
    ,(#1642,#1643,#1644,#1645,#1646)
    ,(#1647,#1648,#1649,#1650,#1651)
    ,(#1652,#1653,#1654,#1655,#1656
)),.UNSPECIFIED.,.T.,.F.,.F.) B_SPLINE_SURFACE_WITH_KNOTS((1,2,2,2,2,1),
  (3,2,3),(-2.094395102393,0.,2.094395102393,4.188790204786,
    6.28318530718,8.377580409573),(-1.570796326795,0.,1.570796326795),
.UNSPECIFIED.) GEOMETRIC_REPRESENTATION_ITEM() RATIONAL_B_SPLINE_SURFACE
((
    (1.,0.707106781187,1.,0.707106781187,1.)
    ,(0.5,0.353553390593,0.5,0.353553390593,0.5)
    ,(1.,0.707106781187,1.,0.707106781187,1.)
    ,(0.5,0.353553390593,0.5,0.353553390593,0.5)
    ,(1.,0.707106781187,1.,0.707106781187,1.)
    ,(0.5,0.353553390593,0.5,0.353553390593,0.5)
,(1.,0.707106781187,1.,0.707106781187,1.
))) REPRESENTATION_ITEM('') SURFACE() );
#1622 = CARTESIAN_POINT('',(587.91786768787,-937.6523566116,
    -16.05819251832));
#1623 = CARTESIAN_POINT('',(668.20883027951,-937.6523566116,
    -16.05819251832));
#1624 = CARTESIAN_POINT('',(668.20883027951,-937.6523566116,
    16.058192518328));
#1625 = CARTESIAN_POINT('',(668.20883027951,-937.6523566116,
    48.174577554984));
#1626 = CARTESIAN_POINT('',(587.91786768787,-937.6523566116,
    48.174577554984));
#1627 = CARTESIAN_POINT('',(587.91786768787,-937.6523566116,
    -16.05819251832));
#1628 = CARTESIAN_POINT('',(668.20883027951,-826.3979353338,
    -16.05819251832));
#1629 = CARTESIAN_POINT('',(668.20883027951,-826.3979353338,
    16.058192518328));
#1630 = CARTESIAN_POINT('',(668.20883027951,-826.3979353338,
    48.174577554984));
#1631 = CARTESIAN_POINT('',(587.91786768787,-937.6523566116,
    48.174577554984));
#1632 = CARTESIAN_POINT('',(587.91786768787,-937.6523566116,
    -16.05819251832));
#1633 = CARTESIAN_POINT('',(547.77238639205,-882.0251459727,
    -16.05819251832));
#1634 = CARTESIAN_POINT('',(547.77238639205,-882.0251459727,
    16.058192518328));
#1635 = CARTESIAN_POINT('',(547.77238639205,-882.0251459727,
    48.174577554984));
#1636 = CARTESIAN_POINT('',(587.91786768787,-937.6523566116,
    48.174577554984));
#1637 = CARTESIAN_POINT('',(587.91786768787,-937.6523566116,
    -16.05819251832));
#1638 = CARTESIAN_POINT('',(427.33594250459,-937.6523566116,
    -16.05819251832));
#1639 = CARTESIAN_POINT('',(427.33594250459,-937.6523566116,
    16.058192518328));
#1640 = CARTESIAN_POINT('',(427.33594250459,-937.6523566116,
    48.174577554984));
#1641 = CARTESIAN_POINT('',(587.91786768787,-937.6523566116,
    48.174577554984));
#1642 = CARTESIAN_POINT('',(587.91786768787,-937.6523566116,
    -16.05819251832));
#1643 = CARTESIAN_POINT('',(547.77238639205,-993.2795672506,
    -16.05819251832));
#1644 = CARTESIAN_POINT('',(547.77238639205,-993.2795672506,
    16.058192518328));
#1645 = CARTESIAN_POINT('',(547.77238639205,-993.2795672506,
    48.174577554984));
#1646 = CARTESIAN_POINT('',(587.91786768787,-937.6523566116,
    48.174577554984));
#1647 = CARTESIAN_POINT('',(587.91786768787,-937.6523566116,
    -16.05819251832));
#1648 = CARTESIAN_POINT('',(668.20883027951,-1.04890677789E+03,
    -16.05819251832));
#1649 = CARTESIAN_POINT('',(668.20883027951,-1.04890677789E+03,
    16.058192518328));
#1650 = CARTESIAN_POINT('',(668.20883027951,-1.04890677789E+03,
    48.174577554984));
#1651 = CARTESIAN_POINT('',(587.91786768787,-937.6523566116,
    48.174577554984));
#1652 = CARTESIAN_POINT('',(587.91786768787,-937.6523566116,
    -16.05819251832));
#1653 = CARTESIAN_POINT('',(668.20883027951,-937.6523566116,
    -16.05819251832));
#1654 = CARTESIAN_POINT('',(668.20883027951,-937.6523566116,
    16.058192518328));
#1655 = CARTESIAN_POINT('',(668.20883027951,-937.6523566116,
    48.174577554984));
#1656 = CARTESIAN_POINT('',(587.91786768787,-937.6523566116,
    48.174577554984));
#1657 = MANIFOLD_SOLID_BREP('',#1658);
#1658 = CLOSED_SHELL('',(#1659));
#1659 = ADVANCED_FACE('',(#1660),#1664,.T.);
#1660 = FACE_BOUND('',#1661,.T.);
#1661 = VERTEX_LOOP('',#1662);
#1662 = VERTEX_POINT('',#1663);
#1663 = CARTESIAN_POINT('',(868.70483719288,-310.470364286,
    -8.927458433801));
#1664 = ( BOUNDED_SURFACE() B_SPLINE_SURFACE(2,2,(
    (#1665,#1666,#1667,#1668,#1669)
    ,(#1670,#1671,#1672,#1673,#1674)
    ,(#1675,#1676,#1677,#1678,#1679)
    ,(#1680,#1681,#1682,#1683,#1684)
    ,(#1685,#1686,#1687,#1688,#1689)
    ,(#1690,#1691,#1692,#1693,#1694)
    ,(#1695,#1696,#1697,#1698,#1699
)),.UNSPECIFIED.,.T.,.F.,.F.) B_SPLINE_SURFACE_WITH_KNOTS((1,2,2,2,2,1),
  (3,2,3),(-2.094395102393,0.,2.094395102393,4.188790204786,
    6.28318530718,8.377580409573),(-1.570796326795,0.,1.570796326795),
.UNSPECIFIED.) GEOMETRIC_REPRESENTATION_ITEM() RATIONAL_B_SPLINE_SURFACE
((
    (1.,0.707106781187,1.,0.707106781187,1.)
    ,(0.5,0.353553390593,0.5,0.353553390593,0.5)
    ,(1.,0.707106781187,1.,0.707106781187,1.)
    ,(0.5,0.353553390593,0.5,0.353553390593,0.5)
    ,(1.,0.707106781187,1.,0.707106781187,1.)
    ,(0.5,0.353553390593,0.5,0.353553390593,0.5)
,(1.,0.707106781187,1.,0.707106781187,1.
))) REPRESENTATION_ITEM('') SURFACE() );
#1665 = CARTESIAN_POINT('',(868.70483719288,-310.470364286,
    -8.927458433801));
#1666 = CARTESIAN_POINT('',(913.34212936189,-310.470364286,
    -8.927458433801));
#1667 = CARTESIAN_POINT('',(913.34212936189,-310.470364286,
    8.927458433801));
#1668 = CARTESIAN_POINT('',(913.34212936189,-310.470364286,
    26.782375301404));
#1669 = CARTESIAN_POINT('',(868.70483719288,-310.470364286,
    26.782375301404));
#1670 = CARTESIAN_POINT('',(868.70483719288,-310.470364286,
    -8.927458433801));
#1671 = CARTESIAN_POINT('',(913.34212936189,-248.6191179267,
    -8.927458433801));
#1672 = CARTESIAN_POINT('',(913.34212936189,-248.6191179267,
    8.927458433801));
#1673 = CARTESIAN_POINT('',(913.34212936189,-248.6191179267,
    26.782375301404));
#1674 = CARTESIAN_POINT('',(868.70483719288,-310.470364286,
    26.782375301404));
#1675 = CARTESIAN_POINT('',(868.70483719288,-310.470364286,
    -8.927458433801));
#1676 = CARTESIAN_POINT('',(846.38619110838,-279.5447411064,
    -8.927458433801));
#1677 = CARTESIAN_POINT('',(846.38619110838,-279.5447411064,
    8.927458433801));
#1678 = CARTESIAN_POINT('',(846.38619110838,-279.5447411064,
    26.782375301404));
#1679 = CARTESIAN_POINT('',(868.70483719288,-310.470364286,
    26.782375301404));
#1680 = CARTESIAN_POINT('',(868.70483719288,-310.470364286,
    -8.927458433801));
#1681 = CARTESIAN_POINT('',(779.43025285487,-310.470364286,
    -8.927458433801));
#1682 = CARTESIAN_POINT('',(779.43025285487,-310.470364286,
    8.927458433801));
#1683 = CARTESIAN_POINT('',(779.43025285487,-310.470364286,
    26.782375301404));
#1684 = CARTESIAN_POINT('',(868.70483719288,-310.470364286,
    26.782375301404));
#1685 = CARTESIAN_POINT('',(868.70483719288,-310.470364286,
    -8.927458433801));
#1686 = CARTESIAN_POINT('',(846.38619110838,-341.3959874656,
    -8.927458433801));
#1687 = CARTESIAN_POINT('',(846.38619110838,-341.3959874656,
    8.927458433801));
#1688 = CARTESIAN_POINT('',(846.38619110838,-341.3959874656,
    26.782375301404));
#1689 = CARTESIAN_POINT('',(868.70483719288,-310.470364286,
    26.782375301404));
#1690 = CARTESIAN_POINT('',(868.70483719288,-310.470364286,
    -8.927458433801));
#1691 = CARTESIAN_POINT('',(913.34212936189,-372.3216106452,
    -8.927458433801));
#1692 = CARTESIAN_POINT('',(913.34212936189,-372.3216106452,
    8.927458433801));
#1693 = CARTESIAN_POINT('',(913.34212936189,-372.3216106452,
    26.782375301404));
#1694 = CARTESIAN_POINT('',(868.70483719288,-310.470364286,
    26.782375301404));
#1695 = CARTESIAN_POINT('',(868.70483719288,-310.470364286,
    -8.927458433801));
#1696 = CARTESIAN_POINT('',(913.34212936189,-310.470364286,
    -8.927458433801));
#1697 = CARTESIAN_POINT('',(913.34212936189,-310.470364286,
    8.927458433801));
#1698 = CARTESIAN_POINT('',(913.34212936189,-310.470364286,
    26.782375301404));
#1699 = CARTESIAN_POINT('',(868.70483719288,-310.470364286,
    26.782375301404));
#1700 = MANIFOLD_SOLID_BREP('',#1701);
#1701 = CLOSED_SHELL('',(#1702));
#1702 = ADVANCED_FACE('',(#1703),#1707,.T.);
#1703 = FACE_BOUND('',#1704,.T.);
#1704 = VERTEX_LOOP('',#1705);
#1705 = VERTEX_POINT('',#1706);
#1706 = CARTESIAN_POINT('',(583.54371922132,436.49039471825,
    -13.36228091454));
#1707 = ( BOUNDED_SURFACE() B_SPLINE_SURFACE(2,2,(
    (#1708,#1709,#1710,#1711,#1712)
    ,(#1713,#1714,#1715,#1716,#1717)
    ,(#1718,#1719,#1720,#1721,#1722)
    ,(#1723,#1724,#1725,#1726,#1727)
    ,(#1728,#1729,#1730,#1731,#1732)
    ,(#1733,#1734,#1735,#1736,#1737)
    ,(#1738,#1739,#1740,#1741,#1742
)),.UNSPECIFIED.,.T.,.F.,.F.) B_SPLINE_SURFACE_WITH_KNOTS((1,2,2,2,2,1),
  (3,2,3),(-2.094395102393,0.,2.094395102393,4.188790204786,
    6.28318530718,8.377580409573),(-1.570796326795,0.,1.570796326795),
.UNSPECIFIED.) GEOMETRIC_REPRESENTATION_ITEM() RATIONAL_B_SPLINE_SURFACE
((
    (1.,0.707106781187,1.,0.707106781187,1.)
    ,(0.5,0.353553390593,0.5,0.353553390593,0.5)
    ,(1.,0.707106781187,1.,0.707106781187,1.)
    ,(0.5,0.353553390593,0.5,0.353553390593,0.5)
    ,(1.,0.707106781187,1.,0.707106781187,1.)
    ,(0.5,0.353553390593,0.5,0.353553390593,0.5)
,(1.,0.707106781187,1.,0.707106781187,1.
))) REPRESENTATION_ITEM('') SURFACE() );
#1708 = CARTESIAN_POINT('',(583.54371922132,436.49039471825,
    -13.36228091454));
#1709 = CARTESIAN_POINT('',(650.35512379405,436.49039471825,
    -13.36228091454));
#1710 = CARTESIAN_POINT('',(650.35512379405,436.49039471825,
    13.362280914547));
#1711 = CARTESIAN_POINT('',(650.35512379405,436.49039471825,
    40.086842743641));
#1712 = CARTESIAN_POINT('',(583.54371922132,436.49039471825,
    40.086842743641));
#1713 = CARTESIAN_POINT('',(583.54371922132,436.49039471825,
    -13.36228091454));
#1714 = CARTESIAN_POINT('',(650.35512379405,529.06699251426,
    -13.36228091454));
#1715 = CARTESIAN_POINT('',(650.35512379405,529.06699251426,
    13.362280914547));
#1716 = CARTESIAN_POINT('',(650.35512379405,529.06699251426,
    40.086842743641));
#1717 = CARTESIAN_POINT('',(583.54371922132,436.49039471825,
    40.086842743641));
#1718 = CARTESIAN_POINT('',(583.54371922132,436.49039471825,
    -13.36228091454));
#1719 = CARTESIAN_POINT('',(550.13801693495,482.77869361626,
    -13.36228091454));
#1720 = CARTESIAN_POINT('',(550.13801693495,482.77869361626,
    13.362280914547));
#1721 = CARTESIAN_POINT('',(550.13801693495,482.77869361626,
    40.086842743641));
#1722 = CARTESIAN_POINT('',(583.54371922132,436.49039471825,
    40.086842743641));
#1723 = CARTESIAN_POINT('',(583.54371922132,436.49039471825,
    -13.36228091454));
#1724 = CARTESIAN_POINT('',(449.92091007585,436.49039471825,
    -13.36228091454));
#1725 = CARTESIAN_POINT('',(449.92091007585,436.49039471825,
    13.362280914547));
#1726 = CARTESIAN_POINT('',(449.92091007585,436.49039471825,
    40.086842743641));
#1727 = CARTESIAN_POINT('',(583.54371922132,436.49039471825,
    40.086842743641));
#1728 = CARTESIAN_POINT('',(583.54371922132,436.49039471825,
    -13.36228091454));
#1729 = CARTESIAN_POINT('',(550.13801693495,390.20209582024,
    -13.36228091454));
#1730 = CARTESIAN_POINT('',(550.13801693495,390.20209582024,
    13.362280914547));
#1731 = CARTESIAN_POINT('',(550.13801693495,390.20209582024,
    40.086842743641));
#1732 = CARTESIAN_POINT('',(583.54371922132,436.49039471825,
    40.086842743641));
#1733 = CARTESIAN_POINT('',(583.54371922132,436.49039471825,
    -13.36228091454));
#1734 = CARTESIAN_POINT('',(650.35512379405,343.91379692224,
    -13.36228091454));
#1735 = CARTESIAN_POINT('',(650.35512379405,343.91379692224,
    13.362280914547));
#1736 = CARTESIAN_POINT('',(650.35512379405,343.91379692224,
    40.086842743641));
#1737 = CARTESIAN_POINT('',(583.54371922132,436.49039471825,
    40.086842743641));
#1738 = CARTESIAN_POINT('',(583.54371922132,436.49039471825,
    -13.36228091454));
#1739 = CARTESIAN_POINT('',(650.35512379405,436.49039471825,
    -13.36228091454));
#1740 = CARTESIAN_POINT('',(650.35512379405,436.49039471825,
    13.362280914547));
#1741 = CARTESIAN_POINT('',(650.35512379405,436.49039471825,
    40.086842743641));
#1742 = CARTESIAN_POINT('',(583.54371922132,436.49039471825,
    40.086842743641));
#1743 = MANIFOLD_SOLID_BREP('',#1744);
#1744 = CLOSED_SHELL('',(#1745));
#1745 = ADVANCED_FACE('',(#1746),#1750,.T.);
#1746 = FACE_BOUND('',#1747,.T.);
#1747 = VERTEX_LOOP('',#1748);
#1748 = VERTEX_POINT('',#1749);
#1749 = CARTESIAN_POINT('',(625.86886208069,225.18752949206,
    -16.6170690031));
#1750 = ( BOUNDED_SURFACE() B_SPLINE_SURFACE(2,2,(
    (#1751,#1752,#1753,#1754,#1755)
    ,(#1756,#1757,#1758,#1759,#1760)
    ,(#1761,#1762,#1763,#1764,#1765)
    ,(#1766,#1767,#1768,#1769,#1770)
    ,(#1771,#1772,#1773,#1774,#1775)
    ,(#1776,#1777,#1778,#1779,#1780)
    ,(#1781,#1782,#1783,#1784,#1785
)),.UNSPECIFIED.,.T.,.F.,.F.) B_SPLINE_SURFACE_WITH_KNOTS((1,2,2,2,2,1),
  (3,2,3),(-2.094395102393,0.,2.094395102393,4.188790204786,
    6.28318530718,8.377580409573),(-1.570796326795,0.,1.570796326795),
.UNSPECIFIED.) GEOMETRIC_REPRESENTATION_ITEM() RATIONAL_B_SPLINE_SURFACE
((
    (1.,0.707106781187,1.,0.707106781187,1.)
    ,(0.5,0.353553390593,0.5,0.353553390593,0.5)
    ,(1.,0.707106781187,1.,0.707106781187,1.)
    ,(0.5,0.353553390593,0.5,0.353553390593,0.5)
    ,(1.,0.707106781187,1.,0.707106781187,1.)
    ,(0.5,0.353553390593,0.5,0.353553390593,0.5)
,(1.,0.707106781187,1.,0.707106781187,1.
))) REPRESENTATION_ITEM('') SURFACE() );
#1751 = CARTESIAN_POINT('',(625.86886208069,225.18752949206,
    -16.6170690031));
#1752 = CARTESIAN_POINT('',(708.95420709622,225.18752949206,
    -16.6170690031));
#1753 = CARTESIAN_POINT('',(708.95420709622,225.18752949206,
    16.617069003108));
#1754 = CARTESIAN_POINT('',(708.95420709622,225.18752949206,
    49.851207009323));
#1755 = CARTESIAN_POINT('',(625.86886208069,225.18752949206,
    49.851207009323));
#1756 = CARTESIAN_POINT('',(625.86886208069,225.18752949206,
    -16.6170690031));
#1757 = CARTESIAN_POINT('',(708.95420709622,340.31396063711,
    -16.6170690031));
#1758 = CARTESIAN_POINT('',(708.95420709622,340.31396063711,
    16.617069003108));
#1759 = CARTESIAN_POINT('',(708.95420709622,340.31396063711,
    49.851207009323));
#1760 = CARTESIAN_POINT('',(625.86886208069,225.18752949206,
    49.851207009323));
#1761 = CARTESIAN_POINT('',(625.86886208069,225.18752949206,
    -16.6170690031));
#1762 = CARTESIAN_POINT('',(584.32618957292,282.75074506458,
    -16.6170690031));
#1763 = CARTESIAN_POINT('',(584.32618957292,282.75074506458,
    16.617069003108));
#1764 = CARTESIAN_POINT('',(584.32618957292,282.75074506458,
    49.851207009323));
#1765 = CARTESIAN_POINT('',(625.86886208069,225.18752949206,
    49.851207009323));
#1766 = CARTESIAN_POINT('',(625.86886208069,225.18752949206,
    -16.6170690031));
#1767 = CARTESIAN_POINT('',(459.69817204961,225.18752949206,
    -16.6170690031));
#1768 = CARTESIAN_POINT('',(459.69817204961,225.18752949206,
    16.617069003108));
#1769 = CARTESIAN_POINT('',(459.69817204961,225.18752949206,
    49.851207009323));
#1770 = CARTESIAN_POINT('',(625.86886208069,225.18752949206,
    49.851207009323));
#1771 = CARTESIAN_POINT('',(625.86886208069,225.18752949206,
    -16.6170690031));
#1772 = CARTESIAN_POINT('',(584.32618957292,167.62431391954,
    -16.6170690031));
#1773 = CARTESIAN_POINT('',(584.32618957292,167.62431391954,
    16.617069003108));
#1774 = CARTESIAN_POINT('',(584.32618957292,167.62431391954,
    49.851207009323));
#1775 = CARTESIAN_POINT('',(625.86886208069,225.18752949206,
    49.851207009323));
#1776 = CARTESIAN_POINT('',(625.86886208069,225.18752949206,
    -16.6170690031));
#1777 = CARTESIAN_POINT('',(708.95420709622,110.06109834702,
    -16.6170690031));
#1778 = CARTESIAN_POINT('',(708.95420709622,110.06109834702,
    16.617069003108));
#1779 = CARTESIAN_POINT('',(708.95420709622,110.06109834702,
    49.851207009323));
#1780 = CARTESIAN_POINT('',(625.86886208069,225.18752949206,
    49.851207009323));
#1781 = CARTESIAN_POINT('',(625.86886208069,225.18752949206,
    -16.6170690031));
#1782 = CARTESIAN_POINT('',(708.95420709622,225.18752949206,
    -16.6170690031));
#1783 = CARTESIAN_POINT('',(708.95420709622,225.18752949206,
    16.617069003108));
#1784 = CARTESIAN_POINT('',(708.95420709622,225.18752949206,
    49.851207009323));
#1785 = CARTESIAN_POINT('',(625.86886208069,225.18752949206,
    49.851207009323));
#1786 = MANIFOLD_SOLID_BREP('',#1787);
#1787 = CLOSED_SHELL('',(#1788));
#1788 = ADVANCED_FACE('',(#1789),#1793,.T.);
#1789 = FACE_BOUND('',#1790,.T.);
#1790 = VERTEX_LOOP('',#1791);
#1791 = VERTEX_POINT('',#1792);
#1792 = CARTESIAN_POINT('',(-516.993276262,-400.1628691559,
    -8.797919769236));
#1793 = ( BOUNDED_SURFACE() B_SPLINE_SURFACE(2,2,(
    (#1794,#1795,#1796,#1797,#1798)
    ,(#1799,#1800,#1801,#1802,#1803)
    ,(#1804,#1805,#1806,#1807,#1808)
    ,(#1809,#1810,#1811,#1812,#1813)
    ,(#1814,#1815,#1816,#1817,#1818)
    ,(#1819,#1820,#1821,#1822,#1823)
    ,(#1824,#1825,#1826,#1827,#1828
)),.UNSPECIFIED.,.T.,.F.,.F.) B_SPLINE_SURFACE_WITH_KNOTS((1,2,2,2,2,1),
  (3,2,3),(-2.094395102393,0.,2.094395102393,4.188790204786,
    6.28318530718,8.377580409573),(-1.570796326795,0.,1.570796326795),
.UNSPECIFIED.) GEOMETRIC_REPRESENTATION_ITEM() RATIONAL_B_SPLINE_SURFACE
((
    (1.,0.707106781187,1.,0.707106781187,1.)
    ,(0.5,0.353553390593,0.5,0.353553390593,0.5)
    ,(1.,0.707106781187,1.,0.707106781187,1.)
    ,(0.5,0.353553390593,0.5,0.353553390593,0.5)
    ,(1.,0.707106781187,1.,0.707106781187,1.)
    ,(0.5,0.353553390593,0.5,0.353553390593,0.5)
,(1.,0.707106781187,1.,0.707106781187,1.
))) REPRESENTATION_ITEM('') SURFACE() );
#1794 = CARTESIAN_POINT('',(-516.993276262,-400.1628691559,
    -8.797919769236));
#1795 = CARTESIAN_POINT('',(-473.0036774158,-400.1628691559,
    -8.797919769236));
#1796 = CARTESIAN_POINT('',(-473.0036774158,-400.1628691559,
    8.797919769236));
#1797 = CARTESIAN_POINT('',(-473.0036774158,-400.1628691559,
    26.393759307709));
#1798 = CARTESIAN_POINT('',(-516.993276262,-400.1628691559,
    26.393759307709));
#1799 = CARTESIAN_POINT('',(-516.993276262,-400.1628691559,
    -8.797919769236));
#1800 = CARTESIAN_POINT('',(-473.0036774158,-339.209092991,
    -8.797919769236));
#1801 = CARTESIAN_POINT('',(-473.0036774158,-339.209092991,
    8.797919769236));
#1802 = CARTESIAN_POINT('',(-473.0036774158,-339.209092991,
    26.393759307709));
#1803 = CARTESIAN_POINT('',(-516.993276262,-400.1628691559,
    26.393759307709));
#1804 = CARTESIAN_POINT('',(-516.993276262,-400.1628691559,
    -8.797919769236));
#1805 = CARTESIAN_POINT('',(-538.9880756851,-369.6859810735,
    -8.797919769236));
#1806 = CARTESIAN_POINT('',(-538.9880756851,-369.6859810735,
    8.797919769236));
#1807 = CARTESIAN_POINT('',(-538.9880756851,-369.6859810735,
    26.393759307709));
#1808 = CARTESIAN_POINT('',(-516.993276262,-400.1628691559,
    26.393759307709));
#1809 = CARTESIAN_POINT('',(-516.993276262,-400.1628691559,
    -8.797919769236));
#1810 = CARTESIAN_POINT('',(-604.9724739544,-400.1628691559,
    -8.797919769236));
#1811 = CARTESIAN_POINT('',(-604.9724739544,-400.1628691559,
    8.797919769236));
#1812 = CARTESIAN_POINT('',(-604.9724739544,-400.1628691559,
    26.393759307709));
#1813 = CARTESIAN_POINT('',(-516.993276262,-400.1628691559,
    26.393759307709));
#1814 = CARTESIAN_POINT('',(-516.993276262,-400.1628691559,
    -8.797919769236));
#1815 = CARTESIAN_POINT('',(-538.9880756851,-430.6397572384,
    -8.797919769236));
#1816 = CARTESIAN_POINT('',(-538.9880756851,-430.6397572384,
    8.797919769236));
#1817 = CARTESIAN_POINT('',(-538.9880756851,-430.6397572384,
    26.393759307709));
#1818 = CARTESIAN_POINT('',(-516.993276262,-400.1628691559,
    26.393759307709));
#1819 = CARTESIAN_POINT('',(-516.993276262,-400.1628691559,
    -8.797919769236));
#1820 = CARTESIAN_POINT('',(-473.0036774158,-461.1166453209,
    -8.797919769236));
#1821 = CARTESIAN_POINT('',(-473.0036774158,-461.1166453209,
    8.797919769236));
#1822 = CARTESIAN_POINT('',(-473.0036774158,-461.1166453209,
    26.393759307709));
#1823 = CARTESIAN_POINT('',(-516.993276262,-400.1628691559,
    26.393759307709));
#1824 = CARTESIAN_POINT('',(-516.993276262,-400.1628691559,
    -8.797919769236));
#1825 = CARTESIAN_POINT('',(-473.0036774158,-400.1628691559,
    -8.797919769236));
#1826 = CARTESIAN_POINT('',(-473.0036774158,-400.1628691559,
    8.797919769236));
#1827 = CARTESIAN_POINT('',(-473.0036774158,-400.1628691559,
    26.393759307709));
#1828 = CARTESIAN_POINT('',(-516.993276262,-400.1628691559,
    26.393759307709));
#1829 = MANIFOLD_SOLID_BREP('',#1830);
#1830 = CLOSED_SHELL('',(#1831));
#1831 = ADVANCED_FACE('',(#1832),#1836,.T.);
#1832 = FACE_BOUND('',#1833,.T.);
#1833 = VERTEX_LOOP('',#1834);
#1834 = VERTEX_POINT('',#1835);
#1835 = CARTESIAN_POINT('',(257.80044410236,-256.8188599568,
    -11.70180967116));
#1836 = ( BOUNDED_SURFACE() B_SPLINE_SURFACE(2,2,(
    (#1837,#1838,#1839,#1840,#1841)
    ,(#1842,#1843,#1844,#1845,#1846)
    ,(#1847,#1848,#1849,#1850,#1851)
    ,(#1852,#1853,#1854,#1855,#1856)
    ,(#1857,#1858,#1859,#1860,#1861)
    ,(#1862,#1863,#1864,#1865,#1866)
    ,(#1867,#1868,#1869,#1870,#1871
)),.UNSPECIFIED.,.T.,.F.,.F.) B_SPLINE_SURFACE_WITH_KNOTS((1,2,2,2,2,1),
  (3,2,3),(-2.094395102393,0.,2.094395102393,4.188790204786,
    6.28318530718,8.377580409573),(-1.570796326795,0.,1.570796326795),
.UNSPECIFIED.) GEOMETRIC_REPRESENTATION_ITEM() RATIONAL_B_SPLINE_SURFACE
((
    (1.,0.707106781187,1.,0.707106781187,1.)
    ,(0.5,0.353553390593,0.5,0.353553390593,0.5)
    ,(1.,0.707106781187,1.,0.707106781187,1.)
    ,(0.5,0.353553390593,0.5,0.353553390593,0.5)
    ,(1.,0.707106781187,1.,0.707106781187,1.)
    ,(0.5,0.353553390593,0.5,0.353553390593,0.5)
,(1.,0.707106781187,1.,0.707106781187,1.
))) REPRESENTATION_ITEM('') SURFACE() );
#1837 = CARTESIAN_POINT('',(257.80044410236,-256.8188599568,
    -11.70180967116));
#1838 = CARTESIAN_POINT('',(316.3094924582,-256.8188599568,
    -11.70180967116));
#1839 = CARTESIAN_POINT('',(316.3094924582,-256.8188599568,
    11.701809671169));
#1840 = CARTESIAN_POINT('',(316.3094924582,-256.8188599568,
    35.105429013506));
#1841 = CARTESIAN_POINT('',(257.80044410236,-256.8188599568,
    35.105429013506));
#1842 = CARTESIAN_POINT('',(257.80044410236,-256.8188599568,
    -11.70180967116));
#1843 = CARTESIAN_POINT('',(316.3094924582,-175.7463443929,
    -11.70180967116));
#1844 = CARTESIAN_POINT('',(316.3094924582,-175.7463443929,
    11.701809671169));
#1845 = CARTESIAN_POINT('',(316.3094924582,-175.7463443929,
    35.105429013506));
#1846 = CARTESIAN_POINT('',(257.80044410236,-256.8188599568,
    35.105429013506));
#1847 = CARTESIAN_POINT('',(257.80044410236,-256.8188599568,
    -11.70180967116));
#1848 = CARTESIAN_POINT('',(228.54591992443,-216.2826021749,
    -11.70180967116));
#1849 = CARTESIAN_POINT('',(228.54591992443,-216.2826021749,
    11.701809671169));
#1850 = CARTESIAN_POINT('',(228.54591992443,-216.2826021749,
    35.105429013506));
#1851 = CARTESIAN_POINT('',(257.80044410236,-256.8188599568,
    35.105429013506));
#1852 = CARTESIAN_POINT('',(257.80044410236,-256.8188599568,
    -11.70180967116));
#1853 = CARTESIAN_POINT('',(140.78234739067,-256.8188599568,
    -11.70180967116));
#1854 = CARTESIAN_POINT('',(140.78234739067,-256.8188599568,
    11.701809671169));
#1855 = CARTESIAN_POINT('',(140.78234739067,-256.8188599568,
    35.105429013506));
#1856 = CARTESIAN_POINT('',(257.80044410236,-256.8188599568,
    35.105429013506));
#1857 = CARTESIAN_POINT('',(257.80044410236,-256.8188599568,
    -11.70180967116));
#1858 = CARTESIAN_POINT('',(228.54591992443,-297.3551177387,
    -11.70180967116));
#1859 = CARTESIAN_POINT('',(228.54591992443,-297.3551177387,
    11.701809671169));
#1860 = CARTESIAN_POINT('',(228.54591992443,-297.3551177387,
    35.105429013506));
#1861 = CARTESIAN_POINT('',(257.80044410236,-256.8188599568,
    35.105429013506));
#1862 = CARTESIAN_POINT('',(257.80044410236,-256.8188599568,
    -11.70180967116));
#1863 = CARTESIAN_POINT('',(316.3094924582,-337.8913755207,
    -11.70180967116));
#1864 = CARTESIAN_POINT('',(316.3094924582,-337.8913755207,
    11.701809671169));
#1865 = CARTESIAN_POINT('',(316.3094924582,-337.8913755207,
    35.105429013506));
#1866 = CARTESIAN_POINT('',(257.80044410236,-256.8188599568,
    35.105429013506));
#1867 = CARTESIAN_POINT('',(257.80044410236,-256.8188599568,
    -11.70180967116));
#1868 = CARTESIAN_POINT('',(316.3094924582,-256.8188599568,
    -11.70180967116));
#1869 = CARTESIAN_POINT('',(316.3094924582,-256.8188599568,
    11.701809671169));
#1870 = CARTESIAN_POINT('',(316.3094924582,-256.8188599568,
    35.105429013506));
#1871 = CARTESIAN_POINT('',(257.80044410236,-256.8188599568,
    35.105429013506));
#1872 = MANIFOLD_SOLID_BREP('',#1873);
#1873 = CLOSED_SHELL('',(#1874));
#1874 = ADVANCED_FACE('',(#1875),#1879,.T.);
#1875 = FACE_BOUND('',#1876,.T.);
#1876 = VERTEX_LOOP('',#1877);
#1877 = VERTEX_POINT('',#1878);
#1878 = CARTESIAN_POINT('',(281.26723196852,207.34891076727,
    -9.711386481981));
#1879 = ( BOUNDED_SURFACE() B_SPLINE_SURFACE(2,2,(
    (#1880,#1881,#1882,#1883,#1884)
    ,(#1885,#1886,#1887,#1888,#1889)
    ,(#1890,#1891,#1892,#1893,#1894)
    ,(#1895,#1896,#1897,#1898,#1899)
    ,(#1900,#1901,#1902,#1903,#1904)
    ,(#1905,#1906,#1907,#1908,#1909)
    ,(#1910,#1911,#1912,#1913,#1914
)),.UNSPECIFIED.,.T.,.F.,.F.) B_SPLINE_SURFACE_WITH_KNOTS((1,2,2,2,2,1),
  (3,2,3),(-2.094395102393,0.,2.094395102393,4.188790204786,
    6.28318530718,8.377580409573),(-1.570796326795,0.,1.570796326795),
.UNSPECIFIED.) GEOMETRIC_REPRESENTATION_ITEM() RATIONAL_B_SPLINE_SURFACE
((
    (1.,0.707106781187,1.,0.707106781187,1.)
    ,(0.5,0.353553390593,0.5,0.353553390593,0.5)
    ,(1.,0.707106781187,1.,0.707106781187,1.)
    ,(0.5,0.353553390593,0.5,0.353553390593,0.5)
    ,(1.,0.707106781187,1.,0.707106781187,1.)
    ,(0.5,0.353553390593,0.5,0.353553390593,0.5)
,(1.,0.707106781187,1.,0.707106781187,1.
))) REPRESENTATION_ITEM('') SURFACE() );
#1880 = CARTESIAN_POINT('',(281.26723196852,207.34891076727,
    -9.711386481981));
#1881 = CARTESIAN_POINT('',(329.82416437843,207.34891076727,
    -9.711386481981));
#1882 = CARTESIAN_POINT('',(329.82416437843,207.34891076727,
    9.711386481981));
#1883 = CARTESIAN_POINT('',(329.82416437843,207.34891076727,
    29.134159445943));
#1884 = CARTESIAN_POINT('',(281.26723196852,207.34891076727,
    29.134159445943));
#1885 = CARTESIAN_POINT('',(281.26723196852,207.34891076727,
    -9.711386481981));
#1886 = CARTESIAN_POINT('',(329.82416437843,274.63136996219,
    -9.711386481981));
#1887 = CARTESIAN_POINT('',(329.82416437843,274.63136996219,
    9.711386481981));
#1888 = CARTESIAN_POINT('',(329.82416437843,274.63136996219,
    29.134159445943));
#1889 = CARTESIAN_POINT('',(281.26723196852,207.34891076727,
    29.134159445943));
#1890 = CARTESIAN_POINT('',(281.26723196852,207.34891076727,
    -9.711386481981));
#1891 = CARTESIAN_POINT('',(256.98876576357,240.99014036473,
    -9.711386481981));
#1892 = CARTESIAN_POINT('',(256.98876576357,240.99014036473,
    9.711386481981));
#1893 = CARTESIAN_POINT('',(256.98876576357,240.99014036473,
    29.134159445943));
#1894 = CARTESIAN_POINT('',(281.26723196852,207.34891076727,
    29.134159445943));
#1895 = CARTESIAN_POINT('',(281.26723196852,207.34891076727,
    -9.711386481981));
#1896 = CARTESIAN_POINT('',(184.15336714871,207.34891076727,
    -9.711386481981));
#1897 = CARTESIAN_POINT('',(184.15336714871,207.34891076727,
    9.711386481981));
#1898 = CARTESIAN_POINT('',(184.15336714871,207.34891076727,
    29.134159445943));
#1899 = CARTESIAN_POINT('',(281.26723196852,207.34891076727,
    29.134159445943));
#1900 = CARTESIAN_POINT('',(281.26723196852,207.34891076727,
    -9.711386481981));
#1901 = CARTESIAN_POINT('',(256.98876576357,173.70768116982,
    -9.711386481981));
#1902 = CARTESIAN_POINT('',(256.98876576357,173.70768116982,
    9.711386481981));
#1903 = CARTESIAN_POINT('',(256.98876576357,173.70768116982,
    29.134159445943));
#1904 = CARTESIAN_POINT('',(281.26723196852,207.34891076727,
    29.134159445943));
#1905 = CARTESIAN_POINT('',(281.26723196852,207.34891076727,
    -9.711386481981));
#1906 = CARTESIAN_POINT('',(329.82416437843,140.06645157236,
    -9.711386481981));
#1907 = CARTESIAN_POINT('',(329.82416437843,140.06645157236,
    9.711386481981));
#1908 = CARTESIAN_POINT('',(329.82416437843,140.06645157236,
    29.134159445943));
#1909 = CARTESIAN_POINT('',(281.26723196852,207.34891076727,
    29.134159445943));
#1910 = CARTESIAN_POINT('',(281.26723196852,207.34891076727,
    -9.711386481981));
#1911 = CARTESIAN_POINT('',(329.82416437843,207.34891076727,
    -9.711386481981));
#1912 = CARTESIAN_POINT('',(329.82416437843,207.34891076727,
    9.711386481981));
#1913 = CARTESIAN_POINT('',(329.82416437843,207.34891076727,
    29.134159445943));
#1914 = CARTESIAN_POINT('',(281.26723196852,207.34891076727,
    29.134159445943));
#1915 = MANIFOLD_SOLID_BREP('',#1916);
#1916 = CLOSED_SHELL('',(#1917));
#1917 = ADVANCED_FACE('',(#1918),#1922,.T.);
#1918 = FACE_BOUND('',#1919,.T.);
#1919 = VERTEX_LOOP('',#1920);
#1920 = VERTEX_POINT('',#1921);
#1921 = CARTESIAN_POINT('',(930.09436620953,265.99954372277,
    -13.56949743774));
#1922 = ( BOUNDED_SURFACE() B_SPLINE_SURFACE(2,2,(
    (#1923,#1924,#1925,#1926,#1927)
    ,(#1928,#1929,#1930,#1931,#1932)
    ,(#1933,#1934,#1935,#1936,#1937)
    ,(#1938,#1939,#1940,#1941,#1942)
    ,(#1943,#1944,#1945,#1946,#1947)
    ,(#1948,#1949,#1950,#1951,#1952)
    ,(#1953,#1954,#1955,#1956,#1957
)),.UNSPECIFIED.,.T.,.F.,.F.) B_SPLINE_SURFACE_WITH_KNOTS((1,2,2,2,2,1),
  (3,2,3),(-2.094395102393,0.,2.094395102393,4.188790204786,
    6.28318530718,8.377580409573),(-1.570796326795,0.,1.570796326795),
.UNSPECIFIED.) GEOMETRIC_REPRESENTATION_ITEM() RATIONAL_B_SPLINE_SURFACE
((
    (1.,0.707106781187,1.,0.707106781187,1.)
    ,(0.5,0.353553390593,0.5,0.353553390593,0.5)
    ,(1.,0.707106781187,1.,0.707106781187,1.)
    ,(0.5,0.353553390593,0.5,0.353553390593,0.5)
    ,(1.,0.707106781187,1.,0.707106781187,1.)
    ,(0.5,0.353553390593,0.5,0.353553390593,0.5)
,(1.,0.707106781187,1.,0.707106781187,1.
))) REPRESENTATION_ITEM('') SURFACE() );
#1923 = CARTESIAN_POINT('',(930.09436620953,265.99954372277,
    -13.56949743774));
#1924 = CARTESIAN_POINT('',(997.94185339826,265.99954372277,
    -13.56949743774));
#1925 = CARTESIAN_POINT('',(997.94185339826,265.99954372277,
    13.569497437746));
#1926 = CARTESIAN_POINT('',(997.94185339826,265.99954372277,
    40.708492313239));
#1927 = CARTESIAN_POINT('',(930.09436620953,265.99954372277,
    40.708492313239));
#1928 = CARTESIAN_POINT('',(930.09436620953,265.99954372277,
    -13.56949743774));
#1929 = CARTESIAN_POINT('',(997.94185339826,360.01177970418,
    -13.56949743774));
#1930 = CARTESIAN_POINT('',(997.94185339826,360.01177970418,
    13.569497437746));
#1931 = CARTESIAN_POINT('',(997.94185339826,360.01177970418,
    40.708492313239));
#1932 = CARTESIAN_POINT('',(930.09436620953,265.99954372277,
    40.708492313239));
#1933 = CARTESIAN_POINT('',(930.09436620953,265.99954372277,
    -13.56949743774));
#1934 = CARTESIAN_POINT('',(896.17062261516,313.00566171348,
    -13.56949743774));
#1935 = CARTESIAN_POINT('',(896.17062261516,313.00566171348,
    13.569497437746));
#1936 = CARTESIAN_POINT('',(896.17062261516,313.00566171348,
    40.708492313239));
#1937 = CARTESIAN_POINT('',(930.09436620953,265.99954372277,
    40.708492313239));
#1938 = CARTESIAN_POINT('',(930.09436620953,265.99954372277,
    -13.56949743774));
#1939 = CARTESIAN_POINT('',(794.39939183206,265.99954372277,
    -13.56949743774));
#1940 = CARTESIAN_POINT('',(794.39939183206,265.99954372277,
    13.569497437746));
#1941 = CARTESIAN_POINT('',(794.39939183206,265.99954372277,
    40.708492313239));
#1942 = CARTESIAN_POINT('',(930.09436620953,265.99954372277,
    40.708492313239));
#1943 = CARTESIAN_POINT('',(930.09436620953,265.99954372277,
    -13.56949743774));
#1944 = CARTESIAN_POINT('',(896.17062261516,218.99342573207,
    -13.56949743774));
#1945 = CARTESIAN_POINT('',(896.17062261516,218.99342573207,
    13.569497437746));
#1946 = CARTESIAN_POINT('',(896.17062261516,218.99342573207,
    40.708492313239));
#1947 = CARTESIAN_POINT('',(930.09436620953,265.99954372277,
    40.708492313239));
#1948 = CARTESIAN_POINT('',(930.09436620953,265.99954372277,
    -13.56949743774));
#1949 = CARTESIAN_POINT('',(997.94185339826,171.98730774136,
    -13.56949743774));
#1950 = CARTESIAN_POINT('',(997.94185339826,171.98730774136,
    13.569497437746));
#1951 = CARTESIAN_POINT('',(997.94185339826,171.98730774136,
    40.708492313239));
#1952 = CARTESIAN_POINT('',(930.09436620953,265.99954372277,
    40.708492313239));
#1953 = CARTESIAN_POINT('',(930.09436620953,265.99954372277,
    -13.56949743774));
#1954 = CARTESIAN_POINT('',(997.94185339826,265.99954372277,
    -13.56949743774));
#1955 = CARTESIAN_POINT('',(997.94185339826,265.99954372277,
    13.569497437746));
#1956 = CARTESIAN_POINT('',(997.94185339826,265.99954372277,
    40.708492313239));
#1957 = CARTESIAN_POINT('',(930.09436620953,265.99954372277,
    40.708492313239));
#1958 = MANIFOLD_SOLID_BREP('',#1959);
#1959 = CLOSED_SHELL('',(#1960));
#1960 = ADVANCED_FACE('',(#1961),#1965,.T.);
#1961 = FACE_BOUND('',#1962,.T.);
#1962 = VERTEX_LOOP('',#1963);
#1963 = VERTEX_POINT('',#1964);
#1964 = CARTESIAN_POINT('',(-514.8086632682,-889.0095365823,
    -11.15453048059));
#1965 = ( BOUNDED_SURFACE() B_SPLINE_SURFACE(2,2,(
    (#1966,#1967,#1968,#1969,#1970)
    ,(#1971,#1972,#1973,#1974,#1975)
    ,(#1976,#1977,#1978,#1979,#1980)
    ,(#1981,#1982,#1983,#1984,#1985)
    ,(#1986,#1987,#1988,#1989,#1990)
    ,(#1991,#1992,#1993,#1994,#1995)
    ,(#1996,#1997,#1998,#1999,#2000
)),.UNSPECIFIED.,.T.,.F.,.F.) B_SPLINE_SURFACE_WITH_KNOTS((1,2,2,2,2,1),
  (3,2,3),(-2.094395102393,0.,2.094395102393,4.188790204786,
    6.28318530718,8.377580409573),(-1.570796326795,0.,1.570796326795),
.UNSPECIFIED.) GEOMETRIC_REPRESENTATION_ITEM() RATIONAL_B_SPLINE_SURFACE
((
    (1.,0.707106781187,1.,0.707106781187,1.)
    ,(0.5,0.353553390593,0.5,0.353553390593,0.5)
    ,(1.,0.707106781187,1.,0.707106781187,1.)
    ,(0.5,0.353553390593,0.5,0.353553390593,0.5)
    ,(1.,0.707106781187,1.,0.707106781187,1.)
    ,(0.5,0.353553390593,0.5,0.353553390593,0.5)
,(1.,0.707106781187,1.,0.707106781187,1.
))) REPRESENTATION_ITEM('') SURFACE() );
#1966 = CARTESIAN_POINT('',(-514.8086632682,-889.0095365823,
    -11.15453048059));
#1967 = CARTESIAN_POINT('',(-459.0360108652,-889.0095365823,
    -11.15453048059));
#1968 = CARTESIAN_POINT('',(-459.0360108652,-889.0095365823,
    11.154530480591));
#1969 = CARTESIAN_POINT('',(-459.0360108652,-889.0095365823,
    33.463591441772));
#1970 = CARTESIAN_POINT('',(-514.8086632682,-889.0095365823,
    33.463591441772));
#1971 = CARTESIAN_POINT('',(-514.8086632682,-889.0095365823,
    -11.15453048059));
#1972 = CARTESIAN_POINT('',(-459.0360108652,-811.7286824744,
    -11.15453048059));
#1973 = CARTESIAN_POINT('',(-459.0360108652,-811.7286824744,
    11.154530480591));
#1974 = CARTESIAN_POINT('',(-459.0360108652,-811.7286824744,
    33.463591441772));
#1975 = CARTESIAN_POINT('',(-514.8086632682,-889.0095365823,
    33.463591441772));
#1976 = CARTESIAN_POINT('',(-514.8086632682,-889.0095365823,
    -11.15453048059));
#1977 = CARTESIAN_POINT('',(-542.6949894696,-850.3691095284,
    -11.15453048059));
#1978 = CARTESIAN_POINT('',(-542.6949894696,-850.3691095284,
    11.154530480591));
#1979 = CARTESIAN_POINT('',(-542.6949894696,-850.3691095284,
    33.463591441772));
#1980 = CARTESIAN_POINT('',(-514.8086632682,-889.0095365823,
    33.463591441772));
#1981 = CARTESIAN_POINT('',(-514.8086632682,-889.0095365823,
    -11.15453048059));
#1982 = CARTESIAN_POINT('',(-626.3539680741,-889.0095365823,
    -11.15453048059));
#1983 = CARTESIAN_POINT('',(-626.3539680741,-889.0095365823,
    11.154530480591));
#1984 = CARTESIAN_POINT('',(-626.3539680741,-889.0095365823,
    33.463591441772));
#1985 = CARTESIAN_POINT('',(-514.8086632682,-889.0095365823,
    33.463591441772));
#1986 = CARTESIAN_POINT('',(-514.8086632682,-889.0095365823,
    -11.15453048059));
#1987 = CARTESIAN_POINT('',(-542.6949894696,-927.6499636362,
    -11.15453048059));
#1988 = CARTESIAN_POINT('',(-542.6949894696,-927.6499636362,
    11.154530480591));
#1989 = CARTESIAN_POINT('',(-542.6949894696,-927.6499636362,
    33.463591441772));
#1990 = CARTESIAN_POINT('',(-514.8086632682,-889.0095365823,
    33.463591441772));
#1991 = CARTESIAN_POINT('',(-514.8086632682,-889.0095365823,
    -11.15453048059));
#1992 = CARTESIAN_POINT('',(-459.0360108652,-966.2903906901,
    -11.15453048059));
#1993 = CARTESIAN_POINT('',(-459.0360108652,-966.2903906901,
    11.154530480591));
#1994 = CARTESIAN_POINT('',(-459.0360108652,-966.2903906901,
    33.463591441772));
#1995 = CARTESIAN_POINT('',(-514.8086632682,-889.0095365823,
    33.463591441772));
#1996 = CARTESIAN_POINT('',(-514.8086632682,-889.0095365823,
    -11.15453048059));
#1997 = CARTESIAN_POINT('',(-459.0360108652,-889.0095365823,
    -11.15453048059));
#1998 = CARTESIAN_POINT('',(-459.0360108652,-889.0095365823,
    11.154530480591));
#1999 = CARTESIAN_POINT('',(-459.0360108652,-889.0095365823,
    33.463591441772));
#2000 = CARTESIAN_POINT('',(-514.8086632682,-889.0095365823,
    33.463591441772));
#2001 = MANIFOLD_SOLID_BREP('',#2002);
#2002 = CLOSED_SHELL('',(#2003));
#2003 = ADVANCED_FACE('',(#2004),#2008,.T.);
#2004 = FACE_BOUND('',#2005,.T.);
#2005 = VERTEX_LOOP('',#2006);
#2006 = VERTEX_POINT('',#2007);
#2007 = CARTESIAN_POINT('',(715.09849029807,-352.1120264828,
    -14.55438665294));
#2008 = ( BOUNDED_SURFACE() B_SPLINE_SURFACE(2,2,(
    (#2009,#2010,#2011,#2012,#2013)
    ,(#2014,#2015,#2016,#2017,#2018)
    ,(#2019,#2020,#2021,#2022,#2023)
    ,(#2024,#2025,#2026,#2027,#2028)
    ,(#2029,#2030,#2031,#2032,#2033)
    ,(#2034,#2035,#2036,#2037,#2038)
    ,(#2039,#2040,#2041,#2042,#2043
)),.UNSPECIFIED.,.T.,.F.,.F.) B_SPLINE_SURFACE_WITH_KNOTS((1,2,2,2,2,1),
  (3,2,3),(-2.094395102393,0.,2.094395102393,4.188790204786,
    6.28318530718,8.377580409573),(-1.570796326795,0.,1.570796326795),
.UNSPECIFIED.) GEOMETRIC_REPRESENTATION_ITEM() RATIONAL_B_SPLINE_SURFACE
((
    (1.,0.707106781187,1.,0.707106781187,1.)
    ,(0.5,0.353553390593,0.5,0.353553390593,0.5)
    ,(1.,0.707106781187,1.,0.707106781187,1.)
    ,(0.5,0.353553390593,0.5,0.353553390593,0.5)
    ,(1.,0.707106781187,1.,0.707106781187,1.)
    ,(0.5,0.353553390593,0.5,0.353553390593,0.5)
,(1.,0.707106781187,1.,0.707106781187,1.
))) REPRESENTATION_ITEM('') SURFACE() );
#2009 = CARTESIAN_POINT('',(715.09849029807,-352.1120264828,
    -14.55438665294));
#2010 = CARTESIAN_POINT('',(787.87042356281,-352.1120264828,
    -14.55438665294));
#2011 = CARTESIAN_POINT('',(787.87042356281,-352.1120264828,
    14.554386652949));
#2012 = CARTESIAN_POINT('',(787.87042356281,-352.1120264828,
    43.663159958846));
#2013 = CARTESIAN_POINT('',(715.09849029807,-352.1120264828,
    43.663159958846));
#2014 = CARTESIAN_POINT('',(715.09849029807,-352.1120264828,
    -14.55438665294));
#2015 = CARTESIAN_POINT('',(787.87042356281,-251.2762778592,
    -14.55438665294));
#2016 = CARTESIAN_POINT('',(787.87042356281,-251.2762778592,
    14.554386652949));
#2017 = CARTESIAN_POINT('',(787.87042356281,-251.2762778592,
    43.663159958846));
#2018 = CARTESIAN_POINT('',(715.09849029807,-352.1120264828,
    43.663159958846));
#2019 = CARTESIAN_POINT('',(715.09849029807,-352.1120264828,
    -14.55438665294));
#2020 = CARTESIAN_POINT('',(678.71252366569,-301.694152171,
    -14.55438665294));
#2021 = CARTESIAN_POINT('',(678.71252366569,-301.694152171,
    14.554386652949));
#2022 = CARTESIAN_POINT('',(678.71252366569,-301.694152171,
    43.663159958846));
#2023 = CARTESIAN_POINT('',(715.09849029807,-352.1120264828,
    43.663159958846));
#2024 = CARTESIAN_POINT('',(715.09849029807,-352.1120264828,
    -14.55438665294));
#2025 = CARTESIAN_POINT('',(569.55462376858,-352.1120264828,
    -14.55438665294));
#2026 = CARTESIAN_POINT('',(569.55462376858,-352.1120264828,
    14.554386652949));
#2027 = CARTESIAN_POINT('',(569.55462376858,-352.1120264828,
    43.663159958846));
#2028 = CARTESIAN_POINT('',(715.09849029807,-352.1120264828,
    43.663159958846));
#2029 = CARTESIAN_POINT('',(715.09849029807,-352.1120264828,
    -14.55438665294));
#2030 = CARTESIAN_POINT('',(678.71252366569,-402.5299007947,
    -14.55438665294));
#2031 = CARTESIAN_POINT('',(678.71252366569,-402.5299007947,
    14.554386652949));
#2032 = CARTESIAN_POINT('',(678.71252366569,-402.5299007947,
    43.663159958846));
#2033 = CARTESIAN_POINT('',(715.09849029807,-352.1120264828,
    43.663159958846));
#2034 = CARTESIAN_POINT('',(715.09849029807,-352.1120264828,
    -14.55438665294));
#2035 = CARTESIAN_POINT('',(787.87042356281,-452.9477751065,
    -14.55438665294));
#2036 = CARTESIAN_POINT('',(787.87042356281,-452.9477751065,
    14.554386652949));
#2037 = CARTESIAN_POINT('',(787.87042356281,-452.9477751065,
    43.663159958846));
#2038 = CARTESIAN_POINT('',(715.09849029807,-352.1120264828,
    43.663159958846));
#2039 = CARTESIAN_POINT('',(715.09849029807,-352.1120264828,
    -14.55438665294));
#2040 = CARTESIAN_POINT('',(787.87042356281,-352.1120264828,
    -14.55438665294));
#2041 = CARTESIAN_POINT('',(787.87042356281,-352.1120264828,
    14.554386652949));
#2042 = CARTESIAN_POINT('',(787.87042356281,-352.1120264828,
    43.663159958846));
#2043 = CARTESIAN_POINT('',(715.09849029807,-352.1120264828,
    43.663159958846));
#2044 = MANIFOLD_SOLID_BREP('',#2045);
#2045 = CLOSED_SHELL('',(#2046));
#2046 = ADVANCED_FACE('',(#2047),#2051,.T.);
#2047 = FACE_BOUND('',#2048,.T.);
#2048 = VERTEX_LOOP('',#2049);
#2049 = VERTEX_POINT('',#2050);
#2050 = CARTESIAN_POINT('',(-446.7276836537,-481.4077353814,
    -13.61368134163));
#2051 = ( BOUNDED_SURFACE() B_SPLINE_SURFACE(2,2,(
    (#2052,#2053,#2054,#2055,#2056)
    ,(#2057,#2058,#2059,#2060,#2061)
    ,(#2062,#2063,#2064,#2065,#2066)
    ,(#2067,#2068,#2069,#2070,#2071)
    ,(#2072,#2073,#2074,#2075,#2076)
    ,(#2077,#2078,#2079,#2080,#2081)
    ,(#2082,#2083,#2084,#2085,#2086
)),.UNSPECIFIED.,.T.,.F.,.F.) B_SPLINE_SURFACE_WITH_KNOTS((1,2,2,2,2,1),
  (3,2,3),(-2.094395102393,0.,2.094395102393,4.188790204786,
    6.28318530718,8.377580409573),(-1.570796326795,0.,1.570796326795),
.UNSPECIFIED.) GEOMETRIC_REPRESENTATION_ITEM() RATIONAL_B_SPLINE_SURFACE
((
    (1.,0.707106781187,1.,0.707106781187,1.)
    ,(0.5,0.353553390593,0.5,0.353553390593,0.5)
    ,(1.,0.707106781187,1.,0.707106781187,1.)
    ,(0.5,0.353553390593,0.5,0.353553390593,0.5)
    ,(1.,0.707106781187,1.,0.707106781187,1.)
    ,(0.5,0.353553390593,0.5,0.353553390593,0.5)
,(1.,0.707106781187,1.,0.707106781187,1.
))) REPRESENTATION_ITEM('') SURFACE() );
#2052 = CARTESIAN_POINT('',(-446.7276836537,-481.4077353814,
    -13.61368134163));
#2053 = CARTESIAN_POINT('',(-378.6592769455,-481.4077353814,
    -13.61368134163));
#2054 = CARTESIAN_POINT('',(-378.6592769455,-481.4077353814,
    13.613681341632));
#2055 = CARTESIAN_POINT('',(-378.6592769455,-481.4077353814,
    40.841044024895));
#2056 = CARTESIAN_POINT('',(-446.7276836537,-481.4077353814,
    40.841044024895));
#2057 = CARTESIAN_POINT('',(-446.7276836537,-481.4077353814,
    -13.61368134163));
#2058 = CARTESIAN_POINT('',(-378.6592769455,-387.0893843343,
    -13.61368134163));
#2059 = CARTESIAN_POINT('',(-378.6592769455,-387.0893843343,
    13.613681341632));
#2060 = CARTESIAN_POINT('',(-378.6592769455,-387.0893843343,
    40.841044024895));
#2061 = CARTESIAN_POINT('',(-446.7276836537,-481.4077353814,
    40.841044024895));
#2062 = CARTESIAN_POINT('',(-446.7276836537,-481.4077353814,
    -13.61368134163));
#2063 = CARTESIAN_POINT('',(-480.7618870077,-434.2485598579,
    -13.61368134163));
#2064 = CARTESIAN_POINT('',(-480.7618870077,-434.2485598579,
    13.613681341632));
#2065 = CARTESIAN_POINT('',(-480.7618870077,-434.2485598579,
    40.841044024895));
#2066 = CARTESIAN_POINT('',(-446.7276836537,-481.4077353814,
    40.841044024895));
#2067 = CARTESIAN_POINT('',(-446.7276836537,-481.4077353814,
    -13.61368134163));
#2068 = CARTESIAN_POINT('',(-582.86449707,-481.4077353814,
    -13.61368134163));
#2069 = CARTESIAN_POINT('',(-582.86449707,-481.4077353814,
    13.613681341632));
#2070 = CARTESIAN_POINT('',(-582.86449707,-481.4077353814,
    40.841044024895));
#2071 = CARTESIAN_POINT('',(-446.7276836537,-481.4077353814,
    40.841044024895));
#2072 = CARTESIAN_POINT('',(-446.7276836537,-481.4077353814,
    -13.61368134163));
#2073 = CARTESIAN_POINT('',(-480.7618870077,-528.5669109049,
    -13.61368134163));
#2074 = CARTESIAN_POINT('',(-480.7618870077,-528.5669109049,
    13.613681341632));
#2075 = CARTESIAN_POINT('',(-480.7618870077,-528.5669109049,
    40.841044024895));
#2076 = CARTESIAN_POINT('',(-446.7276836537,-481.4077353814,
    40.841044024895));
#2077 = CARTESIAN_POINT('',(-446.7276836537,-481.4077353814,
    -13.61368134163));
#2078 = CARTESIAN_POINT('',(-378.6592769455,-575.7260864284,
    -13.61368134163));
#2079 = CARTESIAN_POINT('',(-378.6592769455,-575.7260864284,
    13.613681341632));
#2080 = CARTESIAN_POINT('',(-378.6592769455,-575.7260864284,
    40.841044024895));
#2081 = CARTESIAN_POINT('',(-446.7276836537,-481.4077353814,
    40.841044024895));
#2082 = CARTESIAN_POINT('',(-446.7276836537,-481.4077353814,
    -13.61368134163));
#2083 = CARTESIAN_POINT('',(-378.6592769455,-481.4077353814,
    -13.61368134163));
#2084 = CARTESIAN_POINT('',(-378.6592769455,-481.4077353814,
    13.613681341632));
#2085 = CARTESIAN_POINT('',(-378.6592769455,-481.4077353814,
    40.841044024895));
#2086 = CARTESIAN_POINT('',(-446.7276836537,-481.4077353814,
    40.841044024895));
#2087 = MANIFOLD_SOLID_BREP('',#2088);
#2088 = CLOSED_SHELL('',(#2089));
#2089 = ADVANCED_FACE('',(#2090),#2094,.T.);
#2090 = FACE_BOUND('',#2091,.T.);
#2091 = VERTEX_LOOP('',#2092);
#2092 = VERTEX_POINT('',#2093);
#2093 = CARTESIAN_POINT('',(-191.1390402332,-533.2905576011,
    -17.97537606495));
#2094 = ( BOUNDED_SURFACE() B_SPLINE_SURFACE(2,2,(
    (#2095,#2096,#2097,#2098,#2099)
    ,(#2100,#2101,#2102,#2103,#2104)
    ,(#2105,#2106,#2107,#2108,#2109)
    ,(#2110,#2111,#2112,#2113,#2114)
    ,(#2115,#2116,#2117,#2118,#2119)
    ,(#2120,#2121,#2122,#2123,#2124)
    ,(#2125,#2126,#2127,#2128,#2129
)),.UNSPECIFIED.,.T.,.F.,.F.) B_SPLINE_SURFACE_WITH_KNOTS((1,2,2,2,2,1),
  (3,2,3),(-2.094395102393,0.,2.094395102393,4.188790204786,
    6.28318530718,8.377580409573),(-1.570796326795,0.,1.570796326795),
.UNSPECIFIED.) GEOMETRIC_REPRESENTATION_ITEM() RATIONAL_B_SPLINE_SURFACE
((
    (1.,0.707106781187,1.,0.707106781187,1.)
    ,(0.5,0.353553390593,0.5,0.353553390593,0.5)
    ,(1.,0.707106781187,1.,0.707106781187,1.)
    ,(0.5,0.353553390593,0.5,0.353553390593,0.5)
    ,(1.,0.707106781187,1.,0.707106781187,1.)
    ,(0.5,0.353553390593,0.5,0.353553390593,0.5)
,(1.,0.707106781187,1.,0.707106781187,1.
))) REPRESENTATION_ITEM('') SURFACE() );
#2095 = CARTESIAN_POINT('',(-191.1390402332,-533.2905576011,
    -17.97537606495));
#2096 = CARTESIAN_POINT('',(-101.2621599084,-533.2905576011,
    -17.97537606495));
#2097 = CARTESIAN_POINT('',(-101.2621599084,-533.2905576011,
    17.975376064951));
#2098 = CARTESIAN_POINT('',(-101.2621599084,-533.2905576011,
    53.926128194853));
#2099 = CARTESIAN_POINT('',(-191.1390402332,-533.2905576011,
    53.926128194853));
#2100 = CARTESIAN_POINT('',(-191.1390402332,-533.2905576011,
    -17.97537606495));
#2101 = CARTESIAN_POINT('',(-101.2621599084,-408.7534990825,
    -17.97537606495));
#2102 = CARTESIAN_POINT('',(-101.2621599084,-408.7534990825,
    17.975376064951));
#2103 = CARTESIAN_POINT('',(-101.2621599084,-408.7534990825,
    53.926128194853));
#2104 = CARTESIAN_POINT('',(-191.1390402332,-533.2905576011,
    53.926128194853));
#2105 = CARTESIAN_POINT('',(-191.1390402332,-533.2905576011,
    -17.97537606495));
#2106 = CARTESIAN_POINT('',(-236.0774803956,-471.0220283418,
    -17.97537606495));
#2107 = CARTESIAN_POINT('',(-236.0774803956,-471.0220283418,
    17.975376064951));
#2108 = CARTESIAN_POINT('',(-236.0774803956,-471.0220283418,
    53.926128194853));
#2109 = CARTESIAN_POINT('',(-191.1390402332,-533.2905576011,
    53.926128194853));
#2110 = CARTESIAN_POINT('',(-191.1390402332,-533.2905576011,
    -17.97537606495));
#2111 = CARTESIAN_POINT('',(-370.8928008827,-533.2905576011,
    -17.97537606495));
#2112 = CARTESIAN_POINT('',(-370.8928008827,-533.2905576011,
    17.975376064951));
#2113 = CARTESIAN_POINT('',(-370.8928008827,-533.2905576011,
    53.926128194853));
#2114 = CARTESIAN_POINT('',(-191.1390402332,-533.2905576011,
    53.926128194853));
#2115 = CARTESIAN_POINT('',(-191.1390402332,-533.2905576011,
    -17.97537606495));
#2116 = CARTESIAN_POINT('',(-236.0774803956,-595.5590868604,
    -17.97537606495));
#2117 = CARTESIAN_POINT('',(-236.0774803956,-595.5590868604,
    17.975376064951));
#2118 = CARTESIAN_POINT('',(-236.0774803956,-595.5590868604,
    53.926128194853));
#2119 = CARTESIAN_POINT('',(-191.1390402332,-533.2905576011,
    53.926128194853));
#2120 = CARTESIAN_POINT('',(-191.1390402332,-533.2905576011,
    -17.97537606495));
#2121 = CARTESIAN_POINT('',(-101.2621599084,-657.8276161197,
    -17.97537606495));
#2122 = CARTESIAN_POINT('',(-101.2621599084,-657.8276161197,
    17.975376064951));
#2123 = CARTESIAN_POINT('',(-101.2621599084,-657.8276161197,
    53.926128194853));
#2124 = CARTESIAN_POINT('',(-191.1390402332,-533.2905576011,
    53.926128194853));
#2125 = CARTESIAN_POINT('',(-191.1390402332,-533.2905576011,
    -17.97537606495));
#2126 = CARTESIAN_POINT('',(-101.2621599084,-533.2905576011,
    -17.97537606495));
#2127 = CARTESIAN_POINT('',(-101.2621599084,-533.2905576011,
    17.975376064951));
#2128 = CARTESIAN_POINT('',(-101.2621599084,-533.2905576011,
    53.926128194853));
#2129 = CARTESIAN_POINT('',(-191.1390402332,-533.2905576011,
    53.926128194853));
#2130 = MANIFOLD_SOLID_BREP('',#2131);
#2131 = CLOSED_SHELL('',(#2132));
#2132 = ADVANCED_FACE('',(#2133),#2137,.T.);
#2133 = FACE_BOUND('',#2134,.T.);
#2134 = VERTEX_LOOP('',#2135);
#2135 = VERTEX_POINT('',#2136);
#2136 = CARTESIAN_POINT('',(-741.6666523337,242.14747923587,
    -15.92079364363));
#2137 = ( BOUNDED_SURFACE() B_SPLINE_SURFACE(2,2,(
    (#2138,#2139,#2140,#2141,#2142)
    ,(#2143,#2144,#2145,#2146,#2147)
    ,(#2148,#2149,#2150,#2151,#2152)
    ,(#2153,#2154,#2155,#2156,#2157)
    ,(#2158,#2159,#2160,#2161,#2162)
    ,(#2163,#2164,#2165,#2166,#2167)
    ,(#2168,#2169,#2170,#2171,#2172
)),.UNSPECIFIED.,.T.,.F.,.F.) B_SPLINE_SURFACE_WITH_KNOTS((1,2,2,2,2,1),
  (3,2,3),(-2.094395102393,0.,2.094395102393,4.188790204786,
    6.28318530718,8.377580409573),(-1.570796326795,0.,1.570796326795),
.UNSPECIFIED.) GEOMETRIC_REPRESENTATION_ITEM() RATIONAL_B_SPLINE_SURFACE
((
    (1.,0.707106781187,1.,0.707106781187,1.)
    ,(0.5,0.353553390593,0.5,0.353553390593,0.5)
    ,(1.,0.707106781187,1.,0.707106781187,1.)
    ,(0.5,0.353553390593,0.5,0.353553390593,0.5)
    ,(1.,0.707106781187,1.,0.707106781187,1.)
    ,(0.5,0.353553390593,0.5,0.353553390593,0.5)
,(1.,0.707106781187,1.,0.707106781187,1.
))) REPRESENTATION_ITEM('') SURFACE() );
#2138 = CARTESIAN_POINT('',(-741.6666523337,242.14747923587,
    -15.92079364363));
#2139 = CARTESIAN_POINT('',(-662.0626841155,242.14747923587,
    -15.92079364363));
#2140 = CARTESIAN_POINT('',(-662.0626841155,242.14747923587,
    15.92079364363));
#2141 = CARTESIAN_POINT('',(-662.0626841155,242.14747923587,
    47.762380930889));
#2142 = CARTESIAN_POINT('',(-741.6666523337,242.14747923587,
    47.762380930889));
#2143 = CARTESIAN_POINT('',(-741.6666523337,242.14747923587,
    -15.92079364363));
#2144 = CARTESIAN_POINT('',(-662.0626841155,352.44997318621,
    -15.92079364363));
#2145 = CARTESIAN_POINT('',(-662.0626841155,352.44997318621,
    15.92079364363));
#2146 = CARTESIAN_POINT('',(-662.0626841155,352.44997318621,
    47.762380930889));
#2147 = CARTESIAN_POINT('',(-741.6666523337,242.14747923587,
    47.762380930889));
#2148 = CARTESIAN_POINT('',(-741.6666523337,242.14747923587,
    -15.92079364363));
#2149 = CARTESIAN_POINT('',(-781.4686364428,297.29872621104,
    -15.92079364363));
#2150 = CARTESIAN_POINT('',(-781.4686364428,297.29872621104,
    15.92079364363));
#2151 = CARTESIAN_POINT('',(-781.4686364428,297.29872621104,
    47.762380930889));
#2152 = CARTESIAN_POINT('',(-741.6666523337,242.14747923587,
    47.762380930889));
#2153 = CARTESIAN_POINT('',(-741.6666523337,242.14747923587,
    -15.92079364363));
#2154 = CARTESIAN_POINT('',(-900.87458877,242.14747923587,
    -15.92079364363));
#2155 = CARTESIAN_POINT('',(-900.87458877,242.14747923587,15.92079364363
    ));
#2156 = CARTESIAN_POINT('',(-900.87458877,242.14747923587,
    47.762380930889));
#2157 = CARTESIAN_POINT('',(-741.6666523337,242.14747923587,
    47.762380930889));
#2158 = CARTESIAN_POINT('',(-741.6666523337,242.14747923587,
    -15.92079364363));
#2159 = CARTESIAN_POINT('',(-781.4686364428,186.99623226069,
    -15.92079364363));
#2160 = CARTESIAN_POINT('',(-781.4686364428,186.99623226069,
    15.92079364363));
#2161 = CARTESIAN_POINT('',(-781.4686364428,186.99623226069,
    47.762380930889));
#2162 = CARTESIAN_POINT('',(-741.6666523337,242.14747923587,
    47.762380930889));
#2163 = CARTESIAN_POINT('',(-741.6666523337,242.14747923587,
    -15.92079364363));
#2164 = CARTESIAN_POINT('',(-662.0626841155,131.84498528552,
    -15.92079364363));
#2165 = CARTESIAN_POINT('',(-662.0626841155,131.84498528552,
    15.92079364363));
#2166 = CARTESIAN_POINT('',(-662.0626841155,131.84498528552,
    47.762380930889));
#2167 = CARTESIAN_POINT('',(-741.6666523337,242.14747923587,
    47.762380930889));
#2168 = CARTESIAN_POINT('',(-741.6666523337,242.14747923587,
    -15.92079364363));
#2169 = CARTESIAN_POINT('',(-662.0626841155,242.14747923587,
    -15.92079364363));
#2170 = CARTESIAN_POINT('',(-662.0626841155,242.14747923587,
    15.92079364363));
#2171 = CARTESIAN_POINT('',(-662.0626841155,242.14747923587,
    47.762380930889));
#2172 = CARTESIAN_POINT('',(-741.6666523337,242.14747923587,
    47.762380930889));
#2173 = MANIFOLD_SOLID_BREP('',#2174);
#2174 = CLOSED_SHELL('',(#2175));
#2175 = ADVANCED_FACE('',(#2176),#2180,.T.);
#2176 = FACE_BOUND('',#2177,.T.);
#2177 = VERTEX_LOOP('',#2178);
#2178 = VERTEX_POINT('',#2179);
#2179 = CARTESIAN_POINT('',(942.63062245618,55.31725568836,
    -17.71078377613));
#2180 = ( BOUNDED_SURFACE() B_SPLINE_SURFACE(2,2,(
    (#2181,#2182,#2183,#2184,#2185)
    ,(#2186,#2187,#2188,#2189,#2190)
    ,(#2191,#2192,#2193,#2194,#2195)
    ,(#2196,#2197,#2198,#2199,#2200)
    ,(#2201,#2202,#2203,#2204,#2205)
    ,(#2206,#2207,#2208,#2209,#2210)
    ,(#2211,#2212,#2213,#2214,#2215
)),.UNSPECIFIED.,.T.,.F.,.F.) B_SPLINE_SURFACE_WITH_KNOTS((1,2,2,2,2,1),
  (3,2,3),(-2.094395102393,0.,2.094395102393,4.188790204786,
    6.28318530718,8.377580409573),(-1.570796326795,0.,1.570796326795),
.UNSPECIFIED.) GEOMETRIC_REPRESENTATION_ITEM() RATIONAL_B_SPLINE_SURFACE
((
    (1.,0.707106781187,1.,0.707106781187,1.)
    ,(0.5,0.353553390593,0.5,0.353553390593,0.5)
    ,(1.,0.707106781187,1.,0.707106781187,1.)
    ,(0.5,0.353553390593,0.5,0.353553390593,0.5)
    ,(1.,0.707106781187,1.,0.707106781187,1.)
    ,(0.5,0.353553390593,0.5,0.353553390593,0.5)
,(1.,0.707106781187,1.,0.707106781187,1.
))) REPRESENTATION_ITEM('') SURFACE() );
#2181 = CARTESIAN_POINT('',(942.63062245618,55.31725568836,
    -17.71078377613));
#2182 = CARTESIAN_POINT('',(1.031184541337E+03,55.31725568836,
    -17.71078377613));
#2183 = CARTESIAN_POINT('',(1.031184541337E+03,55.31725568836,
    17.710783776136));
#2184 = CARTESIAN_POINT('',(1.031184541337E+03,55.31725568836,
    53.132351328409));
#2185 = CARTESIAN_POINT('',(942.63062245618,55.31725568836,
    53.132351328409));
#2186 = CARTESIAN_POINT('',(942.63062245618,55.31725568836,
    -17.71078377613));
#2187 = CARTESIAN_POINT('',(1.031184541337E+03,178.02116505689,
    -17.71078377613));
#2188 = CARTESIAN_POINT('',(1.031184541337E+03,178.02116505689,
    17.710783776136));
#2189 = CARTESIAN_POINT('',(1.031184541337E+03,178.02116505689,
    53.132351328409));
#2190 = CARTESIAN_POINT('',(942.63062245618,55.31725568836,
    53.132351328409));
#2191 = CARTESIAN_POINT('',(942.63062245618,55.31725568836,
    -17.71078377613));
#2192 = CARTESIAN_POINT('',(898.35366301584,116.66921037262,
    -17.71078377613));
#2193 = CARTESIAN_POINT('',(898.35366301584,116.66921037262,
    17.710783776136));
#2194 = CARTESIAN_POINT('',(898.35366301584,116.66921037262,
    53.132351328409));
#2195 = CARTESIAN_POINT('',(942.63062245618,55.31725568836,
    53.132351328409));
#2196 = CARTESIAN_POINT('',(942.63062245618,55.31725568836,
    -17.71078377613));
#2197 = CARTESIAN_POINT('',(765.52278469482,55.31725568836,
    -17.71078377613));
#2198 = CARTESIAN_POINT('',(765.52278469482,55.31725568836,
    17.710783776136));
#2199 = CARTESIAN_POINT('',(765.52278469482,55.31725568836,
    53.132351328409));
#2200 = CARTESIAN_POINT('',(942.63062245618,55.31725568836,
    53.132351328409));
#2201 = CARTESIAN_POINT('',(942.63062245618,55.31725568836,
    -17.71078377613));
#2202 = CARTESIAN_POINT('',(898.35366301584,-6.034698995909,
    -17.71078377613));
#2203 = CARTESIAN_POINT('',(898.35366301584,-6.034698995909,
    17.710783776136));
#2204 = CARTESIAN_POINT('',(898.35366301584,-6.034698995909,
    53.132351328409));
#2205 = CARTESIAN_POINT('',(942.63062245618,55.31725568836,
    53.132351328409));
#2206 = CARTESIAN_POINT('',(942.63062245618,55.31725568836,
    -17.71078377613));
#2207 = CARTESIAN_POINT('',(1.031184541337E+03,-67.38665368017,
    -17.71078377613));
#2208 = CARTESIAN_POINT('',(1.031184541337E+03,-67.38665368017,
    17.710783776136));
#2209 = CARTESIAN_POINT('',(1.031184541337E+03,-67.38665368017,
    53.132351328409));
#2210 = CARTESIAN_POINT('',(942.63062245618,55.31725568836,
    53.132351328409));
#2211 = CARTESIAN_POINT('',(942.63062245618,55.31725568836,
    -17.71078377613));
#2212 = CARTESIAN_POINT('',(1.031184541337E+03,55.31725568836,
    -17.71078377613));
#2213 = CARTESIAN_POINT('',(1.031184541337E+03,55.31725568836,
    17.710783776136));
#2214 = CARTESIAN_POINT('',(1.031184541337E+03,55.31725568836,
    53.132351328409));
#2215 = CARTESIAN_POINT('',(942.63062245618,55.31725568836,
    53.132351328409));
#2216 = MANIFOLD_SOLID_BREP('',#2217);
#2217 = CLOSED_SHELL('',(#2218));
#2218 = ADVANCED_FACE('',(#2219),#2223,.T.);
#2219 = FACE_BOUND('',#2220,.T.);
#2220 = VERTEX_LOOP('',#2221);
#2221 = VERTEX_POINT('',#2222);
#2222 = CARTESIAN_POINT('',(345.24970115049,70.243627776711,
    -10.66825189952));
#2223 = ( BOUNDED_SURFACE() B_SPLINE_SURFACE(2,2,(
    (#2224,#2225,#2226,#2227,#2228)
    ,(#2229,#2230,#2231,#2232,#2233)
    ,(#2234,#2235,#2236,#2237,#2238)
    ,(#2239,#2240,#2241,#2242,#2243)
    ,(#2244,#2245,#2246,#2247,#2248)
    ,(#2249,#2250,#2251,#2252,#2253)
    ,(#2254,#2255,#2256,#2257,#2258
)),.UNSPECIFIED.,.T.,.F.,.F.) B_SPLINE_SURFACE_WITH_KNOTS((1,2,2,2,2,1),
  (3,2,3),(-2.094395102393,0.,2.094395102393,4.188790204786,
    6.28318530718,8.377580409573),(-1.570796326795,0.,1.570796326795),
.UNSPECIFIED.) GEOMETRIC_REPRESENTATION_ITEM() RATIONAL_B_SPLINE_SURFACE
((
    (1.,0.707106781187,1.,0.707106781187,1.)
    ,(0.5,0.353553390593,0.5,0.353553390593,0.5)
    ,(1.,0.707106781187,1.,0.707106781187,1.)
    ,(0.5,0.353553390593,0.5,0.353553390593,0.5)
    ,(1.,0.707106781187,1.,0.707106781187,1.)
    ,(0.5,0.353553390593,0.5,0.353553390593,0.5)
,(1.,0.707106781187,1.,0.707106781187,1.
))) REPRESENTATION_ITEM('') SURFACE() );
#2224 = CARTESIAN_POINT('',(345.24970115049,70.243627776711,
    -10.66825189952));
#2225 = CARTESIAN_POINT('',(398.59096064811,70.243627776711,
    -10.66825189952));
#2226 = CARTESIAN_POINT('',(398.59096064811,70.243627776711,
    10.668251899525));
#2227 = CARTESIAN_POINT('',(398.59096064811,70.243627776711,
    32.004755698576));
#2228 = CARTESIAN_POINT('',(345.24970115049,70.243627776711,
    32.004755698576));
#2229 = CARTESIAN_POINT('',(345.24970115049,70.243627776711,
    -10.66825189952));
#2230 = CARTESIAN_POINT('',(398.59096064811,144.15544504839,
    -10.66825189952));
#2231 = CARTESIAN_POINT('',(398.59096064811,144.15544504839,
    10.668251899525));
#2232 = CARTESIAN_POINT('',(398.59096064811,144.15544504839,
    32.004755698576));
#2233 = CARTESIAN_POINT('',(345.24970115049,70.243627776711,
    32.004755698576));
#2234 = CARTESIAN_POINT('',(345.24970115049,70.243627776711,
    -10.66825189952));
#2235 = CARTESIAN_POINT('',(318.57907140167,107.19953641255,
    -10.66825189952));
#2236 = CARTESIAN_POINT('',(318.57907140167,107.19953641255,
    10.668251899525));
#2237 = CARTESIAN_POINT('',(318.57907140167,107.19953641255,
    32.004755698576));
#2238 = CARTESIAN_POINT('',(345.24970115049,70.243627776711,
    32.004755698576));
#2239 = CARTESIAN_POINT('',(345.24970115049,70.243627776711,
    -10.66825189952));
#2240 = CARTESIAN_POINT('',(238.56718215523,70.243627776711,
    -10.66825189952));
#2241 = CARTESIAN_POINT('',(238.56718215523,70.243627776711,
    10.668251899525));
#2242 = CARTESIAN_POINT('',(238.56718215523,70.243627776711,
    32.004755698576));
#2243 = CARTESIAN_POINT('',(345.24970115049,70.243627776711,
    32.004755698576));
#2244 = CARTESIAN_POINT('',(345.24970115049,70.243627776711,
    -10.66825189952));
#2245 = CARTESIAN_POINT('',(318.57907140167,33.287719140868,
    -10.66825189952));
#2246 = CARTESIAN_POINT('',(318.57907140167,33.287719140868,
    10.668251899525));
#2247 = CARTESIAN_POINT('',(318.57907140167,33.287719140868,
    32.004755698576));
#2248 = CARTESIAN_POINT('',(345.24970115049,70.243627776711,
    32.004755698576));
#2249 = CARTESIAN_POINT('',(345.24970115049,70.243627776711,
    -10.66825189952));
#2250 = CARTESIAN_POINT('',(398.59096064811,-3.668189494974,
    -10.66825189952));
#2251 = CARTESIAN_POINT('',(398.59096064811,-3.668189494974,
    10.668251899525));
#2252 = CARTESIAN_POINT('',(398.59096064811,-3.668189494974,
    32.004755698576));
#2253 = CARTESIAN_POINT('',(345.24970115049,70.243627776711,
    32.004755698576));
#2254 = CARTESIAN_POINT('',(345.24970115049,70.243627776711,
    -10.66825189952));
#2255 = CARTESIAN_POINT('',(398.59096064811,70.243627776711,
    -10.66825189952));
#2256 = CARTESIAN_POINT('',(398.59096064811,70.243627776711,
    10.668251899525));
#2257 = CARTESIAN_POINT('',(398.59096064811,70.243627776711,
    32.004755698576));
#2258 = CARTESIAN_POINT('',(345.24970115049,70.243627776711,
    32.004755698576));
#2259 = MANIFOLD_SOLID_BREP('',#2260);
#2260 = CLOSED_SHELL('',(#2261));
#2261 = ADVANCED_FACE('',(#2262),#2266,.T.);
#2262 = FACE_BOUND('',#2263,.T.);
#2263 = VERTEX_LOOP('',#2264);
#2264 = VERTEX_POINT('',#2265);
#2265 = CARTESIAN_POINT('',(-87.9249579745,862.25026229005,
    -16.75852940378));
#2266 = ( BOUNDED_SURFACE() B_SPLINE_SURFACE(2,2,(
    (#2267,#2268,#2269,#2270,#2271)
    ,(#2272,#2273,#2274,#2275,#2276)
    ,(#2277,#2278,#2279,#2280,#2281)
    ,(#2282,#2283,#2284,#2285,#2286)
    ,(#2287,#2288,#2289,#2290,#2291)
    ,(#2292,#2293,#2294,#2295,#2296)
    ,(#2297,#2298,#2299,#2300,#2301
)),.UNSPECIFIED.,.T.,.F.,.F.) B_SPLINE_SURFACE_WITH_KNOTS((1,2,2,2,2,1),
  (3,2,3),(-2.094395102393,0.,2.094395102393,4.188790204786,
    6.28318530718,8.377580409573),(-1.570796326795,0.,1.570796326795),
.UNSPECIFIED.) GEOMETRIC_REPRESENTATION_ITEM() RATIONAL_B_SPLINE_SURFACE
((
    (1.,0.707106781187,1.,0.707106781187,1.)
    ,(0.5,0.353553390593,0.5,0.353553390593,0.5)
    ,(1.,0.707106781187,1.,0.707106781187,1.)
    ,(0.5,0.353553390593,0.5,0.353553390593,0.5)
    ,(1.,0.707106781187,1.,0.707106781187,1.)
    ,(0.5,0.353553390593,0.5,0.353553390593,0.5)
,(1.,0.707106781187,1.,0.707106781187,1.
))) REPRESENTATION_ITEM('') SURFACE() );
#2267 = CARTESIAN_POINT('',(-87.9249579745,862.25026229005,
    -16.75852940378));
#2268 = CARTESIAN_POINT('',(-4.132310955598,862.25026229005,
    -16.75852940378));
#2269 = CARTESIAN_POINT('',(-4.132310955598,862.25026229005,
    16.758529403782));
#2270 = CARTESIAN_POINT('',(-4.132310955598,862.25026229005,
    50.275588211346));
#2271 = CARTESIAN_POINT('',(-87.9249579745,862.25026229005,
    50.275588211346));
#2272 = CARTESIAN_POINT('',(-87.9249579745,862.25026229005,
    -16.75852940378));
#2273 = CARTESIAN_POINT('',(-4.132310955598,978.35675984,-16.75852940378
    ));
#2274 = CARTESIAN_POINT('',(-4.132310955598,978.35675984,16.758529403782
    ));
#2275 = CARTESIAN_POINT('',(-4.132310955598,978.35675984,50.275588211346
    ));
#2276 = CARTESIAN_POINT('',(-87.9249579745,862.25026229005,
    50.275588211346));
#2277 = CARTESIAN_POINT('',(-87.9249579745,862.25026229005,
    -16.75852940378));
#2278 = CARTESIAN_POINT('',(-129.8212814839,920.30351106502,
    -16.75852940378));
#2279 = CARTESIAN_POINT('',(-129.8212814839,920.30351106502,
    16.758529403782));
#2280 = CARTESIAN_POINT('',(-129.8212814839,920.30351106502,
    50.275588211346));
#2281 = CARTESIAN_POINT('',(-87.9249579745,862.25026229005,
    50.275588211346));
#2282 = CARTESIAN_POINT('',(-87.9249579745,862.25026229005,
    -16.75852940378));
#2283 = CARTESIAN_POINT('',(-255.5102520123,862.25026229005,
    -16.75852940378));
#2284 = CARTESIAN_POINT('',(-255.5102520123,862.25026229005,
    16.758529403782));
#2285 = CARTESIAN_POINT('',(-255.5102520123,862.25026229005,
    50.275588211346));
#2286 = CARTESIAN_POINT('',(-87.9249579745,862.25026229005,
    50.275588211346));
#2287 = CARTESIAN_POINT('',(-87.9249579745,862.25026229005,
    -16.75852940378));
#2288 = CARTESIAN_POINT('',(-129.8212814839,804.19701351507,
    -16.75852940378));
#2289 = CARTESIAN_POINT('',(-129.8212814839,804.19701351507,
    16.758529403782));
#2290 = CARTESIAN_POINT('',(-129.8212814839,804.19701351507,
    50.275588211346));
#2291 = CARTESIAN_POINT('',(-87.9249579745,862.25026229005,
    50.275588211346));
#2292 = CARTESIAN_POINT('',(-87.9249579745,862.25026229005,
    -16.75852940378));
#2293 = CARTESIAN_POINT('',(-4.132310955598,746.1437647401,
    -16.75852940378));
#2294 = CARTESIAN_POINT('',(-4.132310955598,746.1437647401,
    16.758529403782));
#2295 = CARTESIAN_POINT('',(-4.132310955598,746.1437647401,
    50.275588211346));
#2296 = CARTESIAN_POINT('',(-87.9249579745,862.25026229005,
    50.275588211346));
#2297 = CARTESIAN_POINT('',(-87.9249579745,862.25026229005,
    -16.75852940378));
#2298 = CARTESIAN_POINT('',(-4.132310955598,862.25026229005,
    -16.75852940378));
#2299 = CARTESIAN_POINT('',(-4.132310955598,862.25026229005,
    16.758529403782));
#2300 = CARTESIAN_POINT('',(-4.132310955598,862.25026229005,
    50.275588211346));
#2301 = CARTESIAN_POINT('',(-87.9249579745,862.25026229005,
    50.275588211346));
#2302 = MANIFOLD_SOLID_BREP('',#2303);
#2303 = CLOSED_SHELL('',(#2304));
#2304 = ADVANCED_FACE('',(#2305),#2309,.T.);
#2305 = FACE_BOUND('',#2306,.T.);
#2306 = VERTEX_LOOP('',#2307);
#2307 = VERTEX_POINT('',#2308);
#2308 = CARTESIAN_POINT('',(783.99289475515,703.98528268985,
    -10.98444791448));
#2309 = ( BOUNDED_SURFACE() B_SPLINE_SURFACE(2,2,(
    (#2310,#2311,#2312,#2313,#2314)
    ,(#2315,#2316,#2317,#2318,#2319)
    ,(#2320,#2321,#2322,#2323,#2324)
    ,(#2325,#2326,#2327,#2328,#2329)
    ,(#2330,#2331,#2332,#2333,#2334)
    ,(#2335,#2336,#2337,#2338,#2339)
    ,(#2340,#2341,#2342,#2343,#2344
)),.UNSPECIFIED.,.T.,.F.,.F.) B_SPLINE_SURFACE_WITH_KNOTS((1,2,2,2,2,1),
  (3,2,3),(-2.094395102393,0.,2.094395102393,4.188790204786,
    6.28318530718,8.377580409573),(-1.570796326795,0.,1.570796326795),
.UNSPECIFIED.) GEOMETRIC_REPRESENTATION_ITEM() RATIONAL_B_SPLINE_SURFACE
((
    (1.,0.707106781187,1.,0.707106781187,1.)
    ,(0.5,0.353553390593,0.5,0.353553390593,0.5)
    ,(1.,0.707106781187,1.,0.707106781187,1.)
    ,(0.5,0.353553390593,0.5,0.353553390593,0.5)
    ,(1.,0.707106781187,1.,0.707106781187,1.)
    ,(0.5,0.353553390593,0.5,0.353553390593,0.5)
,(1.,0.707106781187,1.,0.707106781187,1.
))) REPRESENTATION_ITEM('') SURFACE() );
#2310 = CARTESIAN_POINT('',(783.99289475515,703.98528268985,
    -10.98444791448));
#2311 = CARTESIAN_POINT('',(838.91513432759,703.98528268985,
    -10.98444791448));
#2312 = CARTESIAN_POINT('',(838.91513432759,703.98528268985,
    10.984447914486));
#2313 = CARTESIAN_POINT('',(838.91513432759,703.98528268985,
    32.953343743459));
#2314 = CARTESIAN_POINT('',(783.99289475515,703.98528268985,
    32.953343743459));
#2315 = CARTESIAN_POINT('',(783.99289475515,703.98528268985,
    -10.98444791448));
#2316 = CARTESIAN_POINT('',(838.91513432759,780.08777021379,
    -10.98444791448));
#2317 = CARTESIAN_POINT('',(838.91513432759,780.08777021379,
    10.984447914486));
#2318 = CARTESIAN_POINT('',(838.91513432759,780.08777021379,
    32.953343743459));
#2319 = CARTESIAN_POINT('',(783.99289475515,703.98528268985,
    32.953343743459));
#2320 = CARTESIAN_POINT('',(783.99289475515,703.98528268985,
    -10.98444791448));
#2321 = CARTESIAN_POINT('',(756.53177496894,742.03652645182,
    -10.98444791448));
#2322 = CARTESIAN_POINT('',(756.53177496894,742.03652645182,
    10.984447914486));
#2323 = CARTESIAN_POINT('',(756.53177496894,742.03652645182,
    32.953343743459));
#2324 = CARTESIAN_POINT('',(783.99289475515,703.98528268985,
    32.953343743459));
#2325 = CARTESIAN_POINT('',(783.99289475515,703.98528268985,
    -10.98444791448));
#2326 = CARTESIAN_POINT('',(674.14841561029,703.98528268985,
    -10.98444791448));
#2327 = CARTESIAN_POINT('',(674.14841561029,703.98528268985,
    10.984447914486));
#2328 = CARTESIAN_POINT('',(674.14841561029,703.98528268985,
    32.953343743459));
#2329 = CARTESIAN_POINT('',(783.99289475515,703.98528268985,
    32.953343743459));
#2330 = CARTESIAN_POINT('',(783.99289475515,703.98528268985,
    -10.98444791448));
#2331 = CARTESIAN_POINT('',(756.53177496894,665.93403892788,
    -10.98444791448));
#2332 = CARTESIAN_POINT('',(756.53177496894,665.93403892788,
    10.984447914486));
#2333 = CARTESIAN_POINT('',(756.53177496894,665.93403892788,
    32.953343743459));
#2334 = CARTESIAN_POINT('',(783.99289475515,703.98528268985,
    32.953343743459));
#2335 = CARTESIAN_POINT('',(783.99289475515,703.98528268985,
    -10.98444791448));
#2336 = CARTESIAN_POINT('',(838.91513432759,627.88279516592,
    -10.98444791448));
#2337 = CARTESIAN_POINT('',(838.91513432759,627.88279516592,
    10.984447914486));
#2338 = CARTESIAN_POINT('',(838.91513432759,627.88279516592,
    32.953343743459));
#2339 = CARTESIAN_POINT('',(783.99289475515,703.98528268985,
    32.953343743459));
#2340 = CARTESIAN_POINT('',(783.99289475515,703.98528268985,
    -10.98444791448));
#2341 = CARTESIAN_POINT('',(838.91513432759,703.98528268985,
    -10.98444791448));
#2342 = CARTESIAN_POINT('',(838.91513432759,703.98528268985,
    10.984447914486));
#2343 = CARTESIAN_POINT('',(838.91513432759,703.98528268985,
    32.953343743459));
#2344 = CARTESIAN_POINT('',(783.99289475515,703.98528268985,
    32.953343743459));
#2345 = ( GEOMETRIC_REPRESENTATION_CONTEXT(3) 
GLOBAL_UNCERTAINTY_ASSIGNED_CONTEXT((#2349)) 
GLOBAL_UNIT_ASSIGNED_CONTEXT((#2346,#2347,#2348)) REPRESENTATION_CONTEXT
('Context #1','3D Context with UNIT and UNCERTAINTY') );
#2346 = ( LENGTH_UNIT() NAMED_UNIT(*) SI_UNIT(.MILLI.,.METRE.) );
#2347 = ( NAMED_UNIT(*) PLANE_ANGLE_UNIT() SI_UNIT($,.RADIAN.) );
#2348 = ( NAMED_UNIT(*) SI_UNIT($,.STERADIAN.) SOLID_ANGLE_UNIT() );
#2349 = UNCERTAINTY_MEASURE_WITH_UNIT(LENGTH_MEASURE(1.E-07),#2346,
  'distance_accuracy_value','confusion accuracy');
#2350 = CONTEXT_DEPENDENT_SHAPE_REPRESENTATION(#2351,#2353);
#2351 = ( REPRESENTATION_RELATIONSHIP('','',#1484,#10) 
REPRESENTATION_RELATIONSHIP_WITH_TRANSFORMATION(#2352) 
SHAPE_REPRESENTATION_RELATIONSHIP() );
#2352 = ITEM_DEFINED_TRANSFORMATION('','',#11,#19);
#2353 = PRODUCT_DEFINITION_SHAPE('Placement','Placement of an item',
  #2354);
#2354 = NEXT_ASSEMBLY_USAGE_OCCURRENCE('2','part1','',#5,#1479,$);
#2355 = PRODUCT_RELATED_PRODUCT_CATEGORY('part',$,(#1481));
#2356 = MECHANICAL_DESIGN_GEOMETRIC_PRESENTATION_REPRESENTATION('',(
    #2357,#2365,#2372,#2379,#2386,#2393,#2400,#2407,#2414,#2421,#2428,
    #2435,#2442,#2449,#2456,#2463,#2470,#2477,#2484),#1466);
#2357 = STYLED_ITEM('color',(#2358),#37);
#2358 = PRESENTATION_STYLE_ASSIGNMENT((#2359));
#2359 = SURFACE_STYLE_USAGE(.BOTH.,#2360);
#2360 = SURFACE_SIDE_STYLE('',(#2361));
#2361 = SURFACE_STYLE_FILL_AREA(#2362);
#2362 = FILL_AREA_STYLE('',(#2363));
#2363 = FILL_AREA_STYLE_COLOUR('',#2364);
#2364 = COLOUR_RGB('',0.658823527652,0.619607835287,0.55686275255);
#2365 = STYLED_ITEM('color',(#2366),#692);
#2366 = PRESENTATION_STYLE_ASSIGNMENT((#2367));
#2367 = SURFACE_STYLE_USAGE(.BOTH.,#2368);
#2368 = SURFACE_SIDE_STYLE('',(#2369));
#2369 = SURFACE_STYLE_FILL_AREA(#2370);
#2370 = FILL_AREA_STYLE('',(#2371));
#2371 = FILL_AREA_STYLE_COLOUR('',#2364);
#2372 = STYLED_ITEM('color',(#2373),#735);
#2373 = PRESENTATION_STYLE_ASSIGNMENT((#2374));
#2374 = SURFACE_STYLE_USAGE(.BOTH.,#2375);
#2375 = SURFACE_SIDE_STYLE('',(#2376));
#2376 = SURFACE_STYLE_FILL_AREA(#2377);
#2377 = FILL_AREA_STYLE('',(#2378));
#2378 = FILL_AREA_STYLE_COLOUR('',#2364);
#2379 = STYLED_ITEM('color',(#2380),#778);
#2380 = PRESENTATION_STYLE_ASSIGNMENT((#2381));
#2381 = SURFACE_STYLE_USAGE(.BOTH.,#2382);
#2382 = SURFACE_SIDE_STYLE('',(#2383));
#2383 = SURFACE_STYLE_FILL_AREA(#2384);
#2384 = FILL_AREA_STYLE('',(#2385));
#2385 = FILL_AREA_STYLE_COLOUR('',#2364);
#2386 = STYLED_ITEM('color',(#2387),#821);
#2387 = PRESENTATION_STYLE_ASSIGNMENT((#2388));
#2388 = SURFACE_STYLE_USAGE(.BOTH.,#2389);
#2389 = SURFACE_SIDE_STYLE('',(#2390));
#2390 = SURFACE_STYLE_FILL_AREA(#2391);
#2391 = FILL_AREA_STYLE('',(#2392));
#2392 = FILL_AREA_STYLE_COLOUR('',#2364);
#2393 = STYLED_ITEM('color',(#2394),#864);
#2394 = PRESENTATION_STYLE_ASSIGNMENT((#2395));
#2395 = SURFACE_STYLE_USAGE(.BOTH.,#2396);
#2396 = SURFACE_SIDE_STYLE('',(#2397));
#2397 = SURFACE_STYLE_FILL_AREA(#2398);
#2398 = FILL_AREA_STYLE('',(#2399));
#2399 = FILL_AREA_STYLE_COLOUR('',#2364);
#2400 = STYLED_ITEM('color',(#2401),#907);
#2401 = PRESENTATION_STYLE_ASSIGNMENT((#2402));
#2402 = SURFACE_STYLE_USAGE(.BOTH.,#2403);
#2403 = SURFACE_SIDE_STYLE('',(#2404));
#2404 = SURFACE_STYLE_FILL_AREA(#2405);
#2405 = FILL_AREA_STYLE('',(#2406));
#2406 = FILL_AREA_STYLE_COLOUR('',#2364);
#2407 = STYLED_ITEM('color',(#2408),#950);
#2408 = PRESENTATION_STYLE_ASSIGNMENT((#2409));
#2409 = SURFACE_STYLE_USAGE(.BOTH.,#2410);
#2410 = SURFACE_SIDE_STYLE('',(#2411));
#2411 = SURFACE_STYLE_FILL_AREA(#2412);
#2412 = FILL_AREA_STYLE('',(#2413));
#2413 = FILL_AREA_STYLE_COLOUR('',#2364);
#2414 = STYLED_ITEM('color',(#2415),#993);
#2415 = PRESENTATION_STYLE_ASSIGNMENT((#2416));
#2416 = SURFACE_STYLE_USAGE(.BOTH.,#2417);
#2417 = SURFACE_SIDE_STYLE('',(#2418));
#2418 = SURFACE_STYLE_FILL_AREA(#2419);
#2419 = FILL_AREA_STYLE('',(#2420));
#2420 = FILL_AREA_STYLE_COLOUR('',#2364);
#2421 = STYLED_ITEM('color',(#2422),#1036);
#2422 = PRESENTATION_STYLE_ASSIGNMENT((#2423));
#2423 = SURFACE_STYLE_USAGE(.BOTH.,#2424);
#2424 = SURFACE_SIDE_STYLE('',(#2425));
#2425 = SURFACE_STYLE_FILL_AREA(#2426);
#2426 = FILL_AREA_STYLE('',(#2427));
#2427 = FILL_AREA_STYLE_COLOUR('',#2364);
#2428 = STYLED_ITEM('color',(#2429),#1079);
#2429 = PRESENTATION_STYLE_ASSIGNMENT((#2430));
#2430 = SURFACE_STYLE_USAGE(.BOTH.,#2431);
#2431 = SURFACE_SIDE_STYLE('',(#2432));
#2432 = SURFACE_STYLE_FILL_AREA(#2433);
#2433 = FILL_AREA_STYLE('',(#2434));
#2434 = FILL_AREA_STYLE_COLOUR('',#2364);
#2435 = STYLED_ITEM('color',(#2436),#1122);
#2436 = PRESENTATION_STYLE_ASSIGNMENT((#2437));
#2437 = SURFACE_STYLE_USAGE(.BOTH.,#2438);
#2438 = SURFACE_SIDE_STYLE('',(#2439));
#2439 = SURFACE_STYLE_FILL_AREA(#2440);
#2440 = FILL_AREA_STYLE('',(#2441));
#2441 = FILL_AREA_STYLE_COLOUR('',#2364);
#2442 = STYLED_ITEM('color',(#2443),#1165);
#2443 = PRESENTATION_STYLE_ASSIGNMENT((#2444));
#2444 = SURFACE_STYLE_USAGE(.BOTH.,#2445);
#2445 = SURFACE_SIDE_STYLE('',(#2446));
#2446 = SURFACE_STYLE_FILL_AREA(#2447);
#2447 = FILL_AREA_STYLE('',(#2448));
#2448 = FILL_AREA_STYLE_COLOUR('',#2364);
#2449 = STYLED_ITEM('color',(#2450),#1208);
#2450 = PRESENTATION_STYLE_ASSIGNMENT((#2451));
#2451 = SURFACE_STYLE_USAGE(.BOTH.,#2452);
#2452 = SURFACE_SIDE_STYLE('',(#2453));
#2453 = SURFACE_STYLE_FILL_AREA(#2454);
#2454 = FILL_AREA_STYLE('',(#2455));
#2455 = FILL_AREA_STYLE_COLOUR('',#2364);
#2456 = STYLED_ITEM('color',(#2457),#1251);
#2457 = PRESENTATION_STYLE_ASSIGNMENT((#2458));
#2458 = SURFACE_STYLE_USAGE(.BOTH.,#2459);
#2459 = SURFACE_SIDE_STYLE('',(#2460));
#2460 = SURFACE_STYLE_FILL_AREA(#2461);
#2461 = FILL_AREA_STYLE('',(#2462));
#2462 = FILL_AREA_STYLE_COLOUR('',#2364);
#2463 = STYLED_ITEM('color',(#2464),#1294);
#2464 = PRESENTATION_STYLE_ASSIGNMENT((#2465));
#2465 = SURFACE_STYLE_USAGE(.BOTH.,#2466);
#2466 = SURFACE_SIDE_STYLE('',(#2467));
#2467 = SURFACE_STYLE_FILL_AREA(#2468);
#2468 = FILL_AREA_STYLE('',(#2469));
#2469 = FILL_AREA_STYLE_COLOUR('',#2364);
#2470 = STYLED_ITEM('color',(#2471),#1337);
#2471 = PRESENTATION_STYLE_ASSIGNMENT((#2472));
#2472 = SURFACE_STYLE_USAGE(.BOTH.,#2473);
#2473 = SURFACE_SIDE_STYLE('',(#2474));
#2474 = SURFACE_STYLE_FILL_AREA(#2475);
#2475 = FILL_AREA_STYLE('',(#2476));
#2476 = FILL_AREA_STYLE_COLOUR('',#2364);
#2477 = STYLED_ITEM('color',(#2478),#1380);
#2478 = PRESENTATION_STYLE_ASSIGNMENT((#2479));
#2479 = SURFACE_STYLE_USAGE(.BOTH.,#2480);
#2480 = SURFACE_SIDE_STYLE('',(#2481));
#2481 = SURFACE_STYLE_FILL_AREA(#2482);
#2482 = FILL_AREA_STYLE('',(#2483));
#2483 = FILL_AREA_STYLE_COLOUR('',#2364);
#2484 = STYLED_ITEM('color',(#2485),#1423);
#2485 = PRESENTATION_STYLE_ASSIGNMENT((#2486));
#2486 = SURFACE_STYLE_USAGE(.BOTH.,#2487);
#2487 = SURFACE_SIDE_STYLE('',(#2488));
#2488 = SURFACE_STYLE_FILL_AREA(#2489);
#2489 = FILL_AREA_STYLE('',(#2490));
#2490 = FILL_AREA_STYLE_COLOUR('',#2364);
#2491 = MECHANICAL_DESIGN_GEOMETRIC_PRESENTATION_REPRESENTATION('',(
    #2492,#2500,#2507,#2514,#2521,#2528,#2535,#2542,#2549,#2556,#2563,
    #2570,#2577,#2584,#2591,#2598,#2605,#2612,#2619,#2626),#2345);
#2492 = STYLED_ITEM('color',(#2493),#1485);
#2493 = PRESENTATION_STYLE_ASSIGNMENT((#2494));
#2494 = SURFACE_STYLE_USAGE(.BOTH.,#2495);
#2495 = SURFACE_SIDE_STYLE('',(#2496));
#2496 = SURFACE_STYLE_FILL_AREA(#2497);
#2497 = FILL_AREA_STYLE('',(#2498));
#2498 = FILL_AREA_STYLE_COLOUR('',#2499);
#2499 = COLOUR_RGB('',0.541176465727,0.509803927404,0.47058824112);
#2500 = STYLED_ITEM('color',(#2501),#1528);
#2501 = PRESENTATION_STYLE_ASSIGNMENT((#2502));
#2502 = SURFACE_STYLE_USAGE(.BOTH.,#2503);
#2503 = SURFACE_SIDE_STYLE('',(#2504));
#2504 = SURFACE_STYLE_FILL_AREA(#2505);
#2505 = FILL_AREA_STYLE('',(#2506));
#2506 = FILL_AREA_STYLE_COLOUR('',#2499);
#2507 = STYLED_ITEM('color',(#2508),#1571);
#2508 = PRESENTATION_STYLE_ASSIGNMENT((#2509));
#2509 = SURFACE_STYLE_USAGE(.BOTH.,#2510);
#2510 = SURFACE_SIDE_STYLE('',(#2511));
#2511 = SURFACE_STYLE_FILL_AREA(#2512);
#2512 = FILL_AREA_STYLE('',(#2513));
#2513 = FILL_AREA_STYLE_COLOUR('',#2499);
#2514 = STYLED_ITEM('color',(#2515),#1614);
#2515 = PRESENTATION_STYLE_ASSIGNMENT((#2516));
#2516 = SURFACE_STYLE_USAGE(.BOTH.,#2517);
#2517 = SURFACE_SIDE_STYLE('',(#2518));
#2518 = SURFACE_STYLE_FILL_AREA(#2519);
#2519 = FILL_AREA_STYLE('',(#2520));
#2520 = FILL_AREA_STYLE_COLOUR('',#2499);
#2521 = STYLED_ITEM('color',(#2522),#1657);
#2522 = PRESENTATION_STYLE_ASSIGNMENT((#2523));
#2523 = SURFACE_STYLE_USAGE(.BOTH.,#2524);
#2524 = SURFACE_SIDE_STYLE('',(#2525));
#2525 = SURFACE_STYLE_FILL_AREA(#2526);
#2526 = FILL_AREA_STYLE('',(#2527));
#2527 = FILL_AREA_STYLE_COLOUR('',#2499);
#2528 = STYLED_ITEM('color',(#2529),#1700);
#2529 = PRESENTATION_STYLE_ASSIGNMENT((#2530));
#2530 = SURFACE_STYLE_USAGE(.BOTH.,#2531);
#2531 = SURFACE_SIDE_STYLE('',(#2532));
#2532 = SURFACE_STYLE_FILL_AREA(#2533);
#2533 = FILL_AREA_STYLE('',(#2534));
#2534 = FILL_AREA_STYLE_COLOUR('',#2499);
#2535 = STYLED_ITEM('color',(#2536),#1743);
#2536 = PRESENTATION_STYLE_ASSIGNMENT((#2537));
#2537 = SURFACE_STYLE_USAGE(.BOTH.,#2538);
#2538 = SURFACE_SIDE_STYLE('',(#2539));
#2539 = SURFACE_STYLE_FILL_AREA(#2540);
#2540 = FILL_AREA_STYLE('',(#2541));
#2541 = FILL_AREA_STYLE_COLOUR('',#2499);
#2542 = STYLED_ITEM('color',(#2543),#1786);
#2543 = PRESENTATION_STYLE_ASSIGNMENT((#2544));
#2544 = SURFACE_STYLE_USAGE(.BOTH.,#2545);
#2545 = SURFACE_SIDE_STYLE('',(#2546));
#2546 = SURFACE_STYLE_FILL_AREA(#2547);
#2547 = FILL_AREA_STYLE('',(#2548));
#2548 = FILL_AREA_STYLE_COLOUR('',#2499);
#2549 = STYLED_ITEM('color',(#2550),#1829);
#2550 = PRESENTATION_STYLE_ASSIGNMENT((#2551));
#2551 = SURFACE_STYLE_USAGE(.BOTH.,#2552);
#2552 = SURFACE_SIDE_STYLE('',(#2553));
#2553 = SURFACE_STYLE_FILL_AREA(#2554);
#2554 = FILL_AREA_STYLE('',(#2555));
#2555 = FILL_AREA_STYLE_COLOUR('',#2499);
#2556 = STYLED_ITEM('color',(#2557),#1872);
#2557 = PRESENTATION_STYLE_ASSIGNMENT((#2558));
#2558 = SURFACE_STYLE_USAGE(.BOTH.,#2559);
#2559 = SURFACE_SIDE_STYLE('',(#2560));
#2560 = SURFACE_STYLE_FILL_AREA(#2561);
#2561 = FILL_AREA_STYLE('',(#2562));
#2562 = FILL_AREA_STYLE_COLOUR('',#2499);
#2563 = STYLED_ITEM('color',(#2564),#1915);
#2564 = PRESENTATION_STYLE_ASSIGNMENT((#2565));
#2565 = SURFACE_STYLE_USAGE(.BOTH.,#2566);
#2566 = SURFACE_SIDE_STYLE('',(#2567));
#2567 = SURFACE_STYLE_FILL_AREA(#2568);
#2568 = FILL_AREA_STYLE('',(#2569));
#2569 = FILL_AREA_STYLE_COLOUR('',#2499);
#2570 = STYLED_ITEM('color',(#2571),#1958);
#2571 = PRESENTATION_STYLE_ASSIGNMENT((#2572));
#2572 = SURFACE_STYLE_USAGE(.BOTH.,#2573);
#2573 = SURFACE_SIDE_STYLE('',(#2574));
#2574 = SURFACE_STYLE_FILL_AREA(#2575);
#2575 = FILL_AREA_STYLE('',(#2576));
#2576 = FILL_AREA_STYLE_COLOUR('',#2499);
#2577 = STYLED_ITEM('color',(#2578),#2001);
#2578 = PRESENTATION_STYLE_ASSIGNMENT((#2579));
#2579 = SURFACE_STYLE_USAGE(.BOTH.,#2580);
#2580 = SURFACE_SIDE_STYLE('',(#2581));
#2581 = SURFACE_STYLE_FILL_AREA(#2582);
#2582 = FILL_AREA_STYLE('',(#2583));
#2583 = FILL_AREA_STYLE_COLOUR('',#2499);
#2584 = STYLED_ITEM('color',(#2585),#2044);
#2585 = PRESENTATION_STYLE_ASSIGNMENT((#2586));
#2586 = SURFACE_STYLE_USAGE(.BOTH.,#2587);
#2587 = SURFACE_SIDE_STYLE('',(#2588));
#2588 = SURFACE_STYLE_FILL_AREA(#2589);
#2589 = FILL_AREA_STYLE('',(#2590));
#2590 = FILL_AREA_STYLE_COLOUR('',#2499);
#2591 = STYLED_ITEM('color',(#2592),#2087);
#2592 = PRESENTATION_STYLE_ASSIGNMENT((#2593));
#2593 = SURFACE_STYLE_USAGE(.BOTH.,#2594);
#2594 = SURFACE_SIDE_STYLE('',(#2595));
#2595 = SURFACE_STYLE_FILL_AREA(#2596);
#2596 = FILL_AREA_STYLE('',(#2597));
#2597 = FILL_AREA_STYLE_COLOUR('',#2499);
#2598 = STYLED_ITEM('color',(#2599),#2130);
#2599 = PRESENTATION_STYLE_ASSIGNMENT((#2600));
#2600 = SURFACE_STYLE_USAGE(.BOTH.,#2601);
#2601 = SURFACE_SIDE_STYLE('',(#2602));
#2602 = SURFACE_STYLE_FILL_AREA(#2603);
#2603 = FILL_AREA_STYLE('',(#2604));
#2604 = FILL_AREA_STYLE_COLOUR('',#2499);
#2605 = STYLED_ITEM('color',(#2606),#2173);
#2606 = PRESENTATION_STYLE_ASSIGNMENT((#2607));
#2607 = SURFACE_STYLE_USAGE(.BOTH.,#2608);
#2608 = SURFACE_SIDE_STYLE('',(#2609));
#2609 = SURFACE_STYLE_FILL_AREA(#2610);
#2610 = FILL_AREA_STYLE('',(#2611));
#2611 = FILL_AREA_STYLE_COLOUR('',#2499);
#2612 = STYLED_ITEM('color',(#2613),#2216);
#2613 = PRESENTATION_STYLE_ASSIGNMENT((#2614));
#2614 = SURFACE_STYLE_USAGE(.BOTH.,#2615);
#2615 = SURFACE_SIDE_STYLE('',(#2616));
#2616 = SURFACE_STYLE_FILL_AREA(#2617);
#2617 = FILL_AREA_STYLE('',(#2618));
#2618 = FILL_AREA_STYLE_COLOUR('',#2499);
#2619 = STYLED_ITEM('color',(#2620),#2259);
#2620 = PRESENTATION_STYLE_ASSIGNMENT((#2621));
#2621 = SURFACE_STYLE_USAGE(.BOTH.,#2622);
#2622 = SURFACE_SIDE_STYLE('',(#2623));
#2623 = SURFACE_STYLE_FILL_AREA(#2624);
#2624 = FILL_AREA_STYLE('',(#2625));
#2625 = FILL_AREA_STYLE_COLOUR('',#2499);
#2626 = STYLED_ITEM('color',(#2627),#2302);
#2627 = PRESENTATION_STYLE_ASSIGNMENT((#2628));
#2628 = SURFACE_STYLE_USAGE(.BOTH.,#2629);
#2629 = SURFACE_SIDE_STYLE('',(#2630));
#2630 = SURFACE_STYLE_FILL_AREA(#2631);
#2631 = FILL_AREA_STYLE('',(#2632));
#2632 = FILL_AREA_STYLE_COLOUR('',#2499);
ENDSEC;
END-ISO-10303-21;
