ISO-10303-21;
HEADER;
FILE_DESCRIPTION(('Open CASCADE Model'),'2;1');
FILE_NAME('Open CASCADE Shape Model','2026-09-14T10:38:12',('Author'),(
    'Open CASCADE'),'Open CASCADE STEP processor 7.9','Open CASCADE 7.9'
  ,'Unknown');
FILE_SCHEMA(('AUTOMOTIVE_DESIGN { 1 0 10303 214 1 1 1 1 }'));
ENDSEC;
DATA;
#1 = APPLICATION_PROTOCOL_DEFINITION('international standard',
  'automotive_design',2000,#2);
#2 = APPLICATION_CONTEXT(
  'core data for automotive mechanical design processes');
#3 = SHAPE_DEFINITION_REPRESENTATION(#4,#10);
#4 = PRODUCT_DEFINITION_SHAPE('','',#5);
#5 = PRODUCT_DEFINITION('design','',#6,#9);
#6 = PRODUCT_DEFINITION_FORMATION('','',#7);
#7 = PRODUCT('00e19d8e-b020-11f1-b933-3c9c0f4bdafb',
  '00e19d8e-b020-11f1-b933-3c9c0f4bdafb','',(#8));
#8 = PRODUCT_CONTEXT('',#2,'mechanical');
#9 = PRODUCT_DEFINITION_CONTEXT('part definition',#2,'design');
#10 = SHAPE_REPRESENTATION('',(#11,#15,#19),#23);
#11 = AXIS2_PLACEMENT_3D('',#12,#13,#14);
#12 = CARTESIAN_POINT('',(0.,0.,0.));
#13 = DIRECTION('',(0.,0.,1.));
#14 = DIRECTION('',(1.,0.,-0.));
#15 = AXIS2_PLACEMENT_3D('',#16,#17,#18);
#16 = CARTESIAN_POINT('',(0.,0.,0.));
#17 = DIRECTION('',(0.,0.,1.));
#18 = DIRECTION('',(1.,0.,-0.));
#19 = AXIS2_PLACEMENT_3D('',#20,#21,#22);
#20 = CARTESIAN_POINT('',(0.,0.,0.));
#21 = DIRECTION('',(0.,0.,1.));
#22 = DIRECTION('',(1.,0.,-0.));
#23 = ( GEOMETRIC_REPRESENTATION_CONTEXT(3) 
GLOBAL_UNCERTAINTY_ASSIGNED_CONTEXT((#27)) GLOBAL_UNIT_ASSIGNED_CONTEXT(
(#24,#25,#26)) REPRESENTATION_CONTEXT('Context #1',
  '3D Context with UNIT and UNCERTAINTY') );
#24 = ( LENGTH_UNIT() NAMED_UNIT(*) SI_UNIT(.MILLI.,.METRE.) );
#25 = ( NAMED_UNIT(*) PLANE_ANGLE_UNIT() SI_UNIT($,.RADIAN.) );
#26 = ( NAMED_UNIT(*) SI_UNIT($,.STERADIAN.) SOLID_ANGLE_UNIT() );
#27 = UNCERTAINTY_MEASURE_WITH_UNIT(LENGTH_MEASURE(1.E-07),#24,
  'distance_accuracy_value','confusion accuracy');
#28 = PRODUCT_RELATED_PRODUCT_CATEGORY('part',$,(#7));
#29 = SHAPE_DEFINITION_REPRESENTATION(#30,#36);
#30 = PRODUCT_DEFINITION_SHAPE('','',#31);
#31 = PRODUCT_DEFINITION('design','',#32,#35);
#32 = PRODUCT_DEFINITION_FORMATION('','',#33);
#33 = PRODUCT('part0','part0','',(#34));
#34 = PRODUCT_CONTEXT('',#2,'mechanical');
#35 = PRODUCT_DEFINITION_CONTEXT('part definition',#2,'design');
#36 = ADVANCED_BREP_SHAPE_REPRESENTATION('',(#11,#37),#80);
#37 = MANIFOLD_SOLID_BREP('',#38);
#38 = CLOSED_SHELL('',(#39));
#39 = ADVANCED_FACE('',(#40),#44,.T.);
#40 = FACE_BOUND('',#41,.T.);
#41 = VERTEX_LOOP('',#42);
#42 = VERTEX_POINT('',#43);
#43 = CARTESIAN_POINT('',(6.123233995737E-14,-1.499759782662E-29,-400.)
  );
#44 = ( BOUNDED_SURFACE() B_SPLINE_SURFACE(2,2,(
    (#45,#46,#47,#48,#49)
    ,(#50,#51,#52,#53,#54)
    ,(#55,#56,#57,#58,#59)
    ,(#60,#61,#62,#63,#64)
    ,(#65,#66,#67,#68,#69)
    ,(#70,#71,#72,#73,#74)
    ,(#75,#76,#77,#78,#79
)),.UNSPECIFIED.,.T.,.F.,.F.) B_SPLINE_SURFACE_WITH_KNOTS((1,2,2,2,2,1),
  (3,2,3),(-2.094395102393,0.,2.094395102393,4.188790204786,
    6.28318530718,8.377580409573),(-1.570796326795,0.,1.570796326795),
.UNSPECIFIED.) GEOMETRIC_REPRESENTATION_ITEM() RATIONAL_B_SPLINE_SURFACE
((
    (1.,0.707106781187,1.,0.707106781187,1.)
    ,(0.5,0.353553390593,0.5,0.353553390593,0.5)
    ,(1.,0.707106781187,1.,0.707106781187,1.)
    ,(0.5,0.353553390593,0.5,0.353553390593,0.5)
    ,(1.,0.707106781187,1.,0.707106781187,1.)
    ,(0.5,0.353553390593,0.5,0.353553390593,0.5)
,(1.,0.707106781187,1.,0.707106781187,1.
))) REPRESENTATION_ITEM('') SURFACE() );
#45 = CARTESIAN_POINT('',(6.123233995737E-14,0.,-400.));
#46 = CARTESIAN_POINT('',(1.E+03,0.,-400.));
#47 = CARTESIAN_POINT('',(1.E+03,0.,300.));
#48 = CARTESIAN_POINT('',(1.E+03,0.,1.E+03));
#49 = CARTESIAN_POINT('',(6.123233995737E-14,0.,1.E+03));
#50 = CARTESIAN_POINT('',(6.123233995737E-14,1.060575238725E-13,-400.));
#51 = CARTESIAN_POINT('',(1.E+03,1.732050807569E+03,-400.));
#52 = CARTESIAN_POINT('',(1.E+03,1.732050807569E+03,300.));
#53 = CARTESIAN_POINT('',(1.E+03,1.732050807569E+03,1.E+03));
#54 = CARTESIAN_POINT('',(6.123233995737E-14,1.060575238725E-13,1.E+03)
  );
#55 = CARTESIAN_POINT('',(-3.061616997868E-14,5.302876193625E-14,-400.)
  );
#56 = CARTESIAN_POINT('',(-500.,866.02540378443,-400.));
#57 = CARTESIAN_POINT('',(-500.,866.02540378443,300.));
#58 = CARTESIAN_POINT('',(-500.,866.02540378443,1.E+03));
#59 = CARTESIAN_POINT('',(-3.061616997868E-14,5.302876193625E-14,1.E+03)
  );
#60 = CARTESIAN_POINT('',(-1.224646799147E-13,1.499759782662E-29,-400.)
  );
#61 = CARTESIAN_POINT('',(-2.E+03,2.449293598295E-13,-400.));
#62 = CARTESIAN_POINT('',(-2.E+03,2.449293598295E-13,300.));
#63 = CARTESIAN_POINT('',(-2.E+03,2.449293598295E-13,1.E+03));
#64 = CARTESIAN_POINT('',(-1.224646799147E-13,1.499759782662E-29,1.E+03)
  );
#65 = CARTESIAN_POINT('',(-3.061616997868E-14,-5.302876193625E-14,-400.)
  );
#66 = CARTESIAN_POINT('',(-500.,-866.0254037844,-400.));
#67 = CARTESIAN_POINT('',(-500.,-866.0254037844,300.));
#68 = CARTESIAN_POINT('',(-500.,-866.0254037844,1.E+03));
#69 = CARTESIAN_POINT('',(-3.061616997868E-14,-5.302876193625E-14,1.E+03
    ));
#70 = CARTESIAN_POINT('',(6.123233995737E-14,-1.060575238725E-13,-400.)
  );
#71 = CARTESIAN_POINT('',(999.99999999999,-1.732050807569E+03,-400.));
#72 = CARTESIAN_POINT('',(999.99999999999,-1.732050807569E+03,300.));
#73 = CARTESIAN_POINT('',(999.99999999999,-1.732050807569E+03,1.E+03));
#74 = CARTESIAN_POINT('',(6.123233995737E-14,-1.060575238725E-13,1.E+03)
  );
#75 = CARTESIAN_POINT('',(6.123233995737E-14,0.,-400.));
#76 = CARTESIAN_POINT('',(1.E+03,0.,-400.));
#77 = CARTESIAN_POINT('',(1.E+03,0.,300.));
#78 = CARTESIAN_POINT('',(1.E+03,0.,1.E+03));
#79 = CARTESIAN_POINT('',(6.123233995737E-14,0.,1.E+03));
#80 = ( GEOMETRIC_REPRESENTATION_CONTEXT(3) 
GLOBAL_UNCERTAINTY_ASSIGNED_CONTEXT((#84)) GLOBAL_UNIT_ASSIGNED_CONTEXT(
(#81,#82,#83)) REPRESENTATION_CONTEXT('Context #1',
  '3D Context with UNIT and UNCERTAINTY') );
#81 = ( LENGTH_UNIT() NAMED_UNIT(*) SI_UNIT(.MILLI.,.METRE.) );
#82 = ( NAMED_UNIT(*) PLANE_ANGLE_UNIT() SI_UNIT($,.RADIAN.) );
#83 = ( NAMED_UNIT(*) SI_UNIT($,.STERADIAN.) SOLID_ANGLE_UNIT() );
#84 = UNCERTAINTY_MEASURE_WITH_UNIT(LENGTH_MEASURE(1.E-07),#81,
  'distance_accuracy_value','confusion accuracy');
#85 = CONTEXT_DEPENDENT_SHAPE_REPRESENTATION(#86,#88);
#86 = ( REPRESENTATION_RELATIONSHIP('','',#36,#10) 
REPRESENTATION_RELATIONSHIP_WITH_TRANSFORMATION(#87) 
SHAPE_REPRESENTATION_RELATIONSHIP() );
#87 = ITEM_DEFINED_TRANSFORMATION('','',#11,#15);
#88 = PRODUCT_DEFINITION_SHAPE('Placement','Placement of an item',#89);
#89 = NEXT_ASSEMBLY_USAGE_OCCURRENCE('89','part0','',#5,#31,$);
#90 = PRODUCT_RELATED_PRODUCT_CATEGORY('part',$,(#33));
#91 = SHAPE_DEFINITION_REPRESENTATION(#92,#98);
#92 = PRODUCT_DEFINITION_SHAPE('','',#93);
#93 = PRODUCT_DEFINITION('design','',#94,#97);
#94 = PRODUCT_DEFINITION_FORMATION('','',#95);
#95 = PRODUCT('part1','part1','',(#96));
#96 = PRODUCT_CONTEXT('',#2,'mechanical');
#97 = PRODUCT_DEFINITION_CONTEXT('part definition',#2,'design');
#98 = SHAPE_REPRESENTATION('',(#11,#99,#889,#1219,#1549,#1879,#2209,
    #2539,#2869,#3199),#3529);
#99 = MANIFOLD_SOLID_BREP('',#100);
#100 = CLOSED_SHELL('',(#101,#221,#297,#443,#470,#497,#545,#678,#757,
    #806,#855,#882));
#101 = ADVANCED_FACE('',(#102),#116,.F.);
#102 = FACE_BOUND('',#103,.F.);
#103 = EDGE_LOOP('',(#104,#139,#167,#195));
#104 = ORIENTED_EDGE('',*,*,#105,.T.);
#105 = EDGE_CURVE('',#106,#108,#110,.T.);
#106 = VERTEX_POINT('',#107);
#107 = CARTESIAN_POINT('',(23.651310172702,-317.6640820361,
    -2.536667166803));
#108 = VERTEX_POINT('',#109);
#109 = CARTESIAN_POINT('',(-333.7358552628,-351.9393059708,
    1.098403987693E+03));
#110 = SURFACE_CURVE('',#111,(#115,#127),.PCURVE_S1.);
#111 = LINE('',#112,#113);
#112 = CARTESIAN_POINT('',(23.651310172702,-317.6640820361,
    -2.536667166803));
#113 = VECTOR('',#114,1.);
#114 = DIRECTION('',(-0.308623723901,-2.959856500553E-02,0.950723578121)
  );
#115 = PCURVE('',#116,#121);
#116 = PLANE('',#117);
#117 = AXIS2_PLACEMENT_3D('',#118,#119,#120);
#118 = CARTESIAN_POINT('',(23.651310172702,-317.6640820361,
    -2.536667166803));
#119 = DIRECTION('',(-4.682785124763E-03,0.99955089739,
    2.959856500553E-02));
#120 = DIRECTION('',(0.951172680731,-4.682785124763E-03,0.308623723901)
  );
#121 = DEFINITIONAL_REPRESENTATION('',(#122),#126);
#122 = LINE('',#123,#124);
#123 = CARTESIAN_POINT('',(0.,0.));
#124 = VECTOR('',#125,1.);
#125 = DIRECTION('',(0.,-1.));
#126 = ( GEOMETRIC_REPRESENTATION_CONTEXT(2) 
PARAMETRIC_REPRESENTATION_CONTEXT() REPRESENTATION_CONTEXT('2D SPACE',''
  ) );
#127 = PCURVE('',#128,#133);
#128 = PLANE('',#129);
#129 = AXIS2_PLACEMENT_3D('',#130,#131,#132);
#130 = CARTESIAN_POINT('',(23.58106839583,-302.6708185753,-2.09268869172
    ));
#131 = DIRECTION('',(0.951172680731,-4.682785124763E-03,0.308623723901)
  );
#132 = DIRECTION('',(4.682785124763E-03,-0.99955089739,
    -2.959856500553E-02));
#133 = DEFINITIONAL_REPRESENTATION('',(#134),#138);
#134 = LINE('',#135,#136);
#135 = CARTESIAN_POINT('',(15.,-6.106226635438E-16));
#136 = VECTOR('',#137,1.);
#137 = DIRECTION('',(0.,-1.));
#138 = ( GEOMETRIC_REPRESENTATION_CONTEXT(2) 
PARAMETRIC_REPRESENTATION_CONTEXT() REPRESENTATION_CONTEXT('2D SPACE',''
  ) );
#139 = ORIENTED_EDGE('',*,*,#140,.T.);
#140 = EDGE_CURVE('',#108,#141,#143,.T.);
#141 = VERTEX_POINT('',#142);
#142 = CARTESIAN_POINT('',(-319.4682650518,-352.0095477477,
    1.103033343551E+03));
#143 = SURFACE_CURVE('',#144,(#148,#155),.PCURVE_S1.);
#144 = LINE('',#145,#146);
#145 = CARTESIAN_POINT('',(-333.7358552628,-351.9393059708,
    1.098403987693E+03));
#146 = VECTOR('',#147,1.);
#147 = DIRECTION('',(0.951172680731,-4.682785124763E-03,0.308623723901)
  );
#148 = PCURVE('',#116,#149);
#149 = DEFINITIONAL_REPRESENTATION('',(#150),#154);
#150 = LINE('',#151,#152);
#151 = CARTESIAN_POINT('',(0.,-1.158002894002E+03));
#152 = VECTOR('',#153,1.);
#153 = DIRECTION('',(1.,0.));
#154 = ( GEOMETRIC_REPRESENTATION_CONTEXT(2) 
PARAMETRIC_REPRESENTATION_CONTEXT() REPRESENTATION_CONTEXT('2D SPACE',''
  ) );
#155 = PCURVE('',#156,#161);
#156 = PLANE('',#157);
#157 = AXIS2_PLACEMENT_3D('',#158,#159,#160);
#158 = CARTESIAN_POINT('',(-326.6371810457,-344.4777951288,
    1.10094065486E+03));
#159 = DIRECTION('',(-0.308623723901,-2.959856500553E-02,0.950723578121)
  );
#160 = DIRECTION('',(0.951172680731,-4.682785124763E-03,0.308623723901)
  );
#161 = DEFINITIONAL_REPRESENTATION('',(#162),#166);
#162 = LINE('',#163,#164);
#163 = CARTESIAN_POINT('',(-7.5,-7.5));
#164 = VECTOR('',#165,1.);
#165 = DIRECTION('',(1.,3.469446951954E-18));
#166 = ( GEOMETRIC_REPRESENTATION_CONTEXT(2) 
PARAMETRIC_REPRESENTATION_CONTEXT() REPRESENTATION_CONTEXT('2D SPACE',''
  ) );
#167 = ORIENTED_EDGE('',*,*,#168,.F.);
#168 = EDGE_CURVE('',#169,#141,#171,.T.);
#169 = VERTEX_POINT('',#170);
#170 = CARTESIAN_POINT('',(37.918900383664,-317.734323813,2.09268869172)
  );
#171 = SURFACE_CURVE('',#172,(#176,#183),.PCURVE_S1.);
#172 = LINE('',#173,#174);
#173 = CARTESIAN_POINT('',(37.918900383664,-317.734323813,2.09268869172)
  );
#174 = VECTOR('',#175,1.);
#175 = DIRECTION('',(-0.308623723901,-2.959856500553E-02,0.950723578121)
  );
#176 = PCURVE('',#116,#177);
#177 = DEFINITIONAL_REPRESENTATION('',(#178),#182);
#178 = LINE('',#179,#180);
#179 = CARTESIAN_POINT('',(15.,-2.6645352591E-15));
#180 = VECTOR('',#181,1.);
#181 = DIRECTION('',(0.,-1.));
#182 = ( GEOMETRIC_REPRESENTATION_CONTEXT(2) 
PARAMETRIC_REPRESENTATION_CONTEXT() REPRESENTATION_CONTEXT('2D SPACE',''
  ) );
#183 = PCURVE('',#184,#189);
#184 = PLANE('',#185);
#185 = AXIS2_PLACEMENT_3D('',#186,#187,#188);
#186 = CARTESIAN_POINT('',(37.918900383664,-317.734323813,2.09268869172)
  );
#187 = DIRECTION('',(-0.951172680731,4.682785124763E-03,-0.308623723901)
  );
#188 = DIRECTION('',(-4.682785124763E-03,0.99955089739,
    2.959856500553E-02));
#189 = DEFINITIONAL_REPRESENTATION('',(#190),#194);
#190 = LINE('',#191,#192);
#191 = CARTESIAN_POINT('',(0.,0.));
#192 = VECTOR('',#193,1.);
#193 = DIRECTION('',(0.,-1.));
#194 = ( GEOMETRIC_REPRESENTATION_CONTEXT(2) 
PARAMETRIC_REPRESENTATION_CONTEXT() REPRESENTATION_CONTEXT('2D SPACE',''
  ) );
#195 = ORIENTED_EDGE('',*,*,#196,.F.);
#196 = EDGE_CURVE('',#106,#169,#197,.T.);
#197 = SURFACE_CURVE('',#198,(#202,#209),.PCURVE_S1.);
#198 = LINE('',#199,#200);
#199 = CARTESIAN_POINT('',(23.651310172702,-317.6640820361,
    -2.536667166803));
#200 = VECTOR('',#201,1.);
#201 = DIRECTION('',(0.951172680731,-4.682785124763E-03,0.308623723901)
  );
#202 = PCURVE('',#116,#203);
#203 = DEFINITIONAL_REPRESENTATION('',(#204),#208);
#204 = LINE('',#205,#206);
#205 = CARTESIAN_POINT('',(0.,0.));
#206 = VECTOR('',#207,1.);
#207 = DIRECTION('',(1.,0.));
#208 = ( GEOMETRIC_REPRESENTATION_CONTEXT(2) 
PARAMETRIC_REPRESENTATION_CONTEXT() REPRESENTATION_CONTEXT('2D SPACE',''
  ) );
#209 = PCURVE('',#210,#215);
#210 = PLANE('',#211);
#211 = AXIS2_PLACEMENT_3D('',#212,#213,#214);
#212 = CARTESIAN_POINT('',(30.749984389747,-310.2025711941,0.));
#213 = DIRECTION('',(-0.308623723901,-2.959856500553E-02,0.950723578121)
  );
#214 = DIRECTION('',(0.951172680731,-4.682785124763E-03,0.308623723901)
  );
#215 = DEFINITIONAL_REPRESENTATION('',(#216),#220);
#216 = LINE('',#217,#218);
#217 = CARTESIAN_POINT('',(-7.5,-7.5));
#218 = VECTOR('',#219,1.);
#219 = DIRECTION('',(1.,3.469446951954E-18));
#220 = ( GEOMETRIC_REPRESENTATION_CONTEXT(2) 
PARAMETRIC_REPRESENTATION_CONTEXT() REPRESENTATION_CONTEXT('2D SPACE',''
  ) );
#221 = ADVANCED_FACE('',(#222),#128,.F.);
#222 = FACE_BOUND('',#223,.F.);
#223 = EDGE_LOOP('',(#224,#254,#275,#276));
#224 = ORIENTED_EDGE('',*,*,#225,.T.);
#225 = EDGE_CURVE('',#226,#228,#230,.T.);
#226 = VERTEX_POINT('',#227);
#227 = CARTESIAN_POINT('',(23.58106839583,-302.6708185753,-2.09268869172
    ));
#228 = VERTEX_POINT('',#229);
#229 = CARTESIAN_POINT('',(-333.8060970396,-336.94604251,
    1.098847966168E+03));
#230 = SURFACE_CURVE('',#231,(#235,#242),.PCURVE_S1.);
#231 = LINE('',#232,#233);
#232 = CARTESIAN_POINT('',(23.58106839583,-302.6708185753,-2.09268869172
    ));
#233 = VECTOR('',#234,1.);
#234 = DIRECTION('',(-0.308623723901,-2.959856500553E-02,0.950723578121)
  );
#235 = PCURVE('',#128,#236);
#236 = DEFINITIONAL_REPRESENTATION('',(#237),#241);
#237 = LINE('',#238,#239);
#238 = CARTESIAN_POINT('',(0.,0.));
#239 = VECTOR('',#240,1.);
#240 = DIRECTION('',(0.,-1.));
#241 = ( GEOMETRIC_REPRESENTATION_CONTEXT(2) 
PARAMETRIC_REPRESENTATION_CONTEXT() REPRESENTATION_CONTEXT('2D SPACE',''
  ) );
#242 = PCURVE('',#243,#248);
#243 = PLANE('',#244);
#244 = AXIS2_PLACEMENT_3D('',#245,#246,#247);
#245 = CARTESIAN_POINT('',(37.848658606792,-302.7410603521,
    2.536667166803));
#246 = DIRECTION('',(4.682785124763E-03,-0.99955089739,
    -2.959856500553E-02));
#247 = DIRECTION('',(-0.951172680731,4.682785124763E-03,-0.308623723901)
  );
#248 = DEFINITIONAL_REPRESENTATION('',(#249),#253);
#249 = LINE('',#250,#251);
#250 = CARTESIAN_POINT('',(15.,-8.881784197001E-16));
#251 = VECTOR('',#252,1.);
#252 = DIRECTION('',(0.,-1.));
#253 = ( GEOMETRIC_REPRESENTATION_CONTEXT(2) 
PARAMETRIC_REPRESENTATION_CONTEXT() REPRESENTATION_CONTEXT('2D SPACE',''
  ) );
#254 = ORIENTED_EDGE('',*,*,#255,.T.);
#255 = EDGE_CURVE('',#228,#108,#256,.T.);
#256 = SURFACE_CURVE('',#257,(#261,#268),.PCURVE_S1.);
#257 = LINE('',#258,#259);
#258 = CARTESIAN_POINT('',(-333.8060970396,-336.94604251,
    1.098847966168E+03));
#259 = VECTOR('',#260,1.);
#260 = DIRECTION('',(4.682785124763E-03,-0.99955089739,
    -2.959856500553E-02));
#261 = PCURVE('',#128,#262);
#262 = DEFINITIONAL_REPRESENTATION('',(#263),#267);
#263 = LINE('',#264,#265);
#264 = CARTESIAN_POINT('',(2.13162820728E-14,-1.158002894002E+03));
#265 = VECTOR('',#266,1.);
#266 = DIRECTION('',(1.,3.469446951954E-18));
#267 = ( GEOMETRIC_REPRESENTATION_CONTEXT(2) 
PARAMETRIC_REPRESENTATION_CONTEXT() REPRESENTATION_CONTEXT('2D SPACE',''
  ) );
#268 = PCURVE('',#156,#269);
#269 = DEFINITIONAL_REPRESENTATION('',(#270),#274);
#270 = LINE('',#271,#272);
#271 = CARTESIAN_POINT('',(-7.5,7.5));
#272 = VECTOR('',#273,1.);
#273 = DIRECTION('',(-3.469446951954E-18,-1.));
#274 = ( GEOMETRIC_REPRESENTATION_CONTEXT(2) 
PARAMETRIC_REPRESENTATION_CONTEXT() REPRESENTATION_CONTEXT('2D SPACE',''
  ) );
#275 = ORIENTED_EDGE('',*,*,#105,.F.);
#276 = ORIENTED_EDGE('',*,*,#277,.F.);
#277 = EDGE_CURVE('',#226,#106,#278,.T.);
#278 = SURFACE_CURVE('',#279,(#283,#290),.PCURVE_S1.);
#279 = LINE('',#280,#281);
#280 = CARTESIAN_POINT('',(23.58106839583,-302.6708185753,-2.09268869172
    ));
#281 = VECTOR('',#282,1.);
#282 = DIRECTION('',(4.682785124763E-03,-0.99955089739,
    -2.959856500553E-02));
#283 = PCURVE('',#128,#284);
#284 = DEFINITIONAL_REPRESENTATION('',(#285),#289);
#285 = LINE('',#286,#287);
#286 = CARTESIAN_POINT('',(0.,0.));
#287 = VECTOR('',#288,1.);
#288 = DIRECTION('',(1.,3.469446951954E-18));
#289 = ( GEOMETRIC_REPRESENTATION_CONTEXT(2) 
PARAMETRIC_REPRESENTATION_CONTEXT() REPRESENTATION_CONTEXT('2D SPACE',''
  ) );
#290 = PCURVE('',#210,#291);
#291 = DEFINITIONAL_REPRESENTATION('',(#292),#296);
#292 = LINE('',#293,#294);
#293 = CARTESIAN_POINT('',(-7.5,7.5));
#294 = VECTOR('',#295,1.);
#295 = DIRECTION('',(-3.469446951954E-18,-1.));
#296 = ( GEOMETRIC_REPRESENTATION_CONTEXT(2) 
PARAMETRIC_REPRESENTATION_CONTEXT() REPRESENTATION_CONTEXT('2D SPACE',''
  ) );
#297 = ADVANCED_FACE('',(#298),#184,.F.);
#298 = FACE_BOUND('',#299,.F.);
#299 = EDGE_LOOP('',(#300,#323,#324,#347,#370,#396,#422));
#300 = ORIENTED_EDGE('',*,*,#301,.F.);
#301 = EDGE_CURVE('',#169,#302,#304,.T.);
#302 = VERTEX_POINT('',#303);
#303 = CARTESIAN_POINT('',(37.848658606792,-302.7410603521,
    2.536667166803));
#304 = SURFACE_CURVE('',#305,(#309,#316),.PCURVE_S1.);
#305 = LINE('',#306,#307);
#306 = CARTESIAN_POINT('',(37.918900383664,-317.734323813,2.09268869172)
  );
#307 = VECTOR('',#308,1.);
#308 = DIRECTION('',(-4.682785124763E-03,0.99955089739,
    2.959856500553E-02));
#309 = PCURVE('',#184,#310);
#310 = DEFINITIONAL_REPRESENTATION('',(#311),#315);
#311 = LINE('',#312,#313);
#312 = CARTESIAN_POINT('',(0.,0.));
#313 = VECTOR('',#314,1.);
#314 = DIRECTION('',(1.,-3.469446951954E-18));
#315 = ( GEOMETRIC_REPRESENTATION_CONTEXT(2) 
PARAMETRIC_REPRESENTATION_CONTEXT() REPRESENTATION_CONTEXT('2D SPACE',''
  ) );
#316 = PCURVE('',#210,#317);
#317 = DEFINITIONAL_REPRESENTATION('',(#318),#322);
#318 = LINE('',#319,#320);
#319 = CARTESIAN_POINT('',(7.5,-7.5));
#320 = VECTOR('',#321,1.);
#321 = DIRECTION('',(3.469446951954E-18,1.));
#322 = ( GEOMETRIC_REPRESENTATION_CONTEXT(2) 
PARAMETRIC_REPRESENTATION_CONTEXT() REPRESENTATION_CONTEXT('2D SPACE',''
  ) );
#323 = ORIENTED_EDGE('',*,*,#168,.T.);
#324 = ORIENTED_EDGE('',*,*,#325,.T.);
#325 = EDGE_CURVE('',#141,#326,#328,.T.);
#326 = VERTEX_POINT('',#327);
#327 = CARTESIAN_POINT('',(-319.5385068287,-337.0162842868,
    1.103477322026E+03));
#328 = SURFACE_CURVE('',#329,(#333,#340),.PCURVE_S1.);
#329 = LINE('',#330,#331);
#330 = CARTESIAN_POINT('',(-319.4682650518,-352.0095477477,
    1.103033343551E+03));
#331 = VECTOR('',#332,1.);
#332 = DIRECTION('',(-4.682785124763E-03,0.99955089739,
    2.959856500553E-02));
#333 = PCURVE('',#184,#334);
#334 = DEFINITIONAL_REPRESENTATION('',(#335),#339);
#335 = LINE('',#336,#337);
#336 = CARTESIAN_POINT('',(-2.13162820728E-14,-1.158002894002E+03));
#337 = VECTOR('',#338,1.);
#338 = DIRECTION('',(1.,-3.469446951954E-18));
#339 = ( GEOMETRIC_REPRESENTATION_CONTEXT(2) 
PARAMETRIC_REPRESENTATION_CONTEXT() REPRESENTATION_CONTEXT('2D SPACE',''
  ) );
#340 = PCURVE('',#156,#341);
#341 = DEFINITIONAL_REPRESENTATION('',(#342),#346);
#342 = LINE('',#343,#344);
#343 = CARTESIAN_POINT('',(7.5,-7.5));
#344 = VECTOR('',#345,1.);
#345 = DIRECTION('',(3.469446951954E-18,1.));
#346 = ( GEOMETRIC_REPRESENTATION_CONTEXT(2) 
PARAMETRIC_REPRESENTATION_CONTEXT() REPRESENTATION_CONTEXT('2D SPACE',''
  ) );
#347 = ORIENTED_EDGE('',*,*,#348,.F.);
#348 = EDGE_CURVE('',#349,#326,#351,.T.);
#349 = VERTEX_POINT('',#350);
#350 = CARTESIAN_POINT('',(-114.6392852637,-317.3654199514,
    472.27982814019));
#351 = SURFACE_CURVE('',#352,(#356,#363),.PCURVE_S1.);
#352 = LINE('',#353,#354);
#353 = CARTESIAN_POINT('',(37.848658606792,-302.7410603521,
    2.536667166803));
#354 = VECTOR('',#355,1.);
#355 = DIRECTION('',(-0.308623723901,-2.959856500553E-02,0.950723578121)
  );
#356 = PCURVE('',#184,#357);
#357 = DEFINITIONAL_REPRESENTATION('',(#358),#362);
#358 = LINE('',#359,#360);
#359 = CARTESIAN_POINT('',(15.,4.718447854657E-15));
#360 = VECTOR('',#361,1.);
#361 = DIRECTION('',(0.,-1.));
#362 = ( GEOMETRIC_REPRESENTATION_CONTEXT(2) 
PARAMETRIC_REPRESENTATION_CONTEXT() REPRESENTATION_CONTEXT('2D SPACE',''
  ) );
#363 = PCURVE('',#243,#364);
#364 = DEFINITIONAL_REPRESENTATION('',(#365),#369);
#365 = LINE('',#366,#367);
#366 = CARTESIAN_POINT('',(0.,0.));
#367 = VECTOR('',#368,1.);
#368 = DIRECTION('',(0.,-1.));
#369 = ( GEOMETRIC_REPRESENTATION_CONTEXT(2) 
PARAMETRIC_REPRESENTATION_CONTEXT() REPRESENTATION_CONTEXT('2D SPACE',''
  ) );
#370 = ORIENTED_EDGE('',*,*,#371,.T.);
#371 = EDGE_CURVE('',#349,#372,#374,.T.);
#372 = VERTEX_POINT('',#373);
#373 = CARTESIAN_POINT('',(-114.6117103396,-319.3551725955,472.16465197)
  );
#374 = SURFACE_CURVE('',#375,(#379,#385),.PCURVE_S1.);
#375 = LINE('',#376,#377);
#376 = CARTESIAN_POINT('',(-115.1561513601,-280.0693723261,
    474.43869745569));
#377 = VECTOR('',#378,1.);
#378 = DIRECTION('',(1.3833985264E-02,-0.99823334671,-5.778240535214E-02
    ));
#379 = PCURVE('',#184,#380);
#380 = DEFINITIONAL_REPRESENTATION('',(#381),#384);
#381 = B_SPLINE_CURVE_WITH_KNOTS('',1,(#382,#383),.UNSPECIFIED.,.F.,.F.,
  (2,2),(37.36205341998,39.355327488263),.PIECEWISE_BEZIER_KNOTS.);
#382 = CARTESIAN_POINT('',(15.,-494.090155944));
#383 = CARTESIAN_POINT('',(13.00760278221,-494.0310387906));
#384 = ( GEOMETRIC_REPRESENTATION_CONTEXT(2) 
PARAMETRIC_REPRESENTATION_CONTEXT() REPRESENTATION_CONTEXT('2D SPACE',''
  ) );
#385 = PCURVE('',#386,#391);
#386 = PLANE('',#387);
#387 = AXIS2_PLACEMENT_3D('',#388,#389,#390);
#388 = CARTESIAN_POINT('',(-220.7115197449,-187.1368368574,
    3.373673204742));
#389 = DIRECTION('',(0.976552829073,2.590427230032E-02,-0.213713688627)
  );
#390 = DIRECTION('',(-2.590427230032E-02,-0.971381139094,-0.236109405339
    ));
#391 = DEFINITIONAL_REPRESENTATION('',(#392),#395);
#392 = B_SPLINE_CURVE_WITH_KNOTS('',1,(#393,#394),.UNSPECIFIED.,.F.,.F.,
  (2,2),(37.36205341998,39.355327488263),.PIECEWISE_BEZIER_KNOTS.);
#393 = CARTESIAN_POINT('',(13.040711941357,-497.90935395));
#394 = CARTESIAN_POINT('',(15.,-498.2758669982));
#395 = ( GEOMETRIC_REPRESENTATION_CONTEXT(2) 
PARAMETRIC_REPRESENTATION_CONTEXT() REPRESENTATION_CONTEXT('2D SPACE',''
  ) );
#396 = ORIENTED_EDGE('',*,*,#397,.T.);
#397 = EDGE_CURVE('',#372,#398,#400,.T.);
#398 = VERTEX_POINT('',#399);
#399 = CARTESIAN_POINT('',(-111.4182378623,-317.0565053298,
    462.35730607334));
#400 = SURFACE_CURVE('',#401,(#405,#411),.PCURVE_S1.);
#401 = LINE('',#402,#403);
#402 = CARTESIAN_POINT('',(23.571136473946,-219.8909095055,
    47.796825001337));
#403 = VECTOR('',#404,1.);
#404 = DIRECTION('',(0.302205500611,0.217528065987,-0.928091254085));
#405 = PCURVE('',#184,#406);
#406 = DEFINITIONAL_REPRESENTATION('',(#407),#410);
#407 = B_SPLINE_CURVE_WITH_KNOTS('',1,(#408,#409),.UNSPECIFIED.,.F.,.F.,
  (2,2),(-457.2479539064,-446.6807323606),.PIECEWISE_BEZIER_KNOTS.);
#408 = CARTESIAN_POINT('',(13.00760278221,-494.0310387906));
#409 = CARTESIAN_POINT('',(15.,-483.6533451872));
#410 = ( GEOMETRIC_REPRESENTATION_CONTEXT(2) 
PARAMETRIC_REPRESENTATION_CONTEXT() REPRESENTATION_CONTEXT('2D SPACE',''
  ) );
#411 = PCURVE('',#412,#417);
#412 = PLANE('',#413);
#413 = AXIS2_PLACEMENT_3D('',#414,#415,#416);
#414 = CARTESIAN_POINT('',(-221.1000838294,-201.7075539438,
    -0.167967875343));
#415 = DIRECTION('',(2.590427230032E-02,0.971381139094,0.236109405339));
#416 = DIRECTION('',(0.976552829073,2.590427230032E-02,-0.213713688627)
  );
#417 = DEFINITIONAL_REPRESENTATION('',(#418),#421);
#418 = B_SPLINE_CURVE_WITH_KNOTS('',1,(#419,#420),.UNSPECIFIED.,.F.,.F.,
  (2,2),(-457.2479539064,-446.6807323606),.PIECEWISE_BEZIER_KNOTS.);
#419 = CARTESIAN_POINT('',(2.84217094304E-14,-498.2758669982));
#420 = CARTESIAN_POINT('',(5.274103952288,-489.1189025067));
#421 = ( GEOMETRIC_REPRESENTATION_CONTEXT(2) 
PARAMETRIC_REPRESENTATION_CONTEXT() REPRESENTATION_CONTEXT('2D SPACE',''
  ) );
#422 = ORIENTED_EDGE('',*,*,#423,.F.);
#423 = EDGE_CURVE('',#302,#398,#424,.T.);
#424 = SURFACE_CURVE('',#425,(#429,#436),.PCURVE_S1.);
#425 = LINE('',#426,#427);
#426 = CARTESIAN_POINT('',(37.848658606792,-302.7410603521,
    2.536667166803));
#427 = VECTOR('',#428,1.);
#428 = DIRECTION('',(-0.308623723901,-2.959856500553E-02,0.950723578121)
  );
#429 = PCURVE('',#184,#430);
#430 = DEFINITIONAL_REPRESENTATION('',(#431),#435);
#431 = LINE('',#432,#433);
#432 = CARTESIAN_POINT('',(15.,4.718447854657E-15));
#433 = VECTOR('',#434,1.);
#434 = DIRECTION('',(0.,-1.));
#435 = ( GEOMETRIC_REPRESENTATION_CONTEXT(2) 
PARAMETRIC_REPRESENTATION_CONTEXT() REPRESENTATION_CONTEXT('2D SPACE',''
  ) );
#436 = PCURVE('',#243,#437);
#437 = DEFINITIONAL_REPRESENTATION('',(#438),#442);
#438 = LINE('',#439,#440);
#439 = CARTESIAN_POINT('',(0.,0.));
#440 = VECTOR('',#441,1.);
#441 = DIRECTION('',(0.,-1.));
#442 = ( GEOMETRIC_REPRESENTATION_CONTEXT(2) 
PARAMETRIC_REPRESENTATION_CONTEXT() REPRESENTATION_CONTEXT('2D SPACE',''
  ) );
#443 = ADVANCED_FACE('',(#444),#210,.F.);
#444 = FACE_BOUND('',#445,.F.);
#445 = EDGE_LOOP('',(#446,#447,#448,#469));
#446 = ORIENTED_EDGE('',*,*,#196,.T.);
#447 = ORIENTED_EDGE('',*,*,#301,.T.);
#448 = ORIENTED_EDGE('',*,*,#449,.T.);
#449 = EDGE_CURVE('',#302,#226,#450,.T.);
#450 = SURFACE_CURVE('',#451,(#455,#462),.PCURVE_S1.);
#451 = LINE('',#452,#453);
#452 = CARTESIAN_POINT('',(37.848658606792,-302.7410603521,
    2.536667166803));
#453 = VECTOR('',#454,1.);
#454 = DIRECTION('',(-0.951172680731,4.682785124763E-03,-0.308623723901)
  );
#455 = PCURVE('',#210,#456);
#456 = DEFINITIONAL_REPRESENTATION('',(#457),#461);
#457 = LINE('',#458,#459);
#458 = CARTESIAN_POINT('',(7.5,7.5));
#459 = VECTOR('',#460,1.);
#460 = DIRECTION('',(-1.,-3.469446951954E-18));
#461 = ( GEOMETRIC_REPRESENTATION_CONTEXT(2) 
PARAMETRIC_REPRESENTATION_CONTEXT() REPRESENTATION_CONTEXT('2D SPACE',''
  ) );
#462 = PCURVE('',#243,#463);
#463 = DEFINITIONAL_REPRESENTATION('',(#464),#468);
#464 = LINE('',#465,#466);
#465 = CARTESIAN_POINT('',(0.,0.));
#466 = VECTOR('',#467,1.);
#467 = DIRECTION('',(1.,0.));
#468 = ( GEOMETRIC_REPRESENTATION_CONTEXT(2) 
PARAMETRIC_REPRESENTATION_CONTEXT() REPRESENTATION_CONTEXT('2D SPACE',''
  ) );
#469 = ORIENTED_EDGE('',*,*,#277,.T.);
#470 = ADVANCED_FACE('',(#471),#156,.T.);
#471 = FACE_BOUND('',#472,.T.);
#472 = EDGE_LOOP('',(#473,#474,#475,#496));
#473 = ORIENTED_EDGE('',*,*,#140,.T.);
#474 = ORIENTED_EDGE('',*,*,#325,.T.);
#475 = ORIENTED_EDGE('',*,*,#476,.T.);
#476 = EDGE_CURVE('',#326,#228,#477,.T.);
#477 = SURFACE_CURVE('',#478,(#482,#489),.PCURVE_S1.);
#478 = LINE('',#479,#480);
#479 = CARTESIAN_POINT('',(-319.5385068287,-337.0162842868,
    1.103477322026E+03));
#480 = VECTOR('',#481,1.);
#481 = DIRECTION('',(-0.951172680731,4.682785124763E-03,-0.308623723901)
  );
#482 = PCURVE('',#156,#483);
#483 = DEFINITIONAL_REPRESENTATION('',(#484),#488);
#484 = LINE('',#485,#486);
#485 = CARTESIAN_POINT('',(7.5,7.5));
#486 = VECTOR('',#487,1.);
#487 = DIRECTION('',(-1.,-3.469446951954E-18));
#488 = ( GEOMETRIC_REPRESENTATION_CONTEXT(2) 
PARAMETRIC_REPRESENTATION_CONTEXT() REPRESENTATION_CONTEXT('2D SPACE',''
  ) );
#489 = PCURVE('',#243,#490);
#490 = DEFINITIONAL_REPRESENTATION('',(#491),#495);
#491 = LINE('',#492,#493);
#492 = CARTESIAN_POINT('',(0.,-1.158002894002E+03));
#493 = VECTOR('',#494,1.);
#494 = DIRECTION('',(1.,0.));
#495 = ( GEOMETRIC_REPRESENTATION_CONTEXT(2) 
PARAMETRIC_REPRESENTATION_CONTEXT() REPRESENTATION_CONTEXT('2D SPACE',''
  ) );
#496 = ORIENTED_EDGE('',*,*,#255,.T.);
#497 = ADVANCED_FACE('',(#498),#243,.F.);
#498 = FACE_BOUND('',#499,.F.);
#499 = EDGE_LOOP('',(#500,#501,#502,#523,#542,#543,#544));
#500 = ORIENTED_EDGE('',*,*,#449,.F.);
#501 = ORIENTED_EDGE('',*,*,#423,.T.);
#502 = ORIENTED_EDGE('',*,*,#503,.T.);
#503 = EDGE_CURVE('',#398,#504,#506,.T.);
#504 = VERTEX_POINT('',#505);
#505 = CARTESIAN_POINT('',(-116.6495632658,-317.1037667746,
    463.12568949958));
#506 = SURFACE_CURVE('',#507,(#511,#517),.PCURVE_S1.);
#507 = LINE('',#508,#509);
#508 = CARTESIAN_POINT('',(-25.17011860402,-316.2773125987,
    449.68907760924));
#509 = VECTOR('',#510,1.);
#510 = DIRECTION('',(-0.989344893996,-8.938054030308E-03,0.14531617912)
  );
#511 = PCURVE('',#243,#512);
#512 = DEFINITIONAL_REPRESENTATION('',(#513),#516);
#513 = B_SPLINE_CURVE_WITH_KNOTS('',1,(#514,#515),.UNSPECIFIED.,.F.,.F.,
  (2,2),(87.176999428299,92.464665474093),.PIECEWISE_BEZIER_KNOTS.);
#514 = CARTESIAN_POINT('',(2.84217094304E-14,-483.6533451872));
#515 = CARTESIAN_POINT('',(4.738531138301,-485.9997754255));
#516 = ( GEOMETRIC_REPRESENTATION_CONTEXT(2) 
PARAMETRIC_REPRESENTATION_CONTEXT() REPRESENTATION_CONTEXT('2D SPACE',''
  ) );
#517 = PCURVE('',#412,#518);
#518 = DEFINITIONAL_REPRESENTATION('',(#519),#522);
#519 = B_SPLINE_CURVE_WITH_KNOTS('',1,(#520,#521),.UNSPECIFIED.,.F.,.F.,
  (2,2),(87.176999428299,92.464665474093),.PIECEWISE_BEZIER_KNOTS.);
#520 = CARTESIAN_POINT('',(5.274103952286,-489.1189025067));
#521 = CARTESIAN_POINT('',(-1.42108547152E-14,-488.7404322803));
#522 = ( GEOMETRIC_REPRESENTATION_CONTEXT(2) 
PARAMETRIC_REPRESENTATION_CONTEXT() REPRESENTATION_CONTEXT('2D SPACE',''
  ) );
#523 = ORIENTED_EDGE('',*,*,#524,.T.);
#524 = EDGE_CURVE('',#504,#349,#525,.T.);
#525 = SURFACE_CURVE('',#526,(#530,#536),.PCURVE_S1.);
#526 = LINE('',#527,#528);
#527 = CARTESIAN_POINT('',(-212.252669746,-304.6602855755,27.7808813411)
  );
#528 = VECTOR('',#529,1.);
#529 = DIRECTION('',(0.214408541668,-2.790692431863E-02,0.976345318438)
  );
#530 = PCURVE('',#243,#531);
#531 = DEFINITIONAL_REPRESENTATION('',(#532),#535);
#532 = B_SPLINE_CURVE_WITH_KNOTS('',1,(#533,#534),.UNSPECIFIED.,.F.,.F.,
  (2,2),(445.89224727903,455.26817039531),.PIECEWISE_BEZIER_KNOTS.);
#533 = CARTESIAN_POINT('',(4.738531138302,-485.9997754255));
#534 = CARTESIAN_POINT('',(2.84217094304E-14,-494.090155944));
#535 = ( GEOMETRIC_REPRESENTATION_CONTEXT(2) 
PARAMETRIC_REPRESENTATION_CONTEXT() REPRESENTATION_CONTEXT('2D SPACE',''
  ) );
#536 = PCURVE('',#386,#537);
#537 = DEFINITIONAL_REPRESENTATION('',(#538),#541);
#538 = B_SPLINE_CURVE_WITH_KNOTS('',1,(#539,#540),.UNSPECIFIED.,.F.,.F.,
  (2,2),(445.89224727903,455.26817039531),.PIECEWISE_BEZIER_KNOTS.);
#539 = CARTESIAN_POINT('',(15.,-488.7404322803));
#540 = CARTESIAN_POINT('',(13.040711941357,-497.90935395));
#541 = ( GEOMETRIC_REPRESENTATION_CONTEXT(2) 
PARAMETRIC_REPRESENTATION_CONTEXT() REPRESENTATION_CONTEXT('2D SPACE',''
  ) );
#542 = ORIENTED_EDGE('',*,*,#348,.T.);
#543 = ORIENTED_EDGE('',*,*,#476,.T.);
#544 = ORIENTED_EDGE('',*,*,#225,.F.);
#545 = ADVANCED_FACE('',(#546),#412,.F.);
#546 = FACE_BOUND('',#547,.F.);
#547 = EDGE_LOOP('',(#548,#578,#599,#600,#601,#624,#652));
#548 = ORIENTED_EDGE('',*,*,#549,.F.);
#549 = EDGE_CURVE('',#550,#552,#554,.T.);
#550 = VERTEX_POINT('',#551);
#551 = CARTESIAN_POINT('',(-221.1000838294,-201.7075539438,
    -0.167967875343));
#552 = VERTEX_POINT('',#553);
#553 = CARTESIAN_POINT('',(-206.4517913933,-201.3189898593,
    -3.373673204742));
#554 = SURFACE_CURVE('',#555,(#559,#566),.PCURVE_S1.);
#555 = LINE('',#556,#557);
#556 = CARTESIAN_POINT('',(-221.1000838294,-201.7075539438,
    -0.167967875343));
#557 = VECTOR('',#558,1.);
#558 = DIRECTION('',(0.976552829073,2.590427230032E-02,-0.213713688627)
  );
#559 = PCURVE('',#412,#560);
#560 = DEFINITIONAL_REPRESENTATION('',(#561),#565);
#561 = LINE('',#562,#563);
#562 = CARTESIAN_POINT('',(0.,0.));
#563 = VECTOR('',#564,1.);
#564 = DIRECTION('',(1.,0.));
#565 = ( GEOMETRIC_REPRESENTATION_CONTEXT(2) 
PARAMETRIC_REPRESENTATION_CONTEXT() REPRESENTATION_CONTEXT('2D SPACE',''
  ) );
#566 = PCURVE('',#567,#572);
#567 = PLANE('',#568);
#568 = AXIS2_PLACEMENT_3D('',#569,#570,#571);
#569 = CARTESIAN_POINT('',(-213.5816555691,-194.2279133583,0.));
#570 = DIRECTION('',(0.213713688627,-0.236109405339,0.947933968167));
#571 = DIRECTION('',(0.976552829073,2.590427230032E-02,-0.213713688627)
  );
#572 = DEFINITIONAL_REPRESENTATION('',(#573),#577);
#573 = LINE('',#574,#575);
#574 = CARTESIAN_POINT('',(-7.5,-7.5));
#575 = VECTOR('',#576,1.);
#576 = DIRECTION('',(1.,1.387778780781E-17));
#577 = ( GEOMETRIC_REPRESENTATION_CONTEXT(2) 
PARAMETRIC_REPRESENTATION_CONTEXT() REPRESENTATION_CONTEXT('2D SPACE',''
  ) );
#578 = ORIENTED_EDGE('',*,*,#579,.T.);
#579 = EDGE_CURVE('',#550,#504,#580,.T.);
#580 = SURFACE_CURVE('',#581,(#585,#592),.PCURVE_S1.);
#581 = LINE('',#582,#583);
#582 = CARTESIAN_POINT('',(-221.1000838294,-201.7075539438,
    -0.167967875343));
#583 = VECTOR('',#584,1.);
#584 = DIRECTION('',(0.213713688627,-0.236109405339,0.947933968167));
#585 = PCURVE('',#412,#586);
#586 = DEFINITIONAL_REPRESENTATION('',(#587),#591);
#587 = LINE('',#588,#589);
#588 = CARTESIAN_POINT('',(0.,0.));
#589 = VECTOR('',#590,1.);
#590 = DIRECTION('',(0.,-1.));
#591 = ( GEOMETRIC_REPRESENTATION_CONTEXT(2) 
PARAMETRIC_REPRESENTATION_CONTEXT() REPRESENTATION_CONTEXT('2D SPACE',''
  ) );
#592 = PCURVE('',#386,#593);
#593 = DEFINITIONAL_REPRESENTATION('',(#594),#598);
#594 = LINE('',#595,#596);
#595 = CARTESIAN_POINT('',(15.,-8.881784197001E-16));
#596 = VECTOR('',#597,1.);
#597 = DIRECTION('',(0.,-1.));
#598 = ( GEOMETRIC_REPRESENTATION_CONTEXT(2) 
PARAMETRIC_REPRESENTATION_CONTEXT() REPRESENTATION_CONTEXT('2D SPACE',''
  ) );
#599 = ORIENTED_EDGE('',*,*,#503,.F.);
#600 = ORIENTED_EDGE('',*,*,#397,.F.);
#601 = ORIENTED_EDGE('',*,*,#602,.T.);
#602 = EDGE_CURVE('',#372,#603,#605,.T.);
#603 = VERTEX_POINT('',#604);
#604 = CARTESIAN_POINT('',(-92.60635200982,-343.6665403086,
    569.77012954403));
#605 = SURFACE_CURVE('',#606,(#610,#617),.PCURVE_S1.);
#606 = LINE('',#607,#608);
#607 = CARTESIAN_POINT('',(-221.1000838294,-201.7075539438,
    -0.167967875343));
#608 = VECTOR('',#609,1.);
#609 = DIRECTION('',(0.213713688627,-0.236109405339,0.947933968167));
#610 = PCURVE('',#412,#611);
#611 = DEFINITIONAL_REPRESENTATION('',(#612),#616);
#612 = LINE('',#613,#614);
#613 = CARTESIAN_POINT('',(0.,0.));
#614 = VECTOR('',#615,1.);
#615 = DIRECTION('',(0.,-1.));
#616 = ( GEOMETRIC_REPRESENTATION_CONTEXT(2) 
PARAMETRIC_REPRESENTATION_CONTEXT() REPRESENTATION_CONTEXT('2D SPACE',''
  ) );
#617 = PCURVE('',#386,#618);
#618 = DEFINITIONAL_REPRESENTATION('',(#619),#623);
#619 = LINE('',#620,#621);
#620 = CARTESIAN_POINT('',(15.,-8.881784197001E-16));
#621 = VECTOR('',#622,1.);
#622 = DIRECTION('',(0.,-1.));
#623 = ( GEOMETRIC_REPRESENTATION_CONTEXT(2) 
PARAMETRIC_REPRESENTATION_CONTEXT() REPRESENTATION_CONTEXT('2D SPACE',''
  ) );
#624 = ORIENTED_EDGE('',*,*,#625,.T.);
#625 = EDGE_CURVE('',#603,#626,#628,.T.);
#626 = VERTEX_POINT('',#627);
#627 = CARTESIAN_POINT('',(-77.95805957372,-343.2779762241,
    566.56442421463));
#628 = SURFACE_CURVE('',#629,(#633,#640),.PCURVE_S1.);
#629 = LINE('',#630,#631);
#630 = CARTESIAN_POINT('',(-92.60635200982,-343.6665403086,
    569.77012954403));
#631 = VECTOR('',#632,1.);
#632 = DIRECTION('',(0.976552829073,2.590427230032E-02,-0.213713688627)
  );
#633 = PCURVE('',#412,#634);
#634 = DEFINITIONAL_REPRESENTATION('',(#635),#639);
#635 = LINE('',#636,#637);
#636 = CARTESIAN_POINT('',(0.,-601.2424035417));
#637 = VECTOR('',#638,1.);
#638 = DIRECTION('',(1.,0.));
#639 = ( GEOMETRIC_REPRESENTATION_CONTEXT(2) 
PARAMETRIC_REPRESENTATION_CONTEXT() REPRESENTATION_CONTEXT('2D SPACE',''
  ) );
#640 = PCURVE('',#641,#646);
#641 = PLANE('',#642);
#642 = AXIS2_PLACEMENT_3D('',#643,#644,#645);
#643 = CARTESIAN_POINT('',(-85.08792374952,-336.1868997232,
    569.93809741937));
#644 = DIRECTION('',(0.213713688627,-0.236109405339,0.947933968167));
#645 = DIRECTION('',(0.976552829073,2.590427230032E-02,-0.213713688627)
  );
#646 = DEFINITIONAL_REPRESENTATION('',(#647),#651);
#647 = LINE('',#648,#649);
#648 = CARTESIAN_POINT('',(-7.5,-7.5));
#649 = VECTOR('',#650,1.);
#650 = DIRECTION('',(1.,1.387778780781E-17));
#651 = ( GEOMETRIC_REPRESENTATION_CONTEXT(2) 
PARAMETRIC_REPRESENTATION_CONTEXT() REPRESENTATION_CONTEXT('2D SPACE',''
  ) );
#652 = ORIENTED_EDGE('',*,*,#653,.F.);
#653 = EDGE_CURVE('',#552,#626,#654,.T.);
#654 = SURFACE_CURVE('',#655,(#659,#666),.PCURVE_S1.);
#655 = LINE('',#656,#657);
#656 = CARTESIAN_POINT('',(-206.4517913933,-201.3189898593,
    -3.373673204742));
#657 = VECTOR('',#658,1.);
#658 = DIRECTION('',(0.213713688627,-0.236109405339,0.947933968167));
#659 = PCURVE('',#412,#660);
#660 = DEFINITIONAL_REPRESENTATION('',(#661),#665);
#661 = LINE('',#662,#663);
#662 = CARTESIAN_POINT('',(15.,7.549516567451E-15));
#663 = VECTOR('',#664,1.);
#664 = DIRECTION('',(0.,-1.));
#665 = ( GEOMETRIC_REPRESENTATION_CONTEXT(2) 
PARAMETRIC_REPRESENTATION_CONTEXT() REPRESENTATION_CONTEXT('2D SPACE',''
  ) );
#666 = PCURVE('',#667,#672);
#667 = PLANE('',#668);
#668 = AXIS2_PLACEMENT_3D('',#669,#670,#671);
#669 = CARTESIAN_POINT('',(-206.4517913933,-201.3189898593,
    -3.373673204742));
#670 = DIRECTION('',(-0.976552829073,-2.590427230032E-02,0.213713688627)
  );
#671 = DIRECTION('',(2.590427230032E-02,0.971381139094,0.236109405339));
#672 = DEFINITIONAL_REPRESENTATION('',(#673),#677);
#673 = LINE('',#674,#675);
#674 = CARTESIAN_POINT('',(0.,0.));
#675 = VECTOR('',#676,1.);
#676 = DIRECTION('',(0.,-1.));
#677 = ( GEOMETRIC_REPRESENTATION_CONTEXT(2) 
PARAMETRIC_REPRESENTATION_CONTEXT() REPRESENTATION_CONTEXT('2D SPACE',''
  ) );
#678 = ADVANCED_FACE('',(#679),#386,.F.);
#679 = FACE_BOUND('',#680,.F.);
#680 = EDGE_LOOP('',(#681,#704,#732,#753,#754,#755,#756));
#681 = ORIENTED_EDGE('',*,*,#682,.F.);
#682 = EDGE_CURVE('',#683,#550,#685,.T.);
#683 = VERTEX_POINT('',#684);
#684 = CARTESIAN_POINT('',(-220.7115197449,-187.1368368574,
    3.373673204742));
#685 = SURFACE_CURVE('',#686,(#690,#697),.PCURVE_S1.);
#686 = LINE('',#687,#688);
#687 = CARTESIAN_POINT('',(-220.7115197449,-187.1368368574,
    3.373673204742));
#688 = VECTOR('',#689,1.);
#689 = DIRECTION('',(-2.590427230032E-02,-0.971381139094,-0.236109405339
    ));
#690 = PCURVE('',#386,#691);
#691 = DEFINITIONAL_REPRESENTATION('',(#692),#696);
#692 = LINE('',#693,#694);
#693 = CARTESIAN_POINT('',(-0.,0.));
#694 = VECTOR('',#695,1.);
#695 = DIRECTION('',(1.,0.));
#696 = ( GEOMETRIC_REPRESENTATION_CONTEXT(2) 
PARAMETRIC_REPRESENTATION_CONTEXT() REPRESENTATION_CONTEXT('2D SPACE',''
  ) );
#697 = PCURVE('',#567,#698);
#698 = DEFINITIONAL_REPRESENTATION('',(#699),#703);
#699 = LINE('',#700,#701);
#700 = CARTESIAN_POINT('',(-7.5,7.5));
#701 = VECTOR('',#702,1.);
#702 = DIRECTION('',(-1.387778780781E-17,-1.));
#703 = ( GEOMETRIC_REPRESENTATION_CONTEXT(2) 
PARAMETRIC_REPRESENTATION_CONTEXT() REPRESENTATION_CONTEXT('2D SPACE',''
  ) );
#704 = ORIENTED_EDGE('',*,*,#705,.T.);
#705 = EDGE_CURVE('',#683,#706,#708,.T.);
#706 = VERTEX_POINT('',#707);
#707 = CARTESIAN_POINT('',(-92.21778792531,-329.0958232222,
    573.31177062411));
#708 = SURFACE_CURVE('',#709,(#713,#720),.PCURVE_S1.);
#709 = LINE('',#710,#711);
#710 = CARTESIAN_POINT('',(-220.7115197449,-187.1368368574,
    3.373673204742));
#711 = VECTOR('',#712,1.);
#712 = DIRECTION('',(0.213713688627,-0.236109405339,0.947933968167));
#713 = PCURVE('',#386,#714);
#714 = DEFINITIONAL_REPRESENTATION('',(#715),#719);
#715 = LINE('',#716,#717);
#716 = CARTESIAN_POINT('',(-0.,0.));
#717 = VECTOR('',#718,1.);
#718 = DIRECTION('',(0.,-1.));
#719 = ( GEOMETRIC_REPRESENTATION_CONTEXT(2) 
PARAMETRIC_REPRESENTATION_CONTEXT() REPRESENTATION_CONTEXT('2D SPACE',''
  ) );
#720 = PCURVE('',#721,#726);
#721 = PLANE('',#722);
#722 = AXIS2_PLACEMENT_3D('',#723,#724,#725);
#723 = CARTESIAN_POINT('',(-206.0632273088,-186.7482727729,
    0.167967875343));
#724 = DIRECTION('',(-2.590427230032E-02,-0.971381139094,-0.236109405339
    ));
#725 = DIRECTION('',(-0.976552829073,-2.590427230032E-02,0.213713688627)
  );
#726 = DEFINITIONAL_REPRESENTATION('',(#727),#731);
#727 = LINE('',#728,#729);
#728 = CARTESIAN_POINT('',(15.,-7.549516567451E-15));
#729 = VECTOR('',#730,1.);
#730 = DIRECTION('',(0.,-1.));
#731 = ( GEOMETRIC_REPRESENTATION_CONTEXT(2) 
PARAMETRIC_REPRESENTATION_CONTEXT() REPRESENTATION_CONTEXT('2D SPACE',''
  ) );
#732 = ORIENTED_EDGE('',*,*,#733,.T.);
#733 = EDGE_CURVE('',#706,#603,#734,.T.);
#734 = SURFACE_CURVE('',#735,(#739,#746),.PCURVE_S1.);
#735 = LINE('',#736,#737);
#736 = CARTESIAN_POINT('',(-92.21778792531,-329.0958232222,
    573.31177062411));
#737 = VECTOR('',#738,1.);
#738 = DIRECTION('',(-2.590427230032E-02,-0.971381139094,-0.236109405339
    ));
#739 = PCURVE('',#386,#740);
#740 = DEFINITIONAL_REPRESENTATION('',(#741),#745);
#741 = LINE('',#742,#743);
#742 = CARTESIAN_POINT('',(-2.84217094304E-14,-601.2424035417));
#743 = VECTOR('',#744,1.);
#744 = DIRECTION('',(1.,0.));
#745 = ( GEOMETRIC_REPRESENTATION_CONTEXT(2) 
PARAMETRIC_REPRESENTATION_CONTEXT() REPRESENTATION_CONTEXT('2D SPACE',''
  ) );
#746 = PCURVE('',#641,#747);
#747 = DEFINITIONAL_REPRESENTATION('',(#748),#752);
#748 = LINE('',#749,#750);
#749 = CARTESIAN_POINT('',(-7.5,7.5));
#750 = VECTOR('',#751,1.);
#751 = DIRECTION('',(-1.387778780781E-17,-1.));
#752 = ( GEOMETRIC_REPRESENTATION_CONTEXT(2) 
PARAMETRIC_REPRESENTATION_CONTEXT() REPRESENTATION_CONTEXT('2D SPACE',''
  ) );
#753 = ORIENTED_EDGE('',*,*,#602,.F.);
#754 = ORIENTED_EDGE('',*,*,#371,.F.);
#755 = ORIENTED_EDGE('',*,*,#524,.F.);
#756 = ORIENTED_EDGE('',*,*,#579,.F.);
#757 = ADVANCED_FACE('',(#758),#567,.F.);
#758 = FACE_BOUND('',#759,.F.);
#759 = EDGE_LOOP('',(#760,#761,#784,#805));
#760 = ORIENTED_EDGE('',*,*,#549,.T.);
#761 = ORIENTED_EDGE('',*,*,#762,.T.);
#762 = EDGE_CURVE('',#552,#763,#765,.T.);
#763 = VERTEX_POINT('',#764);
#764 = CARTESIAN_POINT('',(-206.0632273088,-186.7482727729,
    0.167967875343));
#765 = SURFACE_CURVE('',#766,(#770,#777),.PCURVE_S1.);
#766 = LINE('',#767,#768);
#767 = CARTESIAN_POINT('',(-206.4517913933,-201.3189898593,
    -3.373673204742));
#768 = VECTOR('',#769,1.);
#769 = DIRECTION('',(2.590427230032E-02,0.971381139094,0.236109405339));
#770 = PCURVE('',#567,#771);
#771 = DEFINITIONAL_REPRESENTATION('',(#772),#776);
#772 = LINE('',#773,#774);
#773 = CARTESIAN_POINT('',(7.5,-7.5));
#774 = VECTOR('',#775,1.);
#775 = DIRECTION('',(1.387778780781E-17,1.));
#776 = ( GEOMETRIC_REPRESENTATION_CONTEXT(2) 
PARAMETRIC_REPRESENTATION_CONTEXT() REPRESENTATION_CONTEXT('2D SPACE',''
  ) );
#777 = PCURVE('',#667,#778);
#778 = DEFINITIONAL_REPRESENTATION('',(#779),#783);
#779 = LINE('',#780,#781);
#780 = CARTESIAN_POINT('',(0.,0.));
#781 = VECTOR('',#782,1.);
#782 = DIRECTION('',(1.,0.));
#783 = ( GEOMETRIC_REPRESENTATION_CONTEXT(2) 
PARAMETRIC_REPRESENTATION_CONTEXT() REPRESENTATION_CONTEXT('2D SPACE',''
  ) );
#784 = ORIENTED_EDGE('',*,*,#785,.T.);
#785 = EDGE_CURVE('',#763,#683,#786,.T.);
#786 = SURFACE_CURVE('',#787,(#791,#798),.PCURVE_S1.);
#787 = LINE('',#788,#789);
#788 = CARTESIAN_POINT('',(-206.0632273088,-186.7482727729,
    0.167967875343));
#789 = VECTOR('',#790,1.);
#790 = DIRECTION('',(-0.976552829073,-2.590427230032E-02,0.213713688627)
  );
#791 = PCURVE('',#567,#792);
#792 = DEFINITIONAL_REPRESENTATION('',(#793),#797);
#793 = LINE('',#794,#795);
#794 = CARTESIAN_POINT('',(7.5,7.5));
#795 = VECTOR('',#796,1.);
#796 = DIRECTION('',(-1.,-1.387778780781E-17));
#797 = ( GEOMETRIC_REPRESENTATION_CONTEXT(2) 
PARAMETRIC_REPRESENTATION_CONTEXT() REPRESENTATION_CONTEXT('2D SPACE',''
  ) );
#798 = PCURVE('',#721,#799);
#799 = DEFINITIONAL_REPRESENTATION('',(#800),#804);
#800 = LINE('',#801,#802);
#801 = CARTESIAN_POINT('',(0.,0.));
#802 = VECTOR('',#803,1.);
#803 = DIRECTION('',(1.,0.));
#804 = ( GEOMETRIC_REPRESENTATION_CONTEXT(2) 
PARAMETRIC_REPRESENTATION_CONTEXT() REPRESENTATION_CONTEXT('2D SPACE',''
  ) );
#805 = ORIENTED_EDGE('',*,*,#682,.T.);
#806 = ADVANCED_FACE('',(#807),#667,.F.);
#807 = FACE_BOUND('',#808,.F.);
#808 = EDGE_LOOP('',(#809,#810,#833,#854));
#809 = ORIENTED_EDGE('',*,*,#653,.T.);
#810 = ORIENTED_EDGE('',*,*,#811,.T.);
#811 = EDGE_CURVE('',#626,#812,#814,.T.);
#812 = VERTEX_POINT('',#813);
#813 = CARTESIAN_POINT('',(-77.56949548922,-328.7072591377,
    570.10606529471));
#814 = SURFACE_CURVE('',#815,(#819,#826),.PCURVE_S1.);
#815 = LINE('',#816,#817);
#816 = CARTESIAN_POINT('',(-77.95805957372,-343.2779762241,
    566.56442421463));
#817 = VECTOR('',#818,1.);
#818 = DIRECTION('',(2.590427230032E-02,0.971381139094,0.236109405339));
#819 = PCURVE('',#667,#820);
#820 = DEFINITIONAL_REPRESENTATION('',(#821),#825);
#821 = LINE('',#822,#823);
#822 = CARTESIAN_POINT('',(8.526512829121E-14,-601.2424035417));
#823 = VECTOR('',#824,1.);
#824 = DIRECTION('',(1.,0.));
#825 = ( GEOMETRIC_REPRESENTATION_CONTEXT(2) 
PARAMETRIC_REPRESENTATION_CONTEXT() REPRESENTATION_CONTEXT('2D SPACE',''
  ) );
#826 = PCURVE('',#641,#827);
#827 = DEFINITIONAL_REPRESENTATION('',(#828),#832);
#828 = LINE('',#829,#830);
#829 = CARTESIAN_POINT('',(7.5,-7.5));
#830 = VECTOR('',#831,1.);
#831 = DIRECTION('',(1.387778780781E-17,1.));
#832 = ( GEOMETRIC_REPRESENTATION_CONTEXT(2) 
PARAMETRIC_REPRESENTATION_CONTEXT() REPRESENTATION_CONTEXT('2D SPACE',''
  ) );
#833 = ORIENTED_EDGE('',*,*,#834,.F.);
#834 = EDGE_CURVE('',#763,#812,#835,.T.);
#835 = SURFACE_CURVE('',#836,(#840,#847),.PCURVE_S1.);
#836 = LINE('',#837,#838);
#837 = CARTESIAN_POINT('',(-206.0632273088,-186.7482727729,
    0.167967875343));
#838 = VECTOR('',#839,1.);
#839 = DIRECTION('',(0.213713688627,-0.236109405339,0.947933968167));
#840 = PCURVE('',#667,#841);
#841 = DEFINITIONAL_REPRESENTATION('',(#842),#846);
#842 = LINE('',#843,#844);
#843 = CARTESIAN_POINT('',(15.,8.881784197001E-16));
#844 = VECTOR('',#845,1.);
#845 = DIRECTION('',(0.,-1.));
#846 = ( GEOMETRIC_REPRESENTATION_CONTEXT(2) 
PARAMETRIC_REPRESENTATION_CONTEXT() REPRESENTATION_CONTEXT('2D SPACE',''
  ) );
#847 = PCURVE('',#721,#848);
#848 = DEFINITIONAL_REPRESENTATION('',(#849),#853);
#849 = LINE('',#850,#851);
#850 = CARTESIAN_POINT('',(0.,0.));
#851 = VECTOR('',#852,1.);
#852 = DIRECTION('',(0.,-1.));
#853 = ( GEOMETRIC_REPRESENTATION_CONTEXT(2) 
PARAMETRIC_REPRESENTATION_CONTEXT() REPRESENTATION_CONTEXT('2D SPACE',''
  ) );
#854 = ORIENTED_EDGE('',*,*,#762,.F.);
#855 = ADVANCED_FACE('',(#856),#641,.T.);
#856 = FACE_BOUND('',#857,.T.);
#857 = EDGE_LOOP('',(#858,#859,#860,#881));
#858 = ORIENTED_EDGE('',*,*,#625,.T.);
#859 = ORIENTED_EDGE('',*,*,#811,.T.);
#860 = ORIENTED_EDGE('',*,*,#861,.T.);
#861 = EDGE_CURVE('',#812,#706,#862,.T.);
#862 = SURFACE_CURVE('',#863,(#867,#874),.PCURVE_S1.);
#863 = LINE('',#864,#865);
#864 = CARTESIAN_POINT('',(-77.56949548922,-328.7072591377,
    570.10606529471));
#865 = VECTOR('',#866,1.);
#866 = DIRECTION('',(-0.976552829073,-2.590427230032E-02,0.213713688627)
  );
#867 = PCURVE('',#641,#868);
#868 = DEFINITIONAL_REPRESENTATION('',(#869),#873);
#869 = LINE('',#870,#871);
#870 = CARTESIAN_POINT('',(7.5,7.5));
#871 = VECTOR('',#872,1.);
#872 = DIRECTION('',(-1.,-1.387778780781E-17));
#873 = ( GEOMETRIC_REPRESENTATION_CONTEXT(2) 
PARAMETRIC_REPRESENTATION_CONTEXT() REPRESENTATION_CONTEXT('2D SPACE',''
  ) );
#874 = PCURVE('',#721,#875);
#875 = DEFINITIONAL_REPRESENTATION('',(#876),#880);
#876 = LINE('',#877,#878);
#877 = CARTESIAN_POINT('',(0.,-601.2424035417));
#878 = VECTOR('',#879,1.);
#879 = DIRECTION('',(1.,0.));
#880 = ( GEOMETRIC_REPRESENTATION_CONTEXT(2) 
PARAMETRIC_REPRESENTATION_CONTEXT() REPRESENTATION_CONTEXT('2D SPACE',''
  ) );
#881 = ORIENTED_EDGE('',*,*,#733,.T.);
#882 = ADVANCED_FACE('',(#883),#721,.F.);
#883 = FACE_BOUND('',#884,.F.);
#884 = EDGE_LOOP('',(#885,#886,#887,#888));
#885 = ORIENTED_EDGE('',*,*,#834,.T.);
#886 = ORIENTED_EDGE('',*,*,#861,.T.);
#887 = ORIENTED_EDGE('',*,*,#705,.F.);
#888 = ORIENTED_EDGE('',*,*,#785,.F.);
#889 = MANIFOLD_SOLID_BREP('',#890);
#890 = CLOSED_SHELL('',(#891,#1011,#1087,#1158,#1205,#1212));
#891 = ADVANCED_FACE('',(#892),#906,.F.);
#892 = FACE_BOUND('',#893,.F.);
#893 = EDGE_LOOP('',(#894,#929,#957,#985));
#894 = ORIENTED_EDGE('',*,*,#895,.T.);
#895 = EDGE_CURVE('',#896,#898,#900,.T.);
#896 = VERTEX_POINT('',#897);
#897 = CARTESIAN_POINT('',(-522.7557254398,-509.3300194832,
    -5.653032796428E-02));
#898 = VERTEX_POINT('',#899);
#899 = CARTESIAN_POINT('',(-219.1472474779,-821.6564953009,
    1.0714282969E+03));
#900 = SURFACE_CURVE('',#901,(#905,#917),.PCURVE_S1.);
#901 = LINE('',#902,#903);
#902 = CARTESIAN_POINT('',(-522.7557254398,-509.3300194832,
    -5.653032796428E-02));
#903 = VECTOR('',#904,1.);
#904 = DIRECTION('',(0.262492789681,-0.270030166743,0.926380723253));
#905 = PCURVE('',#906,#911);
#906 = PLANE('',#907);
#907 = AXIS2_PLACEMENT_3D('',#908,#909,#910);
#908 = CARTESIAN_POINT('',(-522.7557254398,-509.3300194832,
    -5.653032796428E-02));
#909 = DIRECTION('',(3.679489257282E-02,0.96214855658,0.270030166743));
#910 = DIRECTION('',(0.964232166673,3.679489257282E-02,-0.262492789681)
  );
#911 = DEFINITIONAL_REPRESENTATION('',(#912),#916);
#912 = LINE('',#913,#914);
#913 = CARTESIAN_POINT('',(0.,0.));
#914 = VECTOR('',#915,1.);
#915 = DIRECTION('',(0.,-1.));
#916 = ( GEOMETRIC_REPRESENTATION_CONTEXT(2) 
PARAMETRIC_REPRESENTATION_CONTEXT() REPRESENTATION_CONTEXT('2D SPACE',''
  ) );
#917 = PCURVE('',#918,#923);
#918 = PLANE('',#919);
#919 = AXIS2_PLACEMENT_3D('',#920,#921,#922);
#920 = CARTESIAN_POINT('',(-522.2038020513,-494.8977911345,
    3.993922173181));
#921 = DIRECTION('',(0.964232166673,3.679489257282E-02,-0.262492789681)
  );
#922 = DIRECTION('',(-3.679489257282E-02,-0.96214855658,-0.270030166743)
  );
#923 = DEFINITIONAL_REPRESENTATION('',(#924),#928);
#924 = LINE('',#925,#926);
#925 = CARTESIAN_POINT('',(15.,9.769962616701E-15));
#926 = VECTOR('',#927,1.);
#927 = DIRECTION('',(0.,-1.));
#928 = ( GEOMETRIC_REPRESENTATION_CONTEXT(2) 
PARAMETRIC_REPRESENTATION_CONTEXT() REPRESENTATION_CONTEXT('2D SPACE',''
  ) );
#929 = ORIENTED_EDGE('',*,*,#930,.T.);
#930 = EDGE_CURVE('',#898,#931,#933,.T.);
#931 = VERTEX_POINT('',#932);
#932 = CARTESIAN_POINT('',(-204.6837649778,-821.1045719123,
    1.067490905055E+03));
#933 = SURFACE_CURVE('',#934,(#938,#945),.PCURVE_S1.);
#934 = LINE('',#935,#936);
#935 = CARTESIAN_POINT('',(-219.1472474779,-821.6564953009,
    1.0714282969E+03));
#936 = VECTOR('',#937,1.);
#937 = DIRECTION('',(0.964232166673,3.679489257282E-02,-0.262492789681)
  );
#938 = PCURVE('',#906,#939);
#939 = DEFINITIONAL_REPRESENTATION('',(#940),#944);
#940 = LINE('',#941,#942);
#941 = CARTESIAN_POINT('',(-5.684341886081E-14,-1.156635495896E+03));
#942 = VECTOR('',#943,1.);
#943 = DIRECTION('',(1.,2.775557561563E-17));
#944 = ( GEOMETRIC_REPRESENTATION_CONTEXT(2) 
PARAMETRIC_REPRESENTATION_CONTEXT() REPRESENTATION_CONTEXT('2D SPACE',''
  ) );
#945 = PCURVE('',#946,#951);
#946 = PLANE('',#947);
#947 = AXIS2_PLACEMENT_3D('',#948,#949,#950);
#948 = CARTESIAN_POINT('',(-211.6395445336,-814.1644194322,
    1.071484827228E+03));
#949 = DIRECTION('',(0.262492789681,-0.270030166743,0.926380723253));
#950 = DIRECTION('',(0.964232166673,3.679489257282E-02,-0.262492789681)
  );
#951 = DEFINITIONAL_REPRESENTATION('',(#952),#956);
#952 = LINE('',#953,#954);
#953 = CARTESIAN_POINT('',(-7.5,-7.5));
#954 = VECTOR('',#955,1.);
#955 = DIRECTION('',(1.,-4.163336342344E-17));
#956 = ( GEOMETRIC_REPRESENTATION_CONTEXT(2) 
PARAMETRIC_REPRESENTATION_CONTEXT() REPRESENTATION_CONTEXT('2D SPACE',''
  ) );
#957 = ORIENTED_EDGE('',*,*,#958,.F.);
#958 = EDGE_CURVE('',#959,#931,#961,.T.);
#959 = VERTEX_POINT('',#960);
#960 = CARTESIAN_POINT('',(-508.2922429398,-508.7780960946,
    -3.993922173181));
#961 = SURFACE_CURVE('',#962,(#966,#973),.PCURVE_S1.);
#962 = LINE('',#963,#964);
#963 = CARTESIAN_POINT('',(-508.2922429398,-508.7780960946,
    -3.993922173181));
#964 = VECTOR('',#965,1.);
#965 = DIRECTION('',(0.262492789681,-0.270030166743,0.926380723253));
#966 = PCURVE('',#906,#967);
#967 = DEFINITIONAL_REPRESENTATION('',(#968),#972);
#968 = LINE('',#969,#970);
#969 = CARTESIAN_POINT('',(15.,0.));
#970 = VECTOR('',#971,1.);
#971 = DIRECTION('',(0.,-1.));
#972 = ( GEOMETRIC_REPRESENTATION_CONTEXT(2) 
PARAMETRIC_REPRESENTATION_CONTEXT() REPRESENTATION_CONTEXT('2D SPACE',''
  ) );
#973 = PCURVE('',#974,#979);
#974 = PLANE('',#975);
#975 = AXIS2_PLACEMENT_3D('',#976,#977,#978);
#976 = CARTESIAN_POINT('',(-508.2922429398,-508.7780960946,
    -3.993922173181));
#977 = DIRECTION('',(-0.964232166673,-3.679489257282E-02,0.262492789681)
  );
#978 = DIRECTION('',(3.679489257282E-02,0.96214855658,0.270030166743));
#979 = DEFINITIONAL_REPRESENTATION('',(#980),#984);
#980 = LINE('',#981,#982);
#981 = CARTESIAN_POINT('',(0.,0.));
#982 = VECTOR('',#983,1.);
#983 = DIRECTION('',(0.,-1.));
#984 = ( GEOMETRIC_REPRESENTATION_CONTEXT(2) 
PARAMETRIC_REPRESENTATION_CONTEXT() REPRESENTATION_CONTEXT('2D SPACE',''
  ) );
#985 = ORIENTED_EDGE('',*,*,#986,.F.);
#986 = EDGE_CURVE('',#896,#959,#987,.T.);
#987 = SURFACE_CURVE('',#988,(#992,#999),.PCURVE_S1.);
#988 = LINE('',#989,#990);
#989 = CARTESIAN_POINT('',(-522.7557254398,-509.3300194832,
    -5.653032796428E-02));
#990 = VECTOR('',#991,1.);
#991 = DIRECTION('',(0.964232166673,3.679489257282E-02,-0.262492789681)
  );
#992 = PCURVE('',#906,#993);
#993 = DEFINITIONAL_REPRESENTATION('',(#994),#998);
#994 = LINE('',#995,#996);
#995 = CARTESIAN_POINT('',(0.,0.));
#996 = VECTOR('',#997,1.);
#997 = DIRECTION('',(1.,2.775557561563E-17));
#998 = ( GEOMETRIC_REPRESENTATION_CONTEXT(2) 
PARAMETRIC_REPRESENTATION_CONTEXT() REPRESENTATION_CONTEXT('2D SPACE',''
  ) );
#999 = PCURVE('',#1000,#1005);
#1000 = PLANE('',#1001);
#1001 = AXIS2_PLACEMENT_3D('',#1002,#1003,#1004);
#1002 = CARTESIAN_POINT('',(-515.2480224955,-501.8379436145,0.));
#1003 = DIRECTION('',(0.262492789681,-0.270030166743,0.926380723253));
#1004 = DIRECTION('',(0.964232166673,3.679489257282E-02,-0.262492789681)
  );
#1005 = DEFINITIONAL_REPRESENTATION('',(#1006),#1010);
#1006 = LINE('',#1007,#1008);
#1007 = CARTESIAN_POINT('',(-7.5,-7.5));
#1008 = VECTOR('',#1009,1.);
#1009 = DIRECTION('',(1.,-4.163336342344E-17));
#1010 = ( GEOMETRIC_REPRESENTATION_CONTEXT(2) 
PARAMETRIC_REPRESENTATION_CONTEXT() REPRESENTATION_CONTEXT('2D SPACE',''
  ) );
#1011 = ADVANCED_FACE('',(#1012),#974,.F.);
#1012 = FACE_BOUND('',#1013,.F.);
#1013 = EDGE_LOOP('',(#1014,#1015,#1038,#1066));
#1014 = ORIENTED_EDGE('',*,*,#958,.T.);
#1015 = ORIENTED_EDGE('',*,*,#1016,.T.);
#1016 = EDGE_CURVE('',#931,#1017,#1019,.T.);
#1017 = VERTEX_POINT('',#1018);
#1018 = CARTESIAN_POINT('',(-204.1318415892,-806.6723435636,
    1.071541357556E+03));
#1019 = SURFACE_CURVE('',#1020,(#1024,#1031),.PCURVE_S1.);
#1020 = LINE('',#1021,#1022);
#1021 = CARTESIAN_POINT('',(-204.6837649778,-821.1045719123,
    1.067490905055E+03));
#1022 = VECTOR('',#1023,1.);
#1023 = DIRECTION('',(3.679489257282E-02,0.96214855658,0.270030166743));
#1024 = PCURVE('',#974,#1025);
#1025 = DEFINITIONAL_REPRESENTATION('',(#1026),#1030);
#1026 = LINE('',#1027,#1028);
#1027 = CARTESIAN_POINT('',(5.684341886081E-14,-1.156635495896E+03));
#1028 = VECTOR('',#1029,1.);
#1029 = DIRECTION('',(1.,0.));
#1030 = ( GEOMETRIC_REPRESENTATION_CONTEXT(2) 
PARAMETRIC_REPRESENTATION_CONTEXT() REPRESENTATION_CONTEXT('2D SPACE',''
  ) );
#1031 = PCURVE('',#946,#1032);
#1032 = DEFINITIONAL_REPRESENTATION('',(#1033),#1037);
#1033 = LINE('',#1034,#1035);
#1034 = CARTESIAN_POINT('',(7.5,-7.5));
#1035 = VECTOR('',#1036,1.);
#1036 = DIRECTION('',(-4.163336342344E-17,1.));
#1037 = ( GEOMETRIC_REPRESENTATION_CONTEXT(2) 
PARAMETRIC_REPRESENTATION_CONTEXT() REPRESENTATION_CONTEXT('2D SPACE',''
  ) );
#1038 = ORIENTED_EDGE('',*,*,#1039,.F.);
#1039 = EDGE_CURVE('',#1040,#1017,#1042,.T.);
#1040 = VERTEX_POINT('',#1041);
#1041 = CARTESIAN_POINT('',(-507.7403195512,-494.3458677459,
    5.653032796425E-02));
#1042 = SURFACE_CURVE('',#1043,(#1047,#1054),.PCURVE_S1.);
#1043 = LINE('',#1044,#1045);
#1044 = CARTESIAN_POINT('',(-507.7403195512,-494.3458677459,
    5.653032796425E-02));
#1045 = VECTOR('',#1046,1.);
#1046 = DIRECTION('',(0.262492789681,-0.270030166743,0.926380723253));
#1047 = PCURVE('',#974,#1048);
#1048 = DEFINITIONAL_REPRESENTATION('',(#1049),#1053);
#1049 = LINE('',#1050,#1051);
#1050 = CARTESIAN_POINT('',(15.,-9.769962616701E-15));
#1051 = VECTOR('',#1052,1.);
#1052 = DIRECTION('',(0.,-1.));
#1053 = ( GEOMETRIC_REPRESENTATION_CONTEXT(2) 
PARAMETRIC_REPRESENTATION_CONTEXT() REPRESENTATION_CONTEXT('2D SPACE',''
  ) );
#1054 = PCURVE('',#1055,#1060);
#1055 = PLANE('',#1056);
#1056 = AXIS2_PLACEMENT_3D('',#1057,#1058,#1059);
#1057 = CARTESIAN_POINT('',(-507.7403195512,-494.3458677459,
    5.653032796425E-02));
#1058 = DIRECTION('',(-3.679489257282E-02,-0.96214855658,-0.270030166743
    ));
#1059 = DIRECTION('',(-0.964232166673,-3.679489257282E-02,0.262492789681
    ));
#1060 = DEFINITIONAL_REPRESENTATION('',(#1061),#1065);
#1061 = LINE('',#1062,#1063);
#1062 = CARTESIAN_POINT('',(0.,0.));
#1063 = VECTOR('',#1064,1.);
#1064 = DIRECTION('',(0.,-1.));
#1065 = ( GEOMETRIC_REPRESENTATION_CONTEXT(2) 
PARAMETRIC_REPRESENTATION_CONTEXT() REPRESENTATION_CONTEXT('2D SPACE',''
  ) );
#1066 = ORIENTED_EDGE('',*,*,#1067,.F.);
#1067 = EDGE_CURVE('',#959,#1040,#1068,.T.);
#1068 = SURFACE_CURVE('',#1069,(#1073,#1080),.PCURVE_S1.);
#1069 = LINE('',#1070,#1071);
#1070 = CARTESIAN_POINT('',(-508.2922429398,-508.7780960946,
    -3.993922173181));
#1071 = VECTOR('',#1072,1.);
#1072 = DIRECTION('',(3.679489257282E-02,0.96214855658,0.270030166743));
#1073 = PCURVE('',#974,#1074);
#1074 = DEFINITIONAL_REPRESENTATION('',(#1075),#1079);
#1075 = LINE('',#1076,#1077);
#1076 = CARTESIAN_POINT('',(0.,0.));
#1077 = VECTOR('',#1078,1.);
#1078 = DIRECTION('',(1.,0.));
#1079 = ( GEOMETRIC_REPRESENTATION_CONTEXT(2) 
PARAMETRIC_REPRESENTATION_CONTEXT() REPRESENTATION_CONTEXT('2D SPACE',''
  ) );
#1080 = PCURVE('',#1000,#1081);
#1081 = DEFINITIONAL_REPRESENTATION('',(#1082),#1086);
#1082 = LINE('',#1083,#1084);
#1083 = CARTESIAN_POINT('',(7.5,-7.5));
#1084 = VECTOR('',#1085,1.);
#1085 = DIRECTION('',(-4.163336342344E-17,1.));
#1086 = ( GEOMETRIC_REPRESENTATION_CONTEXT(2) 
PARAMETRIC_REPRESENTATION_CONTEXT() REPRESENTATION_CONTEXT('2D SPACE',''
  ) );
#1087 = ADVANCED_FACE('',(#1088),#1055,.F.);
#1088 = FACE_BOUND('',#1089,.F.);
#1089 = EDGE_LOOP('',(#1090,#1091,#1114,#1137));
#1090 = ORIENTED_EDGE('',*,*,#1039,.T.);
#1091 = ORIENTED_EDGE('',*,*,#1092,.T.);
#1092 = EDGE_CURVE('',#1017,#1093,#1095,.T.);
#1093 = VERTEX_POINT('',#1094);
#1094 = CARTESIAN_POINT('',(-218.5953240893,-807.2242669522,
    1.075478749401E+03));
#1095 = SURFACE_CURVE('',#1096,(#1100,#1107),.PCURVE_S1.);
#1096 = LINE('',#1097,#1098);
#1097 = CARTESIAN_POINT('',(-204.1318415892,-806.6723435636,
    1.071541357556E+03));
#1098 = VECTOR('',#1099,1.);
#1099 = DIRECTION('',(-0.964232166673,-3.679489257282E-02,0.262492789681
    ));
#1100 = PCURVE('',#1055,#1101);
#1101 = DEFINITIONAL_REPRESENTATION('',(#1102),#1106);
#1102 = LINE('',#1103,#1104);
#1103 = CARTESIAN_POINT('',(5.684341886081E-14,-1.156635495896E+03));
#1104 = VECTOR('',#1105,1.);
#1105 = DIRECTION('',(1.,-2.775557561563E-17));
#1106 = ( GEOMETRIC_REPRESENTATION_CONTEXT(2) 
PARAMETRIC_REPRESENTATION_CONTEXT() REPRESENTATION_CONTEXT('2D SPACE',''
  ) );
#1107 = PCURVE('',#946,#1108);
#1108 = DEFINITIONAL_REPRESENTATION('',(#1109),#1113);
#1109 = LINE('',#1110,#1111);
#1110 = CARTESIAN_POINT('',(7.5,7.5));
#1111 = VECTOR('',#1112,1.);
#1112 = DIRECTION('',(-1.,4.163336342344E-17));
#1113 = ( GEOMETRIC_REPRESENTATION_CONTEXT(2) 
PARAMETRIC_REPRESENTATION_CONTEXT() REPRESENTATION_CONTEXT('2D SPACE',''
  ) );
#1114 = ORIENTED_EDGE('',*,*,#1115,.F.);
#1115 = EDGE_CURVE('',#1116,#1093,#1118,.T.);
#1116 = VERTEX_POINT('',#1117);
#1117 = CARTESIAN_POINT('',(-522.2038020513,-494.8977911345,
    3.993922173181));
#1118 = SURFACE_CURVE('',#1119,(#1123,#1130),.PCURVE_S1.);
#1119 = LINE('',#1120,#1121);
#1120 = CARTESIAN_POINT('',(-522.2038020513,-494.8977911345,
    3.993922173181));
#1121 = VECTOR('',#1122,1.);
#1122 = DIRECTION('',(0.262492789681,-0.270030166743,0.926380723253));
#1123 = PCURVE('',#1055,#1124);
#1124 = DEFINITIONAL_REPRESENTATION('',(#1125),#1129);
#1125 = LINE('',#1126,#1127);
#1126 = CARTESIAN_POINT('',(15.,0.));
#1127 = VECTOR('',#1128,1.);
#1128 = DIRECTION('',(0.,-1.));
#1129 = ( GEOMETRIC_REPRESENTATION_CONTEXT(2) 
PARAMETRIC_REPRESENTATION_CONTEXT() REPRESENTATION_CONTEXT('2D SPACE',''
  ) );
#1130 = PCURVE('',#918,#1131);
#1131 = DEFINITIONAL_REPRESENTATION('',(#1132),#1136);
#1132 = LINE('',#1133,#1134);
#1133 = CARTESIAN_POINT('',(-0.,0.));
#1134 = VECTOR('',#1135,1.);
#1135 = DIRECTION('',(0.,-1.));
#1136 = ( GEOMETRIC_REPRESENTATION_CONTEXT(2) 
PARAMETRIC_REPRESENTATION_CONTEXT() REPRESENTATION_CONTEXT('2D SPACE',''
  ) );
#1137 = ORIENTED_EDGE('',*,*,#1138,.F.);
#1138 = EDGE_CURVE('',#1040,#1116,#1139,.T.);
#1139 = SURFACE_CURVE('',#1140,(#1144,#1151),.PCURVE_S1.);
#1140 = LINE('',#1141,#1142);
#1141 = CARTESIAN_POINT('',(-507.7403195512,-494.3458677459,
    5.653032796425E-02));
#1142 = VECTOR('',#1143,1.);
#1143 = DIRECTION('',(-0.964232166673,-3.679489257282E-02,0.262492789681
    ));
#1144 = PCURVE('',#1055,#1145);
#1145 = DEFINITIONAL_REPRESENTATION('',(#1146),#1150);
#1146 = LINE('',#1147,#1148);
#1147 = CARTESIAN_POINT('',(0.,0.));
#1148 = VECTOR('',#1149,1.);
#1149 = DIRECTION('',(1.,-2.775557561563E-17));
#1150 = ( GEOMETRIC_REPRESENTATION_CONTEXT(2) 
PARAMETRIC_REPRESENTATION_CONTEXT() REPRESENTATION_CONTEXT('2D SPACE',''
  ) );
#1151 = PCURVE('',#1000,#1152);
#1152 = DEFINITIONAL_REPRESENTATION('',(#1153),#1157);
#1153 = LINE('',#1154,#1155);
#1154 = CARTESIAN_POINT('',(7.5,7.5));
#1155 = VECTOR('',#1156,1.);
#1156 = DIRECTION('',(-1.,4.163336342344E-17));
#1157 = ( GEOMETRIC_REPRESENTATION_CONTEXT(2) 
PARAMETRIC_REPRESENTATION_CONTEXT() REPRESENTATION_CONTEXT('2D SPACE',''
  ) );
#1158 = ADVANCED_FACE('',(#1159),#918,.F.);
#1159 = FACE_BOUND('',#1160,.F.);
#1160 = EDGE_LOOP('',(#1161,#1162,#1183,#1184));
#1161 = ORIENTED_EDGE('',*,*,#1115,.T.);
#1162 = ORIENTED_EDGE('',*,*,#1163,.T.);
#1163 = EDGE_CURVE('',#1093,#898,#1164,.T.);
#1164 = SURFACE_CURVE('',#1165,(#1169,#1176),.PCURVE_S1.);
#1165 = LINE('',#1166,#1167);
#1166 = CARTESIAN_POINT('',(-218.5953240893,-807.2242669522,
    1.075478749401E+03));
#1167 = VECTOR('',#1168,1.);
#1168 = DIRECTION('',(-3.679489257282E-02,-0.96214855658,-0.270030166743
    ));
#1169 = PCURVE('',#918,#1170);
#1170 = DEFINITIONAL_REPRESENTATION('',(#1171),#1175);
#1171 = LINE('',#1172,#1173);
#1172 = CARTESIAN_POINT('',(-5.684341886081E-14,-1.156635495896E+03));
#1173 = VECTOR('',#1174,1.);
#1174 = DIRECTION('',(1.,0.));
#1175 = ( GEOMETRIC_REPRESENTATION_CONTEXT(2) 
PARAMETRIC_REPRESENTATION_CONTEXT() REPRESENTATION_CONTEXT('2D SPACE',''
  ) );
#1176 = PCURVE('',#946,#1177);
#1177 = DEFINITIONAL_REPRESENTATION('',(#1178),#1182);
#1178 = LINE('',#1179,#1180);
#1179 = CARTESIAN_POINT('',(-7.5,7.5));
#1180 = VECTOR('',#1181,1.);
#1181 = DIRECTION('',(4.163336342344E-17,-1.));
#1182 = ( GEOMETRIC_REPRESENTATION_CONTEXT(2) 
PARAMETRIC_REPRESENTATION_CONTEXT() REPRESENTATION_CONTEXT('2D SPACE',''
  ) );
#1183 = ORIENTED_EDGE('',*,*,#895,.F.);
#1184 = ORIENTED_EDGE('',*,*,#1185,.F.);
#1185 = EDGE_CURVE('',#1116,#896,#1186,.T.);
#1186 = SURFACE_CURVE('',#1187,(#1191,#1198),.PCURVE_S1.);
#1187 = LINE('',#1188,#1189);
#1188 = CARTESIAN_POINT('',(-522.2038020513,-494.8977911345,
    3.993922173181));
#1189 = VECTOR('',#1190,1.);
#1190 = DIRECTION('',(-3.679489257282E-02,-0.96214855658,-0.270030166743
    ));
#1191 = PCURVE('',#918,#1192);
#1192 = DEFINITIONAL_REPRESENTATION('',(#1193),#1197);
#1193 = LINE('',#1194,#1195);
#1194 = CARTESIAN_POINT('',(-0.,0.));
#1195 = VECTOR('',#1196,1.);
#1196 = DIRECTION('',(1.,0.));
#1197 = ( GEOMETRIC_REPRESENTATION_CONTEXT(2) 
PARAMETRIC_REPRESENTATION_CONTEXT() REPRESENTATION_CONTEXT('2D SPACE',''
  ) );
#1198 = PCURVE('',#1000,#1199);
#1199 = DEFINITIONAL_REPRESENTATION('',(#1200),#1204);
#1200 = LINE('',#1201,#1202);
#1201 = CARTESIAN_POINT('',(-7.5,7.5));
#1202 = VECTOR('',#1203,1.);
#1203 = DIRECTION('',(4.163336342344E-17,-1.));
#1204 = ( GEOMETRIC_REPRESENTATION_CONTEXT(2) 
PARAMETRIC_REPRESENTATION_CONTEXT() REPRESENTATION_CONTEXT('2D SPACE',''
  ) );
#1205 = ADVANCED_FACE('',(#1206),#1000,.F.);
#1206 = FACE_BOUND('',#1207,.F.);
#1207 = EDGE_LOOP('',(#1208,#1209,#1210,#1211));
#1208 = ORIENTED_EDGE('',*,*,#986,.T.);
#1209 = ORIENTED_EDGE('',*,*,#1067,.T.);
#1210 = ORIENTED_EDGE('',*,*,#1138,.T.);
#1211 = ORIENTED_EDGE('',*,*,#1185,.T.);
#1212 = ADVANCED_FACE('',(#1213),#946,.T.);
#1213 = FACE_BOUND('',#1214,.T.);
#1214 = EDGE_LOOP('',(#1215,#1216,#1217,#1218));
#1215 = ORIENTED_EDGE('',*,*,#930,.T.);
#1216 = ORIENTED_EDGE('',*,*,#1016,.T.);
#1217 = ORIENTED_EDGE('',*,*,#1092,.T.);
#1218 = ORIENTED_EDGE('',*,*,#1163,.T.);
#1219 = MANIFOLD_SOLID_BREP('',#1220);
#1220 = CLOSED_SHELL('',(#1221,#1341,#1417,#1488,#1535,#1542));
#1221 = ADVANCED_FACE('',(#1222),#1236,.F.);
#1222 = FACE_BOUND('',#1223,.F.);
#1223 = EDGE_LOOP('',(#1224,#1259,#1287,#1315));
#1224 = ORIENTED_EDGE('',*,*,#1225,.T.);
#1225 = EDGE_CURVE('',#1226,#1228,#1230,.T.);
#1226 = VERTEX_POINT('',#1227);
#1227 = CARTESIAN_POINT('',(-61.13206879537,-851.4250395036,
    -0.209961782721));
#1228 = VERTEX_POINT('',#1229);
#1229 = CARTESIAN_POINT('',(-79.69945222562,-850.2229977053,
    619.81458428583));
#1230 = SURFACE_CURVE('',#1231,(#1235,#1247),.PCURVE_S1.);
#1231 = LINE('',#1232,#1233);
#1232 = CARTESIAN_POINT('',(-61.13206879537,-851.4250395036,
    -0.209961782721));
#1233 = VECTOR('',#1234,1.);
#1234 = DIRECTION('',(-2.993273235931E-02,1.937827996542E-03,
    0.999550036945));
#1235 = PCURVE('',#1236,#1241);
#1236 = PLANE('',#1237);
#1237 = AXIS2_PLACEMENT_3D('',#1238,#1239,#1240);
#1238 = CARTESIAN_POINT('',(-61.13206879537,-851.4250395036,
    -0.209961782721));
#1239 = DIRECTION('',(2.900876982678E-05,0.999998121989,
    -1.937827996542E-03));
#1240 = DIRECTION('',(0.999551914956,2.900876982678E-05,
    2.993273235931E-02));
#1241 = DEFINITIONAL_REPRESENTATION('',(#1242),#1246);
#1242 = LINE('',#1243,#1244);
#1243 = CARTESIAN_POINT('',(0.,0.));
#1244 = VECTOR('',#1245,1.);
#1245 = DIRECTION('',(0.,-1.));
#1246 = ( GEOMETRIC_REPRESENTATION_CONTEXT(2) 
PARAMETRIC_REPRESENTATION_CONTEXT() REPRESENTATION_CONTEXT('2D SPACE',''
  ) );
#1247 = PCURVE('',#1248,#1253);
#1248 = PLANE('',#1249);
#1249 = AXIS2_PLACEMENT_3D('',#1250,#1251,#1252);
#1250 = CARTESIAN_POINT('',(-61.13163366382,-836.4250676738,
    -0.239029202669));
#1251 = DIRECTION('',(0.999551914956,2.900876982678E-05,
    2.993273235931E-02));
#1252 = DIRECTION('',(-2.900876982678E-05,-0.999998121989,
    1.937827996542E-03));
#1253 = DEFINITIONAL_REPRESENTATION('',(#1254),#1258);
#1254 = LINE('',#1255,#1256);
#1255 = CARTESIAN_POINT('',(15.,4.232725281383E-16));
#1256 = VECTOR('',#1257,1.);
#1257 = DIRECTION('',(0.,-1.));
#1258 = ( GEOMETRIC_REPRESENTATION_CONTEXT(2) 
PARAMETRIC_REPRESENTATION_CONTEXT() REPRESENTATION_CONTEXT('2D SPACE',''
  ) );
#1259 = ORIENTED_EDGE('',*,*,#1260,.T.);
#1260 = EDGE_CURVE('',#1228,#1261,#1263,.T.);
#1261 = VERTEX_POINT('',#1262);
#1262 = CARTESIAN_POINT('',(-64.70617350128,-850.2225625738,
    620.26357527122));
#1263 = SURFACE_CURVE('',#1264,(#1268,#1275),.PCURVE_S1.);
#1264 = LINE('',#1265,#1266);
#1265 = CARTESIAN_POINT('',(-79.69945222562,-850.2229977053,
    619.81458428583));
#1266 = VECTOR('',#1267,1.);
#1267 = DIRECTION('',(0.999551914956,2.900876982678E-05,
    2.993273235931E-02));
#1268 = PCURVE('',#1236,#1269);
#1269 = DEFINITIONAL_REPRESENTATION('',(#1270),#1274);
#1270 = LINE('',#1271,#1272);
#1271 = CARTESIAN_POINT('',(-7.105427357601E-15,-620.3036597985));
#1272 = VECTOR('',#1273,1.);
#1273 = DIRECTION('',(1.,0.));
#1274 = ( GEOMETRIC_REPRESENTATION_CONTEXT(2) 
PARAMETRIC_REPRESENTATION_CONTEXT() REPRESENTATION_CONTEXT('2D SPACE',''
  ) );
#1275 = PCURVE('',#1276,#1281);
#1276 = PLANE('',#1277);
#1277 = AXIS2_PLACEMENT_3D('',#1278,#1279,#1280);
#1278 = CARTESIAN_POINT('',(-72.20259529768,-842.7227942246,
    620.02454606855));
#1279 = DIRECTION('',(-2.993273235931E-02,1.937827996542E-03,
    0.999550036945));
#1280 = DIRECTION('',(0.999551914956,2.900876982678E-05,
    2.993273235931E-02));
#1281 = DEFINITIONAL_REPRESENTATION('',(#1282),#1286);
#1282 = LINE('',#1283,#1284);
#1283 = CARTESIAN_POINT('',(-7.5,-7.5));
#1284 = VECTOR('',#1285,1.);
#1285 = DIRECTION('',(1.,2.961227183601E-18));
#1286 = ( GEOMETRIC_REPRESENTATION_CONTEXT(2) 
PARAMETRIC_REPRESENTATION_CONTEXT() REPRESENTATION_CONTEXT('2D SPACE',''
  ) );
#1287 = ORIENTED_EDGE('',*,*,#1288,.F.);
#1288 = EDGE_CURVE('',#1289,#1261,#1291,.T.);
#1289 = VERTEX_POINT('',#1290);
#1290 = CARTESIAN_POINT('',(-46.13879007103,-851.4246043721,
    0.239029202669));
#1291 = SURFACE_CURVE('',#1292,(#1296,#1303),.PCURVE_S1.);
#1292 = LINE('',#1293,#1294);
#1293 = CARTESIAN_POINT('',(-46.13879007103,-851.4246043721,
    0.239029202669));
#1294 = VECTOR('',#1295,1.);
#1295 = DIRECTION('',(-2.993273235931E-02,1.937827996542E-03,
    0.999550036945));
#1296 = PCURVE('',#1236,#1297);
#1297 = DEFINITIONAL_REPRESENTATION('',(#1298),#1302);
#1298 = LINE('',#1299,#1300);
#1299 = CARTESIAN_POINT('',(15.,-1.110223024625E-16));
#1300 = VECTOR('',#1301,1.);
#1301 = DIRECTION('',(0.,-1.));
#1302 = ( GEOMETRIC_REPRESENTATION_CONTEXT(2) 
PARAMETRIC_REPRESENTATION_CONTEXT() REPRESENTATION_CONTEXT('2D SPACE',''
  ) );
#1303 = PCURVE('',#1304,#1309);
#1304 = PLANE('',#1305);
#1305 = AXIS2_PLACEMENT_3D('',#1306,#1307,#1308);
#1306 = CARTESIAN_POINT('',(-46.13879007103,-851.4246043721,
    0.239029202669));
#1307 = DIRECTION('',(-0.999551914956,-2.900876982678E-05,
    -2.993273235931E-02));
#1308 = DIRECTION('',(2.900876982678E-05,0.999998121989,
    -1.937827996542E-03));
#1309 = DEFINITIONAL_REPRESENTATION('',(#1310),#1314);
#1310 = LINE('',#1311,#1312);
#1311 = CARTESIAN_POINT('',(0.,0.));
#1312 = VECTOR('',#1313,1.);
#1313 = DIRECTION('',(0.,-1.));
#1314 = ( GEOMETRIC_REPRESENTATION_CONTEXT(2) 
PARAMETRIC_REPRESENTATION_CONTEXT() REPRESENTATION_CONTEXT('2D SPACE',''
  ) );
#1315 = ORIENTED_EDGE('',*,*,#1316,.F.);
#1316 = EDGE_CURVE('',#1226,#1289,#1317,.T.);
#1317 = SURFACE_CURVE('',#1318,(#1322,#1329),.PCURVE_S1.);
#1318 = LINE('',#1319,#1320);
#1319 = CARTESIAN_POINT('',(-61.13206879537,-851.4250395036,
    -0.209961782721));
#1320 = VECTOR('',#1321,1.);
#1321 = DIRECTION('',(0.999551914956,2.900876982678E-05,
    2.993273235931E-02));
#1322 = PCURVE('',#1236,#1323);
#1323 = DEFINITIONAL_REPRESENTATION('',(#1324),#1328);
#1324 = LINE('',#1325,#1326);
#1325 = CARTESIAN_POINT('',(0.,0.));
#1326 = VECTOR('',#1327,1.);
#1327 = DIRECTION('',(1.,0.));
#1328 = ( GEOMETRIC_REPRESENTATION_CONTEXT(2) 
PARAMETRIC_REPRESENTATION_CONTEXT() REPRESENTATION_CONTEXT('2D SPACE',''
  ) );
#1329 = PCURVE('',#1330,#1335);
#1330 = PLANE('',#1331);
#1331 = AXIS2_PLACEMENT_3D('',#1332,#1333,#1334);
#1332 = CARTESIAN_POINT('',(-53.63521186743,-843.9248360229,0.));
#1333 = DIRECTION('',(-2.993273235931E-02,1.937827996542E-03,
    0.999550036945));
#1334 = DIRECTION('',(0.999551914956,2.900876982678E-05,
    2.993273235931E-02));
#1335 = DEFINITIONAL_REPRESENTATION('',(#1336),#1340);
#1336 = LINE('',#1337,#1338);
#1337 = CARTESIAN_POINT('',(-7.5,-7.5));
#1338 = VECTOR('',#1339,1.);
#1339 = DIRECTION('',(1.,2.961227183601E-18));
#1340 = ( GEOMETRIC_REPRESENTATION_CONTEXT(2) 
PARAMETRIC_REPRESENTATION_CONTEXT() REPRESENTATION_CONTEXT('2D SPACE',''
  ) );
#1341 = ADVANCED_FACE('',(#1342),#1304,.F.);
#1342 = FACE_BOUND('',#1343,.F.);
#1343 = EDGE_LOOP('',(#1344,#1345,#1368,#1396));
#1344 = ORIENTED_EDGE('',*,*,#1288,.T.);
#1345 = ORIENTED_EDGE('',*,*,#1346,.T.);
#1346 = EDGE_CURVE('',#1261,#1347,#1349,.T.);
#1347 = VERTEX_POINT('',#1348);
#1348 = CARTESIAN_POINT('',(-64.70573836973,-835.2225907439,
    620.23450785127));
#1349 = SURFACE_CURVE('',#1350,(#1354,#1361),.PCURVE_S1.);
#1350 = LINE('',#1351,#1352);
#1351 = CARTESIAN_POINT('',(-64.70617350128,-850.2225625738,
    620.26357527122));
#1352 = VECTOR('',#1353,1.);
#1353 = DIRECTION('',(2.900876982678E-05,0.999998121989,
    -1.937827996542E-03));
#1354 = PCURVE('',#1304,#1355);
#1355 = DEFINITIONAL_REPRESENTATION('',(#1356),#1360);
#1356 = LINE('',#1357,#1358);
#1357 = CARTESIAN_POINT('',(1.731947918415E-14,-620.3036597985));
#1358 = VECTOR('',#1359,1.);
#1359 = DIRECTION('',(1.,0.));
#1360 = ( GEOMETRIC_REPRESENTATION_CONTEXT(2) 
PARAMETRIC_REPRESENTATION_CONTEXT() REPRESENTATION_CONTEXT('2D SPACE',''
  ) );
#1361 = PCURVE('',#1276,#1362);
#1362 = DEFINITIONAL_REPRESENTATION('',(#1363),#1367);
#1363 = LINE('',#1364,#1365);
#1364 = CARTESIAN_POINT('',(7.5,-7.5));
#1365 = VECTOR('',#1366,1.);
#1366 = DIRECTION('',(2.961227183601E-18,1.));
#1367 = ( GEOMETRIC_REPRESENTATION_CONTEXT(2) 
PARAMETRIC_REPRESENTATION_CONTEXT() REPRESENTATION_CONTEXT('2D SPACE',''
  ) );
#1368 = ORIENTED_EDGE('',*,*,#1369,.F.);
#1369 = EDGE_CURVE('',#1370,#1347,#1372,.T.);
#1370 = VERTEX_POINT('',#1371);
#1371 = CARTESIAN_POINT('',(-46.13835493948,-836.4246325423,
    0.209961782721));
#1372 = SURFACE_CURVE('',#1373,(#1377,#1384),.PCURVE_S1.);
#1373 = LINE('',#1374,#1375);
#1374 = CARTESIAN_POINT('',(-46.13835493948,-836.4246325423,
    0.209961782721));
#1375 = VECTOR('',#1376,1.);
#1376 = DIRECTION('',(-2.993273235931E-02,1.937827996542E-03,
    0.999550036945));
#1377 = PCURVE('',#1304,#1378);
#1378 = DEFINITIONAL_REPRESENTATION('',(#1379),#1383);
#1379 = LINE('',#1380,#1381);
#1380 = CARTESIAN_POINT('',(15.,-4.232725281383E-16));
#1381 = VECTOR('',#1382,1.);
#1382 = DIRECTION('',(0.,-1.));
#1383 = ( GEOMETRIC_REPRESENTATION_CONTEXT(2) 
PARAMETRIC_REPRESENTATION_CONTEXT() REPRESENTATION_CONTEXT('2D SPACE',''
  ) );
#1384 = PCURVE('',#1385,#1390);
#1385 = PLANE('',#1386);
#1386 = AXIS2_PLACEMENT_3D('',#1387,#1388,#1389);
#1387 = CARTESIAN_POINT('',(-46.13835493948,-836.4246325423,
    0.209961782721));
#1388 = DIRECTION('',(-2.900876982678E-05,-0.999998121989,
    1.937827996542E-03));
#1389 = DIRECTION('',(-0.999551914956,-2.900876982678E-05,
    -2.993273235931E-02));
#1390 = DEFINITIONAL_REPRESENTATION('',(#1391),#1395);
#1391 = LINE('',#1392,#1393);
#1392 = CARTESIAN_POINT('',(-0.,0.));
#1393 = VECTOR('',#1394,1.);
#1394 = DIRECTION('',(0.,-1.));
#1395 = ( GEOMETRIC_REPRESENTATION_CONTEXT(2) 
PARAMETRIC_REPRESENTATION_CONTEXT() REPRESENTATION_CONTEXT('2D SPACE',''
  ) );
#1396 = ORIENTED_EDGE('',*,*,#1397,.F.);
#1397 = EDGE_CURVE('',#1289,#1370,#1398,.T.);
#1398 = SURFACE_CURVE('',#1399,(#1403,#1410),.PCURVE_S1.);
#1399 = LINE('',#1400,#1401);
#1400 = CARTESIAN_POINT('',(-46.13879007103,-851.4246043721,
    0.239029202669));
#1401 = VECTOR('',#1402,1.);
#1402 = DIRECTION('',(2.900876982678E-05,0.999998121989,
    -1.937827996542E-03));
#1403 = PCURVE('',#1304,#1404);
#1404 = DEFINITIONAL_REPRESENTATION('',(#1405),#1409);
#1405 = LINE('',#1406,#1407);
#1406 = CARTESIAN_POINT('',(0.,0.));
#1407 = VECTOR('',#1408,1.);
#1408 = DIRECTION('',(1.,0.));
#1409 = ( GEOMETRIC_REPRESENTATION_CONTEXT(2) 
PARAMETRIC_REPRESENTATION_CONTEXT() REPRESENTATION_CONTEXT('2D SPACE',''
  ) );
#1410 = PCURVE('',#1330,#1411);
#1411 = DEFINITIONAL_REPRESENTATION('',(#1412),#1416);
#1412 = LINE('',#1413,#1414);
#1413 = CARTESIAN_POINT('',(7.5,-7.5));
#1414 = VECTOR('',#1415,1.);
#1415 = DIRECTION('',(2.961227183601E-18,1.));
#1416 = ( GEOMETRIC_REPRESENTATION_CONTEXT(2) 
PARAMETRIC_REPRESENTATION_CONTEXT() REPRESENTATION_CONTEXT('2D SPACE',''
  ) );
#1417 = ADVANCED_FACE('',(#1418),#1385,.F.);
#1418 = FACE_BOUND('',#1419,.F.);
#1419 = EDGE_LOOP('',(#1420,#1421,#1444,#1467));
#1420 = ORIENTED_EDGE('',*,*,#1369,.T.);
#1421 = ORIENTED_EDGE('',*,*,#1422,.T.);
#1422 = EDGE_CURVE('',#1347,#1423,#1425,.T.);
#1423 = VERTEX_POINT('',#1424);
#1424 = CARTESIAN_POINT('',(-79.69901709407,-835.2230258755,
    619.78551686588));
#1425 = SURFACE_CURVE('',#1426,(#1430,#1437),.PCURVE_S1.);
#1426 = LINE('',#1427,#1428);
#1427 = CARTESIAN_POINT('',(-64.70573836973,-835.2225907439,
    620.23450785127));
#1428 = VECTOR('',#1429,1.);
#1429 = DIRECTION('',(-0.999551914956,-2.900876982678E-05,
    -2.993273235931E-02));
#1430 = PCURVE('',#1385,#1431);
#1431 = DEFINITIONAL_REPRESENTATION('',(#1432),#1436);
#1432 = LINE('',#1433,#1434);
#1433 = CARTESIAN_POINT('',(3.552713678801E-15,-620.3036597985));
#1434 = VECTOR('',#1435,1.);
#1435 = DIRECTION('',(1.,0.));
#1436 = ( GEOMETRIC_REPRESENTATION_CONTEXT(2) 
PARAMETRIC_REPRESENTATION_CONTEXT() REPRESENTATION_CONTEXT('2D SPACE',''
  ) );
#1437 = PCURVE('',#1276,#1438);
#1438 = DEFINITIONAL_REPRESENTATION('',(#1439),#1443);
#1439 = LINE('',#1440,#1441);
#1440 = CARTESIAN_POINT('',(7.5,7.5));
#1441 = VECTOR('',#1442,1.);
#1442 = DIRECTION('',(-1.,-2.961227183601E-18));
#1443 = ( GEOMETRIC_REPRESENTATION_CONTEXT(2) 
PARAMETRIC_REPRESENTATION_CONTEXT() REPRESENTATION_CONTEXT('2D SPACE',''
  ) );
#1444 = ORIENTED_EDGE('',*,*,#1445,.F.);
#1445 = EDGE_CURVE('',#1446,#1423,#1448,.T.);
#1446 = VERTEX_POINT('',#1447);
#1447 = CARTESIAN_POINT('',(-61.13163366382,-836.4250676738,
    -0.239029202669));
#1448 = SURFACE_CURVE('',#1449,(#1453,#1460),.PCURVE_S1.);
#1449 = LINE('',#1450,#1451);
#1450 = CARTESIAN_POINT('',(-61.13163366382,-836.4250676738,
    -0.239029202669));
#1451 = VECTOR('',#1452,1.);
#1452 = DIRECTION('',(-2.993273235931E-02,1.937827996542E-03,
    0.999550036945));
#1453 = PCURVE('',#1385,#1454);
#1454 = DEFINITIONAL_REPRESENTATION('',(#1455),#1459);
#1455 = LINE('',#1456,#1457);
#1456 = CARTESIAN_POINT('',(15.,1.110223024625E-16));
#1457 = VECTOR('',#1458,1.);
#1458 = DIRECTION('',(0.,-1.));
#1459 = ( GEOMETRIC_REPRESENTATION_CONTEXT(2) 
PARAMETRIC_REPRESENTATION_CONTEXT() REPRESENTATION_CONTEXT('2D SPACE',''
  ) );
#1460 = PCURVE('',#1248,#1461);
#1461 = DEFINITIONAL_REPRESENTATION('',(#1462),#1466);
#1462 = LINE('',#1463,#1464);
#1463 = CARTESIAN_POINT('',(0.,0.));
#1464 = VECTOR('',#1465,1.);
#1465 = DIRECTION('',(0.,-1.));
#1466 = ( GEOMETRIC_REPRESENTATION_CONTEXT(2) 
PARAMETRIC_REPRESENTATION_CONTEXT() REPRESENTATION_CONTEXT('2D SPACE',''
  ) );
#1467 = ORIENTED_EDGE('',*,*,#1468,.F.);
#1468 = EDGE_CURVE('',#1370,#1446,#1469,.T.);
#1469 = SURFACE_CURVE('',#1470,(#1474,#1481),.PCURVE_S1.);
#1470 = LINE('',#1471,#1472);
#1471 = CARTESIAN_POINT('',(-46.13835493948,-836.4246325423,
    0.209961782721));
#1472 = VECTOR('',#1473,1.);
#1473 = DIRECTION('',(-0.999551914956,-2.900876982678E-05,
    -2.993273235931E-02));
#1474 = PCURVE('',#1385,#1475);
#1475 = DEFINITIONAL_REPRESENTATION('',(#1476),#1480);
#1476 = LINE('',#1477,#1478);
#1477 = CARTESIAN_POINT('',(-0.,0.));
#1478 = VECTOR('',#1479,1.);
#1479 = DIRECTION('',(1.,0.));
#1480 = ( GEOMETRIC_REPRESENTATION_CONTEXT(2) 
PARAMETRIC_REPRESENTATION_CONTEXT() REPRESENTATION_CONTEXT('2D SPACE',''
  ) );
#1481 = PCURVE('',#1330,#1482);
#1482 = DEFINITIONAL_REPRESENTATION('',(#1483),#1487);
#1483 = LINE('',#1484,#1485);
#1484 = CARTESIAN_POINT('',(7.5,7.5));
#1485 = VECTOR('',#1486,1.);
#1486 = DIRECTION('',(-1.,-2.961227183601E-18));
#1487 = ( GEOMETRIC_REPRESENTATION_CONTEXT(2) 
PARAMETRIC_REPRESENTATION_CONTEXT() REPRESENTATION_CONTEXT('2D SPACE',''
  ) );
#1488 = ADVANCED_FACE('',(#1489),#1248,.F.);
#1489 = FACE_BOUND('',#1490,.F.);
#1490 = EDGE_LOOP('',(#1491,#1492,#1513,#1514));
#1491 = ORIENTED_EDGE('',*,*,#1445,.T.);
#1492 = ORIENTED_EDGE('',*,*,#1493,.T.);
#1493 = EDGE_CURVE('',#1423,#1228,#1494,.T.);
#1494 = SURFACE_CURVE('',#1495,(#1499,#1506),.PCURVE_S1.);
#1495 = LINE('',#1496,#1497);
#1496 = CARTESIAN_POINT('',(-79.69901709407,-835.2230258755,
    619.78551686588));
#1497 = VECTOR('',#1498,1.);
#1498 = DIRECTION('',(-2.900876982678E-05,-0.999998121989,
    1.937827996542E-03));
#1499 = PCURVE('',#1248,#1500);
#1500 = DEFINITIONAL_REPRESENTATION('',(#1501),#1505);
#1501 = LINE('',#1502,#1503);
#1502 = CARTESIAN_POINT('',(-1.709743457923E-14,-620.3036597985));
#1503 = VECTOR('',#1504,1.);
#1504 = DIRECTION('',(1.,0.));
#1505 = ( GEOMETRIC_REPRESENTATION_CONTEXT(2) 
PARAMETRIC_REPRESENTATION_CONTEXT() REPRESENTATION_CONTEXT('2D SPACE',''
  ) );
#1506 = PCURVE('',#1276,#1507);
#1507 = DEFINITIONAL_REPRESENTATION('',(#1508),#1512);
#1508 = LINE('',#1509,#1510);
#1509 = CARTESIAN_POINT('',(-7.5,7.5));
#1510 = VECTOR('',#1511,1.);
#1511 = DIRECTION('',(-2.961227183601E-18,-1.));
#1512 = ( GEOMETRIC_REPRESENTATION_CONTEXT(2) 
PARAMETRIC_REPRESENTATION_CONTEXT() REPRESENTATION_CONTEXT('2D SPACE',''
  ) );
#1513 = ORIENTED_EDGE('',*,*,#1225,.F.);
#1514 = ORIENTED_EDGE('',*,*,#1515,.F.);
#1515 = EDGE_CURVE('',#1446,#1226,#1516,.T.);
#1516 = SURFACE_CURVE('',#1517,(#1521,#1528),.PCURVE_S1.);
#1517 = LINE('',#1518,#1519);
#1518 = CARTESIAN_POINT('',(-61.13163366382,-836.4250676738,
    -0.239029202669));
#1519 = VECTOR('',#1520,1.);
#1520 = DIRECTION('',(-2.900876982678E-05,-0.999998121989,
    1.937827996542E-03));
#1521 = PCURVE('',#1248,#1522);
#1522 = DEFINITIONAL_REPRESENTATION('',(#1523),#1527);
#1523 = LINE('',#1524,#1525);
#1524 = CARTESIAN_POINT('',(0.,0.));
#1525 = VECTOR('',#1526,1.);
#1526 = DIRECTION('',(1.,0.));
#1527 = ( GEOMETRIC_REPRESENTATION_CONTEXT(2) 
PARAMETRIC_REPRESENTATION_CONTEXT() REPRESENTATION_CONTEXT('2D SPACE',''
  ) );
#1528 = PCURVE('',#1330,#1529);
#1529 = DEFINITIONAL_REPRESENTATION('',(#1530),#1534);
#1530 = LINE('',#1531,#1532);
#1531 = CARTESIAN_POINT('',(-7.5,7.5));
#1532 = VECTOR('',#1533,1.);
#1533 = DIRECTION('',(-2.961227183601E-18,-1.));
#1534 = ( GEOMETRIC_REPRESENTATION_CONTEXT(2) 
PARAMETRIC_REPRESENTATION_CONTEXT() REPRESENTATION_CONTEXT('2D SPACE',''
  ) );
#1535 = ADVANCED_FACE('',(#1536),#1330,.F.);
#1536 = FACE_BOUND('',#1537,.F.);
#1537 = EDGE_LOOP('',(#1538,#1539,#1540,#1541));
#1538 = ORIENTED_EDGE('',*,*,#1316,.T.);
#1539 = ORIENTED_EDGE('',*,*,#1397,.T.);
#1540 = ORIENTED_EDGE('',*,*,#1468,.T.);
#1541 = ORIENTED_EDGE('',*,*,#1515,.T.);
#1542 = ADVANCED_FACE('',(#1543),#1276,.T.);
#1543 = FACE_BOUND('',#1544,.T.);
#1544 = EDGE_LOOP('',(#1545,#1546,#1547,#1548));
#1545 = ORIENTED_EDGE('',*,*,#1260,.T.);
#1546 = ORIENTED_EDGE('',*,*,#1346,.T.);
#1547 = ORIENTED_EDGE('',*,*,#1422,.T.);
#1548 = ORIENTED_EDGE('',*,*,#1493,.T.);
#1549 = MANIFOLD_SOLID_BREP('',#1550);
#1550 = CLOSED_SHELL('',(#1551,#1671,#1747,#1818,#1865,#1872));
#1551 = ADVANCED_FACE('',(#1552),#1566,.F.);
#1552 = FACE_BOUND('',#1553,.F.);
#1553 = EDGE_LOOP('',(#1554,#1589,#1617,#1645));
#1554 = ORIENTED_EDGE('',*,*,#1555,.T.);
#1555 = EDGE_CURVE('',#1556,#1558,#1560,.T.);
#1556 = VERTEX_POINT('',#1557);
#1557 = CARTESIAN_POINT('',(605.97033137665,-234.9643028884,
    -3.19432043593));
#1558 = VERTEX_POINT('',#1559);
#1559 = CARTESIAN_POINT('',(463.76369001666,-616.8946825464,
    1.157993649006E+03));
#1560 = SURFACE_CURVE('',#1561,(#1565,#1577),.PCURVE_S1.);
#1561 = LINE('',#1562,#1563);
#1562 = CARTESIAN_POINT('',(605.97033137665,-234.9643028884,
    -3.19432043593));
#1563 = VECTOR('',#1564,1.);
#1564 = DIRECTION('',(-0.115555936051,-0.310353455406,0.943571702819));
#1565 = PCURVE('',#1566,#1571);
#1566 = PLANE('',#1567);
#1567 = AXIS2_PLACEMENT_3D('',#1568,#1569,#1570);
#1568 = CARTESIAN_POINT('',(605.97033137665,-234.9643028884,
    -3.19432043593));
#1569 = DIRECTION('',(-1.845220528482E-02,0.950442133345,0.310353455406)
  );
#1570 = DIRECTION('',(0.993129569474,-1.845220528482E-02,0.115555936051)
  );
#1571 = DEFINITIONAL_REPRESENTATION('',(#1572),#1576);
#1572 = LINE('',#1573,#1574);
#1573 = CARTESIAN_POINT('',(0.,0.));
#1574 = VECTOR('',#1575,1.);
#1575 = DIRECTION('',(0.,-1.));
#1576 = ( GEOMETRIC_REPRESENTATION_CONTEXT(2) 
PARAMETRIC_REPRESENTATION_CONTEXT() REPRESENTATION_CONTEXT('2D SPACE',''
  ) );
#1577 = PCURVE('',#1578,#1583);
#1578 = PLANE('',#1579);
#1579 = AXIS2_PLACEMENT_3D('',#1580,#1581,#1582);
#1580 = CARTESIAN_POINT('',(605.69354829738,-220.7076708882,
    1.460981395162));
#1581 = DIRECTION('',(0.993129569474,-1.845220528482E-02,0.115555936051)
  );
#1582 = DIRECTION('',(1.845220528482E-02,-0.950442133345,-0.310353455406
    ));
#1583 = DEFINITIONAL_REPRESENTATION('',(#1584),#1588);
#1584 = LINE('',#1585,#1586);
#1585 = CARTESIAN_POINT('',(15.,2.6645352591E-15));
#1586 = VECTOR('',#1587,1.);
#1587 = DIRECTION('',(-5.551115123126E-17,-1.));
#1588 = ( GEOMETRIC_REPRESENTATION_CONTEXT(2) 
PARAMETRIC_REPRESENTATION_CONTEXT() REPRESENTATION_CONTEXT('2D SPACE',''
  ) );
#1589 = ORIENTED_EDGE('',*,*,#1590,.T.);
#1590 = EDGE_CURVE('',#1558,#1591,#1593,.T.);
#1591 = VERTEX_POINT('',#1592);
#1592 = CARTESIAN_POINT('',(478.66063355877,-617.1714656257,
    1.159726988046E+03));
#1593 = SURFACE_CURVE('',#1594,(#1598,#1605),.PCURVE_S1.);
#1594 = LINE('',#1595,#1596);
#1595 = CARTESIAN_POINT('',(463.76369001666,-616.8946825464,
    1.157993649006E+03));
#1596 = VECTOR('',#1597,1.);
#1597 = DIRECTION('',(0.993129569474,-1.845220528482E-02,0.115555936051)
  );
#1598 = PCURVE('',#1566,#1599);
#1599 = DEFINITIONAL_REPRESENTATION('',(#1600),#1604);
#1600 = LINE('',#1601,#1602);
#1601 = CARTESIAN_POINT('',(2.84217094304E-14,-1.230630344225E+03));
#1602 = VECTOR('',#1603,1.);
#1603 = DIRECTION('',(1.,0.));
#1604 = ( GEOMETRIC_REPRESENTATION_CONTEXT(2) 
PARAMETRIC_REPRESENTATION_CONTEXT() REPRESENTATION_CONTEXT('2D SPACE',''
  ) );
#1605 = PCURVE('',#1606,#1611);
#1606 = PLANE('',#1607);
#1607 = AXIS2_PLACEMENT_3D('',#1608,#1609,#1610);
#1608 = CARTESIAN_POINT('',(471.07377024808,-609.9047580859,
    1.161187969442E+03));
#1609 = DIRECTION('',(-0.115555936051,-0.310353455406,0.943571702819));
#1610 = DIRECTION('',(0.993129569474,-1.845220528482E-02,0.115555936051)
  );
#1611 = DEFINITIONAL_REPRESENTATION('',(#1612),#1616);
#1612 = LINE('',#1613,#1614);
#1613 = CARTESIAN_POINT('',(-7.5,-7.5));
#1614 = VECTOR('',#1615,1.);
#1615 = DIRECTION('',(1.,-1.387778780781E-17));
#1616 = ( GEOMETRIC_REPRESENTATION_CONTEXT(2) 
PARAMETRIC_REPRESENTATION_CONTEXT() REPRESENTATION_CONTEXT('2D SPACE',''
  ) );
#1617 = ORIENTED_EDGE('',*,*,#1618,.F.);
#1618 = EDGE_CURVE('',#1619,#1591,#1621,.T.);
#1619 = VERTEX_POINT('',#1620);
#1620 = CARTESIAN_POINT('',(620.86727491876,-235.2410859676,
    -1.460981395162));
#1621 = SURFACE_CURVE('',#1622,(#1626,#1633),.PCURVE_S1.);
#1622 = LINE('',#1623,#1624);
#1623 = CARTESIAN_POINT('',(620.86727491876,-235.2410859676,
    -1.460981395162));
#1624 = VECTOR('',#1625,1.);
#1625 = DIRECTION('',(-0.115555936051,-0.310353455406,0.943571702819));
#1626 = PCURVE('',#1566,#1627);
#1627 = DEFINITIONAL_REPRESENTATION('',(#1628),#1632);
#1628 = LINE('',#1629,#1630);
#1629 = CARTESIAN_POINT('',(15.,-7.105427357601E-15));
#1630 = VECTOR('',#1631,1.);
#1631 = DIRECTION('',(0.,-1.));
#1632 = ( GEOMETRIC_REPRESENTATION_CONTEXT(2) 
PARAMETRIC_REPRESENTATION_CONTEXT() REPRESENTATION_CONTEXT('2D SPACE',''
  ) );
#1633 = PCURVE('',#1634,#1639);
#1634 = PLANE('',#1635);
#1635 = AXIS2_PLACEMENT_3D('',#1636,#1637,#1638);
#1636 = CARTESIAN_POINT('',(620.86727491876,-235.2410859676,
    -1.460981395162));
#1637 = DIRECTION('',(-0.993129569474,1.845220528482E-02,-0.115555936051
    ));
#1638 = DIRECTION('',(-1.845220528482E-02,0.950442133345,0.310353455406)
  );
#1639 = DEFINITIONAL_REPRESENTATION('',(#1640),#1644);
#1640 = LINE('',#1641,#1642);
#1641 = CARTESIAN_POINT('',(0.,0.));
#1642 = VECTOR('',#1643,1.);
#1643 = DIRECTION('',(5.551115123126E-17,-1.));
#1644 = ( GEOMETRIC_REPRESENTATION_CONTEXT(2) 
PARAMETRIC_REPRESENTATION_CONTEXT() REPRESENTATION_CONTEXT('2D SPACE',''
  ) );
#1645 = ORIENTED_EDGE('',*,*,#1646,.F.);
#1646 = EDGE_CURVE('',#1556,#1619,#1647,.T.);
#1647 = SURFACE_CURVE('',#1648,(#1652,#1659),.PCURVE_S1.);
#1648 = LINE('',#1649,#1650);
#1649 = CARTESIAN_POINT('',(605.97033137665,-234.9643028884,
    -3.19432043593));
#1650 = VECTOR('',#1651,1.);
#1651 = DIRECTION('',(0.993129569474,-1.845220528482E-02,0.115555936051)
  );
#1652 = PCURVE('',#1566,#1653);
#1653 = DEFINITIONAL_REPRESENTATION('',(#1654),#1658);
#1654 = LINE('',#1655,#1656);
#1655 = CARTESIAN_POINT('',(0.,0.));
#1656 = VECTOR('',#1657,1.);
#1657 = DIRECTION('',(1.,0.));
#1658 = ( GEOMETRIC_REPRESENTATION_CONTEXT(2) 
PARAMETRIC_REPRESENTATION_CONTEXT() REPRESENTATION_CONTEXT('2D SPACE',''
  ) );
#1659 = PCURVE('',#1660,#1665);
#1660 = PLANE('',#1661);
#1661 = AXIS2_PLACEMENT_3D('',#1662,#1663,#1664);
#1662 = CARTESIAN_POINT('',(613.28041160807,-227.9743784279,0.));
#1663 = DIRECTION('',(-0.115555936051,-0.310353455406,0.943571702819));
#1664 = DIRECTION('',(0.993129569474,-1.845220528482E-02,0.115555936051)
  );
#1665 = DEFINITIONAL_REPRESENTATION('',(#1666),#1670);
#1666 = LINE('',#1667,#1668);
#1667 = CARTESIAN_POINT('',(-7.5,-7.5));
#1668 = VECTOR('',#1669,1.);
#1669 = DIRECTION('',(1.,-1.387778780781E-17));
#1670 = ( GEOMETRIC_REPRESENTATION_CONTEXT(2) 
PARAMETRIC_REPRESENTATION_CONTEXT() REPRESENTATION_CONTEXT('2D SPACE',''
  ) );
#1671 = ADVANCED_FACE('',(#1672),#1634,.F.);
#1672 = FACE_BOUND('',#1673,.F.);
#1673 = EDGE_LOOP('',(#1674,#1675,#1698,#1726));
#1674 = ORIENTED_EDGE('',*,*,#1618,.T.);
#1675 = ORIENTED_EDGE('',*,*,#1676,.T.);
#1676 = EDGE_CURVE('',#1591,#1677,#1679,.T.);
#1677 = VERTEX_POINT('',#1678);
#1678 = CARTESIAN_POINT('',(478.3838504795,-602.9148336255,
    1.164382289877E+03));
#1679 = SURFACE_CURVE('',#1680,(#1684,#1691),.PCURVE_S1.);
#1680 = LINE('',#1681,#1682);
#1681 = CARTESIAN_POINT('',(478.66063355877,-617.1714656257,
    1.159726988046E+03));
#1682 = VECTOR('',#1683,1.);
#1683 = DIRECTION('',(-1.845220528482E-02,0.950442133345,0.310353455406)
  );
#1684 = PCURVE('',#1634,#1685);
#1685 = DEFINITIONAL_REPRESENTATION('',(#1686),#1690);
#1686 = LINE('',#1687,#1688);
#1687 = CARTESIAN_POINT('',(1.136868377216E-13,-1.230630344225E+03));
#1688 = VECTOR('',#1689,1.);
#1689 = DIRECTION('',(1.,-5.551115123126E-17));
#1690 = ( GEOMETRIC_REPRESENTATION_CONTEXT(2) 
PARAMETRIC_REPRESENTATION_CONTEXT() REPRESENTATION_CONTEXT('2D SPACE',''
  ) );
#1691 = PCURVE('',#1606,#1692);
#1692 = DEFINITIONAL_REPRESENTATION('',(#1693),#1697);
#1693 = LINE('',#1694,#1695);
#1694 = CARTESIAN_POINT('',(7.5,-7.5));
#1695 = VECTOR('',#1696,1.);
#1696 = DIRECTION('',(-1.387778780781E-17,1.));
#1697 = ( GEOMETRIC_REPRESENTATION_CONTEXT(2) 
PARAMETRIC_REPRESENTATION_CONTEXT() REPRESENTATION_CONTEXT('2D SPACE',''
  ) );
#1698 = ORIENTED_EDGE('',*,*,#1699,.F.);
#1699 = EDGE_CURVE('',#1700,#1677,#1702,.T.);
#1700 = VERTEX_POINT('',#1701);
#1701 = CARTESIAN_POINT('',(620.59049183948,-220.9844539675,
    3.19432043593));
#1702 = SURFACE_CURVE('',#1703,(#1707,#1714),.PCURVE_S1.);
#1703 = LINE('',#1704,#1705);
#1704 = CARTESIAN_POINT('',(620.59049183948,-220.9844539675,
    3.19432043593));
#1705 = VECTOR('',#1706,1.);
#1706 = DIRECTION('',(-0.115555936051,-0.310353455406,0.943571702819));
#1707 = PCURVE('',#1634,#1708);
#1708 = DEFINITIONAL_REPRESENTATION('',(#1709),#1713);
#1709 = LINE('',#1710,#1711);
#1710 = CARTESIAN_POINT('',(15.,-2.6645352591E-15));
#1711 = VECTOR('',#1712,1.);
#1712 = DIRECTION('',(5.551115123126E-17,-1.));
#1713 = ( GEOMETRIC_REPRESENTATION_CONTEXT(2) 
PARAMETRIC_REPRESENTATION_CONTEXT() REPRESENTATION_CONTEXT('2D SPACE',''
  ) );
#1714 = PCURVE('',#1715,#1720);
#1715 = PLANE('',#1716);
#1716 = AXIS2_PLACEMENT_3D('',#1717,#1718,#1719);
#1717 = CARTESIAN_POINT('',(620.59049183948,-220.9844539675,
    3.19432043593));
#1718 = DIRECTION('',(1.845220528482E-02,-0.950442133345,-0.310353455406
    ));
#1719 = DIRECTION('',(-0.993129569474,1.845220528482E-02,-0.115555936051
    ));
#1720 = DEFINITIONAL_REPRESENTATION('',(#1721),#1725);
#1721 = LINE('',#1722,#1723);
#1722 = CARTESIAN_POINT('',(0.,0.));
#1723 = VECTOR('',#1724,1.);
#1724 = DIRECTION('',(0.,-1.));
#1725 = ( GEOMETRIC_REPRESENTATION_CONTEXT(2) 
PARAMETRIC_REPRESENTATION_CONTEXT() REPRESENTATION_CONTEXT('2D SPACE',''
  ) );
#1726 = ORIENTED_EDGE('',*,*,#1727,.F.);
#1727 = EDGE_CURVE('',#1619,#1700,#1728,.T.);
#1728 = SURFACE_CURVE('',#1729,(#1733,#1740),.PCURVE_S1.);
#1729 = LINE('',#1730,#1731);
#1730 = CARTESIAN_POINT('',(620.86727491876,-235.2410859676,
    -1.460981395162));
#1731 = VECTOR('',#1732,1.);
#1732 = DIRECTION('',(-1.845220528482E-02,0.950442133345,0.310353455406)
  );
#1733 = PCURVE('',#1634,#1734);
#1734 = DEFINITIONAL_REPRESENTATION('',(#1735),#1739);
#1735 = LINE('',#1736,#1737);
#1736 = CARTESIAN_POINT('',(0.,0.));
#1737 = VECTOR('',#1738,1.);
#1738 = DIRECTION('',(1.,-5.551115123126E-17));
#1739 = ( GEOMETRIC_REPRESENTATION_CONTEXT(2) 
PARAMETRIC_REPRESENTATION_CONTEXT() REPRESENTATION_CONTEXT('2D SPACE',''
  ) );
#1740 = PCURVE('',#1660,#1741);
#1741 = DEFINITIONAL_REPRESENTATION('',(#1742),#1746);
#1742 = LINE('',#1743,#1744);
#1743 = CARTESIAN_POINT('',(7.5,-7.5));
#1744 = VECTOR('',#1745,1.);
#1745 = DIRECTION('',(-1.387778780781E-17,1.));
#1746 = ( GEOMETRIC_REPRESENTATION_CONTEXT(2) 
PARAMETRIC_REPRESENTATION_CONTEXT() REPRESENTATION_CONTEXT('2D SPACE',''
  ) );
#1747 = ADVANCED_FACE('',(#1748),#1715,.F.);
#1748 = FACE_BOUND('',#1749,.F.);
#1749 = EDGE_LOOP('',(#1750,#1751,#1774,#1797));
#1750 = ORIENTED_EDGE('',*,*,#1699,.T.);
#1751 = ORIENTED_EDGE('',*,*,#1752,.T.);
#1752 = EDGE_CURVE('',#1677,#1753,#1755,.T.);
#1753 = VERTEX_POINT('',#1754);
#1754 = CARTESIAN_POINT('',(463.48690693739,-602.6380505462,
    1.162648950837E+03));
#1755 = SURFACE_CURVE('',#1756,(#1760,#1767),.PCURVE_S1.);
#1756 = LINE('',#1757,#1758);
#1757 = CARTESIAN_POINT('',(478.3838504795,-602.9148336255,
    1.164382289877E+03));
#1758 = VECTOR('',#1759,1.);
#1759 = DIRECTION('',(-0.993129569474,1.845220528482E-02,-0.115555936051
    ));
#1760 = PCURVE('',#1715,#1761);
#1761 = DEFINITIONAL_REPRESENTATION('',(#1762),#1766);
#1762 = LINE('',#1763,#1764);
#1763 = CARTESIAN_POINT('',(0.,-1.230630344225E+03));
#1764 = VECTOR('',#1765,1.);
#1765 = DIRECTION('',(1.,0.));
#1766 = ( GEOMETRIC_REPRESENTATION_CONTEXT(2) 
PARAMETRIC_REPRESENTATION_CONTEXT() REPRESENTATION_CONTEXT('2D SPACE',''
  ) );
#1767 = PCURVE('',#1606,#1768);
#1768 = DEFINITIONAL_REPRESENTATION('',(#1769),#1773);
#1769 = LINE('',#1770,#1771);
#1770 = CARTESIAN_POINT('',(7.5,7.5));
#1771 = VECTOR('',#1772,1.);
#1772 = DIRECTION('',(-1.,1.387778780781E-17));
#1773 = ( GEOMETRIC_REPRESENTATION_CONTEXT(2) 
PARAMETRIC_REPRESENTATION_CONTEXT() REPRESENTATION_CONTEXT('2D SPACE',''
  ) );
#1774 = ORIENTED_EDGE('',*,*,#1775,.F.);
#1775 = EDGE_CURVE('',#1776,#1753,#1778,.T.);
#1776 = VERTEX_POINT('',#1777);
#1777 = CARTESIAN_POINT('',(605.69354829738,-220.7076708882,
    1.460981395162));
#1778 = SURFACE_CURVE('',#1779,(#1783,#1790),.PCURVE_S1.);
#1779 = LINE('',#1780,#1781);
#1780 = CARTESIAN_POINT('',(605.69354829738,-220.7076708882,
    1.460981395162));
#1781 = VECTOR('',#1782,1.);
#1782 = DIRECTION('',(-0.115555936051,-0.310353455406,0.943571702819));
#1783 = PCURVE('',#1715,#1784);
#1784 = DEFINITIONAL_REPRESENTATION('',(#1785),#1789);
#1785 = LINE('',#1786,#1787);
#1786 = CARTESIAN_POINT('',(15.,7.105427357601E-15));
#1787 = VECTOR('',#1788,1.);
#1788 = DIRECTION('',(0.,-1.));
#1789 = ( GEOMETRIC_REPRESENTATION_CONTEXT(2) 
PARAMETRIC_REPRESENTATION_CONTEXT() REPRESENTATION_CONTEXT('2D SPACE',''
  ) );
#1790 = PCURVE('',#1578,#1791);
#1791 = DEFINITIONAL_REPRESENTATION('',(#1792),#1796);
#1792 = LINE('',#1793,#1794);
#1793 = CARTESIAN_POINT('',(0.,0.));
#1794 = VECTOR('',#1795,1.);
#1795 = DIRECTION('',(-5.551115123126E-17,-1.));
#1796 = ( GEOMETRIC_REPRESENTATION_CONTEXT(2) 
PARAMETRIC_REPRESENTATION_CONTEXT() REPRESENTATION_CONTEXT('2D SPACE',''
  ) );
#1797 = ORIENTED_EDGE('',*,*,#1798,.F.);
#1798 = EDGE_CURVE('',#1700,#1776,#1799,.T.);
#1799 = SURFACE_CURVE('',#1800,(#1804,#1811),.PCURVE_S1.);
#1800 = LINE('',#1801,#1802);
#1801 = CARTESIAN_POINT('',(620.59049183948,-220.9844539675,
    3.19432043593));
#1802 = VECTOR('',#1803,1.);
#1803 = DIRECTION('',(-0.993129569474,1.845220528482E-02,-0.115555936051
    ));
#1804 = PCURVE('',#1715,#1805);
#1805 = DEFINITIONAL_REPRESENTATION('',(#1806),#1810);
#1806 = LINE('',#1807,#1808);
#1807 = CARTESIAN_POINT('',(0.,0.));
#1808 = VECTOR('',#1809,1.);
#1809 = DIRECTION('',(1.,0.));
#1810 = ( GEOMETRIC_REPRESENTATION_CONTEXT(2) 
PARAMETRIC_REPRESENTATION_CONTEXT() REPRESENTATION_CONTEXT('2D SPACE',''
  ) );
#1811 = PCURVE('',#1660,#1812);
#1812 = DEFINITIONAL_REPRESENTATION('',(#1813),#1817);
#1813 = LINE('',#1814,#1815);
#1814 = CARTESIAN_POINT('',(7.5,7.5));
#1815 = VECTOR('',#1816,1.);
#1816 = DIRECTION('',(-1.,1.387778780781E-17));
#1817 = ( GEOMETRIC_REPRESENTATION_CONTEXT(2) 
PARAMETRIC_REPRESENTATION_CONTEXT() REPRESENTATION_CONTEXT('2D SPACE',''
  ) );
#1818 = ADVANCED_FACE('',(#1819),#1578,.F.);
#1819 = FACE_BOUND('',#1820,.F.);
#1820 = EDGE_LOOP('',(#1821,#1822,#1843,#1844));
#1821 = ORIENTED_EDGE('',*,*,#1775,.T.);
#1822 = ORIENTED_EDGE('',*,*,#1823,.T.);
#1823 = EDGE_CURVE('',#1753,#1558,#1824,.T.);
#1824 = SURFACE_CURVE('',#1825,(#1829,#1836),.PCURVE_S1.);
#1825 = LINE('',#1826,#1827);
#1826 = CARTESIAN_POINT('',(463.48690693739,-602.6380505462,
    1.162648950837E+03));
#1827 = VECTOR('',#1828,1.);
#1828 = DIRECTION('',(1.845220528482E-02,-0.950442133345,-0.310353455406
    ));
#1829 = PCURVE('',#1578,#1830);
#1830 = DEFINITIONAL_REPRESENTATION('',(#1831),#1835);
#1831 = LINE('',#1832,#1833);
#1832 = CARTESIAN_POINT('',(-5.684341886081E-14,-1.230630344225E+03));
#1833 = VECTOR('',#1834,1.);
#1834 = DIRECTION('',(1.,5.551115123126E-17));
#1835 = ( GEOMETRIC_REPRESENTATION_CONTEXT(2) 
PARAMETRIC_REPRESENTATION_CONTEXT() REPRESENTATION_CONTEXT('2D SPACE',''
  ) );
#1836 = PCURVE('',#1606,#1837);
#1837 = DEFINITIONAL_REPRESENTATION('',(#1838),#1842);
#1838 = LINE('',#1839,#1840);
#1839 = CARTESIAN_POINT('',(-7.5,7.5));
#1840 = VECTOR('',#1841,1.);
#1841 = DIRECTION('',(1.387778780781E-17,-1.));
#1842 = ( GEOMETRIC_REPRESENTATION_CONTEXT(2) 
PARAMETRIC_REPRESENTATION_CONTEXT() REPRESENTATION_CONTEXT('2D SPACE',''
  ) );
#1843 = ORIENTED_EDGE('',*,*,#1555,.F.);
#1844 = ORIENTED_EDGE('',*,*,#1845,.F.);
#1845 = EDGE_CURVE('',#1776,#1556,#1846,.T.);
#1846 = SURFACE_CURVE('',#1847,(#1851,#1858),.PCURVE_S1.);
#1847 = LINE('',#1848,#1849);
#1848 = CARTESIAN_POINT('',(605.69354829738,-220.7076708882,
    1.460981395162));
#1849 = VECTOR('',#1850,1.);
#1850 = DIRECTION('',(1.845220528482E-02,-0.950442133345,-0.310353455406
    ));
#1851 = PCURVE('',#1578,#1852);
#1852 = DEFINITIONAL_REPRESENTATION('',(#1853),#1857);
#1853 = LINE('',#1854,#1855);
#1854 = CARTESIAN_POINT('',(0.,0.));
#1855 = VECTOR('',#1856,1.);
#1856 = DIRECTION('',(1.,5.551115123126E-17));
#1857 = ( GEOMETRIC_REPRESENTATION_CONTEXT(2) 
PARAMETRIC_REPRESENTATION_CONTEXT() REPRESENTATION_CONTEXT('2D SPACE',''
  ) );
#1858 = PCURVE('',#1660,#1859);
#1859 = DEFINITIONAL_REPRESENTATION('',(#1860),#1864);
#1860 = LINE('',#1861,#1862);
#1861 = CARTESIAN_POINT('',(-7.5,7.5));
#1862 = VECTOR('',#1863,1.);
#1863 = DIRECTION('',(1.387778780781E-17,-1.));
#1864 = ( GEOMETRIC_REPRESENTATION_CONTEXT(2) 
PARAMETRIC_REPRESENTATION_CONTEXT() REPRESENTATION_CONTEXT('2D SPACE',''
  ) );
#1865 = ADVANCED_FACE('',(#1866),#1660,.F.);
#1866 = FACE_BOUND('',#1867,.F.);
#1867 = EDGE_LOOP('',(#1868,#1869,#1870,#1871));
#1868 = ORIENTED_EDGE('',*,*,#1646,.T.);
#1869 = ORIENTED_EDGE('',*,*,#1727,.T.);
#1870 = ORIENTED_EDGE('',*,*,#1798,.T.);
#1871 = ORIENTED_EDGE('',*,*,#1845,.T.);
#1872 = ADVANCED_FACE('',(#1873),#1606,.T.);
#1873 = FACE_BOUND('',#1874,.T.);
#1874 = EDGE_LOOP('',(#1875,#1876,#1877,#1878));
#1875 = ORIENTED_EDGE('',*,*,#1590,.T.);
#1876 = ORIENTED_EDGE('',*,*,#1676,.T.);
#1877 = ORIENTED_EDGE('',*,*,#1752,.T.);
#1878 = ORIENTED_EDGE('',*,*,#1823,.T.);
#1879 = MANIFOLD_SOLID_BREP('',#1880);
#1880 = CLOSED_SHELL('',(#1881,#2001,#2077,#2148,#2195,#2202));
#1881 = ADVANCED_FACE('',(#1882),#1896,.F.);
#1882 = FACE_BOUND('',#1883,.F.);
#1883 = EDGE_LOOP('',(#1884,#1919,#1947,#1975));
#1884 = ORIENTED_EDGE('',*,*,#1885,.T.);
#1885 = EDGE_CURVE('',#1886,#1888,#1890,.T.);
#1886 = VERTEX_POINT('',#1887);
#1887 = CARTESIAN_POINT('',(-373.0830146202,64.476101755367,
    -0.567703140331));
#1888 = VERTEX_POINT('',#1889);
#1889 = CARTESIAN_POINT('',(-385.2625957274,2.427921880781,
    978.02413222036));
#1890 = SURFACE_CURVE('',#1891,(#1895,#1907),.PCURVE_S1.);
#1891 = LINE('',#1892,#1893);
#1892 = CARTESIAN_POINT('',(-373.0830146202,64.476101755367,
    -0.567703140331));
#1893 = VECTOR('',#1894,1.);
#1894 = DIRECTION('',(-1.242012664981E-02,-6.327362539434E-02,
    0.997918928963));
#1895 = PCURVE('',#1896,#1901);
#1896 = PLANE('',#1897);
#1897 = AXIS2_PLACEMENT_3D('',#1898,#1899,#1900);
#1898 = CARTESIAN_POINT('',(-373.0830146202,64.476101755367,
    -0.567703140331));
#1899 = DIRECTION('',(-3.933425073448E-04,0.997996139076,
    6.327362539434E-02));
#1900 = DIRECTION('',(0.999922789887,-3.933425073448E-04,
    1.242012664981E-02));
#1901 = DEFINITIONAL_REPRESENTATION('',(#1902),#1906);
#1902 = LINE('',#1903,#1904);
#1903 = CARTESIAN_POINT('',(0.,0.));
#1904 = VECTOR('',#1905,1.);
#1905 = DIRECTION('',(1.734723475977E-18,-1.));
#1906 = ( GEOMETRIC_REPRESENTATION_CONTEXT(2) 
PARAMETRIC_REPRESENTATION_CONTEXT() REPRESENTATION_CONTEXT('2D SPACE',''
  ) );
#1907 = PCURVE('',#1908,#1913);
#1908 = PLANE('',#1909);
#1909 = AXIS2_PLACEMENT_3D('',#1910,#1911,#1912);
#1910 = CARTESIAN_POINT('',(-373.0889147579,79.446043841511,
    0.381401240584));
#1911 = DIRECTION('',(0.999922789887,-3.933425073448E-04,
    1.242012664981E-02));
#1912 = DIRECTION('',(3.933425073448E-04,-0.997996139076,
    -6.327362539434E-02));
#1913 = DEFINITIONAL_REPRESENTATION('',(#1914),#1918);
#1914 = LINE('',#1915,#1916);
#1915 = CARTESIAN_POINT('',(15.,7.771561172376E-16));
#1916 = VECTOR('',#1917,1.);
#1917 = DIRECTION('',(0.,-1.));
#1918 = ( GEOMETRIC_REPRESENTATION_CONTEXT(2) 
PARAMETRIC_REPRESENTATION_CONTEXT() REPRESENTATION_CONTEXT('2D SPACE',''
  ) );
#1919 = ORIENTED_EDGE('',*,*,#1920,.T.);
#1920 = EDGE_CURVE('',#1888,#1921,#1923,.T.);
#1921 = VERTEX_POINT('',#1922);
#1922 = CARTESIAN_POINT('',(-370.2637538791,2.422021743171,
    978.21043412011));
#1923 = SURFACE_CURVE('',#1924,(#1928,#1935),.PCURVE_S1.);
#1924 = LINE('',#1925,#1926);
#1925 = CARTESIAN_POINT('',(-385.2625957274,2.427921880781,
    978.02413222036));
#1926 = VECTOR('',#1927,1.);
#1927 = DIRECTION('',(0.999922789887,-3.933425073448E-04,
    1.242012664981E-02));
#1928 = PCURVE('',#1896,#1929);
#1929 = DEFINITIONAL_REPRESENTATION('',(#1930),#1934);
#1930 = LINE('',#1931,#1932);
#1931 = CARTESIAN_POINT('',(3.552713678801E-15,-980.6326014651));
#1932 = VECTOR('',#1933,1.);
#1933 = DIRECTION('',(1.,-1.734723475977E-18));
#1934 = ( GEOMETRIC_REPRESENTATION_CONTEXT(2) 
PARAMETRIC_REPRESENTATION_CONTEXT() REPRESENTATION_CONTEXT('2D SPACE',''
  ) );
#1935 = PCURVE('',#1936,#1941);
#1936 = PLANE('',#1937);
#1937 = AXIS2_PLACEMENT_3D('',#1938,#1939,#1940);
#1938 = CARTESIAN_POINT('',(-377.766124872,9.909942855048,
    978.59183536069));
#1939 = DIRECTION('',(-1.242012664981E-02,-6.327362539434E-02,
    0.997918928963));
#1940 = DIRECTION('',(0.999922789887,-3.933425073448E-04,
    1.242012664981E-02));
#1941 = DEFINITIONAL_REPRESENTATION('',(#1942),#1946);
#1942 = LINE('',#1943,#1944);
#1943 = CARTESIAN_POINT('',(-7.5,-7.5));
#1944 = VECTOR('',#1945,1.);
#1945 = DIRECTION('',(1.,1.994931997373E-17));
#1946 = ( GEOMETRIC_REPRESENTATION_CONTEXT(2) 
PARAMETRIC_REPRESENTATION_CONTEXT() REPRESENTATION_CONTEXT('2D SPACE',''
  ) );
#1947 = ORIENTED_EDGE('',*,*,#1948,.F.);
#1948 = EDGE_CURVE('',#1949,#1921,#1951,.T.);
#1949 = VERTEX_POINT('',#1950);
#1950 = CARTESIAN_POINT('',(-358.0841727719,64.470201617757,
    -0.381401240584));
#1951 = SURFACE_CURVE('',#1952,(#1956,#1963),.PCURVE_S1.);
#1952 = LINE('',#1953,#1954);
#1953 = CARTESIAN_POINT('',(-358.0841727719,64.470201617757,
    -0.381401240584));
#1954 = VECTOR('',#1955,1.);
#1955 = DIRECTION('',(-1.242012664981E-02,-6.327362539434E-02,
    0.997918928963));
#1956 = PCURVE('',#1896,#1957);
#1957 = DEFINITIONAL_REPRESENTATION('',(#1958),#1962);
#1958 = LINE('',#1959,#1960);
#1959 = CARTESIAN_POINT('',(15.,5.551115123126E-17));
#1960 = VECTOR('',#1961,1.);
#1961 = DIRECTION('',(1.734723475977E-18,-1.));
#1962 = ( GEOMETRIC_REPRESENTATION_CONTEXT(2) 
PARAMETRIC_REPRESENTATION_CONTEXT() REPRESENTATION_CONTEXT('2D SPACE',''
  ) );
#1963 = PCURVE('',#1964,#1969);
#1964 = PLANE('',#1965);
#1965 = AXIS2_PLACEMENT_3D('',#1966,#1967,#1968);
#1966 = CARTESIAN_POINT('',(-358.0841727719,64.470201617757,
    -0.381401240584));
#1967 = DIRECTION('',(-0.999922789887,3.933425073448E-04,
    -1.242012664981E-02));
#1968 = DIRECTION('',(-3.933425073448E-04,0.997996139076,
    6.327362539434E-02));
#1969 = DEFINITIONAL_REPRESENTATION('',(#1970),#1974);
#1970 = LINE('',#1971,#1972);
#1971 = CARTESIAN_POINT('',(0.,0.));
#1972 = VECTOR('',#1973,1.);
#1973 = DIRECTION('',(0.,-1.));
#1974 = ( GEOMETRIC_REPRESENTATION_CONTEXT(2) 
PARAMETRIC_REPRESENTATION_CONTEXT() REPRESENTATION_CONTEXT('2D SPACE',''
  ) );
#1975 = ORIENTED_EDGE('',*,*,#1976,.F.);
#1976 = EDGE_CURVE('',#1886,#1949,#1977,.T.);
#1977 = SURFACE_CURVE('',#1978,(#1982,#1989),.PCURVE_S1.);
#1978 = LINE('',#1979,#1980);
#1979 = CARTESIAN_POINT('',(-373.0830146202,64.476101755367,
    -0.567703140331));
#1980 = VECTOR('',#1981,1.);
#1981 = DIRECTION('',(0.999922789887,-3.933425073448E-04,
    1.242012664981E-02));
#1982 = PCURVE('',#1896,#1983);
#1983 = DEFINITIONAL_REPRESENTATION('',(#1984),#1988);
#1984 = LINE('',#1985,#1986);
#1985 = CARTESIAN_POINT('',(0.,0.));
#1986 = VECTOR('',#1987,1.);
#1987 = DIRECTION('',(1.,-1.734723475977E-18));
#1988 = ( GEOMETRIC_REPRESENTATION_CONTEXT(2) 
PARAMETRIC_REPRESENTATION_CONTEXT() REPRESENTATION_CONTEXT('2D SPACE',''
  ) );
#1989 = PCURVE('',#1990,#1995);
#1990 = PLANE('',#1991);
#1991 = AXIS2_PLACEMENT_3D('',#1992,#1993,#1994);
#1992 = CARTESIAN_POINT('',(-365.5865437649,71.958122729634,0.));
#1993 = DIRECTION('',(-1.242012664981E-02,-6.327362539434E-02,
    0.997918928963));
#1994 = DIRECTION('',(0.999922789887,-3.933425073448E-04,
    1.242012664981E-02));
#1995 = DEFINITIONAL_REPRESENTATION('',(#1996),#2000);
#1996 = LINE('',#1997,#1998);
#1997 = CARTESIAN_POINT('',(-7.5,-7.5));
#1998 = VECTOR('',#1999,1.);
#1999 = DIRECTION('',(1.,1.994931997373E-17));
#2000 = ( GEOMETRIC_REPRESENTATION_CONTEXT(2) 
PARAMETRIC_REPRESENTATION_CONTEXT() REPRESENTATION_CONTEXT('2D SPACE',''
  ) );
#2001 = ADVANCED_FACE('',(#2002),#1964,.F.);
#2002 = FACE_BOUND('',#2003,.F.);
#2003 = EDGE_LOOP('',(#2004,#2005,#2028,#2056));
#2004 = ORIENTED_EDGE('',*,*,#1948,.T.);
#2005 = ORIENTED_EDGE('',*,*,#2006,.T.);
#2006 = EDGE_CURVE('',#1921,#2007,#2009,.T.);
#2007 = VERTEX_POINT('',#2008);
#2008 = CARTESIAN_POINT('',(-370.2696540167,17.391963829315,
    979.15953850102));
#2009 = SURFACE_CURVE('',#2010,(#2014,#2021),.PCURVE_S1.);
#2010 = LINE('',#2011,#2012);
#2011 = CARTESIAN_POINT('',(-370.2637538791,2.422021743171,
    978.21043412011));
#2012 = VECTOR('',#2013,1.);
#2013 = DIRECTION('',(-3.933425073448E-04,0.997996139076,
    6.327362539434E-02));
#2014 = PCURVE('',#1964,#2015);
#2015 = DEFINITIONAL_REPRESENTATION('',(#2016),#2020);
#2016 = LINE('',#2017,#2018);
#2017 = CARTESIAN_POINT('',(7.105427357601E-15,-980.6326014651));
#2018 = VECTOR('',#2019,1.);
#2019 = DIRECTION('',(1.,0.));
#2020 = ( GEOMETRIC_REPRESENTATION_CONTEXT(2) 
PARAMETRIC_REPRESENTATION_CONTEXT() REPRESENTATION_CONTEXT('2D SPACE',''
  ) );
#2021 = PCURVE('',#1936,#2022);
#2022 = DEFINITIONAL_REPRESENTATION('',(#2023),#2027);
#2023 = LINE('',#2024,#2025);
#2024 = CARTESIAN_POINT('',(7.5,-7.5));
#2025 = VECTOR('',#2026,1.);
#2026 = DIRECTION('',(2.005774019098E-17,1.));
#2027 = ( GEOMETRIC_REPRESENTATION_CONTEXT(2) 
PARAMETRIC_REPRESENTATION_CONTEXT() REPRESENTATION_CONTEXT('2D SPACE',''
  ) );
#2028 = ORIENTED_EDGE('',*,*,#2029,.F.);
#2029 = EDGE_CURVE('',#2030,#2007,#2032,.T.);
#2030 = VERTEX_POINT('',#2031);
#2031 = CARTESIAN_POINT('',(-358.0900729096,79.440143703901,
    0.567703140331));
#2032 = SURFACE_CURVE('',#2033,(#2037,#2044),.PCURVE_S1.);
#2033 = LINE('',#2034,#2035);
#2034 = CARTESIAN_POINT('',(-358.0900729096,79.440143703901,
    0.567703140331));
#2035 = VECTOR('',#2036,1.);
#2036 = DIRECTION('',(-1.242012664981E-02,-6.327362539434E-02,
    0.997918928963));
#2037 = PCURVE('',#1964,#2038);
#2038 = DEFINITIONAL_REPRESENTATION('',(#2039),#2043);
#2039 = LINE('',#2040,#2041);
#2040 = CARTESIAN_POINT('',(15.,-7.771561172376E-16));
#2041 = VECTOR('',#2042,1.);
#2042 = DIRECTION('',(0.,-1.));
#2043 = ( GEOMETRIC_REPRESENTATION_CONTEXT(2) 
PARAMETRIC_REPRESENTATION_CONTEXT() REPRESENTATION_CONTEXT('2D SPACE',''
  ) );
#2044 = PCURVE('',#2045,#2050);
#2045 = PLANE('',#2046);
#2046 = AXIS2_PLACEMENT_3D('',#2047,#2048,#2049);
#2047 = CARTESIAN_POINT('',(-358.0900729096,79.440143703901,
    0.567703140331));
#2048 = DIRECTION('',(3.933425073448E-04,-0.997996139076,
    -6.327362539434E-02));
#2049 = DIRECTION('',(-0.999922789887,3.933425073448E-04,
    -1.242012664981E-02));
#2050 = DEFINITIONAL_REPRESENTATION('',(#2051),#2055);
#2051 = LINE('',#2052,#2053);
#2052 = CARTESIAN_POINT('',(0.,0.));
#2053 = VECTOR('',#2054,1.);
#2054 = DIRECTION('',(-1.734723475977E-18,-1.));
#2055 = ( GEOMETRIC_REPRESENTATION_CONTEXT(2) 
PARAMETRIC_REPRESENTATION_CONTEXT() REPRESENTATION_CONTEXT('2D SPACE',''
  ) );
#2056 = ORIENTED_EDGE('',*,*,#2057,.F.);
#2057 = EDGE_CURVE('',#1949,#2030,#2058,.T.);
#2058 = SURFACE_CURVE('',#2059,(#2063,#2070),.PCURVE_S1.);
#2059 = LINE('',#2060,#2061);
#2060 = CARTESIAN_POINT('',(-358.0841727719,64.470201617757,
    -0.381401240584));
#2061 = VECTOR('',#2062,1.);
#2062 = DIRECTION('',(-3.933425073448E-04,0.997996139076,
    6.327362539434E-02));
#2063 = PCURVE('',#1964,#2064);
#2064 = DEFINITIONAL_REPRESENTATION('',(#2065),#2069);
#2065 = LINE('',#2066,#2067);
#2066 = CARTESIAN_POINT('',(0.,0.));
#2067 = VECTOR('',#2068,1.);
#2068 = DIRECTION('',(1.,0.));
#2069 = ( GEOMETRIC_REPRESENTATION_CONTEXT(2) 
PARAMETRIC_REPRESENTATION_CONTEXT() REPRESENTATION_CONTEXT('2D SPACE',''
  ) );
#2070 = PCURVE('',#1990,#2071);
#2071 = DEFINITIONAL_REPRESENTATION('',(#2072),#2076);
#2072 = LINE('',#2073,#2074);
#2073 = CARTESIAN_POINT('',(7.5,-7.5));
#2074 = VECTOR('',#2075,1.);
#2075 = DIRECTION('',(2.005774019098E-17,1.));
#2076 = ( GEOMETRIC_REPRESENTATION_CONTEXT(2) 
PARAMETRIC_REPRESENTATION_CONTEXT() REPRESENTATION_CONTEXT('2D SPACE',''
  ) );
#2077 = ADVANCED_FACE('',(#2078),#2045,.F.);
#2078 = FACE_BOUND('',#2079,.F.);
#2079 = EDGE_LOOP('',(#2080,#2081,#2104,#2127));
#2080 = ORIENTED_EDGE('',*,*,#2029,.T.);
#2081 = ORIENTED_EDGE('',*,*,#2082,.T.);
#2082 = EDGE_CURVE('',#2007,#2083,#2085,.T.);
#2083 = VERTEX_POINT('',#2084);
#2084 = CARTESIAN_POINT('',(-385.268495865,17.397863966925,
    978.97323660128));
#2085 = SURFACE_CURVE('',#2086,(#2090,#2097),.PCURVE_S1.);
#2086 = LINE('',#2087,#2088);
#2087 = CARTESIAN_POINT('',(-370.2696540167,17.391963829315,
    979.15953850102));
#2088 = VECTOR('',#2089,1.);
#2089 = DIRECTION('',(-0.999922789887,3.933425073448E-04,
    -1.242012664981E-02));
#2090 = PCURVE('',#2045,#2091);
#2091 = DEFINITIONAL_REPRESENTATION('',(#2092),#2096);
#2092 = LINE('',#2093,#2094);
#2093 = CARTESIAN_POINT('',(-3.552713678801E-15,-980.6326014651));
#2094 = VECTOR('',#2095,1.);
#2095 = DIRECTION('',(1.,1.734723475977E-18));
#2096 = ( GEOMETRIC_REPRESENTATION_CONTEXT(2) 
PARAMETRIC_REPRESENTATION_CONTEXT() REPRESENTATION_CONTEXT('2D SPACE',''
  ) );
#2097 = PCURVE('',#1936,#2098);
#2098 = DEFINITIONAL_REPRESENTATION('',(#2099),#2103);
#2099 = LINE('',#2100,#2101);
#2100 = CARTESIAN_POINT('',(7.5,7.5));
#2101 = VECTOR('',#2102,1.);
#2102 = DIRECTION('',(-1.,-1.994931997373E-17));
#2103 = ( GEOMETRIC_REPRESENTATION_CONTEXT(2) 
PARAMETRIC_REPRESENTATION_CONTEXT() REPRESENTATION_CONTEXT('2D SPACE',''
  ) );
#2104 = ORIENTED_EDGE('',*,*,#2105,.F.);
#2105 = EDGE_CURVE('',#2106,#2083,#2108,.T.);
#2106 = VERTEX_POINT('',#2107);
#2107 = CARTESIAN_POINT('',(-373.0889147579,79.446043841511,
    0.381401240584));
#2108 = SURFACE_CURVE('',#2109,(#2113,#2120),.PCURVE_S1.);
#2109 = LINE('',#2110,#2111);
#2110 = CARTESIAN_POINT('',(-373.0889147579,79.446043841511,
    0.381401240584));
#2111 = VECTOR('',#2112,1.);
#2112 = DIRECTION('',(-1.242012664981E-02,-6.327362539434E-02,
    0.997918928963));
#2113 = PCURVE('',#2045,#2114);
#2114 = DEFINITIONAL_REPRESENTATION('',(#2115),#2119);
#2115 = LINE('',#2116,#2117);
#2116 = CARTESIAN_POINT('',(15.,-5.551115123126E-17));
#2117 = VECTOR('',#2118,1.);
#2118 = DIRECTION('',(-1.734723475977E-18,-1.));
#2119 = ( GEOMETRIC_REPRESENTATION_CONTEXT(2) 
PARAMETRIC_REPRESENTATION_CONTEXT() REPRESENTATION_CONTEXT('2D SPACE',''
  ) );
#2120 = PCURVE('',#1908,#2121);
#2121 = DEFINITIONAL_REPRESENTATION('',(#2122),#2126);
#2122 = LINE('',#2123,#2124);
#2123 = CARTESIAN_POINT('',(0.,0.));
#2124 = VECTOR('',#2125,1.);
#2125 = DIRECTION('',(0.,-1.));
#2126 = ( GEOMETRIC_REPRESENTATION_CONTEXT(2) 
PARAMETRIC_REPRESENTATION_CONTEXT() REPRESENTATION_CONTEXT('2D SPACE',''
  ) );
#2127 = ORIENTED_EDGE('',*,*,#2128,.F.);
#2128 = EDGE_CURVE('',#2030,#2106,#2129,.T.);
#2129 = SURFACE_CURVE('',#2130,(#2134,#2141),.PCURVE_S1.);
#2130 = LINE('',#2131,#2132);
#2131 = CARTESIAN_POINT('',(-358.0900729096,79.440143703901,
    0.567703140331));
#2132 = VECTOR('',#2133,1.);
#2133 = DIRECTION('',(-0.999922789887,3.933425073448E-04,
    -1.242012664981E-02));
#2134 = PCURVE('',#2045,#2135);
#2135 = DEFINITIONAL_REPRESENTATION('',(#2136),#2140);
#2136 = LINE('',#2137,#2138);
#2137 = CARTESIAN_POINT('',(0.,0.));
#2138 = VECTOR('',#2139,1.);
#2139 = DIRECTION('',(1.,1.734723475977E-18));
#2140 = ( GEOMETRIC_REPRESENTATION_CONTEXT(2) 
PARAMETRIC_REPRESENTATION_CONTEXT() REPRESENTATION_CONTEXT('2D SPACE',''
  ) );
#2141 = PCURVE('',#1990,#2142);
#2142 = DEFINITIONAL_REPRESENTATION('',(#2143),#2147);
#2143 = LINE('',#2144,#2145);
#2144 = CARTESIAN_POINT('',(7.5,7.5));
#2145 = VECTOR('',#2146,1.);
#2146 = DIRECTION('',(-1.,-1.994931997373E-17));
#2147 = ( GEOMETRIC_REPRESENTATION_CONTEXT(2) 
PARAMETRIC_REPRESENTATION_CONTEXT() REPRESENTATION_CONTEXT('2D SPACE',''
  ) );
#2148 = ADVANCED_FACE('',(#2149),#1908,.F.);
#2149 = FACE_BOUND('',#2150,.F.);
#2150 = EDGE_LOOP('',(#2151,#2152,#2173,#2174));
#2151 = ORIENTED_EDGE('',*,*,#2105,.T.);
#2152 = ORIENTED_EDGE('',*,*,#2153,.T.);
#2153 = EDGE_CURVE('',#2083,#1888,#2154,.T.);
#2154 = SURFACE_CURVE('',#2155,(#2159,#2166),.PCURVE_S1.);
#2155 = LINE('',#2156,#2157);
#2156 = CARTESIAN_POINT('',(-385.268495865,17.397863966925,
    978.97323660128));
#2157 = VECTOR('',#2158,1.);
#2158 = DIRECTION('',(3.933425073448E-04,-0.997996139076,
    -6.327362539434E-02));
#2159 = PCURVE('',#1908,#2160);
#2160 = DEFINITIONAL_REPRESENTATION('',(#2161),#2165);
#2161 = LINE('',#2162,#2163);
#2162 = CARTESIAN_POINT('',(0.,-980.6326014651));
#2163 = VECTOR('',#2164,1.);
#2164 = DIRECTION('',(1.,0.));
#2165 = ( GEOMETRIC_REPRESENTATION_CONTEXT(2) 
PARAMETRIC_REPRESENTATION_CONTEXT() REPRESENTATION_CONTEXT('2D SPACE',''
  ) );
#2166 = PCURVE('',#1936,#2167);
#2167 = DEFINITIONAL_REPRESENTATION('',(#2168),#2172);
#2168 = LINE('',#2169,#2170);
#2169 = CARTESIAN_POINT('',(-7.5,7.5));
#2170 = VECTOR('',#2171,1.);
#2171 = DIRECTION('',(-2.005774019098E-17,-1.));
#2172 = ( GEOMETRIC_REPRESENTATION_CONTEXT(2) 
PARAMETRIC_REPRESENTATION_CONTEXT() REPRESENTATION_CONTEXT('2D SPACE',''
  ) );
#2173 = ORIENTED_EDGE('',*,*,#1885,.F.);
#2174 = ORIENTED_EDGE('',*,*,#2175,.F.);
#2175 = EDGE_CURVE('',#2106,#1886,#2176,.T.);
#2176 = SURFACE_CURVE('',#2177,(#2181,#2188),.PCURVE_S1.);
#2177 = LINE('',#2178,#2179);
#2178 = CARTESIAN_POINT('',(-373.0889147579,79.446043841511,
    0.381401240584));
#2179 = VECTOR('',#2180,1.);
#2180 = DIRECTION('',(3.933425073448E-04,-0.997996139076,
    -6.327362539434E-02));
#2181 = PCURVE('',#1908,#2182);
#2182 = DEFINITIONAL_REPRESENTATION('',(#2183),#2187);
#2183 = LINE('',#2184,#2185);
#2184 = CARTESIAN_POINT('',(0.,0.));
#2185 = VECTOR('',#2186,1.);
#2186 = DIRECTION('',(1.,0.));
#2187 = ( GEOMETRIC_REPRESENTATION_CONTEXT(2) 
PARAMETRIC_REPRESENTATION_CONTEXT() REPRESENTATION_CONTEXT('2D SPACE',''
  ) );
#2188 = PCURVE('',#1990,#2189);
#2189 = DEFINITIONAL_REPRESENTATION('',(#2190),#2194);
#2190 = LINE('',#2191,#2192);
#2191 = CARTESIAN_POINT('',(-7.5,7.5));
#2192 = VECTOR('',#2193,1.);
#2193 = DIRECTION('',(-2.005774019098E-17,-1.));
#2194 = ( GEOMETRIC_REPRESENTATION_CONTEXT(2) 
PARAMETRIC_REPRESENTATION_CONTEXT() REPRESENTATION_CONTEXT('2D SPACE',''
  ) );
#2195 = ADVANCED_FACE('',(#2196),#1990,.F.);
#2196 = FACE_BOUND('',#2197,.F.);
#2197 = EDGE_LOOP('',(#2198,#2199,#2200,#2201));
#2198 = ORIENTED_EDGE('',*,*,#1976,.T.);
#2199 = ORIENTED_EDGE('',*,*,#2057,.T.);
#2200 = ORIENTED_EDGE('',*,*,#2128,.T.);
#2201 = ORIENTED_EDGE('',*,*,#2175,.T.);
#2202 = ADVANCED_FACE('',(#2203),#1936,.T.);
#2203 = FACE_BOUND('',#2204,.T.);
#2204 = EDGE_LOOP('',(#2205,#2206,#2207,#2208));
#2205 = ORIENTED_EDGE('',*,*,#1920,.T.);
#2206 = ORIENTED_EDGE('',*,*,#2006,.T.);
#2207 = ORIENTED_EDGE('',*,*,#2082,.T.);
#2208 = ORIENTED_EDGE('',*,*,#2153,.T.);
#2209 = MANIFOLD_SOLID_BREP('',#2210);
#2210 = CLOSED_SHELL('',(#2211,#2331,#2407,#2478,#2525,#2532));
#2211 = ADVANCED_FACE('',(#2212),#2226,.F.);
#2212 = FACE_BOUND('',#2213,.F.);
#2213 = EDGE_LOOP('',(#2214,#2249,#2277,#2305));
#2214 = ORIENTED_EDGE('',*,*,#2215,.T.);
#2215 = EDGE_CURVE('',#2216,#2218,#2220,.T.);
#2216 = VERTEX_POINT('',#2217);
#2217 = CARTESIAN_POINT('',(342.98061319576,21.893799477602,
    2.436318083591));
#2218 = VERTEX_POINT('',#2219);
#2219 = CARTESIAN_POINT('',(319.64167681247,303.68959050157,
    746.13363970407));
#2220 = SURFACE_CURVE('',#2221,(#2225,#2237),.PCURVE_S1.);
#2221 = LINE('',#2222,#2223);
#2222 = CARTESIAN_POINT('',(342.98061319576,21.893799477602,
    2.436318083591));
#2223 = VECTOR('',#2224,1.);
#2224 = DIRECTION('',(-2.933362467348E-02,0.354176035819,0.934718606916)
  );
#2225 = PCURVE('',#2226,#2231);
#2226 = PLANE('',#2227);
#2227 = AXIS2_PLACEMENT_3D('',#2228,#2229,#2230);
#2228 = CARTESIAN_POINT('',(342.98061319576,21.893799477602,
    2.436318083591));
#2229 = DIRECTION('',(5.36991108987E-03,0.935163354557,-0.354176035819)
  );
#2230 = DIRECTION('',(0.999555252359,5.36991108987E-03,
    2.933362467348E-02));
#2231 = DEFINITIONAL_REPRESENTATION('',(#2232),#2236);
#2232 = LINE('',#2233,#2234);
#2233 = CARTESIAN_POINT('',(0.,0.));
#2234 = VECTOR('',#2235,1.);
#2235 = DIRECTION('',(0.,-1.));
#2236 = ( GEOMETRIC_REPRESENTATION_CONTEXT(2) 
PARAMETRIC_REPRESENTATION_CONTEXT() REPRESENTATION_CONTEXT('2D SPACE',''
  ) );
#2237 = PCURVE('',#2238,#2243);
#2238 = PLANE('',#2239);
#2239 = AXIS2_PLACEMENT_3D('',#2240,#2241,#2242);
#2240 = CARTESIAN_POINT('',(343.06116186211,35.921249795958,
    -2.876322453693));
#2241 = DIRECTION('',(0.999555252359,5.36991108987E-03,
    2.933362467348E-02));
#2242 = DIRECTION('',(-5.36991108987E-03,-0.935163354557,0.354176035819)
  );
#2243 = DEFINITIONAL_REPRESENTATION('',(#2244),#2248);
#2244 = LINE('',#2245,#2246);
#2245 = CARTESIAN_POINT('',(15.,1.7763568394E-15));
#2246 = VECTOR('',#2247,1.);
#2247 = DIRECTION('',(0.,-1.));
#2248 = ( GEOMETRIC_REPRESENTATION_CONTEXT(2) 
PARAMETRIC_REPRESENTATION_CONTEXT() REPRESENTATION_CONTEXT('2D SPACE',''
  ) );
#2249 = ORIENTED_EDGE('',*,*,#2250,.T.);
#2250 = EDGE_CURVE('',#2218,#2251,#2253,.T.);
#2251 = VERTEX_POINT('',#2252);
#2252 = CARTESIAN_POINT('',(334.63500559785,303.77013916792,
    746.57364407417));
#2253 = SURFACE_CURVE('',#2254,(#2258,#2265),.PCURVE_S1.);
#2254 = LINE('',#2255,#2256);
#2255 = CARTESIAN_POINT('',(319.64167681247,303.68959050157,
    746.13363970407));
#2256 = VECTOR('',#2257,1.);
#2257 = DIRECTION('',(0.999555252359,5.36991108987E-03,
    2.933362467348E-02));
#2258 = PCURVE('',#2226,#2259);
#2259 = DEFINITIONAL_REPRESENTATION('',(#2260),#2264);
#2260 = LINE('',#2261,#2262);
#2261 = CARTESIAN_POINT('',(7.105427357601E-15,-795.6376562077));
#2262 = VECTOR('',#2263,1.);
#2263 = DIRECTION('',(1.,0.));
#2264 = ( GEOMETRIC_REPRESENTATION_CONTEXT(2) 
PARAMETRIC_REPRESENTATION_CONTEXT() REPRESENTATION_CONTEXT('2D SPACE',''
  ) );
#2265 = PCURVE('',#2266,#2271);
#2266 = PLANE('',#2267);
#2267 = AXIS2_PLACEMENT_3D('',#2268,#2269,#2270);
#2268 = CARTESIAN_POINT('',(327.17861553834,310.74358999392,
    743.69732162047));
#2269 = DIRECTION('',(-2.933362467348E-02,0.354176035819,0.934718606916)
  );
#2270 = DIRECTION('',(0.999555252359,5.36991108987E-03,
    2.933362467348E-02));
#2271 = DEFINITIONAL_REPRESENTATION('',(#2272),#2276);
#2272 = LINE('',#2273,#2274);
#2273 = CARTESIAN_POINT('',(-7.5,-7.5));
#2274 = VECTOR('',#2275,1.);
#2275 = DIRECTION('',(1.,6.938893903907E-18));
#2276 = ( GEOMETRIC_REPRESENTATION_CONTEXT(2) 
PARAMETRIC_REPRESENTATION_CONTEXT() REPRESENTATION_CONTEXT('2D SPACE',''
  ) );
#2277 = ORIENTED_EDGE('',*,*,#2278,.F.);
#2278 = EDGE_CURVE('',#2279,#2251,#2281,.T.);
#2279 = VERTEX_POINT('',#2280);
#2280 = CARTESIAN_POINT('',(357.97394198114,21.97434814395,
    2.876322453693));
#2281 = SURFACE_CURVE('',#2282,(#2286,#2293),.PCURVE_S1.);
#2282 = LINE('',#2283,#2284);
#2283 = CARTESIAN_POINT('',(357.97394198114,21.97434814395,
    2.876322453693));
#2284 = VECTOR('',#2285,1.);
#2285 = DIRECTION('',(-2.933362467348E-02,0.354176035819,0.934718606916)
  );
#2286 = PCURVE('',#2226,#2287);
#2287 = DEFINITIONAL_REPRESENTATION('',(#2288),#2292);
#2288 = LINE('',#2289,#2290);
#2289 = CARTESIAN_POINT('',(15.,-1.443289932013E-15));
#2290 = VECTOR('',#2291,1.);
#2291 = DIRECTION('',(0.,-1.));
#2292 = ( GEOMETRIC_REPRESENTATION_CONTEXT(2) 
PARAMETRIC_REPRESENTATION_CONTEXT() REPRESENTATION_CONTEXT('2D SPACE',''
  ) );
#2293 = PCURVE('',#2294,#2299);
#2294 = PLANE('',#2295);
#2295 = AXIS2_PLACEMENT_3D('',#2296,#2297,#2298);
#2296 = CARTESIAN_POINT('',(357.97394198114,21.97434814395,
    2.876322453693));
#2297 = DIRECTION('',(-0.999555252359,-5.36991108987E-03,
    -2.933362467348E-02));
#2298 = DIRECTION('',(5.36991108987E-03,0.935163354557,-0.354176035819)
  );
#2299 = DEFINITIONAL_REPRESENTATION('',(#2300),#2304);
#2300 = LINE('',#2301,#2302);
#2301 = CARTESIAN_POINT('',(0.,0.));
#2302 = VECTOR('',#2303,1.);
#2303 = DIRECTION('',(0.,-1.));
#2304 = ( GEOMETRIC_REPRESENTATION_CONTEXT(2) 
PARAMETRIC_REPRESENTATION_CONTEXT() REPRESENTATION_CONTEXT('2D SPACE',''
  ) );
#2305 = ORIENTED_EDGE('',*,*,#2306,.F.);
#2306 = EDGE_CURVE('',#2216,#2279,#2307,.T.);
#2307 = SURFACE_CURVE('',#2308,(#2312,#2319),.PCURVE_S1.);
#2308 = LINE('',#2309,#2310);
#2309 = CARTESIAN_POINT('',(342.98061319576,21.893799477602,
    2.436318083591));
#2310 = VECTOR('',#2311,1.);
#2311 = DIRECTION('',(0.999555252359,5.36991108987E-03,
    2.933362467348E-02));
#2312 = PCURVE('',#2226,#2313);
#2313 = DEFINITIONAL_REPRESENTATION('',(#2314),#2318);
#2314 = LINE('',#2315,#2316);
#2315 = CARTESIAN_POINT('',(0.,0.));
#2316 = VECTOR('',#2317,1.);
#2317 = DIRECTION('',(1.,0.));
#2318 = ( GEOMETRIC_REPRESENTATION_CONTEXT(2) 
PARAMETRIC_REPRESENTATION_CONTEXT() REPRESENTATION_CONTEXT('2D SPACE',''
  ) );
#2319 = PCURVE('',#2320,#2325);
#2320 = PLANE('',#2321);
#2321 = AXIS2_PLACEMENT_3D('',#2322,#2323,#2324);
#2322 = CARTESIAN_POINT('',(350.51755192162,28.947798969954,0.));
#2323 = DIRECTION('',(-2.933362467348E-02,0.354176035819,0.934718606916)
  );
#2324 = DIRECTION('',(0.999555252359,5.36991108987E-03,
    2.933362467348E-02));
#2325 = DEFINITIONAL_REPRESENTATION('',(#2326),#2330);
#2326 = LINE('',#2327,#2328);
#2327 = CARTESIAN_POINT('',(-7.5,-7.5));
#2328 = VECTOR('',#2329,1.);
#2329 = DIRECTION('',(1.,6.938893903907E-18));
#2330 = ( GEOMETRIC_REPRESENTATION_CONTEXT(2) 
PARAMETRIC_REPRESENTATION_CONTEXT() REPRESENTATION_CONTEXT('2D SPACE',''
  ) );
#2331 = ADVANCED_FACE('',(#2332),#2294,.F.);
#2332 = FACE_BOUND('',#2333,.F.);
#2333 = EDGE_LOOP('',(#2334,#2335,#2358,#2386));
#2334 = ORIENTED_EDGE('',*,*,#2278,.T.);
#2335 = ORIENTED_EDGE('',*,*,#2336,.T.);
#2336 = EDGE_CURVE('',#2251,#2337,#2339,.T.);
#2337 = VERTEX_POINT('',#2338);
#2338 = CARTESIAN_POINT('',(334.7155542642,317.79758948628,
    741.26100353688));
#2339 = SURFACE_CURVE('',#2340,(#2344,#2351),.PCURVE_S1.);
#2340 = LINE('',#2341,#2342);
#2341 = CARTESIAN_POINT('',(334.63500559785,303.77013916792,
    746.57364407417));
#2342 = VECTOR('',#2343,1.);
#2343 = DIRECTION('',(5.36991108987E-03,0.935163354557,-0.354176035819)
  );
#2344 = PCURVE('',#2294,#2345);
#2345 = DEFINITIONAL_REPRESENTATION('',(#2346),#2350);
#2346 = LINE('',#2347,#2348);
#2347 = CARTESIAN_POINT('',(-5.684341886081E-14,-795.6376562077));
#2348 = VECTOR('',#2349,1.);
#2349 = DIRECTION('',(1.,0.));
#2350 = ( GEOMETRIC_REPRESENTATION_CONTEXT(2) 
PARAMETRIC_REPRESENTATION_CONTEXT() REPRESENTATION_CONTEXT('2D SPACE',''
  ) );
#2351 = PCURVE('',#2266,#2352);
#2352 = DEFINITIONAL_REPRESENTATION('',(#2353),#2357);
#2353 = LINE('',#2354,#2355);
#2354 = CARTESIAN_POINT('',(7.5,-7.5));
#2355 = VECTOR('',#2356,1.);
#2356 = DIRECTION('',(6.938893903907E-18,1.));
#2357 = ( GEOMETRIC_REPRESENTATION_CONTEXT(2) 
PARAMETRIC_REPRESENTATION_CONTEXT() REPRESENTATION_CONTEXT('2D SPACE',''
  ) );
#2358 = ORIENTED_EDGE('',*,*,#2359,.F.);
#2359 = EDGE_CURVE('',#2360,#2337,#2362,.T.);
#2360 = VERTEX_POINT('',#2361);
#2361 = CARTESIAN_POINT('',(358.05449064749,36.001798462306,
    -2.436318083591));
#2362 = SURFACE_CURVE('',#2363,(#2367,#2374),.PCURVE_S1.);
#2363 = LINE('',#2364,#2365);
#2364 = CARTESIAN_POINT('',(358.05449064749,36.001798462306,
    -2.436318083591));
#2365 = VECTOR('',#2366,1.);
#2366 = DIRECTION('',(-2.933362467348E-02,0.354176035819,0.934718606916)
  );
#2367 = PCURVE('',#2294,#2368);
#2368 = DEFINITIONAL_REPRESENTATION('',(#2369),#2373);
#2369 = LINE('',#2370,#2371);
#2370 = CARTESIAN_POINT('',(15.,-8.881784197001E-16));
#2371 = VECTOR('',#2372,1.);
#2372 = DIRECTION('',(0.,-1.));
#2373 = ( GEOMETRIC_REPRESENTATION_CONTEXT(2) 
PARAMETRIC_REPRESENTATION_CONTEXT() REPRESENTATION_CONTEXT('2D SPACE',''
  ) );
#2374 = PCURVE('',#2375,#2380);
#2375 = PLANE('',#2376);
#2376 = AXIS2_PLACEMENT_3D('',#2377,#2378,#2379);
#2377 = CARTESIAN_POINT('',(358.05449064749,36.001798462306,
    -2.436318083591));
#2378 = DIRECTION('',(-5.36991108987E-03,-0.935163354557,0.354176035819)
  );
#2379 = DIRECTION('',(-0.999555252359,-5.36991108987E-03,
    -2.933362467348E-02));
#2380 = DEFINITIONAL_REPRESENTATION('',(#2381),#2385);
#2381 = LINE('',#2382,#2383);
#2382 = CARTESIAN_POINT('',(-0.,0.));
#2383 = VECTOR('',#2384,1.);
#2384 = DIRECTION('',(0.,-1.));
#2385 = ( GEOMETRIC_REPRESENTATION_CONTEXT(2) 
PARAMETRIC_REPRESENTATION_CONTEXT() REPRESENTATION_CONTEXT('2D SPACE',''
  ) );
#2386 = ORIENTED_EDGE('',*,*,#2387,.F.);
#2387 = EDGE_CURVE('',#2279,#2360,#2388,.T.);
#2388 = SURFACE_CURVE('',#2389,(#2393,#2400),.PCURVE_S1.);
#2389 = LINE('',#2390,#2391);
#2390 = CARTESIAN_POINT('',(357.97394198114,21.97434814395,
    2.876322453693));
#2391 = VECTOR('',#2392,1.);
#2392 = DIRECTION('',(5.36991108987E-03,0.935163354557,-0.354176035819)
  );
#2393 = PCURVE('',#2294,#2394);
#2394 = DEFINITIONAL_REPRESENTATION('',(#2395),#2399);
#2395 = LINE('',#2396,#2397);
#2396 = CARTESIAN_POINT('',(0.,0.));
#2397 = VECTOR('',#2398,1.);
#2398 = DIRECTION('',(1.,0.));
#2399 = ( GEOMETRIC_REPRESENTATION_CONTEXT(2) 
PARAMETRIC_REPRESENTATION_CONTEXT() REPRESENTATION_CONTEXT('2D SPACE',''
  ) );
#2400 = PCURVE('',#2320,#2401);
#2401 = DEFINITIONAL_REPRESENTATION('',(#2402),#2406);
#2402 = LINE('',#2403,#2404);
#2403 = CARTESIAN_POINT('',(7.5,-7.5));
#2404 = VECTOR('',#2405,1.);
#2405 = DIRECTION('',(6.938893903907E-18,1.));
#2406 = ( GEOMETRIC_REPRESENTATION_CONTEXT(2) 
PARAMETRIC_REPRESENTATION_CONTEXT() REPRESENTATION_CONTEXT('2D SPACE',''
  ) );
#2407 = ADVANCED_FACE('',(#2408),#2375,.F.);
#2408 = FACE_BOUND('',#2409,.F.);
#2409 = EDGE_LOOP('',(#2410,#2411,#2434,#2457));
#2410 = ORIENTED_EDGE('',*,*,#2359,.T.);
#2411 = ORIENTED_EDGE('',*,*,#2412,.T.);
#2412 = EDGE_CURVE('',#2337,#2413,#2415,.T.);
#2413 = VERTEX_POINT('',#2414);
#2414 = CARTESIAN_POINT('',(319.72222547882,317.71704081993,
    740.82099916678));
#2415 = SURFACE_CURVE('',#2416,(#2420,#2427),.PCURVE_S1.);
#2416 = LINE('',#2417,#2418);
#2417 = CARTESIAN_POINT('',(334.7155542642,317.79758948628,
    741.26100353688));
#2418 = VECTOR('',#2419,1.);
#2419 = DIRECTION('',(-0.999555252359,-5.36991108987E-03,
    -2.933362467348E-02));
#2420 = PCURVE('',#2375,#2421);
#2421 = DEFINITIONAL_REPRESENTATION('',(#2422),#2426);
#2422 = LINE('',#2423,#2424);
#2423 = CARTESIAN_POINT('',(-7.105427357601E-15,-795.6376562077));
#2424 = VECTOR('',#2425,1.);
#2425 = DIRECTION('',(1.,0.));
#2426 = ( GEOMETRIC_REPRESENTATION_CONTEXT(2) 
PARAMETRIC_REPRESENTATION_CONTEXT() REPRESENTATION_CONTEXT('2D SPACE',''
  ) );
#2427 = PCURVE('',#2266,#2428);
#2428 = DEFINITIONAL_REPRESENTATION('',(#2429),#2433);
#2429 = LINE('',#2430,#2431);
#2430 = CARTESIAN_POINT('',(7.5,7.5));
#2431 = VECTOR('',#2432,1.);
#2432 = DIRECTION('',(-1.,-6.938893903907E-18));
#2433 = ( GEOMETRIC_REPRESENTATION_CONTEXT(2) 
PARAMETRIC_REPRESENTATION_CONTEXT() REPRESENTATION_CONTEXT('2D SPACE',''
  ) );
#2434 = ORIENTED_EDGE('',*,*,#2435,.F.);
#2435 = EDGE_CURVE('',#2436,#2413,#2438,.T.);
#2436 = VERTEX_POINT('',#2437);
#2437 = CARTESIAN_POINT('',(343.06116186211,35.921249795958,
    -2.876322453693));
#2438 = SURFACE_CURVE('',#2439,(#2443,#2450),.PCURVE_S1.);
#2439 = LINE('',#2440,#2441);
#2440 = CARTESIAN_POINT('',(343.06116186211,35.921249795958,
    -2.876322453693));
#2441 = VECTOR('',#2442,1.);
#2442 = DIRECTION('',(-2.933362467348E-02,0.354176035819,0.934718606916)
  );
#2443 = PCURVE('',#2375,#2444);
#2444 = DEFINITIONAL_REPRESENTATION('',(#2445),#2449);
#2445 = LINE('',#2446,#2447);
#2446 = CARTESIAN_POINT('',(15.,6.106226635438E-16));
#2447 = VECTOR('',#2448,1.);
#2448 = DIRECTION('',(0.,-1.));
#2449 = ( GEOMETRIC_REPRESENTATION_CONTEXT(2) 
PARAMETRIC_REPRESENTATION_CONTEXT() REPRESENTATION_CONTEXT('2D SPACE',''
  ) );
#2450 = PCURVE('',#2238,#2451);
#2451 = DEFINITIONAL_REPRESENTATION('',(#2452),#2456);
#2452 = LINE('',#2453,#2454);
#2453 = CARTESIAN_POINT('',(0.,0.));
#2454 = VECTOR('',#2455,1.);
#2455 = DIRECTION('',(0.,-1.));
#2456 = ( GEOMETRIC_REPRESENTATION_CONTEXT(2) 
PARAMETRIC_REPRESENTATION_CONTEXT() REPRESENTATION_CONTEXT('2D SPACE',''
  ) );
#2457 = ORIENTED_EDGE('',*,*,#2458,.F.);
#2458 = EDGE_CURVE('',#2360,#2436,#2459,.T.);
#2459 = SURFACE_CURVE('',#2460,(#2464,#2471),.PCURVE_S1.);
#2460 = LINE('',#2461,#2462);
#2461 = CARTESIAN_POINT('',(358.05449064749,36.001798462306,
    -2.436318083591));
#2462 = VECTOR('',#2463,1.);
#2463 = DIRECTION('',(-0.999555252359,-5.36991108987E-03,
    -2.933362467348E-02));
#2464 = PCURVE('',#2375,#2465);
#2465 = DEFINITIONAL_REPRESENTATION('',(#2466),#2470);
#2466 = LINE('',#2467,#2468);
#2467 = CARTESIAN_POINT('',(-0.,0.));
#2468 = VECTOR('',#2469,1.);
#2469 = DIRECTION('',(1.,0.));
#2470 = ( GEOMETRIC_REPRESENTATION_CONTEXT(2) 
PARAMETRIC_REPRESENTATION_CONTEXT() REPRESENTATION_CONTEXT('2D SPACE',''
  ) );
#2471 = PCURVE('',#2320,#2472);
#2472 = DEFINITIONAL_REPRESENTATION('',(#2473),#2477);
#2473 = LINE('',#2474,#2475);
#2474 = CARTESIAN_POINT('',(7.5,7.5));
#2475 = VECTOR('',#2476,1.);
#2476 = DIRECTION('',(-1.,-6.938893903907E-18));
#2477 = ( GEOMETRIC_REPRESENTATION_CONTEXT(2) 
PARAMETRIC_REPRESENTATION_CONTEXT() REPRESENTATION_CONTEXT('2D SPACE',''
  ) );
#2478 = ADVANCED_FACE('',(#2479),#2238,.F.);
#2479 = FACE_BOUND('',#2480,.F.);
#2480 = EDGE_LOOP('',(#2481,#2482,#2503,#2504));
#2481 = ORIENTED_EDGE('',*,*,#2435,.T.);
#2482 = ORIENTED_EDGE('',*,*,#2483,.T.);
#2483 = EDGE_CURVE('',#2413,#2218,#2484,.T.);
#2484 = SURFACE_CURVE('',#2485,(#2489,#2496),.PCURVE_S1.);
#2485 = LINE('',#2486,#2487);
#2486 = CARTESIAN_POINT('',(319.72222547882,317.71704081993,
    740.82099916678));
#2487 = VECTOR('',#2488,1.);
#2488 = DIRECTION('',(-5.36991108987E-03,-0.935163354557,0.354176035819)
  );
#2489 = PCURVE('',#2238,#2490);
#2490 = DEFINITIONAL_REPRESENTATION('',(#2491),#2495);
#2491 = LINE('',#2492,#2493);
#2492 = CARTESIAN_POINT('',(0.,-795.6376562077));
#2493 = VECTOR('',#2494,1.);
#2494 = DIRECTION('',(1.,0.));
#2495 = ( GEOMETRIC_REPRESENTATION_CONTEXT(2) 
PARAMETRIC_REPRESENTATION_CONTEXT() REPRESENTATION_CONTEXT('2D SPACE',''
  ) );
#2496 = PCURVE('',#2266,#2497);
#2497 = DEFINITIONAL_REPRESENTATION('',(#2498),#2502);
#2498 = LINE('',#2499,#2500);
#2499 = CARTESIAN_POINT('',(-7.5,7.5));
#2500 = VECTOR('',#2501,1.);
#2501 = DIRECTION('',(-6.938893903907E-18,-1.));
#2502 = ( GEOMETRIC_REPRESENTATION_CONTEXT(2) 
PARAMETRIC_REPRESENTATION_CONTEXT() REPRESENTATION_CONTEXT('2D SPACE',''
  ) );
#2503 = ORIENTED_EDGE('',*,*,#2215,.F.);
#2504 = ORIENTED_EDGE('',*,*,#2505,.F.);
#2505 = EDGE_CURVE('',#2436,#2216,#2506,.T.);
#2506 = SURFACE_CURVE('',#2507,(#2511,#2518),.PCURVE_S1.);
#2507 = LINE('',#2508,#2509);
#2508 = CARTESIAN_POINT('',(343.06116186211,35.921249795958,
    -2.876322453693));
#2509 = VECTOR('',#2510,1.);
#2510 = DIRECTION('',(-5.36991108987E-03,-0.935163354557,0.354176035819)
  );
#2511 = PCURVE('',#2238,#2512);
#2512 = DEFINITIONAL_REPRESENTATION('',(#2513),#2517);
#2513 = LINE('',#2514,#2515);
#2514 = CARTESIAN_POINT('',(0.,0.));
#2515 = VECTOR('',#2516,1.);
#2516 = DIRECTION('',(1.,0.));
#2517 = ( GEOMETRIC_REPRESENTATION_CONTEXT(2) 
PARAMETRIC_REPRESENTATION_CONTEXT() REPRESENTATION_CONTEXT('2D SPACE',''
  ) );
#2518 = PCURVE('',#2320,#2519);
#2519 = DEFINITIONAL_REPRESENTATION('',(#2520),#2524);
#2520 = LINE('',#2521,#2522);
#2521 = CARTESIAN_POINT('',(-7.5,7.5));
#2522 = VECTOR('',#2523,1.);
#2523 = DIRECTION('',(-6.938893903907E-18,-1.));
#2524 = ( GEOMETRIC_REPRESENTATION_CONTEXT(2) 
PARAMETRIC_REPRESENTATION_CONTEXT() REPRESENTATION_CONTEXT('2D SPACE',''
  ) );
#2525 = ADVANCED_FACE('',(#2526),#2320,.F.);
#2526 = FACE_BOUND('',#2527,.F.);
#2527 = EDGE_LOOP('',(#2528,#2529,#2530,#2531));
#2528 = ORIENTED_EDGE('',*,*,#2306,.T.);
#2529 = ORIENTED_EDGE('',*,*,#2387,.T.);
#2530 = ORIENTED_EDGE('',*,*,#2458,.T.);
#2531 = ORIENTED_EDGE('',*,*,#2505,.T.);
#2532 = ADVANCED_FACE('',(#2533),#2266,.T.);
#2533 = FACE_BOUND('',#2534,.T.);
#2534 = EDGE_LOOP('',(#2535,#2536,#2537,#2538));
#2535 = ORIENTED_EDGE('',*,*,#2250,.T.);
#2536 = ORIENTED_EDGE('',*,*,#2336,.T.);
#2537 = ORIENTED_EDGE('',*,*,#2412,.T.);
#2538 = ORIENTED_EDGE('',*,*,#2483,.T.);
#2539 = MANIFOLD_SOLID_BREP('',#2540);
#2540 = CLOSED_SHELL('',(#2541,#2661,#2737,#2808,#2855,#2862));
#2541 = ADVANCED_FACE('',(#2542),#2556,.F.);
#2542 = FACE_BOUND('',#2543,.F.);
#2543 = EDGE_LOOP('',(#2544,#2579,#2607,#2635));
#2544 = ORIENTED_EDGE('',*,*,#2545,.T.);
#2545 = EDGE_CURVE('',#2546,#2548,#2550,.T.);
#2546 = VERTEX_POINT('',#2547);
#2547 = CARTESIAN_POINT('',(81.183138634378,331.94425255423,
    -1.722035082572));
#2548 = VERTEX_POINT('',#2549);
#2549 = CARTESIAN_POINT('',(-316.9890241062,434.45567126518,
    1.218568165832E+03));
#2550 = SURFACE_CURVE('',#2551,(#2555,#2567),.PCURVE_S1.);
#2551 = LINE('',#2552,#2553);
#2552 = CARTESIAN_POINT('',(81.183138634378,331.94425255423,
    -1.722035082572));
#2553 = VECTOR('',#2554,1.);
#2554 = DIRECTION('',(-0.309213153697,7.960847602038E-02,0.947654850738)
  );
#2555 = PCURVE('',#2556,#2561);
#2556 = PLANE('',#2557);
#2557 = AXIS2_PLACEMENT_3D('',#2558,#2559,#2560);
#2558 = CARTESIAN_POINT('',(81.183138634378,331.94425255423,
    -1.722035082572));
#2559 = DIRECTION('',(1.263878346921E-02,0.996746081857,
    -7.960847602038E-02));
#2560 = DIRECTION('',(0.95090876888,1.263878346921E-02,0.309213153697));
#2561 = DEFINITIONAL_REPRESENTATION('',(#2562),#2566);
#2562 = LINE('',#2563,#2564);
#2563 = CARTESIAN_POINT('',(0.,0.));
#2564 = VECTOR('',#2565,1.);
#2565 = DIRECTION('',(5.551115123126E-17,-1.));
#2566 = ( GEOMETRIC_REPRESENTATION_CONTEXT(2) 
PARAMETRIC_REPRESENTATION_CONTEXT() REPRESENTATION_CONTEXT('2D SPACE',''
  ) );
#2567 = PCURVE('',#2568,#2573);
#2568 = PLANE('',#2569);
#2569 = AXIS2_PLACEMENT_3D('',#2570,#2571,#2572);
#2570 = CARTESIAN_POINT('',(81.372720386416,346.8954437821,
    -2.916162222877));
#2571 = DIRECTION('',(0.95090876888,1.263878346921E-02,0.309213153697));
#2572 = DIRECTION('',(-1.263878346921E-02,-0.996746081857,
    7.960847602038E-02));
#2573 = DEFINITIONAL_REPRESENTATION('',(#2574),#2578);
#2574 = LINE('',#2575,#2576);
#2575 = CARTESIAN_POINT('',(15.,2.442490654175E-15));
#2576 = VECTOR('',#2577,1.);
#2577 = DIRECTION('',(0.,-1.));
#2578 = ( GEOMETRIC_REPRESENTATION_CONTEXT(2) 
PARAMETRIC_REPRESENTATION_CONTEXT() REPRESENTATION_CONTEXT('2D SPACE',''
  ) );
#2579 = ORIENTED_EDGE('',*,*,#2580,.T.);
#2580 = EDGE_CURVE('',#2548,#2581,#2583,.T.);
#2581 = VERTEX_POINT('',#2582);
#2582 = CARTESIAN_POINT('',(-302.725392573,434.64525301722,
    1.223206363138E+03));
#2583 = SURFACE_CURVE('',#2584,(#2588,#2595),.PCURVE_S1.);
#2584 = LINE('',#2585,#2586);
#2585 = CARTESIAN_POINT('',(-316.9890241062,434.45567126518,
    1.218568165832E+03));
#2586 = VECTOR('',#2587,1.);
#2587 = DIRECTION('',(0.95090876888,1.263878346921E-02,0.309213153697));
#2588 = PCURVE('',#2556,#2589);
#2589 = DEFINITIONAL_REPRESENTATION('',(#2590),#2594);
#2590 = LINE('',#2591,#2592);
#2591 = CARTESIAN_POINT('',(5.684341886081E-14,-1.287694776178E+03));
#2592 = VECTOR('',#2593,1.);
#2593 = DIRECTION('',(1.,-5.551115123126E-17));
#2594 = ( GEOMETRIC_REPRESENTATION_CONTEXT(2) 
PARAMETRIC_REPRESENTATION_CONTEXT() REPRESENTATION_CONTEXT('2D SPACE',''
  ) );
#2595 = PCURVE('',#2596,#2601);
#2596 = PLANE('',#2597);
#2597 = AXIS2_PLACEMENT_3D('',#2598,#2599,#2600);
#2598 = CARTESIAN_POINT('',(-309.7624174636,442.02605775513,
    1.220290200915E+03));
#2599 = DIRECTION('',(-0.309213153697,7.960847602038E-02,0.947654850738)
  );
#2600 = DIRECTION('',(0.95090876888,1.263878346921E-02,0.309213153697));
#2601 = DEFINITIONAL_REPRESENTATION('',(#2602),#2606);
#2602 = LINE('',#2603,#2604);
#2603 = CARTESIAN_POINT('',(-7.5,-7.5));
#2604 = VECTOR('',#2605,1.);
#2605 = DIRECTION('',(1.,-1.040834085586E-17));
#2606 = ( GEOMETRIC_REPRESENTATION_CONTEXT(2) 
PARAMETRIC_REPRESENTATION_CONTEXT() REPRESENTATION_CONTEXT('2D SPACE',''
  ) );
#2607 = ORIENTED_EDGE('',*,*,#2608,.F.);
#2608 = EDGE_CURVE('',#2609,#2581,#2611,.T.);
#2609 = VERTEX_POINT('',#2610);
#2610 = CARTESIAN_POINT('',(95.446770167582,332.13383430627,
    2.916162222877));
#2611 = SURFACE_CURVE('',#2612,(#2616,#2623),.PCURVE_S1.);
#2612 = LINE('',#2613,#2614);
#2613 = CARTESIAN_POINT('',(95.446770167582,332.13383430627,
    2.916162222877));
#2614 = VECTOR('',#2615,1.);
#2615 = DIRECTION('',(-0.309213153697,7.960847602038E-02,0.947654850738)
  );
#2616 = PCURVE('',#2556,#2617);
#2617 = DEFINITIONAL_REPRESENTATION('',(#2618),#2622);
#2618 = LINE('',#2619,#2620);
#2619 = CARTESIAN_POINT('',(15.,-8.881784197001E-16));
#2620 = VECTOR('',#2621,1.);
#2621 = DIRECTION('',(5.551115123126E-17,-1.));
#2622 = ( GEOMETRIC_REPRESENTATION_CONTEXT(2) 
PARAMETRIC_REPRESENTATION_CONTEXT() REPRESENTATION_CONTEXT('2D SPACE',''
  ) );
#2623 = PCURVE('',#2624,#2629);
#2624 = PLANE('',#2625);
#2625 = AXIS2_PLACEMENT_3D('',#2626,#2627,#2628);
#2626 = CARTESIAN_POINT('',(95.446770167582,332.13383430627,
    2.916162222877));
#2627 = DIRECTION('',(-0.95090876888,-1.263878346921E-02,-0.309213153697
    ));
#2628 = DIRECTION('',(1.263878346921E-02,0.996746081857,
    -7.960847602038E-02));
#2629 = DEFINITIONAL_REPRESENTATION('',(#2630),#2634);
#2630 = LINE('',#2631,#2632);
#2631 = CARTESIAN_POINT('',(0.,0.));
#2632 = VECTOR('',#2633,1.);
#2633 = DIRECTION('',(0.,-1.));
#2634 = ( GEOMETRIC_REPRESENTATION_CONTEXT(2) 
PARAMETRIC_REPRESENTATION_CONTEXT() REPRESENTATION_CONTEXT('2D SPACE',''
  ) );
#2635 = ORIENTED_EDGE('',*,*,#2636,.F.);
#2636 = EDGE_CURVE('',#2546,#2609,#2637,.T.);
#2637 = SURFACE_CURVE('',#2638,(#2642,#2649),.PCURVE_S1.);
#2638 = LINE('',#2639,#2640);
#2639 = CARTESIAN_POINT('',(81.183138634378,331.94425255423,
    -1.722035082572));
#2640 = VECTOR('',#2641,1.);
#2641 = DIRECTION('',(0.95090876888,1.263878346921E-02,0.309213153697));
#2642 = PCURVE('',#2556,#2643);
#2643 = DEFINITIONAL_REPRESENTATION('',(#2644),#2648);
#2644 = LINE('',#2645,#2646);
#2645 = CARTESIAN_POINT('',(0.,0.));
#2646 = VECTOR('',#2647,1.);
#2647 = DIRECTION('',(1.,-5.551115123126E-17));
#2648 = ( GEOMETRIC_REPRESENTATION_CONTEXT(2) 
PARAMETRIC_REPRESENTATION_CONTEXT() REPRESENTATION_CONTEXT('2D SPACE',''
  ) );
#2649 = PCURVE('',#2650,#2655);
#2650 = PLANE('',#2651);
#2651 = AXIS2_PLACEMENT_3D('',#2652,#2653,#2654);
#2652 = CARTESIAN_POINT('',(88.409745276999,339.51463904418,0.));
#2653 = DIRECTION('',(-0.309213153697,7.960847602038E-02,0.947654850738)
  );
#2654 = DIRECTION('',(0.95090876888,1.263878346921E-02,0.309213153697));
#2655 = DEFINITIONAL_REPRESENTATION('',(#2656),#2660);
#2656 = LINE('',#2657,#2658);
#2657 = CARTESIAN_POINT('',(-7.5,-7.5));
#2658 = VECTOR('',#2659,1.);
#2659 = DIRECTION('',(1.,-1.040834085586E-17));
#2660 = ( GEOMETRIC_REPRESENTATION_CONTEXT(2) 
PARAMETRIC_REPRESENTATION_CONTEXT() REPRESENTATION_CONTEXT('2D SPACE',''
  ) );
#2661 = ADVANCED_FACE('',(#2662),#2624,.F.);
#2662 = FACE_BOUND('',#2663,.F.);
#2663 = EDGE_LOOP('',(#2664,#2665,#2688,#2716));
#2664 = ORIENTED_EDGE('',*,*,#2608,.T.);
#2665 = ORIENTED_EDGE('',*,*,#2666,.T.);
#2666 = EDGE_CURVE('',#2581,#2667,#2669,.T.);
#2667 = VERTEX_POINT('',#2668);
#2668 = CARTESIAN_POINT('',(-302.535810821,449.59644424508,
    1.222012235997E+03));
#2669 = SURFACE_CURVE('',#2670,(#2674,#2681),.PCURVE_S1.);
#2670 = LINE('',#2671,#2672);
#2671 = CARTESIAN_POINT('',(-302.725392573,434.64525301722,
    1.223206363138E+03));
#2672 = VECTOR('',#2673,1.);
#2673 = DIRECTION('',(1.263878346921E-02,0.996746081857,
    -7.960847602038E-02));
#2674 = PCURVE('',#2624,#2675);
#2675 = DEFINITIONAL_REPRESENTATION('',(#2676),#2680);
#2676 = LINE('',#2677,#2678);
#2677 = CARTESIAN_POINT('',(-2.84217094304E-14,-1.287694776178E+03));
#2678 = VECTOR('',#2679,1.);
#2679 = DIRECTION('',(1.,0.));
#2680 = ( GEOMETRIC_REPRESENTATION_CONTEXT(2) 
PARAMETRIC_REPRESENTATION_CONTEXT() REPRESENTATION_CONTEXT('2D SPACE',''
  ) );
#2681 = PCURVE('',#2596,#2682);
#2682 = DEFINITIONAL_REPRESENTATION('',(#2683),#2687);
#2683 = LINE('',#2684,#2685);
#2684 = CARTESIAN_POINT('',(7.5,-7.5));
#2685 = VECTOR('',#2686,1.);
#2686 = DIRECTION('',(-1.040834085586E-17,1.));
#2687 = ( GEOMETRIC_REPRESENTATION_CONTEXT(2) 
PARAMETRIC_REPRESENTATION_CONTEXT() REPRESENTATION_CONTEXT('2D SPACE',''
  ) );
#2688 = ORIENTED_EDGE('',*,*,#2689,.F.);
#2689 = EDGE_CURVE('',#2690,#2667,#2692,.T.);
#2690 = VERTEX_POINT('',#2691);
#2691 = CARTESIAN_POINT('',(95.63635191962,347.08502553413,
    1.722035082572));
#2692 = SURFACE_CURVE('',#2693,(#2697,#2704),.PCURVE_S1.);
#2693 = LINE('',#2694,#2695);
#2694 = CARTESIAN_POINT('',(95.63635191962,347.08502553413,
    1.722035082572));
#2695 = VECTOR('',#2696,1.);
#2696 = DIRECTION('',(-0.309213153697,7.960847602038E-02,0.947654850738)
  );
#2697 = PCURVE('',#2624,#2698);
#2698 = DEFINITIONAL_REPRESENTATION('',(#2699),#2703);
#2699 = LINE('',#2700,#2701);
#2700 = CARTESIAN_POINT('',(15.,-2.442490654175E-15));
#2701 = VECTOR('',#2702,1.);
#2702 = DIRECTION('',(0.,-1.));
#2703 = ( GEOMETRIC_REPRESENTATION_CONTEXT(2) 
PARAMETRIC_REPRESENTATION_CONTEXT() REPRESENTATION_CONTEXT('2D SPACE',''
  ) );
#2704 = PCURVE('',#2705,#2710);
#2705 = PLANE('',#2706);
#2706 = AXIS2_PLACEMENT_3D('',#2707,#2708,#2709);
#2707 = CARTESIAN_POINT('',(95.63635191962,347.08502553413,
    1.722035082572));
#2708 = DIRECTION('',(-1.263878346921E-02,-0.996746081857,
    7.960847602038E-02));
#2709 = DIRECTION('',(-0.95090876888,-1.263878346921E-02,-0.309213153697
    ));
#2710 = DEFINITIONAL_REPRESENTATION('',(#2711),#2715);
#2711 = LINE('',#2712,#2713);
#2712 = CARTESIAN_POINT('',(-0.,0.));
#2713 = VECTOR('',#2714,1.);
#2714 = DIRECTION('',(-5.551115123126E-17,-1.));
#2715 = ( GEOMETRIC_REPRESENTATION_CONTEXT(2) 
PARAMETRIC_REPRESENTATION_CONTEXT() REPRESENTATION_CONTEXT('2D SPACE',''
  ) );
#2716 = ORIENTED_EDGE('',*,*,#2717,.F.);
#2717 = EDGE_CURVE('',#2609,#2690,#2718,.T.);
#2718 = SURFACE_CURVE('',#2719,(#2723,#2730),.PCURVE_S1.);
#2719 = LINE('',#2720,#2721);
#2720 = CARTESIAN_POINT('',(95.446770167582,332.13383430627,
    2.916162222877));
#2721 = VECTOR('',#2722,1.);
#2722 = DIRECTION('',(1.263878346921E-02,0.996746081857,
    -7.960847602038E-02));
#2723 = PCURVE('',#2624,#2724);
#2724 = DEFINITIONAL_REPRESENTATION('',(#2725),#2729);
#2725 = LINE('',#2726,#2727);
#2726 = CARTESIAN_POINT('',(0.,0.));
#2727 = VECTOR('',#2728,1.);
#2728 = DIRECTION('',(1.,0.));
#2729 = ( GEOMETRIC_REPRESENTATION_CONTEXT(2) 
PARAMETRIC_REPRESENTATION_CONTEXT() REPRESENTATION_CONTEXT('2D SPACE',''
  ) );
#2730 = PCURVE('',#2650,#2731);
#2731 = DEFINITIONAL_REPRESENTATION('',(#2732),#2736);
#2732 = LINE('',#2733,#2734);
#2733 = CARTESIAN_POINT('',(7.5,-7.5));
#2734 = VECTOR('',#2735,1.);
#2735 = DIRECTION('',(-1.040834085586E-17,1.));
#2736 = ( GEOMETRIC_REPRESENTATION_CONTEXT(2) 
PARAMETRIC_REPRESENTATION_CONTEXT() REPRESENTATION_CONTEXT('2D SPACE',''
  ) );
#2737 = ADVANCED_FACE('',(#2738),#2705,.F.);
#2738 = FACE_BOUND('',#2739,.F.);
#2739 = EDGE_LOOP('',(#2740,#2741,#2764,#2787));
#2740 = ORIENTED_EDGE('',*,*,#2689,.T.);
#2741 = ORIENTED_EDGE('',*,*,#2742,.T.);
#2742 = EDGE_CURVE('',#2667,#2743,#2745,.T.);
#2743 = VERTEX_POINT('',#2744);
#2744 = CARTESIAN_POINT('',(-316.7994423542,449.40686249304,
    1.217374038692E+03));
#2745 = SURFACE_CURVE('',#2746,(#2750,#2757),.PCURVE_S1.);
#2746 = LINE('',#2747,#2748);
#2747 = CARTESIAN_POINT('',(-302.535810821,449.59644424508,
    1.222012235997E+03));
#2748 = VECTOR('',#2749,1.);
#2749 = DIRECTION('',(-0.95090876888,-1.263878346921E-02,-0.309213153697
    ));
#2750 = PCURVE('',#2705,#2751);
#2751 = DEFINITIONAL_REPRESENTATION('',(#2752),#2756);
#2752 = LINE('',#2753,#2754);
#2753 = CARTESIAN_POINT('',(5.684341886081E-14,-1.287694776178E+03));
#2754 = VECTOR('',#2755,1.);
#2755 = DIRECTION('',(1.,5.551115123126E-17));
#2756 = ( GEOMETRIC_REPRESENTATION_CONTEXT(2) 
PARAMETRIC_REPRESENTATION_CONTEXT() REPRESENTATION_CONTEXT('2D SPACE',''
  ) );
#2757 = PCURVE('',#2596,#2758);
#2758 = DEFINITIONAL_REPRESENTATION('',(#2759),#2763);
#2759 = LINE('',#2760,#2761);
#2760 = CARTESIAN_POINT('',(7.5,7.5));
#2761 = VECTOR('',#2762,1.);
#2762 = DIRECTION('',(-1.,1.040834085586E-17));
#2763 = ( GEOMETRIC_REPRESENTATION_CONTEXT(2) 
PARAMETRIC_REPRESENTATION_CONTEXT() REPRESENTATION_CONTEXT('2D SPACE',''
  ) );
#2764 = ORIENTED_EDGE('',*,*,#2765,.F.);
#2765 = EDGE_CURVE('',#2766,#2743,#2768,.T.);
#2766 = VERTEX_POINT('',#2767);
#2767 = CARTESIAN_POINT('',(81.372720386416,346.8954437821,
    -2.916162222877));
#2768 = SURFACE_CURVE('',#2769,(#2773,#2780),.PCURVE_S1.);
#2769 = LINE('',#2770,#2771);
#2770 = CARTESIAN_POINT('',(81.372720386416,346.8954437821,
    -2.916162222877));
#2771 = VECTOR('',#2772,1.);
#2772 = DIRECTION('',(-0.309213153697,7.960847602038E-02,0.947654850738)
  );
#2773 = PCURVE('',#2705,#2774);
#2774 = DEFINITIONAL_REPRESENTATION('',(#2775),#2779);
#2775 = LINE('',#2776,#2777);
#2776 = CARTESIAN_POINT('',(15.,8.881784197001E-16));
#2777 = VECTOR('',#2778,1.);
#2778 = DIRECTION('',(-5.551115123126E-17,-1.));
#2779 = ( GEOMETRIC_REPRESENTATION_CONTEXT(2) 
PARAMETRIC_REPRESENTATION_CONTEXT() REPRESENTATION_CONTEXT('2D SPACE',''
  ) );
#2780 = PCURVE('',#2568,#2781);
#2781 = DEFINITIONAL_REPRESENTATION('',(#2782),#2786);
#2782 = LINE('',#2783,#2784);
#2783 = CARTESIAN_POINT('',(0.,0.));
#2784 = VECTOR('',#2785,1.);
#2785 = DIRECTION('',(0.,-1.));
#2786 = ( GEOMETRIC_REPRESENTATION_CONTEXT(2) 
PARAMETRIC_REPRESENTATION_CONTEXT() REPRESENTATION_CONTEXT('2D SPACE',''
  ) );
#2787 = ORIENTED_EDGE('',*,*,#2788,.F.);
#2788 = EDGE_CURVE('',#2690,#2766,#2789,.T.);
#2789 = SURFACE_CURVE('',#2790,(#2794,#2801),.PCURVE_S1.);
#2790 = LINE('',#2791,#2792);
#2791 = CARTESIAN_POINT('',(95.63635191962,347.08502553413,
    1.722035082572));
#2792 = VECTOR('',#2793,1.);
#2793 = DIRECTION('',(-0.95090876888,-1.263878346921E-02,-0.309213153697
    ));
#2794 = PCURVE('',#2705,#2795);
#2795 = DEFINITIONAL_REPRESENTATION('',(#2796),#2800);
#2796 = LINE('',#2797,#2798);
#2797 = CARTESIAN_POINT('',(-0.,0.));
#2798 = VECTOR('',#2799,1.);
#2799 = DIRECTION('',(1.,5.551115123126E-17));
#2800 = ( GEOMETRIC_REPRESENTATION_CONTEXT(2) 
PARAMETRIC_REPRESENTATION_CONTEXT() REPRESENTATION_CONTEXT('2D SPACE',''
  ) );
#2801 = PCURVE('',#2650,#2802);
#2802 = DEFINITIONAL_REPRESENTATION('',(#2803),#2807);
#2803 = LINE('',#2804,#2805);
#2804 = CARTESIAN_POINT('',(7.5,7.5));
#2805 = VECTOR('',#2806,1.);
#2806 = DIRECTION('',(-1.,1.040834085586E-17));
#2807 = ( GEOMETRIC_REPRESENTATION_CONTEXT(2) 
PARAMETRIC_REPRESENTATION_CONTEXT() REPRESENTATION_CONTEXT('2D SPACE',''
  ) );
#2808 = ADVANCED_FACE('',(#2809),#2568,.F.);
#2809 = FACE_BOUND('',#2810,.F.);
#2810 = EDGE_LOOP('',(#2811,#2812,#2833,#2834));
#2811 = ORIENTED_EDGE('',*,*,#2765,.T.);
#2812 = ORIENTED_EDGE('',*,*,#2813,.T.);
#2813 = EDGE_CURVE('',#2743,#2548,#2814,.T.);
#2814 = SURFACE_CURVE('',#2815,(#2819,#2826),.PCURVE_S1.);
#2815 = LINE('',#2816,#2817);
#2816 = CARTESIAN_POINT('',(-316.7994423542,449.40686249304,
    1.217374038692E+03));
#2817 = VECTOR('',#2818,1.);
#2818 = DIRECTION('',(-1.263878346921E-02,-0.996746081857,
    7.960847602038E-02));
#2819 = PCURVE('',#2568,#2820);
#2820 = DEFINITIONAL_REPRESENTATION('',(#2821),#2825);
#2821 = LINE('',#2822,#2823);
#2822 = CARTESIAN_POINT('',(4.263256414561E-14,-1.287694776178E+03));
#2823 = VECTOR('',#2824,1.);
#2824 = DIRECTION('',(1.,0.));
#2825 = ( GEOMETRIC_REPRESENTATION_CONTEXT(2) 
PARAMETRIC_REPRESENTATION_CONTEXT() REPRESENTATION_CONTEXT('2D SPACE',''
  ) );
#2826 = PCURVE('',#2596,#2827);
#2827 = DEFINITIONAL_REPRESENTATION('',(#2828),#2832);
#2828 = LINE('',#2829,#2830);
#2829 = CARTESIAN_POINT('',(-7.5,7.5));
#2830 = VECTOR('',#2831,1.);
#2831 = DIRECTION('',(1.040834085586E-17,-1.));
#2832 = ( GEOMETRIC_REPRESENTATION_CONTEXT(2) 
PARAMETRIC_REPRESENTATION_CONTEXT() REPRESENTATION_CONTEXT('2D SPACE',''
  ) );
#2833 = ORIENTED_EDGE('',*,*,#2545,.F.);
#2834 = ORIENTED_EDGE('',*,*,#2835,.F.);
#2835 = EDGE_CURVE('',#2766,#2546,#2836,.T.);
#2836 = SURFACE_CURVE('',#2837,(#2841,#2848),.PCURVE_S1.);
#2837 = LINE('',#2838,#2839);
#2838 = CARTESIAN_POINT('',(81.372720386416,346.8954437821,
    -2.916162222877));
#2839 = VECTOR('',#2840,1.);
#2840 = DIRECTION('',(-1.263878346921E-02,-0.996746081857,
    7.960847602038E-02));
#2841 = PCURVE('',#2568,#2842);
#2842 = DEFINITIONAL_REPRESENTATION('',(#2843),#2847);
#2843 = LINE('',#2844,#2845);
#2844 = CARTESIAN_POINT('',(0.,0.));
#2845 = VECTOR('',#2846,1.);
#2846 = DIRECTION('',(1.,0.));
#2847 = ( GEOMETRIC_REPRESENTATION_CONTEXT(2) 
PARAMETRIC_REPRESENTATION_CONTEXT() REPRESENTATION_CONTEXT('2D SPACE',''
  ) );
#2848 = PCURVE('',#2650,#2849);
#2849 = DEFINITIONAL_REPRESENTATION('',(#2850),#2854);
#2850 = LINE('',#2851,#2852);
#2851 = CARTESIAN_POINT('',(-7.5,7.5));
#2852 = VECTOR('',#2853,1.);
#2853 = DIRECTION('',(1.040834085586E-17,-1.));
#2854 = ( GEOMETRIC_REPRESENTATION_CONTEXT(2) 
PARAMETRIC_REPRESENTATION_CONTEXT() REPRESENTATION_CONTEXT('2D SPACE',''
  ) );
#2855 = ADVANCED_FACE('',(#2856),#2650,.F.);
#2856 = FACE_BOUND('',#2857,.F.);
#2857 = EDGE_LOOP('',(#2858,#2859,#2860,#2861));
#2858 = ORIENTED_EDGE('',*,*,#2636,.T.);
#2859 = ORIENTED_EDGE('',*,*,#2717,.T.);
#2860 = ORIENTED_EDGE('',*,*,#2788,.T.);
#2861 = ORIENTED_EDGE('',*,*,#2835,.T.);
#2862 = ADVANCED_FACE('',(#2863),#2596,.T.);
#2863 = FACE_BOUND('',#2864,.T.);
#2864 = EDGE_LOOP('',(#2865,#2866,#2867,#2868));
#2865 = ORIENTED_EDGE('',*,*,#2580,.T.);
#2866 = ORIENTED_EDGE('',*,*,#2666,.T.);
#2867 = ORIENTED_EDGE('',*,*,#2742,.T.);
#2868 = ORIENTED_EDGE('',*,*,#2813,.T.);
#2869 = MANIFOLD_SOLID_BREP('',#2870);
#2870 = CLOSED_SHELL('',(#2871,#2991,#3067,#3138,#3185,#3192));
#2871 = ADVANCED_FACE('',(#2872),#2886,.F.);
#2872 = FACE_BOUND('',#2873,.F.);
#2873 = EDGE_LOOP('',(#2874,#2909,#2937,#2965));
#2874 = ORIENTED_EDGE('',*,*,#2875,.T.);
#2875 = EDGE_CURVE('',#2876,#2878,#2880,.T.);
#2876 = VERTEX_POINT('',#2877);
#2877 = CARTESIAN_POINT('',(-220.8149532958,839.07330118464,
    -1.408377355125));
#2878 = VERTEX_POINT('',#2879);
#2879 = CARTESIAN_POINT('',(-367.2698391706,801.97785384452,
    964.30170503929));
#2880 = SURFACE_CURVE('',#2881,(#2885,#2897),.PCURVE_S1.);
#2881 = LINE('',#2882,#2883);
#2882 = CARTESIAN_POINT('',(-220.8149532958,839.07330118464,
    -1.408377355125));
#2883 = VECTOR('',#2884,1.);
#2884 = DIRECTION('',(-0.149832648953,-3.795099839701E-02,0.987982742273
    ));
#2885 = PCURVE('',#2886,#2891);
#2886 = PLANE('',#2887);
#2887 = AXIS2_PLACEMENT_3D('',#2888,#2889,#2890);
#2888 = CARTESIAN_POINT('',(-220.8149532958,839.07330118464,
    -1.408377355125));
#2889 = DIRECTION('',(-2.860336007613E-03,0.999275507655,
    3.795099839701E-02));
#2890 = DIRECTION('',(0.988707234618,-2.860336007613E-03,0.149832648953)
  );
#2891 = DEFINITIONAL_REPRESENTATION('',(#2892),#2896);
#2892 = LINE('',#2893,#2894);
#2893 = CARTESIAN_POINT('',(0.,0.));
#2894 = VECTOR('',#2895,1.);
#2895 = DIRECTION('',(2.775557561563E-17,-1.));
#2896 = ( GEOMETRIC_REPRESENTATION_CONTEXT(2) 
PARAMETRIC_REPRESENTATION_CONTEXT() REPRESENTATION_CONTEXT('2D SPACE',''
  ) );
#2897 = PCURVE('',#2898,#2903);
#2898 = PLANE('',#2899);
#2899 = AXIS2_PLACEMENT_3D('',#2900,#2901,#2902);
#2900 = CARTESIAN_POINT('',(-220.8578583359,854.06243379946,
    -0.83911237917));
#2901 = DIRECTION('',(0.988707234618,-2.860336007613E-03,0.149832648953)
  );
#2902 = DIRECTION('',(2.860336007613E-03,-0.999275507655,
    -3.795099839701E-02));
#2903 = DEFINITIONAL_REPRESENTATION('',(#2904),#2908);
#2904 = LINE('',#2905,#2906);
#2905 = CARTESIAN_POINT('',(15.,-4.218847493576E-15));
#2906 = VECTOR('',#2907,1.);
#2907 = DIRECTION('',(0.,-1.));
#2908 = ( GEOMETRIC_REPRESENTATION_CONTEXT(2) 
PARAMETRIC_REPRESENTATION_CONTEXT() REPRESENTATION_CONTEXT('2D SPACE',''
  ) );
#2909 = ORIENTED_EDGE('',*,*,#2910,.T.);
#2910 = EDGE_CURVE('',#2878,#2911,#2913,.T.);
#2911 = VERTEX_POINT('',#2912);
#2912 = CARTESIAN_POINT('',(-352.4392306513,801.9349488044,
    966.54919477359));
#2913 = SURFACE_CURVE('',#2914,(#2918,#2925),.PCURVE_S1.);
#2914 = LINE('',#2915,#2916);
#2915 = CARTESIAN_POINT('',(-367.2698391706,801.97785384452,
    964.30170503929));
#2916 = VECTOR('',#2917,1.);
#2917 = DIRECTION('',(0.988707234618,-2.860336007613E-03,0.149832648953)
  );
#2918 = PCURVE('',#2886,#2919);
#2919 = DEFINITIONAL_REPRESENTATION('',(#2920),#2924);
#2920 = LINE('',#2921,#2922);
#2921 = CARTESIAN_POINT('',(-2.84217094304E-14,-977.4564282095));
#2922 = VECTOR('',#2923,1.);
#2923 = DIRECTION('',(1.,-2.775557561563E-17));
#2924 = ( GEOMETRIC_REPRESENTATION_CONTEXT(2) 
PARAMETRIC_REPRESENTATION_CONTEXT() REPRESENTATION_CONTEXT('2D SPACE',''
  ) );
#2925 = PCURVE('',#2926,#2931);
#2926 = PLANE('',#2927);
#2927 = AXIS2_PLACEMENT_3D('',#2928,#2929,#2930);
#2928 = CARTESIAN_POINT('',(-359.875987431,809.45096763187,
    965.71008239442));
#2929 = DIRECTION('',(-0.149832648953,-3.795099839701E-02,0.987982742273
    ));
#2930 = DIRECTION('',(0.988707234618,-2.860336007613E-03,0.149832648953)
  );
#2931 = DEFINITIONAL_REPRESENTATION('',(#2932),#2936);
#2932 = LINE('',#2933,#2934);
#2933 = CARTESIAN_POINT('',(-7.5,-7.5));
#2934 = VECTOR('',#2935,1.);
#2935 = DIRECTION('',(1.,2.515349040166E-17));
#2936 = ( GEOMETRIC_REPRESENTATION_CONTEXT(2) 
PARAMETRIC_REPRESENTATION_CONTEXT() REPRESENTATION_CONTEXT('2D SPACE',''
  ) );
#2937 = ORIENTED_EDGE('',*,*,#2938,.F.);
#2938 = EDGE_CURVE('',#2939,#2911,#2941,.T.);
#2939 = VERTEX_POINT('',#2940);
#2940 = CARTESIAN_POINT('',(-205.9843447765,839.03039614453,
    0.83911237917));
#2941 = SURFACE_CURVE('',#2942,(#2946,#2953),.PCURVE_S1.);
#2942 = LINE('',#2943,#2944);
#2943 = CARTESIAN_POINT('',(-205.9843447765,839.03039614453,
    0.83911237917));
#2944 = VECTOR('',#2945,1.);
#2945 = DIRECTION('',(-0.149832648953,-3.795099839701E-02,0.987982742273
    ));
#2946 = PCURVE('',#2886,#2947);
#2947 = DEFINITIONAL_REPRESENTATION('',(#2948),#2952);
#2948 = LINE('',#2949,#2950);
#2949 = CARTESIAN_POINT('',(15.,-3.10862446895E-15));
#2950 = VECTOR('',#2951,1.);
#2951 = DIRECTION('',(2.775557561563E-17,-1.));
#2952 = ( GEOMETRIC_REPRESENTATION_CONTEXT(2) 
PARAMETRIC_REPRESENTATION_CONTEXT() REPRESENTATION_CONTEXT('2D SPACE',''
  ) );
#2953 = PCURVE('',#2954,#2959);
#2954 = PLANE('',#2955);
#2955 = AXIS2_PLACEMENT_3D('',#2956,#2957,#2958);
#2956 = CARTESIAN_POINT('',(-205.9843447765,839.03039614453,
    0.83911237917));
#2957 = DIRECTION('',(-0.988707234618,2.860336007613E-03,-0.149832648953
    ));
#2958 = DIRECTION('',(-2.860336007613E-03,0.999275507655,
    3.795099839701E-02));
#2959 = DEFINITIONAL_REPRESENTATION('',(#2960),#2964);
#2960 = LINE('',#2961,#2962);
#2961 = CARTESIAN_POINT('',(0.,0.));
#2962 = VECTOR('',#2963,1.);
#2963 = DIRECTION('',(0.,-1.));
#2964 = ( GEOMETRIC_REPRESENTATION_CONTEXT(2) 
PARAMETRIC_REPRESENTATION_CONTEXT() REPRESENTATION_CONTEXT('2D SPACE',''
  ) );
#2965 = ORIENTED_EDGE('',*,*,#2966,.F.);
#2966 = EDGE_CURVE('',#2876,#2939,#2967,.T.);
#2967 = SURFACE_CURVE('',#2968,(#2972,#2979),.PCURVE_S1.);
#2968 = LINE('',#2969,#2970);
#2969 = CARTESIAN_POINT('',(-220.8149532958,839.07330118464,
    -1.408377355125));
#2970 = VECTOR('',#2971,1.);
#2971 = DIRECTION('',(0.988707234618,-2.860336007613E-03,0.149832648953)
  );
#2972 = PCURVE('',#2886,#2973);
#2973 = DEFINITIONAL_REPRESENTATION('',(#2974),#2978);
#2974 = LINE('',#2975,#2976);
#2975 = CARTESIAN_POINT('',(0.,0.));
#2976 = VECTOR('',#2977,1.);
#2977 = DIRECTION('',(1.,-2.775557561563E-17));
#2978 = ( GEOMETRIC_REPRESENTATION_CONTEXT(2) 
PARAMETRIC_REPRESENTATION_CONTEXT() REPRESENTATION_CONTEXT('2D SPACE',''
  ) );
#2979 = PCURVE('',#2980,#2985);
#2980 = PLANE('',#2981);
#2981 = AXIS2_PLACEMENT_3D('',#2982,#2983,#2984);
#2982 = CARTESIAN_POINT('',(-213.4211015562,846.54641497199,0.));
#2983 = DIRECTION('',(-0.149832648953,-3.795099839701E-02,0.987982742273
    ));
#2984 = DIRECTION('',(0.988707234618,-2.860336007613E-03,0.149832648953)
  );
#2985 = DEFINITIONAL_REPRESENTATION('',(#2986),#2990);
#2986 = LINE('',#2987,#2988);
#2987 = CARTESIAN_POINT('',(-7.5,-7.5));
#2988 = VECTOR('',#2989,1.);
#2989 = DIRECTION('',(1.,2.515349040166E-17));
#2990 = ( GEOMETRIC_REPRESENTATION_CONTEXT(2) 
PARAMETRIC_REPRESENTATION_CONTEXT() REPRESENTATION_CONTEXT('2D SPACE',''
  ) );
#2991 = ADVANCED_FACE('',(#2992),#2954,.F.);
#2992 = FACE_BOUND('',#2993,.F.);
#2993 = EDGE_LOOP('',(#2994,#2995,#3018,#3046));
#2994 = ORIENTED_EDGE('',*,*,#2938,.T.);
#2995 = ORIENTED_EDGE('',*,*,#2996,.T.);
#2996 = EDGE_CURVE('',#2911,#2997,#2999,.T.);
#2997 = VERTEX_POINT('',#2998);
#2998 = CARTESIAN_POINT('',(-352.4821356914,816.92408141922,
    967.11845974954));
#2999 = SURFACE_CURVE('',#3000,(#3004,#3011),.PCURVE_S1.);
#3000 = LINE('',#3001,#3002);
#3001 = CARTESIAN_POINT('',(-352.4392306513,801.9349488044,
    966.54919477359));
#3002 = VECTOR('',#3003,1.);
#3003 = DIRECTION('',(-2.860336007613E-03,0.999275507655,
    3.795099839701E-02));
#3004 = PCURVE('',#2954,#3005);
#3005 = DEFINITIONAL_REPRESENTATION('',(#3006),#3010);
#3006 = LINE('',#3007,#3008);
#3007 = CARTESIAN_POINT('',(-2.84217094304E-14,-977.4564282095));
#3008 = VECTOR('',#3009,1.);
#3009 = DIRECTION('',(1.,6.938893903907E-18));
#3010 = ( GEOMETRIC_REPRESENTATION_CONTEXT(2) 
PARAMETRIC_REPRESENTATION_CONTEXT() REPRESENTATION_CONTEXT('2D SPACE',''
  ) );
#3011 = PCURVE('',#2926,#3012);
#3012 = DEFINITIONAL_REPRESENTATION('',(#3013),#3017);
#3013 = LINE('',#3014,#3015);
#3014 = CARTESIAN_POINT('',(7.5,-7.5));
#3015 = VECTOR('',#3016,1.);
#3016 = DIRECTION('',(2.428612866368E-17,1.));
#3017 = ( GEOMETRIC_REPRESENTATION_CONTEXT(2) 
PARAMETRIC_REPRESENTATION_CONTEXT() REPRESENTATION_CONTEXT('2D SPACE',''
  ) );
#3018 = ORIENTED_EDGE('',*,*,#3019,.F.);
#3019 = EDGE_CURVE('',#3020,#2997,#3022,.T.);
#3020 = VERTEX_POINT('',#3021);
#3021 = CARTESIAN_POINT('',(-206.0272498166,854.01952875935,
    1.408377355125));
#3022 = SURFACE_CURVE('',#3023,(#3027,#3034),.PCURVE_S1.);
#3023 = LINE('',#3024,#3025);
#3024 = CARTESIAN_POINT('',(-206.0272498166,854.01952875935,
    1.408377355125));
#3025 = VECTOR('',#3026,1.);
#3026 = DIRECTION('',(-0.149832648953,-3.795099839701E-02,0.987982742273
    ));
#3027 = PCURVE('',#2954,#3028);
#3028 = DEFINITIONAL_REPRESENTATION('',(#3029),#3033);
#3029 = LINE('',#3030,#3031);
#3030 = CARTESIAN_POINT('',(15.,4.218847493576E-15));
#3031 = VECTOR('',#3032,1.);
#3032 = DIRECTION('',(0.,-1.));
#3033 = ( GEOMETRIC_REPRESENTATION_CONTEXT(2) 
PARAMETRIC_REPRESENTATION_CONTEXT() REPRESENTATION_CONTEXT('2D SPACE',''
  ) );
#3034 = PCURVE('',#3035,#3040);
#3035 = PLANE('',#3036);
#3036 = AXIS2_PLACEMENT_3D('',#3037,#3038,#3039);
#3037 = CARTESIAN_POINT('',(-206.0272498166,854.01952875935,
    1.408377355125));
#3038 = DIRECTION('',(2.860336007613E-03,-0.999275507655,
    -3.795099839701E-02));
#3039 = DIRECTION('',(-0.988707234618,2.860336007613E-03,-0.149832648953
    ));
#3040 = DEFINITIONAL_REPRESENTATION('',(#3041),#3045);
#3041 = LINE('',#3042,#3043);
#3042 = CARTESIAN_POINT('',(0.,0.));
#3043 = VECTOR('',#3044,1.);
#3044 = DIRECTION('',(-2.775557561563E-17,-1.));
#3045 = ( GEOMETRIC_REPRESENTATION_CONTEXT(2) 
PARAMETRIC_REPRESENTATION_CONTEXT() REPRESENTATION_CONTEXT('2D SPACE',''
  ) );
#3046 = ORIENTED_EDGE('',*,*,#3047,.F.);
#3047 = EDGE_CURVE('',#2939,#3020,#3048,.T.);
#3048 = SURFACE_CURVE('',#3049,(#3053,#3060),.PCURVE_S1.);
#3049 = LINE('',#3050,#3051);
#3050 = CARTESIAN_POINT('',(-205.9843447765,839.03039614453,
    0.83911237917));
#3051 = VECTOR('',#3052,1.);
#3052 = DIRECTION('',(-2.860336007613E-03,0.999275507655,
    3.795099839701E-02));
#3053 = PCURVE('',#2954,#3054);
#3054 = DEFINITIONAL_REPRESENTATION('',(#3055),#3059);
#3055 = LINE('',#3056,#3057);
#3056 = CARTESIAN_POINT('',(0.,0.));
#3057 = VECTOR('',#3058,1.);
#3058 = DIRECTION('',(1.,6.938893903907E-18));
#3059 = ( GEOMETRIC_REPRESENTATION_CONTEXT(2) 
PARAMETRIC_REPRESENTATION_CONTEXT() REPRESENTATION_CONTEXT('2D SPACE',''
  ) );
#3060 = PCURVE('',#2980,#3061);
#3061 = DEFINITIONAL_REPRESENTATION('',(#3062),#3066);
#3062 = LINE('',#3063,#3064);
#3063 = CARTESIAN_POINT('',(7.5,-7.5));
#3064 = VECTOR('',#3065,1.);
#3065 = DIRECTION('',(2.428612866368E-17,1.));
#3066 = ( GEOMETRIC_REPRESENTATION_CONTEXT(2) 
PARAMETRIC_REPRESENTATION_CONTEXT() REPRESENTATION_CONTEXT('2D SPACE',''
  ) );
#3067 = ADVANCED_FACE('',(#3068),#3035,.F.);
#3068 = FACE_BOUND('',#3069,.F.);
#3069 = EDGE_LOOP('',(#3070,#3071,#3094,#3117));
#3070 = ORIENTED_EDGE('',*,*,#3019,.T.);
#3071 = ORIENTED_EDGE('',*,*,#3072,.T.);
#3072 = EDGE_CURVE('',#2997,#3073,#3075,.T.);
#3073 = VERTEX_POINT('',#3074);
#3074 = CARTESIAN_POINT('',(-367.3127442107,816.96698645934,
    964.87097001525));
#3075 = SURFACE_CURVE('',#3076,(#3080,#3087),.PCURVE_S1.);
#3076 = LINE('',#3077,#3078);
#3077 = CARTESIAN_POINT('',(-352.4821356914,816.92408141922,
    967.11845974954));
#3078 = VECTOR('',#3079,1.);
#3079 = DIRECTION('',(-0.988707234618,2.860336007613E-03,-0.149832648953
    ));
#3080 = PCURVE('',#3035,#3081);
#3081 = DEFINITIONAL_REPRESENTATION('',(#3082),#3086);
#3082 = LINE('',#3083,#3084);
#3083 = CARTESIAN_POINT('',(0.,-977.4564282095));
#3084 = VECTOR('',#3085,1.);
#3085 = DIRECTION('',(1.,2.775557561563E-17));
#3086 = ( GEOMETRIC_REPRESENTATION_CONTEXT(2) 
PARAMETRIC_REPRESENTATION_CONTEXT() REPRESENTATION_CONTEXT('2D SPACE',''
  ) );
#3087 = PCURVE('',#2926,#3088);
#3088 = DEFINITIONAL_REPRESENTATION('',(#3089),#3093);
#3089 = LINE('',#3090,#3091);
#3090 = CARTESIAN_POINT('',(7.5,7.5));
#3091 = VECTOR('',#3092,1.);
#3092 = DIRECTION('',(-1.,-2.515349040166E-17));
#3093 = ( GEOMETRIC_REPRESENTATION_CONTEXT(2) 
PARAMETRIC_REPRESENTATION_CONTEXT() REPRESENTATION_CONTEXT('2D SPACE',''
  ) );
#3094 = ORIENTED_EDGE('',*,*,#3095,.F.);
#3095 = EDGE_CURVE('',#3096,#3073,#3098,.T.);
#3096 = VERTEX_POINT('',#3097);
#3097 = CARTESIAN_POINT('',(-220.8578583359,854.06243379946,
    -0.83911237917));
#3098 = SURFACE_CURVE('',#3099,(#3103,#3110),.PCURVE_S1.);
#3099 = LINE('',#3100,#3101);
#3100 = CARTESIAN_POINT('',(-220.8578583359,854.06243379946,
    -0.83911237917));
#3101 = VECTOR('',#3102,1.);
#3102 = DIRECTION('',(-0.149832648953,-3.795099839701E-02,0.987982742273
    ));
#3103 = PCURVE('',#3035,#3104);
#3104 = DEFINITIONAL_REPRESENTATION('',(#3105),#3109);
#3105 = LINE('',#3106,#3107);
#3106 = CARTESIAN_POINT('',(15.,3.10862446895E-15));
#3107 = VECTOR('',#3108,1.);
#3108 = DIRECTION('',(-2.775557561563E-17,-1.));
#3109 = ( GEOMETRIC_REPRESENTATION_CONTEXT(2) 
PARAMETRIC_REPRESENTATION_CONTEXT() REPRESENTATION_CONTEXT('2D SPACE',''
  ) );
#3110 = PCURVE('',#2898,#3111);
#3111 = DEFINITIONAL_REPRESENTATION('',(#3112),#3116);
#3112 = LINE('',#3113,#3114);
#3113 = CARTESIAN_POINT('',(0.,0.));
#3114 = VECTOR('',#3115,1.);
#3115 = DIRECTION('',(0.,-1.));
#3116 = ( GEOMETRIC_REPRESENTATION_CONTEXT(2) 
PARAMETRIC_REPRESENTATION_CONTEXT() REPRESENTATION_CONTEXT('2D SPACE',''
  ) );
#3117 = ORIENTED_EDGE('',*,*,#3118,.F.);
#3118 = EDGE_CURVE('',#3020,#3096,#3119,.T.);
#3119 = SURFACE_CURVE('',#3120,(#3124,#3131),.PCURVE_S1.);
#3120 = LINE('',#3121,#3122);
#3121 = CARTESIAN_POINT('',(-206.0272498166,854.01952875935,
    1.408377355125));
#3122 = VECTOR('',#3123,1.);
#3123 = DIRECTION('',(-0.988707234618,2.860336007613E-03,-0.149832648953
    ));
#3124 = PCURVE('',#3035,#3125);
#3125 = DEFINITIONAL_REPRESENTATION('',(#3126),#3130);
#3126 = LINE('',#3127,#3128);
#3127 = CARTESIAN_POINT('',(0.,0.));
#3128 = VECTOR('',#3129,1.);
#3129 = DIRECTION('',(1.,2.775557561563E-17));
#3130 = ( GEOMETRIC_REPRESENTATION_CONTEXT(2) 
PARAMETRIC_REPRESENTATION_CONTEXT() REPRESENTATION_CONTEXT('2D SPACE',''
  ) );
#3131 = PCURVE('',#2980,#3132);
#3132 = DEFINITIONAL_REPRESENTATION('',(#3133),#3137);
#3133 = LINE('',#3134,#3135);
#3134 = CARTESIAN_POINT('',(7.5,7.5));
#3135 = VECTOR('',#3136,1.);
#3136 = DIRECTION('',(-1.,-2.515349040166E-17));
#3137 = ( GEOMETRIC_REPRESENTATION_CONTEXT(2) 
PARAMETRIC_REPRESENTATION_CONTEXT() REPRESENTATION_CONTEXT('2D SPACE',''
  ) );
#3138 = ADVANCED_FACE('',(#3139),#2898,.F.);
#3139 = FACE_BOUND('',#3140,.F.);
#3140 = EDGE_LOOP('',(#3141,#3142,#3163,#3164));
#3141 = ORIENTED_EDGE('',*,*,#3095,.T.);
#3142 = ORIENTED_EDGE('',*,*,#3143,.T.);
#3143 = EDGE_CURVE('',#3073,#2878,#3144,.T.);
#3144 = SURFACE_CURVE('',#3145,(#3149,#3156),.PCURVE_S1.);
#3145 = LINE('',#3146,#3147);
#3146 = CARTESIAN_POINT('',(-367.3127442107,816.96698645934,
    964.87097001525));
#3147 = VECTOR('',#3148,1.);
#3148 = DIRECTION('',(2.860336007613E-03,-0.999275507655,
    -3.795099839701E-02));
#3149 = PCURVE('',#2898,#3150);
#3150 = DEFINITIONAL_REPRESENTATION('',(#3151),#3155);
#3151 = LINE('',#3152,#3153);
#3152 = CARTESIAN_POINT('',(3.552713678801E-14,-977.4564282095));
#3153 = VECTOR('',#3154,1.);
#3154 = DIRECTION('',(1.,-6.938893903907E-18));
#3155 = ( GEOMETRIC_REPRESENTATION_CONTEXT(2) 
PARAMETRIC_REPRESENTATION_CONTEXT() REPRESENTATION_CONTEXT('2D SPACE',''
  ) );
#3156 = PCURVE('',#2926,#3157);
#3157 = DEFINITIONAL_REPRESENTATION('',(#3158),#3162);
#3158 = LINE('',#3159,#3160);
#3159 = CARTESIAN_POINT('',(-7.5,7.5));
#3160 = VECTOR('',#3161,1.);
#3161 = DIRECTION('',(-2.428612866368E-17,-1.));
#3162 = ( GEOMETRIC_REPRESENTATION_CONTEXT(2) 
PARAMETRIC_REPRESENTATION_CONTEXT() REPRESENTATION_CONTEXT('2D SPACE',''
  ) );
#3163 = ORIENTED_EDGE('',*,*,#2875,.F.);
#3164 = ORIENTED_EDGE('',*,*,#3165,.F.);
#3165 = EDGE_CURVE('',#3096,#2876,#3166,.T.);
#3166 = SURFACE_CURVE('',#3167,(#3171,#3178),.PCURVE_S1.);
#3167 = LINE('',#3168,#3169);
#3168 = CARTESIAN_POINT('',(-220.8578583359,854.06243379946,
    -0.83911237917));
#3169 = VECTOR('',#3170,1.);
#3170 = DIRECTION('',(2.860336007613E-03,-0.999275507655,
    -3.795099839701E-02));
#3171 = PCURVE('',#2898,#3172);
#3172 = DEFINITIONAL_REPRESENTATION('',(#3173),#3177);
#3173 = LINE('',#3174,#3175);
#3174 = CARTESIAN_POINT('',(0.,0.));
#3175 = VECTOR('',#3176,1.);
#3176 = DIRECTION('',(1.,-6.938893903907E-18));
#3177 = ( GEOMETRIC_REPRESENTATION_CONTEXT(2) 
PARAMETRIC_REPRESENTATION_CONTEXT() REPRESENTATION_CONTEXT('2D SPACE',''
  ) );
#3178 = PCURVE('',#2980,#3179);
#3179 = DEFINITIONAL_REPRESENTATION('',(#3180),#3184);
#3180 = LINE('',#3181,#3182);
#3181 = CARTESIAN_POINT('',(-7.5,7.5));
#3182 = VECTOR('',#3183,1.);
#3183 = DIRECTION('',(-2.428612866368E-17,-1.));
#3184 = ( GEOMETRIC_REPRESENTATION_CONTEXT(2) 
PARAMETRIC_REPRESENTATION_CONTEXT() REPRESENTATION_CONTEXT('2D SPACE',''
  ) );
#3185 = ADVANCED_FACE('',(#3186),#2980,.F.);
#3186 = FACE_BOUND('',#3187,.F.);
#3187 = EDGE_LOOP('',(#3188,#3189,#3190,#3191));
#3188 = ORIENTED_EDGE('',*,*,#2966,.T.);
#3189 = ORIENTED_EDGE('',*,*,#3047,.T.);
#3190 = ORIENTED_EDGE('',*,*,#3118,.T.);
#3191 = ORIENTED_EDGE('',*,*,#3165,.T.);
#3192 = ADVANCED_FACE('',(#3193),#2926,.T.);
#3193 = FACE_BOUND('',#3194,.T.);
#3194 = EDGE_LOOP('',(#3195,#3196,#3197,#3198));
#3195 = ORIENTED_EDGE('',*,*,#2910,.T.);
#3196 = ORIENTED_EDGE('',*,*,#2996,.T.);
#3197 = ORIENTED_EDGE('',*,*,#3072,.T.);
#3198 = ORIENTED_EDGE('',*,*,#3143,.T.);
#3199 = MANIFOLD_SOLID_BREP('',#3200);
#3200 = CLOSED_SHELL('',(#3201,#3321,#3397,#3468,#3515,#3522));
#3201 = ADVANCED_FACE('',(#3202),#3216,.F.);
#3202 = FACE_BOUND('',#3203,.F.);
#3203 = EDGE_LOOP('',(#3204,#3239,#3267,#3295));
#3204 = ORIENTED_EDGE('',*,*,#3205,.T.);
#3205 = EDGE_CURVE('',#3206,#3208,#3210,.T.);
#3206 = VERTEX_POINT('',#3207);
#3207 = CARTESIAN_POINT('',(233.60799366119,816.63879340084,
    -2.02247396421));
#3208 = VERTEX_POINT('',#3209);
#3209 = CARTESIAN_POINT('',(-178.3677897,936.44816080713,992.85650482427
    ));
#3210 = SURFACE_CURVE('',#3211,(#3215,#3227),.PCURVE_S1.);
#3211 = LINE('',#3212,#3213);
#3212 = CARTESIAN_POINT('',(233.60799366119,816.63879340084,
    -2.02247396421));
#3213 = VECTOR('',#3214,1.);
#3214 = DIRECTION('',(-0.380244614134,0.110581418906,0.918251481466));
#3215 = PCURVE('',#3216,#3221);
#3216 = PLANE('',#3217);
#3217 = AXIS2_PLACEMENT_3D('',#3218,#3219,#3220);
#3218 = CARTESIAN_POINT('',(233.60799366119,816.63879340084,
    -2.02247396421));
#3219 = DIRECTION('',(2.191995646485E-02,0.993625314342,-0.110581418906)
  );
#3220 = DIRECTION('',(0.924626167124,2.191995646485E-02,0.380244614134)
  );
#3221 = DEFINITIONAL_REPRESENTATION('',(#3222),#3226);
#3222 = LINE('',#3223,#3224);
#3223 = CARTESIAN_POINT('',(0.,0.));
#3224 = VECTOR('',#3225,1.);
#3225 = DIRECTION('',(0.,-1.));
#3226 = ( GEOMETRIC_REPRESENTATION_CONTEXT(2) 
PARAMETRIC_REPRESENTATION_CONTEXT() REPRESENTATION_CONTEXT('2D SPACE',''
  ) );
#3227 = PCURVE('',#3228,#3233);
#3228 = PLANE('',#3229);
#3229 = AXIS2_PLACEMENT_3D('',#3230,#3231,#3232);
#3230 = CARTESIAN_POINT('',(233.93679300816,831.54317311597,
    -3.681195247802));
#3231 = DIRECTION('',(0.924626167124,2.191995646485E-02,0.380244614134)
  );
#3232 = DIRECTION('',(-2.191995646485E-02,-0.993625314342,0.110581418906
    ));
#3233 = DEFINITIONAL_REPRESENTATION('',(#3234),#3238);
#3234 = LINE('',#3235,#3236);
#3235 = CARTESIAN_POINT('',(15.,-8.881784197001E-16));
#3236 = VECTOR('',#3237,1.);
#3237 = DIRECTION('',(0.,-1.));
#3238 = ( GEOMETRIC_REPRESENTATION_CONTEXT(2) 
PARAMETRIC_REPRESENTATION_CONTEXT() REPRESENTATION_CONTEXT('2D SPACE',''
  ) );
#3239 = ORIENTED_EDGE('',*,*,#3240,.T.);
#3240 = EDGE_CURVE('',#3208,#3241,#3243,.T.);
#3241 = VERTEX_POINT('',#3242);
#3242 = CARTESIAN_POINT('',(-164.4983971931,936.7769601541,
    998.56017403628));
#3243 = SURFACE_CURVE('',#3244,(#3248,#3255),.PCURVE_S1.);
#3244 = LINE('',#3245,#3246);
#3245 = CARTESIAN_POINT('',(-178.3677897,936.44816080713,992.85650482427
    ));
#3246 = VECTOR('',#3247,1.);
#3247 = DIRECTION('',(0.924626167124,2.191995646485E-02,0.380244614134)
  );
#3248 = PCURVE('',#3216,#3249);
#3249 = DEFINITIONAL_REPRESENTATION('',(#3250),#3254);
#3250 = LINE('',#3251,#3252);
#3251 = CARTESIAN_POINT('',(5.684341886081E-14,-1.083449358775E+03));
#3252 = VECTOR('',#3253,1.);
#3253 = DIRECTION('',(1.,0.));
#3254 = ( GEOMETRIC_REPRESENTATION_CONTEXT(2) 
PARAMETRIC_REPRESENTATION_CONTEXT() REPRESENTATION_CONTEXT('2D SPACE',''
  ) );
#3255 = PCURVE('',#3256,#3261);
#3256 = PLANE('',#3257);
#3257 = AXIS2_PLACEMENT_3D('',#3258,#3259,#3260);
#3258 = CARTESIAN_POINT('',(-171.2686937731,944.06475033818,
    994.87897878848));
#3259 = DIRECTION('',(-0.380244614134,0.110581418906,0.918251481466));
#3260 = DIRECTION('',(0.924626167124,2.191995646485E-02,0.380244614134)
  );
#3261 = DEFINITIONAL_REPRESENTATION('',(#3262),#3266);
#3262 = LINE('',#3263,#3264);
#3263 = CARTESIAN_POINT('',(-7.5,-7.5));
#3264 = VECTOR('',#3265,1.);
#3265 = DIRECTION('',(1.,-2.775557561563E-17));
#3266 = ( GEOMETRIC_REPRESENTATION_CONTEXT(2) 
PARAMETRIC_REPRESENTATION_CONTEXT() REPRESENTATION_CONTEXT('2D SPACE',''
  ) );
#3267 = ORIENTED_EDGE('',*,*,#3268,.F.);
#3268 = EDGE_CURVE('',#3269,#3241,#3271,.T.);
#3269 = VERTEX_POINT('',#3270);
#3270 = CARTESIAN_POINT('',(247.47738616805,816.96759274781,
    3.681195247802));
#3271 = SURFACE_CURVE('',#3272,(#3276,#3283),.PCURVE_S1.);
#3272 = LINE('',#3273,#3274);
#3273 = CARTESIAN_POINT('',(247.47738616805,816.96759274781,
    3.681195247802));
#3274 = VECTOR('',#3275,1.);
#3275 = DIRECTION('',(-0.380244614134,0.110581418906,0.918251481466));
#3276 = PCURVE('',#3216,#3277);
#3277 = DEFINITIONAL_REPRESENTATION('',(#3278),#3282);
#3278 = LINE('',#3279,#3280);
#3279 = CARTESIAN_POINT('',(15.,-2.6645352591E-14));
#3280 = VECTOR('',#3281,1.);
#3281 = DIRECTION('',(0.,-1.));
#3282 = ( GEOMETRIC_REPRESENTATION_CONTEXT(2) 
PARAMETRIC_REPRESENTATION_CONTEXT() REPRESENTATION_CONTEXT('2D SPACE',''
  ) );
#3283 = PCURVE('',#3284,#3289);
#3284 = PLANE('',#3285);
#3285 = AXIS2_PLACEMENT_3D('',#3286,#3287,#3288);
#3286 = CARTESIAN_POINT('',(247.47738616805,816.96759274781,
    3.681195247802));
#3287 = DIRECTION('',(-0.924626167124,-2.191995646485E-02,
    -0.380244614134));
#3288 = DIRECTION('',(2.191995646485E-02,0.993625314342,-0.110581418906)
  );
#3289 = DEFINITIONAL_REPRESENTATION('',(#3290),#3294);
#3290 = LINE('',#3291,#3292);
#3291 = CARTESIAN_POINT('',(0.,0.));
#3292 = VECTOR('',#3293,1.);
#3293 = DIRECTION('',(0.,-1.));
#3294 = ( GEOMETRIC_REPRESENTATION_CONTEXT(2) 
PARAMETRIC_REPRESENTATION_CONTEXT() REPRESENTATION_CONTEXT('2D SPACE',''
  ) );
#3295 = ORIENTED_EDGE('',*,*,#3296,.F.);
#3296 = EDGE_CURVE('',#3206,#3269,#3297,.T.);
#3297 = SURFACE_CURVE('',#3298,(#3302,#3309),.PCURVE_S1.);
#3298 = LINE('',#3299,#3300);
#3299 = CARTESIAN_POINT('',(233.60799366119,816.63879340084,
    -2.02247396421));
#3300 = VECTOR('',#3301,1.);
#3301 = DIRECTION('',(0.924626167124,2.191995646485E-02,0.380244614134)
  );
#3302 = PCURVE('',#3216,#3303);
#3303 = DEFINITIONAL_REPRESENTATION('',(#3304),#3308);
#3304 = LINE('',#3305,#3306);
#3305 = CARTESIAN_POINT('',(0.,0.));
#3306 = VECTOR('',#3307,1.);
#3307 = DIRECTION('',(1.,0.));
#3308 = ( GEOMETRIC_REPRESENTATION_CONTEXT(2) 
PARAMETRIC_REPRESENTATION_CONTEXT() REPRESENTATION_CONTEXT('2D SPACE',''
  ) );
#3309 = PCURVE('',#3310,#3315);
#3310 = PLANE('',#3311);
#3311 = AXIS2_PLACEMENT_3D('',#3312,#3313,#3314);
#3312 = CARTESIAN_POINT('',(240.7070895881,824.25538293189,0.));
#3313 = DIRECTION('',(-0.380244614134,0.110581418906,0.918251481466));
#3314 = DIRECTION('',(0.924626167124,2.191995646485E-02,0.380244614134)
  );
#3315 = DEFINITIONAL_REPRESENTATION('',(#3316),#3320);
#3316 = LINE('',#3317,#3318);
#3317 = CARTESIAN_POINT('',(-7.5,-7.5));
#3318 = VECTOR('',#3319,1.);
#3319 = DIRECTION('',(1.,-2.775557561563E-17));
#3320 = ( GEOMETRIC_REPRESENTATION_CONTEXT(2) 
PARAMETRIC_REPRESENTATION_CONTEXT() REPRESENTATION_CONTEXT('2D SPACE',''
  ) );
#3321 = ADVANCED_FACE('',(#3322),#3284,.F.);
#3322 = FACE_BOUND('',#3323,.F.);
#3323 = EDGE_LOOP('',(#3324,#3325,#3348,#3376));
#3324 = ORIENTED_EDGE('',*,*,#3268,.T.);
#3325 = ORIENTED_EDGE('',*,*,#3326,.T.);
#3326 = EDGE_CURVE('',#3241,#3327,#3329,.T.);
#3327 = VERTEX_POINT('',#3328);
#3328 = CARTESIAN_POINT('',(-164.1695978461,951.68133986923,
    996.90145275269));
#3329 = SURFACE_CURVE('',#3330,(#3334,#3341),.PCURVE_S1.);
#3330 = LINE('',#3331,#3332);
#3331 = CARTESIAN_POINT('',(-164.4983971931,936.7769601541,
    998.56017403628));
#3332 = VECTOR('',#3333,1.);
#3333 = DIRECTION('',(2.191995646485E-02,0.993625314342,-0.110581418906)
  );
#3334 = PCURVE('',#3284,#3335);
#3335 = DEFINITIONAL_REPRESENTATION('',(#3336),#3340);
#3336 = LINE('',#3337,#3338);
#3337 = CARTESIAN_POINT('',(1.42108547152E-14,-1.083449358775E+03));
#3338 = VECTOR('',#3339,1.);
#3339 = DIRECTION('',(1.,0.));
#3340 = ( GEOMETRIC_REPRESENTATION_CONTEXT(2) 
PARAMETRIC_REPRESENTATION_CONTEXT() REPRESENTATION_CONTEXT('2D SPACE',''
  ) );
#3341 = PCURVE('',#3256,#3342);
#3342 = DEFINITIONAL_REPRESENTATION('',(#3343),#3347);
#3343 = LINE('',#3344,#3345);
#3344 = CARTESIAN_POINT('',(7.5,-7.5));
#3345 = VECTOR('',#3346,1.);
#3346 = DIRECTION('',(-2.775557561563E-17,1.));
#3347 = ( GEOMETRIC_REPRESENTATION_CONTEXT(2) 
PARAMETRIC_REPRESENTATION_CONTEXT() REPRESENTATION_CONTEXT('2D SPACE',''
  ) );
#3348 = ORIENTED_EDGE('',*,*,#3349,.F.);
#3349 = EDGE_CURVE('',#3350,#3327,#3352,.T.);
#3350 = VERTEX_POINT('',#3351);
#3351 = CARTESIAN_POINT('',(247.80618551502,831.87197246294,
    2.02247396421));
#3352 = SURFACE_CURVE('',#3353,(#3357,#3364),.PCURVE_S1.);
#3353 = LINE('',#3354,#3355);
#3354 = CARTESIAN_POINT('',(247.80618551502,831.87197246294,
    2.02247396421));
#3355 = VECTOR('',#3356,1.);
#3356 = DIRECTION('',(-0.380244614134,0.110581418906,0.918251481466));
#3357 = PCURVE('',#3284,#3358);
#3358 = DEFINITIONAL_REPRESENTATION('',(#3359),#3363);
#3359 = LINE('',#3360,#3361);
#3360 = CARTESIAN_POINT('',(15.,-8.215650382226E-15));
#3361 = VECTOR('',#3362,1.);
#3362 = DIRECTION('',(0.,-1.));
#3363 = ( GEOMETRIC_REPRESENTATION_CONTEXT(2) 
PARAMETRIC_REPRESENTATION_CONTEXT() REPRESENTATION_CONTEXT('2D SPACE',''
  ) );
#3364 = PCURVE('',#3365,#3370);
#3365 = PLANE('',#3366);
#3366 = AXIS2_PLACEMENT_3D('',#3367,#3368,#3369);
#3367 = CARTESIAN_POINT('',(247.80618551502,831.87197246294,
    2.02247396421));
#3368 = DIRECTION('',(-2.191995646485E-02,-0.993625314342,0.110581418906
    ));
#3369 = DIRECTION('',(-0.924626167124,-2.191995646485E-02,
    -0.380244614134));
#3370 = DEFINITIONAL_REPRESENTATION('',(#3371),#3375);
#3371 = LINE('',#3372,#3373);
#3372 = CARTESIAN_POINT('',(-0.,0.));
#3373 = VECTOR('',#3374,1.);
#3374 = DIRECTION('',(0.,-1.));
#3375 = ( GEOMETRIC_REPRESENTATION_CONTEXT(2) 
PARAMETRIC_REPRESENTATION_CONTEXT() REPRESENTATION_CONTEXT('2D SPACE',''
  ) );
#3376 = ORIENTED_EDGE('',*,*,#3377,.F.);
#3377 = EDGE_CURVE('',#3269,#3350,#3378,.T.);
#3378 = SURFACE_CURVE('',#3379,(#3383,#3390),.PCURVE_S1.);
#3379 = LINE('',#3380,#3381);
#3380 = CARTESIAN_POINT('',(247.47738616805,816.96759274781,
    3.681195247802));
#3381 = VECTOR('',#3382,1.);
#3382 = DIRECTION('',(2.191995646485E-02,0.993625314342,-0.110581418906)
  );
#3383 = PCURVE('',#3284,#3384);
#3384 = DEFINITIONAL_REPRESENTATION('',(#3385),#3389);
#3385 = LINE('',#3386,#3387);
#3386 = CARTESIAN_POINT('',(0.,0.));
#3387 = VECTOR('',#3388,1.);
#3388 = DIRECTION('',(1.,0.));
#3389 = ( GEOMETRIC_REPRESENTATION_CONTEXT(2) 
PARAMETRIC_REPRESENTATION_CONTEXT() REPRESENTATION_CONTEXT('2D SPACE',''
  ) );
#3390 = PCURVE('',#3310,#3391);
#3391 = DEFINITIONAL_REPRESENTATION('',(#3392),#3396);
#3392 = LINE('',#3393,#3394);
#3393 = CARTESIAN_POINT('',(7.5,-7.5));
#3394 = VECTOR('',#3395,1.);
#3395 = DIRECTION('',(-2.775557561563E-17,1.));
#3396 = ( GEOMETRIC_REPRESENTATION_CONTEXT(2) 
PARAMETRIC_REPRESENTATION_CONTEXT() REPRESENTATION_CONTEXT('2D SPACE',''
  ) );
#3397 = ADVANCED_FACE('',(#3398),#3365,.F.);
#3398 = FACE_BOUND('',#3399,.F.);
#3399 = EDGE_LOOP('',(#3400,#3401,#3424,#3447));
#3400 = ORIENTED_EDGE('',*,*,#3349,.T.);
#3401 = ORIENTED_EDGE('',*,*,#3402,.T.);
#3402 = EDGE_CURVE('',#3327,#3403,#3405,.T.);
#3403 = VERTEX_POINT('',#3404);
#3404 = CARTESIAN_POINT('',(-178.038990353,951.35254052226,
    991.19778354068));
#3405 = SURFACE_CURVE('',#3406,(#3410,#3417),.PCURVE_S1.);
#3406 = LINE('',#3407,#3408);
#3407 = CARTESIAN_POINT('',(-164.1695978461,951.68133986923,
    996.90145275269));
#3408 = VECTOR('',#3409,1.);
#3409 = DIRECTION('',(-0.924626167124,-2.191995646485E-02,
    -0.380244614134));
#3410 = PCURVE('',#3365,#3411);
#3411 = DEFINITIONAL_REPRESENTATION('',(#3412),#3416);
#3412 = LINE('',#3413,#3414);
#3413 = CARTESIAN_POINT('',(0.,-1.083449358775E+03));
#3414 = VECTOR('',#3415,1.);
#3415 = DIRECTION('',(1.,0.));
#3416 = ( GEOMETRIC_REPRESENTATION_CONTEXT(2) 
PARAMETRIC_REPRESENTATION_CONTEXT() REPRESENTATION_CONTEXT('2D SPACE',''
  ) );
#3417 = PCURVE('',#3256,#3418);
#3418 = DEFINITIONAL_REPRESENTATION('',(#3419),#3423);
#3419 = LINE('',#3420,#3421);
#3420 = CARTESIAN_POINT('',(7.5,7.5));
#3421 = VECTOR('',#3422,1.);
#3422 = DIRECTION('',(-1.,2.775557561563E-17));
#3423 = ( GEOMETRIC_REPRESENTATION_CONTEXT(2) 
PARAMETRIC_REPRESENTATION_CONTEXT() REPRESENTATION_CONTEXT('2D SPACE',''
  ) );
#3424 = ORIENTED_EDGE('',*,*,#3425,.F.);
#3425 = EDGE_CURVE('',#3426,#3403,#3428,.T.);
#3426 = VERTEX_POINT('',#3427);
#3427 = CARTESIAN_POINT('',(233.93679300816,831.54317311597,
    -3.681195247802));
#3428 = SURFACE_CURVE('',#3429,(#3433,#3440),.PCURVE_S1.);
#3429 = LINE('',#3430,#3431);
#3430 = CARTESIAN_POINT('',(233.93679300816,831.54317311597,
    -3.681195247802));
#3431 = VECTOR('',#3432,1.);
#3432 = DIRECTION('',(-0.380244614134,0.110581418906,0.918251481466));
#3433 = PCURVE('',#3365,#3434);
#3434 = DEFINITIONAL_REPRESENTATION('',(#3435),#3439);
#3435 = LINE('',#3436,#3437);
#3436 = CARTESIAN_POINT('',(15.,3.730349362741E-14));
#3437 = VECTOR('',#3438,1.);
#3438 = DIRECTION('',(0.,-1.));
#3439 = ( GEOMETRIC_REPRESENTATION_CONTEXT(2) 
PARAMETRIC_REPRESENTATION_CONTEXT() REPRESENTATION_CONTEXT('2D SPACE',''
  ) );
#3440 = PCURVE('',#3228,#3441);
#3441 = DEFINITIONAL_REPRESENTATION('',(#3442),#3446);
#3442 = LINE('',#3443,#3444);
#3443 = CARTESIAN_POINT('',(0.,0.));
#3444 = VECTOR('',#3445,1.);
#3445 = DIRECTION('',(0.,-1.));
#3446 = ( GEOMETRIC_REPRESENTATION_CONTEXT(2) 
PARAMETRIC_REPRESENTATION_CONTEXT() REPRESENTATION_CONTEXT('2D SPACE',''
  ) );
#3447 = ORIENTED_EDGE('',*,*,#3448,.F.);
#3448 = EDGE_CURVE('',#3350,#3426,#3449,.T.);
#3449 = SURFACE_CURVE('',#3450,(#3454,#3461),.PCURVE_S1.);
#3450 = LINE('',#3451,#3452);
#3451 = CARTESIAN_POINT('',(247.80618551502,831.87197246294,
    2.02247396421));
#3452 = VECTOR('',#3453,1.);
#3453 = DIRECTION('',(-0.924626167124,-2.191995646485E-02,
    -0.380244614134));
#3454 = PCURVE('',#3365,#3455);
#3455 = DEFINITIONAL_REPRESENTATION('',(#3456),#3460);
#3456 = LINE('',#3457,#3458);
#3457 = CARTESIAN_POINT('',(-0.,0.));
#3458 = VECTOR('',#3459,1.);
#3459 = DIRECTION('',(1.,0.));
#3460 = ( GEOMETRIC_REPRESENTATION_CONTEXT(2) 
PARAMETRIC_REPRESENTATION_CONTEXT() REPRESENTATION_CONTEXT('2D SPACE',''
  ) );
#3461 = PCURVE('',#3310,#3462);
#3462 = DEFINITIONAL_REPRESENTATION('',(#3463),#3467);
#3463 = LINE('',#3464,#3465);
#3464 = CARTESIAN_POINT('',(7.5,7.5));
#3465 = VECTOR('',#3466,1.);
#3466 = DIRECTION('',(-1.,2.775557561563E-17));
#3467 = ( GEOMETRIC_REPRESENTATION_CONTEXT(2) 
PARAMETRIC_REPRESENTATION_CONTEXT() REPRESENTATION_CONTEXT('2D SPACE',''
  ) );
#3468 = ADVANCED_FACE('',(#3469),#3228,.F.);
#3469 = FACE_BOUND('',#3470,.F.);
#3470 = EDGE_LOOP('',(#3471,#3472,#3493,#3494));
#3471 = ORIENTED_EDGE('',*,*,#3425,.T.);
#3472 = ORIENTED_EDGE('',*,*,#3473,.T.);
#3473 = EDGE_CURVE('',#3403,#3208,#3474,.T.);
#3474 = SURFACE_CURVE('',#3475,(#3479,#3486),.PCURVE_S1.);
#3475 = LINE('',#3476,#3477);
#3476 = CARTESIAN_POINT('',(-178.038990353,951.35254052226,
    991.19778354068));
#3477 = VECTOR('',#3478,1.);
#3478 = DIRECTION('',(-2.191995646485E-02,-0.993625314342,0.110581418906
    ));
#3479 = PCURVE('',#3228,#3480);
#3480 = DEFINITIONAL_REPRESENTATION('',(#3481),#3485);
#3481 = LINE('',#3482,#3483);
#3482 = CARTESIAN_POINT('',(0.,-1.083449358775E+03));
#3483 = VECTOR('',#3484,1.);
#3484 = DIRECTION('',(1.,0.));
#3485 = ( GEOMETRIC_REPRESENTATION_CONTEXT(2) 
PARAMETRIC_REPRESENTATION_CONTEXT() REPRESENTATION_CONTEXT('2D SPACE',''
  ) );
#3486 = PCURVE('',#3256,#3487);
#3487 = DEFINITIONAL_REPRESENTATION('',(#3488),#3492);
#3488 = LINE('',#3489,#3490);
#3489 = CARTESIAN_POINT('',(-7.5,7.5));
#3490 = VECTOR('',#3491,1.);
#3491 = DIRECTION('',(2.775557561563E-17,-1.));
#3492 = ( GEOMETRIC_REPRESENTATION_CONTEXT(2) 
PARAMETRIC_REPRESENTATION_CONTEXT() REPRESENTATION_CONTEXT('2D SPACE',''
  ) );
#3493 = ORIENTED_EDGE('',*,*,#3205,.F.);
#3494 = ORIENTED_EDGE('',*,*,#3495,.F.);
#3495 = EDGE_CURVE('',#3426,#3206,#3496,.T.);
#3496 = SURFACE_CURVE('',#3497,(#3501,#3508),.PCURVE_S1.);
#3497 = LINE('',#3498,#3499);
#3498 = CARTESIAN_POINT('',(233.93679300816,831.54317311597,
    -3.681195247802));
#3499 = VECTOR('',#3500,1.);
#3500 = DIRECTION('',(-2.191995646485E-02,-0.993625314342,0.110581418906
    ));
#3501 = PCURVE('',#3228,#3502);
#3502 = DEFINITIONAL_REPRESENTATION('',(#3503),#3507);
#3503 = LINE('',#3504,#3505);
#3504 = CARTESIAN_POINT('',(0.,0.));
#3505 = VECTOR('',#3506,1.);
#3506 = DIRECTION('',(1.,0.));
#3507 = ( GEOMETRIC_REPRESENTATION_CONTEXT(2) 
PARAMETRIC_REPRESENTATION_CONTEXT() REPRESENTATION_CONTEXT('2D SPACE',''
  ) );
#3508 = PCURVE('',#3310,#3509);
#3509 = DEFINITIONAL_REPRESENTATION('',(#3510),#3514);
#3510 = LINE('',#3511,#3512);
#3511 = CARTESIAN_POINT('',(-7.5,7.5));
#3512 = VECTOR('',#3513,1.);
#3513 = DIRECTION('',(2.775557561563E-17,-1.));
#3514 = ( GEOMETRIC_REPRESENTATION_CONTEXT(2) 
PARAMETRIC_REPRESENTATION_CONTEXT() REPRESENTATION_CONTEXT('2D SPACE',''
  ) );
#3515 = ADVANCED_FACE('',(#3516),#3310,.F.);
#3516 = FACE_BOUND('',#3517,.F.);
#3517 = EDGE_LOOP('',(#3518,#3519,#3520,#3521));
#3518 = ORIENTED_EDGE('',*,*,#3296,.T.);
#3519 = ORIENTED_EDGE('',*,*,#3377,.T.);
#3520 = ORIENTED_EDGE('',*,*,#3448,.T.);
#3521 = ORIENTED_EDGE('',*,*,#3495,.T.);
#3522 = ADVANCED_FACE('',(#3523),#3256,.T.);
#3523 = FACE_BOUND('',#3524,.T.);
#3524 = EDGE_LOOP('',(#3525,#3526,#3527,#3528));
#3525 = ORIENTED_EDGE('',*,*,#3240,.T.);
#3526 = ORIENTED_EDGE('',*,*,#3326,.T.);
#3527 = ORIENTED_EDGE('',*,*,#3402,.T.);
#3528 = ORIENTED_EDGE('',*,*,#3473,.T.);
#3529 = ( GEOMETRIC_REPRESENTATION_CONTEXT(3) 
GLOBAL_UNCERTAINTY_ASSIGNED_CONTEXT((#3533)) 
GLOBAL_UNIT_ASSIGNED_CONTEXT((#3530,#3531,#3532)) REPRESENTATION_CONTEXT
('Context #1','3D Context with UNIT and UNCERTAINTY') );
#3530 = ( LENGTH_UNIT() NAMED_UNIT(*) SI_UNIT(.MILLI.,.METRE.) );
#3531 = ( NAMED_UNIT(*) PLANE_ANGLE_UNIT() SI_UNIT($,.RADIAN.) );
#3532 = ( NAMED_UNIT(*) SI_UNIT($,.STERADIAN.) SOLID_ANGLE_UNIT() );
#3533 = UNCERTAINTY_MEASURE_WITH_UNIT(LENGTH_MEASURE(1.E-07),#3530,
  'distance_accuracy_value','confusion accuracy');
#3534 = CONTEXT_DEPENDENT_SHAPE_REPRESENTATION(#3535,#3537);
#3535 = ( REPRESENTATION_RELATIONSHIP('','',#98,#10) 
REPRESENTATION_RELATIONSHIP_WITH_TRANSFORMATION(#3536) 
SHAPE_REPRESENTATION_RELATIONSHIP() );
#3536 = ITEM_DEFINED_TRANSFORMATION('','',#11,#19);
#3537 = PRODUCT_DEFINITION_SHAPE('Placement','Placement of an item',
  #3538);
#3538 = NEXT_ASSEMBLY_USAGE_OCCURRENCE('90','part1','',#5,#93,$);
#3539 = PRODUCT_RELATED_PRODUCT_CATEGORY('part',$,(#95));
#3540 = MECHANICAL_DESIGN_GEOMETRIC_PRESENTATION_REPRESENTATION('',(
    #3541,#3549,#3556,#3563,#3570,#3577,#3584,#3591,#3598),#3529);
#3541 = STYLED_ITEM('color',(#3542),#99);
#3542 = PRESENTATION_STYLE_ASSIGNMENT((#3543));
#3543 = SURFACE_STYLE_USAGE(.BOTH.,#3544);
#3544 = SURFACE_SIDE_STYLE('',(#3545));
#3545 = SURFACE_STYLE_FILL_AREA(#3546);
#3546 = FILL_AREA_STYLE('',(#3547));
#3547 = FILL_AREA_STYLE_COLOUR('',#3548);
#3548 = COLOUR_RGB('',0.431372551983,0.352941174961,0.258823530754);
#3549 = STYLED_ITEM('color',(#3550),#889);
#3550 = PRESENTATION_STYLE_ASSIGNMENT((#3551));
#3551 = SURFACE_STYLE_USAGE(.BOTH.,#3552);
#3552 = SURFACE_SIDE_STYLE('',(#3553));
#3553 = SURFACE_STYLE_FILL_AREA(#3554);
#3554 = FILL_AREA_STYLE('',(#3555));
#3555 = FILL_AREA_STYLE_COLOUR('',#3548);
#3556 = STYLED_ITEM('color',(#3557),#1219);
#3557 = PRESENTATION_STYLE_ASSIGNMENT((#3558));
#3558 = SURFACE_STYLE_USAGE(.BOTH.,#3559);
#3559 = SURFACE_SIDE_STYLE('',(#3560));
#3560 = SURFACE_STYLE_FILL_AREA(#3561);
#3561 = FILL_AREA_STYLE('',(#3562));
#3562 = FILL_AREA_STYLE_COLOUR('',#3548);
#3563 = STYLED_ITEM('color',(#3564),#1549);
#3564 = PRESENTATION_STYLE_ASSIGNMENT((#3565));
#3565 = SURFACE_STYLE_USAGE(.BOTH.,#3566);
#3566 = SURFACE_SIDE_STYLE('',(#3567));
#3567 = SURFACE_STYLE_FILL_AREA(#3568);
#3568 = FILL_AREA_STYLE('',(#3569));
#3569 = FILL_AREA_STYLE_COLOUR('',#3548);
#3570 = STYLED_ITEM('color',(#3571),#1879);
#3571 = PRESENTATION_STYLE_ASSIGNMENT((#3572));
#3572 = SURFACE_STYLE_USAGE(.BOTH.,#3573);
#3573 = SURFACE_SIDE_STYLE('',(#3574));
#3574 = SURFACE_STYLE_FILL_AREA(#3575);
#3575 = FILL_AREA_STYLE('',(#3576));
#3576 = FILL_AREA_STYLE_COLOUR('',#3548);
#3577 = STYLED_ITEM('color',(#3578),#2209);
#3578 = PRESENTATION_STYLE_ASSIGNMENT((#3579));
#3579 = SURFACE_STYLE_USAGE(.BOTH.,#3580);
#3580 = SURFACE_SIDE_STYLE('',(#3581));
#3581 = SURFACE_STYLE_FILL_AREA(#3582);
#3582 = FILL_AREA_STYLE('',(#3583));
#3583 = FILL_AREA_STYLE_COLOUR('',#3548);
#3584 = STYLED_ITEM('color',(#3585),#2539);
#3585 = PRESENTATION_STYLE_ASSIGNMENT((#3586));
#3586 = SURFACE_STYLE_USAGE(.BOTH.,#3587);
#3587 = SURFACE_SIDE_STYLE('',(#3588));
#3588 = SURFACE_STYLE_FILL_AREA(#3589);
#3589 = FILL_AREA_STYLE('',(#3590));
#3590 = FILL_AREA_STYLE_COLOUR('',#3548);
#3591 = STYLED_ITEM('color',(#3592),#2869);
#3592 = PRESENTATION_STYLE_ASSIGNMENT((#3593));
#3593 = SURFACE_STYLE_USAGE(.BOTH.,#3594);
#3594 = SURFACE_SIDE_STYLE('',(#3595));
#3595 = SURFACE_STYLE_FILL_AREA(#3596);
#3596 = FILL_AREA_STYLE('',(#3597));
#3597 = FILL_AREA_STYLE_COLOUR('',#3548);
#3598 = STYLED_ITEM('color',(#3599),#3199);
#3599 = PRESENTATION_STYLE_ASSIGNMENT((#3600));
#3600 = SURFACE_STYLE_USAGE(.BOTH.,#3601);
#3601 = SURFACE_SIDE_STYLE('',(#3602));
#3602 = SURFACE_STYLE_FILL_AREA(#3603);
#3603 = FILL_AREA_STYLE('',(#3604));
#3604 = FILL_AREA_STYLE_COLOUR('',#3548);
#3605 = MECHANICAL_DESIGN_GEOMETRIC_PRESENTATION_REPRESENTATION('',(
    #3606),#80);
#3606 = STYLED_ITEM('color',(#3607),#37);
#3607 = PRESENTATION_STYLE_ASSIGNMENT((#3608));
#3608 = SURFACE_STYLE_USAGE(.BOTH.,#3609);
#3609 = SURFACE_SIDE_STYLE('',(#3610));
#3610 = SURFACE_STYLE_FILL_AREA(#3611);
#3611 = FILL_AREA_STYLE('',(#3612));
#3612 = FILL_AREA_STYLE_COLOUR('',#3613);
#3613 = COLOUR_RGB('',0.254901961802,0.399999997426,0.227450982423);
ENDSEC;
END-ISO-10303-21;
