ISO-10303-21;
HEADER;
FILE_DESCRIPTION(('Open CASCADE Model'),'2;1');
FILE_NAME('Open CASCADE Shape Model','2026-09-14T10:38:08',('Author'),(
    'Open CASCADE'),'Open CASCADE STEP processor 7.9','Open CASCADE 7.9'
  ,'Unknown');
FILE_SCHEMA(('AUTOMOTIVE_DESIGN { 1 0 10303 214 1 1 1 1 }'));
ENDSEC;
DATA;
#1 = APPLICATION_PROTOCOL_DEFINITION('international standard',
  'automotive_design',2000,#2);
#2 = APPLICATION_CONTEXT(
  'core data for automotive mechanical design processes');
#3 = SHAPE_DEFINITION_REPRESENTATION(#4,#10);
#4 = PRODUCT_DEFINITION_SHAPE('','',#5);
#5 = PRODUCT_DEFINITION('design','',#6,#9);
#6 = PRODUCT_DEFINITION_FORMATION('','',#7);
#7 = PRODUCT('fe913271-b01f-11f1-b9b0-3c9c0f4bdafb',
  'fe913271-b01f-11f1-b9b0-3c9c0f4bdafb','',(#8));
#8 = PRODUCT_CONTEXT('',#2,'mechanical');
#9 = PRODUCT_DEFINITION_CONTEXT('part definition',#2,'design');
#10 = SHAPE_REPRESENTATION('',(#11,#15),#19);
#11 = AXIS2_PLACEMENT_3D('',#12,#13,#14);
#12 = CARTESIAN_POINT('',(0.,0.,0.));
#13 = DIRECTION('',(0.,0.,1.));
#14 = DIRECTION('',(1.,0.,-0.));
#15 = AXIS2_PLACEMENT_3D('',#16,#17,#18);
#16 = CARTESIAN_POINT('',(0.,0.,0.));
#17 = DIRECTION('',(0.,0.,1.));
#18 = DIRECTION('',(1.,0.,-0.));
#19 = ( GEOMETRIC_REPRESENTATION_CONTEXT(3) 
GLOBAL_UNCERTAINTY_ASSIGNED_CONTEXT((#23)) GLOBAL_UNIT_ASSIGNED_CONTEXT(
(#20,#21,#22)) REPRESENTATION_CONTEXT('Context #1',
  '3D Context with UNIT and UNCERTAINTY') );
#20 = ( LENGTH_UNIT() NAMED_UNIT(*) SI_UNIT(.MILLI.,.METRE.) );
#21 = ( NAMED_UNIT(*) PLANE_ANGLE_UNIT() SI_UNIT($,.RADIAN.) );
#22 = ( NAMED_UNIT(*) SI_UNIT($,.STERADIAN.) SOLID_ANGLE_UNIT() );
#23 = UNCERTAINTY_MEASURE_WITH_UNIT(LENGTH_MEASURE(1.E-07),#20,
  'distance_accuracy_value','confusion accuracy');
#24 = PRODUCT_RELATED_PRODUCT_CATEGORY('part',$,(#7));
#25 = SHAPE_DEFINITION_REPRESENTATION(#26,#32);
#26 = PRODUCT_DEFINITION_SHAPE('','',#27);
#27 = PRODUCT_DEFINITION('design','',#28,#31);
#28 = PRODUCT_DEFINITION_FORMATION('','',#29);
#29 = PRODUCT('part0','part0','',(#30));
#30 = PRODUCT_CONTEXT('',#2,'mechanical');
#31 = PRODUCT_DEFINITION_CONTEXT('part definition',#2,'design');
#32 = SHAPE_REPRESENTATION('',(#11,#33,#363,#693,#1023,#1353,#1683,#2013
    ,#2343,#2673),#3003);
#33 = MANIFOLD_SOLID_BREP('',#34);
#34 = CLOSED_SHELL('',(#35,#155,#231,#302,#349,#356));
#35 = ADVANCED_FACE('',(#36),#50,.F.);
#36 = FACE_BOUND('',#37,.F.);
#37 = EDGE_LOOP('',(#38,#73,#101,#129));
#38 = ORIENTED_EDGE('',*,*,#39,.T.);
#39 = EDGE_CURVE('',#40,#42,#44,.T.);
#40 = VERTEX_POINT('',#41);
#41 = CARTESIAN_POINT('',(51.689611148563,-9.595484711951,0.417538819029
    ));
#42 = VERTEX_POINT('',#43);
#43 = CARTESIAN_POINT('',(55.504858999817,27.016734836902,
    378.63042763105));
#44 = SURFACE_CURVE('',#45,(#49,#61),.PCURVE_S1.);
#45 = LINE('',#46,#47);
#46 = CARTESIAN_POINT('',(51.689611148563,-9.595484711951,0.417538819029
    ));
#47 = VECTOR('',#48,1.);
#48 = DIRECTION('',(1.004012592435E-02,9.634794618119E-02,0.995297075821
    ));
#49 = PCURVE('',#50,#55);
#50 = PLANE('',#51);
#51 = AXIS2_PLACEMENT_3D('',#52,#53,#54);
#52 = CARTESIAN_POINT('',(51.689611148563,-9.595484711951,0.417538819029
    ));
#53 = DIRECTION('',(-4.848127749669E-04,0.995347596683,
    -9.634794618119E-02));
#54 = DIRECTION('',(0.999949479138,-4.848127749669E-04,
    -1.004012592435E-02));
#55 = DEFINITIONAL_REPRESENTATION('',(#56),#60);
#56 = LINE('',#57,#58);
#57 = CARTESIAN_POINT('',(0.,-0.));
#58 = VECTOR('',#59,1.);
#59 = DIRECTION('',(0.,-1.));
#60 = ( GEOMETRIC_REPRESENTATION_CONTEXT(2) 
PARAMETRIC_REPRESENTATION_CONTEXT() REPRESENTATION_CONTEXT('2D SPACE',''
  ) );
#61 = PCURVE('',#62,#67);
#62 = PLANE('',#63);
#63 = AXIS2_PLACEMENT_3D('',#64,#65,#66);
#64 = CARTESIAN_POINT('',(51.686217459138,-2.628051535168,
    -0.256896804239));
#65 = DIRECTION('',(0.999949479138,-4.848127749669E-04,
    -1.004012592435E-02));
#66 = DIRECTION('',(4.848127749669E-04,-0.995347596683,
    9.634794618119E-02));
#67 = DEFINITIONAL_REPRESENTATION('',(#68),#72);
#68 = LINE('',#69,#70);
#69 = CARTESIAN_POINT('',(7.,1.110223024625E-16));
#70 = VECTOR('',#71,1.);
#71 = DIRECTION('',(0.,-1.));
#72 = ( GEOMETRIC_REPRESENTATION_CONTEXT(2) 
PARAMETRIC_REPRESENTATION_CONTEXT() REPRESENTATION_CONTEXT('2D SPACE',''
  ) );
#73 = ORIENTED_EDGE('',*,*,#74,.T.);
#74 = EDGE_CURVE('',#42,#75,#77,.T.);
#75 = VERTEX_POINT('',#76);
#76 = CARTESIAN_POINT('',(71.504050666022,27.008977832503,
    378.46978561626));
#77 = SURFACE_CURVE('',#78,(#82,#89),.PCURVE_S1.);
#78 = LINE('',#79,#80);
#79 = CARTESIAN_POINT('',(55.504858999817,27.016734836902,
    378.63042763105));
#80 = VECTOR('',#81,1.);
#81 = DIRECTION('',(0.999949479138,-4.848127749669E-04,
    -1.004012592435E-02));
#82 = PCURVE('',#50,#83);
#83 = DEFINITIONAL_REPRESENTATION('',(#84),#88);
#84 = LINE('',#85,#86);
#85 = CARTESIAN_POINT('',(-1.33226762955E-15,-380.));
#86 = VECTOR('',#87,1.);
#87 = DIRECTION('',(1.,0.));
#88 = ( GEOMETRIC_REPRESENTATION_CONTEXT(2) 
PARAMETRIC_REPRESENTATION_CONTEXT() REPRESENTATION_CONTEXT('2D SPACE',''
  ) );
#89 = PCURVE('',#90,#95);
#90 = PLANE('',#91);
#91 = AXIS2_PLACEMENT_3D('',#92,#93,#94);
#92 = CARTESIAN_POINT('',(63.502757988208,30.496572923094,
    378.21288881202));
#93 = DIRECTION('',(1.004012592435E-02,9.634794618119E-02,0.995297075821
    ));
#94 = DIRECTION('',(0.999949479138,-4.848127749669E-04,
    -1.004012592435E-02));
#95 = DEFINITIONAL_REPRESENTATION('',(#96),#100);
#96 = LINE('',#97,#98);
#97 = CARTESIAN_POINT('',(-8.,-3.5));
#98 = VECTOR('',#99,1.);
#99 = DIRECTION('',(1.,-3.252606517457E-18));
#100 = ( GEOMETRIC_REPRESENTATION_CONTEXT(2) 
PARAMETRIC_REPRESENTATION_CONTEXT() REPRESENTATION_CONTEXT('2D SPACE',''
  ) );
#101 = ORIENTED_EDGE('',*,*,#102,.F.);
#102 = EDGE_CURVE('',#103,#75,#105,.T.);
#103 = VERTEX_POINT('',#104);
#104 = CARTESIAN_POINT('',(67.688802814768,-9.603241716351,
    0.256896804239));
#105 = SURFACE_CURVE('',#106,(#110,#117),.PCURVE_S1.);
#106 = LINE('',#107,#108);
#107 = CARTESIAN_POINT('',(67.688802814768,-9.603241716351,
    0.256896804239));
#108 = VECTOR('',#109,1.);
#109 = DIRECTION('',(1.004012592435E-02,9.634794618119E-02,
    0.995297075821));
#110 = PCURVE('',#50,#111);
#111 = DEFINITIONAL_REPRESENTATION('',(#112),#116);
#112 = LINE('',#113,#114);
#113 = CARTESIAN_POINT('',(16.,-1.110223024625E-16));
#114 = VECTOR('',#115,1.);
#115 = DIRECTION('',(0.,-1.));
#116 = ( GEOMETRIC_REPRESENTATION_CONTEXT(2) 
PARAMETRIC_REPRESENTATION_CONTEXT() REPRESENTATION_CONTEXT('2D SPACE',''
  ) );
#117 = PCURVE('',#118,#123);
#118 = PLANE('',#119);
#119 = AXIS2_PLACEMENT_3D('',#120,#121,#122);
#120 = CARTESIAN_POINT('',(67.688802814768,-9.603241716351,
    0.256896804239));
#121 = DIRECTION('',(-0.999949479138,4.848127749669E-04,
    1.004012592435E-02));
#122 = DIRECTION('',(-4.848127749669E-04,0.995347596683,
    -9.634794618119E-02));
#123 = DEFINITIONAL_REPRESENTATION('',(#124),#128);
#124 = LINE('',#125,#126);
#125 = CARTESIAN_POINT('',(0.,-0.));
#126 = VECTOR('',#127,1.);
#127 = DIRECTION('',(0.,-1.));
#128 = ( GEOMETRIC_REPRESENTATION_CONTEXT(2) 
PARAMETRIC_REPRESENTATION_CONTEXT() REPRESENTATION_CONTEXT('2D SPACE',''
  ) );
#129 = ORIENTED_EDGE('',*,*,#130,.F.);
#130 = EDGE_CURVE('',#40,#103,#131,.T.);
#131 = SURFACE_CURVE('',#132,(#136,#143),.PCURVE_S1.);
#132 = LINE('',#133,#134);
#133 = CARTESIAN_POINT('',(51.689611148563,-9.595484711951,
    0.417538819029));
#134 = VECTOR('',#135,1.);
#135 = DIRECTION('',(0.999949479138,-4.848127749669E-04,
    -1.004012592435E-02));
#136 = PCURVE('',#50,#137);
#137 = DEFINITIONAL_REPRESENTATION('',(#138),#142);
#138 = LINE('',#139,#140);
#139 = CARTESIAN_POINT('',(0.,-0.));
#140 = VECTOR('',#141,1.);
#141 = DIRECTION('',(1.,0.));
#142 = ( GEOMETRIC_REPRESENTATION_CONTEXT(2) 
PARAMETRIC_REPRESENTATION_CONTEXT() REPRESENTATION_CONTEXT('2D SPACE',''
  ) );
#143 = PCURVE('',#144,#149);
#144 = PLANE('',#145);
#145 = AXIS2_PLACEMENT_3D('',#146,#147,#148);
#146 = CARTESIAN_POINT('',(59.687510136953,-6.115646625759,0.));
#147 = DIRECTION('',(1.004012592435E-02,9.634794618119E-02,
    0.995297075821));
#148 = DIRECTION('',(0.999949479138,-4.848127749669E-04,
    -1.004012592435E-02));
#149 = DEFINITIONAL_REPRESENTATION('',(#150),#154);
#150 = LINE('',#151,#152);
#151 = CARTESIAN_POINT('',(-8.,-3.5));
#152 = VECTOR('',#153,1.);
#153 = DIRECTION('',(1.,-3.252606517457E-18));
#154 = ( GEOMETRIC_REPRESENTATION_CONTEXT(2) 
PARAMETRIC_REPRESENTATION_CONTEXT() REPRESENTATION_CONTEXT('2D SPACE',''
  ) );
#155 = ADVANCED_FACE('',(#156),#118,.F.);
#156 = FACE_BOUND('',#157,.F.);
#157 = EDGE_LOOP('',(#158,#159,#182,#210));
#158 = ORIENTED_EDGE('',*,*,#102,.T.);
#159 = ORIENTED_EDGE('',*,*,#160,.T.);
#160 = EDGE_CURVE('',#75,#161,#163,.T.);
#161 = VERTEX_POINT('',#162);
#162 = CARTESIAN_POINT('',(71.500656976598,33.976411009286,377.795349993
    ));
#163 = SURFACE_CURVE('',#164,(#168,#175),.PCURVE_S1.);
#164 = LINE('',#165,#166);
#165 = CARTESIAN_POINT('',(71.504050666022,27.008977832503,
    378.46978561626));
#166 = VECTOR('',#167,1.);
#167 = DIRECTION('',(-4.848127749669E-04,0.995347596683,
    -9.634794618119E-02));
#168 = PCURVE('',#118,#169);
#169 = DEFINITIONAL_REPRESENTATION('',(#170),#174);
#170 = LINE('',#171,#172);
#171 = CARTESIAN_POINT('',(-7.105427357601E-15,-380.));
#172 = VECTOR('',#173,1.);
#173 = DIRECTION('',(1.,0.));
#174 = ( GEOMETRIC_REPRESENTATION_CONTEXT(2) 
PARAMETRIC_REPRESENTATION_CONTEXT() REPRESENTATION_CONTEXT('2D SPACE',''
  ) );
#175 = PCURVE('',#90,#176);
#176 = DEFINITIONAL_REPRESENTATION('',(#177),#181);
#177 = LINE('',#178,#179);
#178 = CARTESIAN_POINT('',(8.,-3.5));
#179 = VECTOR('',#180,1.);
#180 = DIRECTION('',(-3.252606517457E-18,1.));
#181 = ( GEOMETRIC_REPRESENTATION_CONTEXT(2) 
PARAMETRIC_REPRESENTATION_CONTEXT() REPRESENTATION_CONTEXT('2D SPACE',''
  ) );
#182 = ORIENTED_EDGE('',*,*,#183,.F.);
#183 = EDGE_CURVE('',#184,#161,#186,.T.);
#184 = VERTEX_POINT('',#185);
#185 = CARTESIAN_POINT('',(67.685409125343,-2.635808539567,
    -0.417538819029));
#186 = SURFACE_CURVE('',#187,(#191,#198),.PCURVE_S1.);
#187 = LINE('',#188,#189);
#188 = CARTESIAN_POINT('',(67.685409125343,-2.635808539567,
    -0.417538819029));
#189 = VECTOR('',#190,1.);
#190 = DIRECTION('',(1.004012592435E-02,9.634794618119E-02,
    0.995297075821));
#191 = PCURVE('',#118,#192);
#192 = DEFINITIONAL_REPRESENTATION('',(#193),#197);
#193 = LINE('',#194,#195);
#194 = CARTESIAN_POINT('',(7.,0.));
#195 = VECTOR('',#196,1.);
#196 = DIRECTION('',(0.,-1.));
#197 = ( GEOMETRIC_REPRESENTATION_CONTEXT(2) 
PARAMETRIC_REPRESENTATION_CONTEXT() REPRESENTATION_CONTEXT('2D SPACE',''
  ) );
#198 = PCURVE('',#199,#204);
#199 = PLANE('',#200);
#200 = AXIS2_PLACEMENT_3D('',#201,#202,#203);
#201 = CARTESIAN_POINT('',(67.685409125343,-2.635808539567,
    -0.417538819029));
#202 = DIRECTION('',(4.848127749669E-04,-0.995347596683,
    9.634794618119E-02));
#203 = DIRECTION('',(-0.999949479138,4.848127749669E-04,
    1.004012592435E-02));
#204 = DEFINITIONAL_REPRESENTATION('',(#205),#209);
#205 = LINE('',#206,#207);
#206 = CARTESIAN_POINT('',(0.,-0.));
#207 = VECTOR('',#208,1.);
#208 = DIRECTION('',(0.,-1.));
#209 = ( GEOMETRIC_REPRESENTATION_CONTEXT(2) 
PARAMETRIC_REPRESENTATION_CONTEXT() REPRESENTATION_CONTEXT('2D SPACE',''
  ) );
#210 = ORIENTED_EDGE('',*,*,#211,.F.);
#211 = EDGE_CURVE('',#103,#184,#212,.T.);
#212 = SURFACE_CURVE('',#213,(#217,#224),.PCURVE_S1.);
#213 = LINE('',#214,#215);
#214 = CARTESIAN_POINT('',(67.688802814768,-9.603241716351,
    0.256896804239));
#215 = VECTOR('',#216,1.);
#216 = DIRECTION('',(-4.848127749669E-04,0.995347596683,
    -9.634794618119E-02));
#217 = PCURVE('',#118,#218);
#218 = DEFINITIONAL_REPRESENTATION('',(#219),#223);
#219 = LINE('',#220,#221);
#220 = CARTESIAN_POINT('',(0.,-0.));
#221 = VECTOR('',#222,1.);
#222 = DIRECTION('',(1.,0.));
#223 = ( GEOMETRIC_REPRESENTATION_CONTEXT(2) 
PARAMETRIC_REPRESENTATION_CONTEXT() REPRESENTATION_CONTEXT('2D SPACE',''
  ) );
#224 = PCURVE('',#144,#225);
#225 = DEFINITIONAL_REPRESENTATION('',(#226),#230);
#226 = LINE('',#227,#228);
#227 = CARTESIAN_POINT('',(8.,-3.5));
#228 = VECTOR('',#229,1.);
#229 = DIRECTION('',(-3.252606517457E-18,1.));
#230 = ( GEOMETRIC_REPRESENTATION_CONTEXT(2) 
PARAMETRIC_REPRESENTATION_CONTEXT() REPRESENTATION_CONTEXT('2D SPACE',''
  ) );
#231 = ADVANCED_FACE('',(#232),#199,.F.);
#232 = FACE_BOUND('',#233,.F.);
#233 = EDGE_LOOP('',(#234,#235,#258,#281));
#234 = ORIENTED_EDGE('',*,*,#183,.T.);
#235 = ORIENTED_EDGE('',*,*,#236,.T.);
#236 = EDGE_CURVE('',#161,#237,#239,.T.);
#237 = VERTEX_POINT('',#238);
#238 = CARTESIAN_POINT('',(55.501465310393,33.984168013686,
    377.95599200778));
#239 = SURFACE_CURVE('',#240,(#244,#251),.PCURVE_S1.);
#240 = LINE('',#241,#242);
#241 = CARTESIAN_POINT('',(71.500656976598,33.976411009286,377.795349993
    ));
#242 = VECTOR('',#243,1.);
#243 = DIRECTION('',(-0.999949479138,4.848127749669E-04,
    1.004012592435E-02));
#244 = PCURVE('',#199,#245);
#245 = DEFINITIONAL_REPRESENTATION('',(#246),#250);
#246 = LINE('',#247,#248);
#247 = CARTESIAN_POINT('',(8.881784197001E-16,-380.));
#248 = VECTOR('',#249,1.);
#249 = DIRECTION('',(1.,0.));
#250 = ( GEOMETRIC_REPRESENTATION_CONTEXT(2) 
PARAMETRIC_REPRESENTATION_CONTEXT() REPRESENTATION_CONTEXT('2D SPACE',''
  ) );
#251 = PCURVE('',#90,#252);
#252 = DEFINITIONAL_REPRESENTATION('',(#253),#257);
#253 = LINE('',#254,#255);
#254 = CARTESIAN_POINT('',(8.,3.5));
#255 = VECTOR('',#256,1.);
#256 = DIRECTION('',(-1.,3.252606517457E-18));
#257 = ( GEOMETRIC_REPRESENTATION_CONTEXT(2) 
PARAMETRIC_REPRESENTATION_CONTEXT() REPRESENTATION_CONTEXT('2D SPACE',''
  ) );
#258 = ORIENTED_EDGE('',*,*,#259,.F.);
#259 = EDGE_CURVE('',#260,#237,#262,.T.);
#260 = VERTEX_POINT('',#261);
#261 = CARTESIAN_POINT('',(51.686217459138,-2.628051535168,
    -0.256896804239));
#262 = SURFACE_CURVE('',#263,(#267,#274),.PCURVE_S1.);
#263 = LINE('',#264,#265);
#264 = CARTESIAN_POINT('',(51.686217459138,-2.628051535168,
    -0.256896804239));
#265 = VECTOR('',#266,1.);
#266 = DIRECTION('',(1.004012592435E-02,9.634794618119E-02,
    0.995297075821));
#267 = PCURVE('',#199,#268);
#268 = DEFINITIONAL_REPRESENTATION('',(#269),#273);
#269 = LINE('',#270,#271);
#270 = CARTESIAN_POINT('',(16.,8.326672684689E-17));
#271 = VECTOR('',#272,1.);
#272 = DIRECTION('',(0.,-1.));
#273 = ( GEOMETRIC_REPRESENTATION_CONTEXT(2) 
PARAMETRIC_REPRESENTATION_CONTEXT() REPRESENTATION_CONTEXT('2D SPACE',''
  ) );
#274 = PCURVE('',#62,#275);
#275 = DEFINITIONAL_REPRESENTATION('',(#276),#280);
#276 = LINE('',#277,#278);
#277 = CARTESIAN_POINT('',(0.,-0.));
#278 = VECTOR('',#279,1.);
#279 = DIRECTION('',(0.,-1.));
#280 = ( GEOMETRIC_REPRESENTATION_CONTEXT(2) 
PARAMETRIC_REPRESENTATION_CONTEXT() REPRESENTATION_CONTEXT('2D SPACE',''
  ) );
#281 = ORIENTED_EDGE('',*,*,#282,.F.);
#282 = EDGE_CURVE('',#184,#260,#283,.T.);
#283 = SURFACE_CURVE('',#284,(#288,#295),.PCURVE_S1.);
#284 = LINE('',#285,#286);
#285 = CARTESIAN_POINT('',(67.685409125343,-2.635808539567,
    -0.417538819029));
#286 = VECTOR('',#287,1.);
#287 = DIRECTION('',(-0.999949479138,4.848127749669E-04,
    1.004012592435E-02));
#288 = PCURVE('',#199,#289);
#289 = DEFINITIONAL_REPRESENTATION('',(#290),#294);
#290 = LINE('',#291,#292);
#291 = CARTESIAN_POINT('',(0.,-0.));
#292 = VECTOR('',#293,1.);
#293 = DIRECTION('',(1.,0.));
#294 = ( GEOMETRIC_REPRESENTATION_CONTEXT(2) 
PARAMETRIC_REPRESENTATION_CONTEXT() REPRESENTATION_CONTEXT('2D SPACE',''
  ) );
#295 = PCURVE('',#144,#296);
#296 = DEFINITIONAL_REPRESENTATION('',(#297),#301);
#297 = LINE('',#298,#299);
#298 = CARTESIAN_POINT('',(8.,3.5));
#299 = VECTOR('',#300,1.);
#300 = DIRECTION('',(-1.,3.252606517457E-18));
#301 = ( GEOMETRIC_REPRESENTATION_CONTEXT(2) 
PARAMETRIC_REPRESENTATION_CONTEXT() REPRESENTATION_CONTEXT('2D SPACE',''
  ) );
#302 = ADVANCED_FACE('',(#303),#62,.F.);
#303 = FACE_BOUND('',#304,.F.);
#304 = EDGE_LOOP('',(#305,#306,#327,#328));
#305 = ORIENTED_EDGE('',*,*,#259,.T.);
#306 = ORIENTED_EDGE('',*,*,#307,.T.);
#307 = EDGE_CURVE('',#237,#42,#308,.T.);
#308 = SURFACE_CURVE('',#309,(#313,#320),.PCURVE_S1.);
#309 = LINE('',#310,#311);
#310 = CARTESIAN_POINT('',(55.501465310393,33.984168013686,
    377.95599200778));
#311 = VECTOR('',#312,1.);
#312 = DIRECTION('',(4.848127749669E-04,-0.995347596683,
    9.634794618119E-02));
#313 = PCURVE('',#62,#314);
#314 = DEFINITIONAL_REPRESENTATION('',(#315),#319);
#315 = LINE('',#316,#317);
#316 = CARTESIAN_POINT('',(0.,-380.));
#317 = VECTOR('',#318,1.);
#318 = DIRECTION('',(1.,0.));
#319 = ( GEOMETRIC_REPRESENTATION_CONTEXT(2) 
PARAMETRIC_REPRESENTATION_CONTEXT() REPRESENTATION_CONTEXT('2D SPACE',''
  ) );
#320 = PCURVE('',#90,#321);
#321 = DEFINITIONAL_REPRESENTATION('',(#322),#326);
#322 = LINE('',#323,#324);
#323 = CARTESIAN_POINT('',(-8.,3.5));
#324 = VECTOR('',#325,1.);
#325 = DIRECTION('',(3.252606517457E-18,-1.));
#326 = ( GEOMETRIC_REPRESENTATION_CONTEXT(2) 
PARAMETRIC_REPRESENTATION_CONTEXT() REPRESENTATION_CONTEXT('2D SPACE',''
  ) );
#327 = ORIENTED_EDGE('',*,*,#39,.F.);
#328 = ORIENTED_EDGE('',*,*,#329,.F.);
#329 = EDGE_CURVE('',#260,#40,#330,.T.);
#330 = SURFACE_CURVE('',#331,(#335,#342),.PCURVE_S1.);
#331 = LINE('',#332,#333);
#332 = CARTESIAN_POINT('',(51.686217459138,-2.628051535168,
    -0.256896804239));
#333 = VECTOR('',#334,1.);
#334 = DIRECTION('',(4.848127749669E-04,-0.995347596683,
    9.634794618119E-02));
#335 = PCURVE('',#62,#336);
#336 = DEFINITIONAL_REPRESENTATION('',(#337),#341);
#337 = LINE('',#338,#339);
#338 = CARTESIAN_POINT('',(0.,-0.));
#339 = VECTOR('',#340,1.);
#340 = DIRECTION('',(1.,0.));
#341 = ( GEOMETRIC_REPRESENTATION_CONTEXT(2) 
PARAMETRIC_REPRESENTATION_CONTEXT() REPRESENTATION_CONTEXT('2D SPACE',''
  ) );
#342 = PCURVE('',#144,#343);
#343 = DEFINITIONAL_REPRESENTATION('',(#344),#348);
#344 = LINE('',#345,#346);
#345 = CARTESIAN_POINT('',(-8.,3.5));
#346 = VECTOR('',#347,1.);
#347 = DIRECTION('',(3.252606517457E-18,-1.));
#348 = ( GEOMETRIC_REPRESENTATION_CONTEXT(2) 
PARAMETRIC_REPRESENTATION_CONTEXT() REPRESENTATION_CONTEXT('2D SPACE',''
  ) );
#349 = ADVANCED_FACE('',(#350),#144,.F.);
#350 = FACE_BOUND('',#351,.F.);
#351 = EDGE_LOOP('',(#352,#353,#354,#355));
#352 = ORIENTED_EDGE('',*,*,#130,.T.);
#353 = ORIENTED_EDGE('',*,*,#211,.T.);
#354 = ORIENTED_EDGE('',*,*,#282,.T.);
#355 = ORIENTED_EDGE('',*,*,#329,.T.);
#356 = ADVANCED_FACE('',(#357),#90,.T.);
#357 = FACE_BOUND('',#358,.T.);
#358 = EDGE_LOOP('',(#359,#360,#361,#362));
#359 = ORIENTED_EDGE('',*,*,#74,.T.);
#360 = ORIENTED_EDGE('',*,*,#160,.T.);
#361 = ORIENTED_EDGE('',*,*,#236,.T.);
#362 = ORIENTED_EDGE('',*,*,#307,.T.);
#363 = MANIFOLD_SOLID_BREP('',#364);
#364 = CLOSED_SHELL('',(#365,#485,#561,#632,#679,#686));
#365 = ADVANCED_FACE('',(#366),#380,.F.);
#366 = FACE_BOUND('',#367,.F.);
#367 = EDGE_LOOP('',(#368,#403,#431,#459));
#368 = ORIENTED_EDGE('',*,*,#369,.T.);
#369 = EDGE_CURVE('',#370,#372,#374,.T.);
#370 = VERTEX_POINT('',#371);
#371 = CARTESIAN_POINT('',(85.171221566504,87.159438232725,
    0.212898981493));
#372 = VERTEX_POINT('',#373);
#373 = CARTESIAN_POINT('',(106.25964360936,65.721774093939,
    439.18408825479));
#374 = SURFACE_CURVE('',#375,(#379,#391),.PCURVE_S1.);
#375 = LINE('',#376,#377);
#376 = CARTESIAN_POINT('',(85.171221566504,87.159438232725,
    0.212898981493));
#377 = VECTOR('',#378,1.);
#378 = DIRECTION('',(4.792823191558E-02,-4.872196395179E-02,
    0.997661793803));
#379 = PCURVE('',#380,#385);
#380 = PLANE('',#381);
#381 = AXIS2_PLACEMENT_3D('',#382,#383,#384);
#382 = CARTESIAN_POINT('',(85.171221566504,87.159438232725,
    0.212898981493));
#383 = DIRECTION('',(1.168945411535E-03,0.998811695864,
    4.872196395179E-02));
#384 = DIRECTION('',(0.998850097939,1.168945411535E-03,
    -4.792823191558E-02));
#385 = DEFINITIONAL_REPRESENTATION('',(#386),#390);
#386 = LINE('',#387,#388);
#387 = CARTESIAN_POINT('',(0.,0.));
#388 = VECTOR('',#389,1.);
#389 = DIRECTION('',(0.,-1.));
#390 = ( GEOMETRIC_REPRESENTATION_CONTEXT(2) 
PARAMETRIC_REPRESENTATION_CONTEXT() REPRESENTATION_CONTEXT('2D SPACE',''
  ) );
#391 = PCURVE('',#392,#397);
#392 = PLANE('',#393);
#393 = AXIS2_PLACEMENT_3D('',#394,#395,#396);
#394 = CARTESIAN_POINT('',(85.179404184385,94.151120103775,
    0.553952729156));
#395 = DIRECTION('',(0.998850097939,1.168945411535E-03,
    -4.792823191558E-02));
#396 = DIRECTION('',(-1.168945411535E-03,-0.998811695864,
    -4.872196395179E-02));
#397 = DEFINITIONAL_REPRESENTATION('',(#398),#402);
#398 = LINE('',#399,#400);
#399 = CARTESIAN_POINT('',(7.,-1.110223024625E-16));
#400 = VECTOR('',#401,1.);
#401 = DIRECTION('',(-6.938893903907E-18,-1.));
#402 = ( GEOMETRIC_REPRESENTATION_CONTEXT(2) 
PARAMETRIC_REPRESENTATION_CONTEXT() REPRESENTATION_CONTEXT('2D SPACE',''
  ) );
#403 = ORIENTED_EDGE('',*,*,#404,.T.);
#404 = EDGE_CURVE('',#372,#405,#407,.T.);
#405 = VERTEX_POINT('',#406);
#406 = CARTESIAN_POINT('',(122.24124517637,65.740477220523,
    438.41723654414));
#407 = SURFACE_CURVE('',#408,(#412,#419),.PCURVE_S1.);
#408 = LINE('',#409,#410);
#409 = CARTESIAN_POINT('',(106.25964360936,65.721774093939,
    439.18408825479));
#410 = VECTOR('',#411,1.);
#411 = DIRECTION('',(0.998850097939,1.168945411535E-03,
    -4.792823191558E-02));
#412 = PCURVE('',#380,#413);
#413 = DEFINITIONAL_REPRESENTATION('',(#414),#418);
#414 = LINE('',#415,#416);
#415 = CARTESIAN_POINT('',(-3.552713678801E-15,-440.));
#416 = VECTOR('',#417,1.);
#417 = DIRECTION('',(1.,-6.938893903907E-18));
#418 = ( GEOMETRIC_REPRESENTATION_CONTEXT(2) 
PARAMETRIC_REPRESENTATION_CONTEXT() REPRESENTATION_CONTEXT('2D SPACE',''
  ) );
#419 = PCURVE('',#420,#425);
#420 = PLANE('',#421);
#421 = AXIS2_PLACEMENT_3D('',#422,#423,#424);
#422 = CARTESIAN_POINT('',(114.25453570181,69.226966592756,
    438.9711892733));
#423 = DIRECTION('',(4.792823191558E-02,-4.872196395179E-02,
    0.997661793803));
#424 = DIRECTION('',(0.998850097939,1.168945411535E-03,
    -4.792823191558E-02));
#425 = DEFINITIONAL_REPRESENTATION('',(#426),#430);
#426 = LINE('',#427,#428);
#427 = CARTESIAN_POINT('',(-8.,-3.5));
#428 = VECTOR('',#429,1.);
#429 = DIRECTION('',(1.,4.857225732735E-17));
#430 = ( GEOMETRIC_REPRESENTATION_CONTEXT(2) 
PARAMETRIC_REPRESENTATION_CONTEXT() REPRESENTATION_CONTEXT('2D SPACE',''
  ) );
#431 = ORIENTED_EDGE('',*,*,#432,.F.);
#432 = EDGE_CURVE('',#433,#405,#435,.T.);
#433 = VERTEX_POINT('',#434);
#434 = CARTESIAN_POINT('',(101.15282313352,87.178141359309,
    -0.553952729156));
#435 = SURFACE_CURVE('',#436,(#440,#447),.PCURVE_S1.);
#436 = LINE('',#437,#438);
#437 = CARTESIAN_POINT('',(101.15282313352,87.178141359309,
    -0.553952729156));
#438 = VECTOR('',#439,1.);
#439 = DIRECTION('',(4.792823191558E-02,-4.872196395179E-02,
    0.997661793803));
#440 = PCURVE('',#380,#441);
#441 = DEFINITIONAL_REPRESENTATION('',(#442),#446);
#442 = LINE('',#443,#444);
#443 = CARTESIAN_POINT('',(16.,-3.330669073875E-16));
#444 = VECTOR('',#445,1.);
#445 = DIRECTION('',(0.,-1.));
#446 = ( GEOMETRIC_REPRESENTATION_CONTEXT(2) 
PARAMETRIC_REPRESENTATION_CONTEXT() REPRESENTATION_CONTEXT('2D SPACE',''
  ) );
#447 = PCURVE('',#448,#453);
#448 = PLANE('',#449);
#449 = AXIS2_PLACEMENT_3D('',#450,#451,#452);
#450 = CARTESIAN_POINT('',(101.15282313352,87.178141359309,
    -0.553952729156));
#451 = DIRECTION('',(-0.998850097939,-1.168945411535E-03,
    4.792823191558E-02));
#452 = DIRECTION('',(1.168945411535E-03,0.998811695864,
    4.872196395179E-02));
#453 = DEFINITIONAL_REPRESENTATION('',(#454),#458);
#454 = LINE('',#455,#456);
#455 = CARTESIAN_POINT('',(0.,0.));
#456 = VECTOR('',#457,1.);
#457 = DIRECTION('',(6.938893903907E-18,-1.));
#458 = ( GEOMETRIC_REPRESENTATION_CONTEXT(2) 
PARAMETRIC_REPRESENTATION_CONTEXT() REPRESENTATION_CONTEXT('2D SPACE',''
  ) );
#459 = ORIENTED_EDGE('',*,*,#460,.F.);
#460 = EDGE_CURVE('',#370,#433,#461,.T.);
#461 = SURFACE_CURVE('',#462,(#466,#473),.PCURVE_S1.);
#462 = LINE('',#463,#464);
#463 = CARTESIAN_POINT('',(85.171221566504,87.159438232725,
    0.212898981493));
#464 = VECTOR('',#465,1.);
#465 = DIRECTION('',(0.998850097939,1.168945411535E-03,
    -4.792823191558E-02));
#466 = PCURVE('',#380,#467);
#467 = DEFINITIONAL_REPRESENTATION('',(#468),#472);
#468 = LINE('',#469,#470);
#469 = CARTESIAN_POINT('',(0.,0.));
#470 = VECTOR('',#471,1.);
#471 = DIRECTION('',(1.,-6.938893903907E-18));
#472 = ( GEOMETRIC_REPRESENTATION_CONTEXT(2) 
PARAMETRIC_REPRESENTATION_CONTEXT() REPRESENTATION_CONTEXT('2D SPACE',''
  ) );
#473 = PCURVE('',#474,#479);
#474 = PLANE('',#475);
#475 = AXIS2_PLACEMENT_3D('',#476,#477,#478);
#476 = CARTESIAN_POINT('',(93.166113658954,90.664630731542,0.));
#477 = DIRECTION('',(4.792823191558E-02,-4.872196395179E-02,
    0.997661793803));
#478 = DIRECTION('',(0.998850097939,1.168945411535E-03,
    -4.792823191558E-02));
#479 = DEFINITIONAL_REPRESENTATION('',(#480),#484);
#480 = LINE('',#481,#482);
#481 = CARTESIAN_POINT('',(-8.,-3.5));
#482 = VECTOR('',#483,1.);
#483 = DIRECTION('',(1.,4.857225732735E-17));
#484 = ( GEOMETRIC_REPRESENTATION_CONTEXT(2) 
PARAMETRIC_REPRESENTATION_CONTEXT() REPRESENTATION_CONTEXT('2D SPACE',''
  ) );
#485 = ADVANCED_FACE('',(#486),#448,.F.);
#486 = FACE_BOUND('',#487,.F.);
#487 = EDGE_LOOP('',(#488,#489,#512,#540));
#488 = ORIENTED_EDGE('',*,*,#432,.T.);
#489 = ORIENTED_EDGE('',*,*,#490,.T.);
#490 = EDGE_CURVE('',#405,#491,#493,.T.);
#491 = VERTEX_POINT('',#492);
#492 = CARTESIAN_POINT('',(122.24942779426,72.732159091573,
    438.7582902918));
#493 = SURFACE_CURVE('',#494,(#498,#505),.PCURVE_S1.);
#494 = LINE('',#495,#496);
#495 = CARTESIAN_POINT('',(122.24124517637,65.740477220523,
    438.41723654414));
#496 = VECTOR('',#497,1.);
#497 = DIRECTION('',(1.168945411535E-03,0.998811695864,
    4.872196395179E-02));
#498 = PCURVE('',#448,#499);
#499 = DEFINITIONAL_REPRESENTATION('',(#500),#504);
#500 = LINE('',#501,#502);
#501 = CARTESIAN_POINT('',(3.552713678801E-15,-440.));
#502 = VECTOR('',#503,1.);
#503 = DIRECTION('',(1.,0.));
#504 = ( GEOMETRIC_REPRESENTATION_CONTEXT(2) 
PARAMETRIC_REPRESENTATION_CONTEXT() REPRESENTATION_CONTEXT('2D SPACE',''
  ) );
#505 = PCURVE('',#420,#506);
#506 = DEFINITIONAL_REPRESENTATION('',(#507),#511);
#507 = LINE('',#508,#509);
#508 = CARTESIAN_POINT('',(8.,-3.5));
#509 = VECTOR('',#510,1.);
#510 = DIRECTION('',(4.813857645836E-17,1.));
#511 = ( GEOMETRIC_REPRESENTATION_CONTEXT(2) 
PARAMETRIC_REPRESENTATION_CONTEXT() REPRESENTATION_CONTEXT('2D SPACE',''
  ) );
#512 = ORIENTED_EDGE('',*,*,#513,.F.);
#513 = EDGE_CURVE('',#514,#491,#516,.T.);
#514 = VERTEX_POINT('',#515);
#515 = CARTESIAN_POINT('',(101.1610057514,94.169823230359,
    -0.212898981493));
#516 = SURFACE_CURVE('',#517,(#521,#528),.PCURVE_S1.);
#517 = LINE('',#518,#519);
#518 = CARTESIAN_POINT('',(101.1610057514,94.169823230359,
    -0.212898981493));
#519 = VECTOR('',#520,1.);
#520 = DIRECTION('',(4.792823191558E-02,-4.872196395179E-02,
    0.997661793803));
#521 = PCURVE('',#448,#522);
#522 = DEFINITIONAL_REPRESENTATION('',(#523),#527);
#523 = LINE('',#524,#525);
#524 = CARTESIAN_POINT('',(7.,1.110223024625E-16));
#525 = VECTOR('',#526,1.);
#526 = DIRECTION('',(6.938893903907E-18,-1.));
#527 = ( GEOMETRIC_REPRESENTATION_CONTEXT(2) 
PARAMETRIC_REPRESENTATION_CONTEXT() REPRESENTATION_CONTEXT('2D SPACE',''
  ) );
#528 = PCURVE('',#529,#534);
#529 = PLANE('',#530);
#530 = AXIS2_PLACEMENT_3D('',#531,#532,#533);
#531 = CARTESIAN_POINT('',(101.1610057514,94.169823230359,
    -0.212898981493));
#532 = DIRECTION('',(-1.168945411535E-03,-0.998811695864,
    -4.872196395179E-02));
#533 = DIRECTION('',(-0.998850097939,-1.168945411535E-03,
    4.792823191558E-02));
#534 = DEFINITIONAL_REPRESENTATION('',(#535),#539);
#535 = LINE('',#536,#537);
#536 = CARTESIAN_POINT('',(0.,0.));
#537 = VECTOR('',#538,1.);
#538 = DIRECTION('',(0.,-1.));
#539 = ( GEOMETRIC_REPRESENTATION_CONTEXT(2) 
PARAMETRIC_REPRESENTATION_CONTEXT() REPRESENTATION_CONTEXT('2D SPACE',''
  ) );
#540 = ORIENTED_EDGE('',*,*,#541,.F.);
#541 = EDGE_CURVE('',#433,#514,#542,.T.);
#542 = SURFACE_CURVE('',#543,(#547,#554),.PCURVE_S1.);
#543 = LINE('',#544,#545);
#544 = CARTESIAN_POINT('',(101.15282313352,87.178141359309,
    -0.553952729156));
#545 = VECTOR('',#546,1.);
#546 = DIRECTION('',(1.168945411535E-03,0.998811695864,
    4.872196395179E-02));
#547 = PCURVE('',#448,#548);
#548 = DEFINITIONAL_REPRESENTATION('',(#549),#553);
#549 = LINE('',#550,#551);
#550 = CARTESIAN_POINT('',(0.,0.));
#551 = VECTOR('',#552,1.);
#552 = DIRECTION('',(1.,0.));
#553 = ( GEOMETRIC_REPRESENTATION_CONTEXT(2) 
PARAMETRIC_REPRESENTATION_CONTEXT() REPRESENTATION_CONTEXT('2D SPACE',''
  ) );
#554 = PCURVE('',#474,#555);
#555 = DEFINITIONAL_REPRESENTATION('',(#556),#560);
#556 = LINE('',#557,#558);
#557 = CARTESIAN_POINT('',(8.,-3.5));
#558 = VECTOR('',#559,1.);
#559 = DIRECTION('',(4.813857645836E-17,1.));
#560 = ( GEOMETRIC_REPRESENTATION_CONTEXT(2) 
PARAMETRIC_REPRESENTATION_CONTEXT() REPRESENTATION_CONTEXT('2D SPACE',''
  ) );
#561 = ADVANCED_FACE('',(#562),#529,.F.);
#562 = FACE_BOUND('',#563,.F.);
#563 = EDGE_LOOP('',(#564,#565,#588,#611));
#564 = ORIENTED_EDGE('',*,*,#513,.T.);
#565 = ORIENTED_EDGE('',*,*,#566,.T.);
#566 = EDGE_CURVE('',#491,#567,#569,.T.);
#567 = VERTEX_POINT('',#568);
#568 = CARTESIAN_POINT('',(106.26782622724,72.713455964989,
    439.52514200245));
#569 = SURFACE_CURVE('',#570,(#574,#581),.PCURVE_S1.);
#570 = LINE('',#571,#572);
#571 = CARTESIAN_POINT('',(122.24942779426,72.732159091573,
    438.7582902918));
#572 = VECTOR('',#573,1.);
#573 = DIRECTION('',(-0.998850097939,-1.168945411535E-03,
    4.792823191558E-02));
#574 = PCURVE('',#529,#575);
#575 = DEFINITIONAL_REPRESENTATION('',(#576),#580);
#576 = LINE('',#577,#578);
#577 = CARTESIAN_POINT('',(7.105427357601E-15,-440.));
#578 = VECTOR('',#579,1.);
#579 = DIRECTION('',(1.,6.938893903907E-18));
#580 = ( GEOMETRIC_REPRESENTATION_CONTEXT(2) 
PARAMETRIC_REPRESENTATION_CONTEXT() REPRESENTATION_CONTEXT('2D SPACE',''
  ) );
#581 = PCURVE('',#420,#582);
#582 = DEFINITIONAL_REPRESENTATION('',(#583),#587);
#583 = LINE('',#584,#585);
#584 = CARTESIAN_POINT('',(8.,3.5));
#585 = VECTOR('',#586,1.);
#586 = DIRECTION('',(-1.,-4.857225732735E-17));
#587 = ( GEOMETRIC_REPRESENTATION_CONTEXT(2) 
PARAMETRIC_REPRESENTATION_CONTEXT() REPRESENTATION_CONTEXT('2D SPACE',''
  ) );
#588 = ORIENTED_EDGE('',*,*,#589,.F.);
#589 = EDGE_CURVE('',#590,#567,#592,.T.);
#590 = VERTEX_POINT('',#591);
#591 = CARTESIAN_POINT('',(85.179404184385,94.151120103775,
    0.553952729156));
#592 = SURFACE_CURVE('',#593,(#597,#604),.PCURVE_S1.);
#593 = LINE('',#594,#595);
#594 = CARTESIAN_POINT('',(85.179404184385,94.151120103775,
    0.553952729156));
#595 = VECTOR('',#596,1.);
#596 = DIRECTION('',(4.792823191558E-02,-4.872196395179E-02,
    0.997661793803));
#597 = PCURVE('',#529,#598);
#598 = DEFINITIONAL_REPRESENTATION('',(#599),#603);
#599 = LINE('',#600,#601);
#600 = CARTESIAN_POINT('',(16.,3.330669073875E-16));
#601 = VECTOR('',#602,1.);
#602 = DIRECTION('',(0.,-1.));
#603 = ( GEOMETRIC_REPRESENTATION_CONTEXT(2) 
PARAMETRIC_REPRESENTATION_CONTEXT() REPRESENTATION_CONTEXT('2D SPACE',''
  ) );
#604 = PCURVE('',#392,#605);
#605 = DEFINITIONAL_REPRESENTATION('',(#606),#610);
#606 = LINE('',#607,#608);
#607 = CARTESIAN_POINT('',(-0.,0.));
#608 = VECTOR('',#609,1.);
#609 = DIRECTION('',(-6.938893903907E-18,-1.));
#610 = ( GEOMETRIC_REPRESENTATION_CONTEXT(2) 
PARAMETRIC_REPRESENTATION_CONTEXT() REPRESENTATION_CONTEXT('2D SPACE',''
  ) );
#611 = ORIENTED_EDGE('',*,*,#612,.F.);
#612 = EDGE_CURVE('',#514,#590,#613,.T.);
#613 = SURFACE_CURVE('',#614,(#618,#625),.PCURVE_S1.);
#614 = LINE('',#615,#616);
#615 = CARTESIAN_POINT('',(101.1610057514,94.169823230359,
    -0.212898981493));
#616 = VECTOR('',#617,1.);
#617 = DIRECTION('',(-0.998850097939,-1.168945411535E-03,
    4.792823191558E-02));
#618 = PCURVE('',#529,#619);
#619 = DEFINITIONAL_REPRESENTATION('',(#620),#624);
#620 = LINE('',#621,#622);
#621 = CARTESIAN_POINT('',(0.,0.));
#622 = VECTOR('',#623,1.);
#623 = DIRECTION('',(1.,6.938893903907E-18));
#624 = ( GEOMETRIC_REPRESENTATION_CONTEXT(2) 
PARAMETRIC_REPRESENTATION_CONTEXT() REPRESENTATION_CONTEXT('2D SPACE',''
  ) );
#625 = PCURVE('',#474,#626);
#626 = DEFINITIONAL_REPRESENTATION('',(#627),#631);
#627 = LINE('',#628,#629);
#628 = CARTESIAN_POINT('',(8.,3.5));
#629 = VECTOR('',#630,1.);
#630 = DIRECTION('',(-1.,-4.857225732735E-17));
#631 = ( GEOMETRIC_REPRESENTATION_CONTEXT(2) 
PARAMETRIC_REPRESENTATION_CONTEXT() REPRESENTATION_CONTEXT('2D SPACE',''
  ) );
#632 = ADVANCED_FACE('',(#633),#392,.F.);
#633 = FACE_BOUND('',#634,.F.);
#634 = EDGE_LOOP('',(#635,#636,#657,#658));
#635 = ORIENTED_EDGE('',*,*,#589,.T.);
#636 = ORIENTED_EDGE('',*,*,#637,.T.);
#637 = EDGE_CURVE('',#567,#372,#638,.T.);
#638 = SURFACE_CURVE('',#639,(#643,#650),.PCURVE_S1.);
#639 = LINE('',#640,#641);
#640 = CARTESIAN_POINT('',(106.26782622724,72.713455964989,
    439.52514200245));
#641 = VECTOR('',#642,1.);
#642 = DIRECTION('',(-1.168945411535E-03,-0.998811695864,
    -4.872196395179E-02));
#643 = PCURVE('',#392,#644);
#644 = DEFINITIONAL_REPRESENTATION('',(#645),#649);
#645 = LINE('',#646,#647);
#646 = CARTESIAN_POINT('',(-3.552713678801E-15,-440.));
#647 = VECTOR('',#648,1.);
#648 = DIRECTION('',(1.,0.));
#649 = ( GEOMETRIC_REPRESENTATION_CONTEXT(2) 
PARAMETRIC_REPRESENTATION_CONTEXT() REPRESENTATION_CONTEXT('2D SPACE',''
  ) );
#650 = PCURVE('',#420,#651);
#651 = DEFINITIONAL_REPRESENTATION('',(#652),#656);
#652 = LINE('',#653,#654);
#653 = CARTESIAN_POINT('',(-8.,3.5));
#654 = VECTOR('',#655,1.);
#655 = DIRECTION('',(-4.813857645836E-17,-1.));
#656 = ( GEOMETRIC_REPRESENTATION_CONTEXT(2) 
PARAMETRIC_REPRESENTATION_CONTEXT() REPRESENTATION_CONTEXT('2D SPACE',''
  ) );
#657 = ORIENTED_EDGE('',*,*,#369,.F.);
#658 = ORIENTED_EDGE('',*,*,#659,.F.);
#659 = EDGE_CURVE('',#590,#370,#660,.T.);
#660 = SURFACE_CURVE('',#661,(#665,#672),.PCURVE_S1.);
#661 = LINE('',#662,#663);
#662 = CARTESIAN_POINT('',(85.179404184385,94.151120103775,
    0.553952729156));
#663 = VECTOR('',#664,1.);
#664 = DIRECTION('',(-1.168945411535E-03,-0.998811695864,
    -4.872196395179E-02));
#665 = PCURVE('',#392,#666);
#666 = DEFINITIONAL_REPRESENTATION('',(#667),#671);
#667 = LINE('',#668,#669);
#668 = CARTESIAN_POINT('',(-0.,0.));
#669 = VECTOR('',#670,1.);
#670 = DIRECTION('',(1.,0.));
#671 = ( GEOMETRIC_REPRESENTATION_CONTEXT(2) 
PARAMETRIC_REPRESENTATION_CONTEXT() REPRESENTATION_CONTEXT('2D SPACE',''
  ) );
#672 = PCURVE('',#474,#673);
#673 = DEFINITIONAL_REPRESENTATION('',(#674),#678);
#674 = LINE('',#675,#676);
#675 = CARTESIAN_POINT('',(-8.,3.5));
#676 = VECTOR('',#677,1.);
#677 = DIRECTION('',(-4.813857645836E-17,-1.));
#678 = ( GEOMETRIC_REPRESENTATION_CONTEXT(2) 
PARAMETRIC_REPRESENTATION_CONTEXT() REPRESENTATION_CONTEXT('2D SPACE',''
  ) );
#679 = ADVANCED_FACE('',(#680),#474,.F.);
#680 = FACE_BOUND('',#681,.F.);
#681 = EDGE_LOOP('',(#682,#683,#684,#685));
#682 = ORIENTED_EDGE('',*,*,#460,.T.);
#683 = ORIENTED_EDGE('',*,*,#541,.T.);
#684 = ORIENTED_EDGE('',*,*,#612,.T.);
#685 = ORIENTED_EDGE('',*,*,#659,.T.);
#686 = ADVANCED_FACE('',(#687),#420,.T.);
#687 = FACE_BOUND('',#688,.T.);
#688 = EDGE_LOOP('',(#689,#690,#691,#692));
#689 = ORIENTED_EDGE('',*,*,#404,.T.);
#690 = ORIENTED_EDGE('',*,*,#490,.T.);
#691 = ORIENTED_EDGE('',*,*,#566,.T.);
#692 = ORIENTED_EDGE('',*,*,#637,.T.);
#693 = MANIFOLD_SOLID_BREP('',#694);
#694 = CLOSED_SHELL('',(#695,#815,#891,#962,#1009,#1016));
#695 = ADVANCED_FACE('',(#696),#710,.F.);
#696 = FACE_BOUND('',#697,.F.);
#697 = EDGE_LOOP('',(#698,#733,#761,#789));
#698 = ORIENTED_EDGE('',*,*,#699,.T.);
#699 = EDGE_CURVE('',#700,#702,#704,.T.);
#700 = VERTEX_POINT('',#701);
#701 = CARTESIAN_POINT('',(26.981401185872,193.41699520463,
    0.102796395186));
#702 = VERTEX_POINT('',#703);
#703 = CARTESIAN_POINT('',(33.930833612352,192.21777754212,
    500.05306118754));
#704 = SURFACE_CURVE('',#705,(#709,#721),.PCURVE_S1.);
#705 = LINE('',#706,#707);
#706 = CARTESIAN_POINT('',(26.981401185872,193.41699520463,
    0.102796395186));
#707 = VECTOR('',#708,1.);
#708 = DIRECTION('',(1.389886485296E-02,-2.398435325025E-03,
    0.999900529585));
#709 = PCURVE('',#710,#715);
#710 = PLANE('',#711);
#711 = AXIS2_PLACEMENT_3D('',#712,#713,#714);
#712 = CARTESIAN_POINT('',(26.981401185872,193.41699520463,
    0.102796395186));
#713 = DIRECTION('',(1.666859323649E-05,0.999997123611,
    2.398435325025E-03));
#714 = DIRECTION('',(0.999903405974,1.666859323649E-05,
    -1.389886485296E-02));
#715 = DEFINITIONAL_REPRESENTATION('',(#716),#720);
#716 = LINE('',#717,#718);
#717 = CARTESIAN_POINT('',(0.,0.));
#718 = VECTOR('',#719,1.);
#719 = DIRECTION('',(-1.734723475977E-18,-1.));
#720 = ( GEOMETRIC_REPRESENTATION_CONTEXT(2) 
PARAMETRIC_REPRESENTATION_CONTEXT() REPRESENTATION_CONTEXT('2D SPACE',''
  ) );
#721 = PCURVE('',#722,#727);
#722 = PLANE('',#723);
#723 = AXIS2_PLACEMENT_3D('',#724,#725,#726);
#724 = CARTESIAN_POINT('',(26.981517866025,200.41697506991,
    0.119585442461));
#725 = DIRECTION('',(0.999903405974,1.666859323649E-05,
    -1.389886485296E-02));
#726 = DIRECTION('',(-1.666859323649E-05,-0.999997123611,
    -2.398435325025E-03));
#727 = DEFINITIONAL_REPRESENTATION('',(#728),#732);
#728 = LINE('',#729,#730);
#729 = CARTESIAN_POINT('',(7.,-6.245004513517E-17));
#730 = VECTOR('',#731,1.);
#731 = DIRECTION('',(0.,-1.));
#732 = ( GEOMETRIC_REPRESENTATION_CONTEXT(2) 
PARAMETRIC_REPRESENTATION_CONTEXT() REPRESENTATION_CONTEXT('2D SPACE',''
  ) );
#733 = ORIENTED_EDGE('',*,*,#734,.T.);
#734 = EDGE_CURVE('',#702,#735,#737,.T.);
#735 = VERTEX_POINT('',#736);
#736 = CARTESIAN_POINT('',(49.929288107932,192.21804423961,
    499.83067934989));
#737 = SURFACE_CURVE('',#738,(#742,#749),.PCURVE_S1.);
#738 = LINE('',#739,#740);
#739 = CARTESIAN_POINT('',(33.930833612352,192.21777754212,
    500.05306118754));
#740 = VECTOR('',#741,1.);
#741 = DIRECTION('',(0.999903405974,1.666859323649E-05,
    -1.389886485296E-02));
#742 = PCURVE('',#710,#743);
#743 = DEFINITIONAL_REPRESENTATION('',(#744),#748);
#744 = LINE('',#745,#746);
#745 = CARTESIAN_POINT('',(1.7763568394E-15,-500.));
#746 = VECTOR('',#747,1.);
#747 = DIRECTION('',(1.,1.734723475977E-18));
#748 = ( GEOMETRIC_REPRESENTATION_CONTEXT(2) 
PARAMETRIC_REPRESENTATION_CONTEXT() REPRESENTATION_CONTEXT('2D SPACE',''
  ) );
#749 = PCURVE('',#750,#755);
#750 = PLANE('',#751);
#751 = AXIS2_PLACEMENT_3D('',#752,#753,#754);
#752 = CARTESIAN_POINT('',(41.930119200218,195.7179008235,
    499.95026479235));
#753 = DIRECTION('',(1.389886485296E-02,-2.398435325025E-03,
    0.999900529585));
#754 = DIRECTION('',(0.999903405974,1.666859323649E-05,
    -1.389886485296E-02));
#755 = DEFINITIONAL_REPRESENTATION('',(#756),#760);
#756 = LINE('',#757,#758);
#757 = CARTESIAN_POINT('',(-8.,-3.5));
#758 = VECTOR('',#759,1.);
#759 = DIRECTION('',(1.,4.763713295358E-18));
#760 = ( GEOMETRIC_REPRESENTATION_CONTEXT(2) 
PARAMETRIC_REPRESENTATION_CONTEXT() REPRESENTATION_CONTEXT('2D SPACE',''
  ) );
#761 = ORIENTED_EDGE('',*,*,#762,.F.);
#762 = EDGE_CURVE('',#763,#735,#765,.T.);
#763 = VERTEX_POINT('',#764);
#764 = CARTESIAN_POINT('',(42.979855681453,193.41726190212,
    -0.119585442461));
#765 = SURFACE_CURVE('',#766,(#770,#777),.PCURVE_S1.);
#766 = LINE('',#767,#768);
#767 = CARTESIAN_POINT('',(42.979855681453,193.41726190212,
    -0.119585442461));
#768 = VECTOR('',#769,1.);
#769 = DIRECTION('',(1.389886485296E-02,-2.398435325025E-03,
    0.999900529585));
#770 = PCURVE('',#710,#771);
#771 = DEFINITIONAL_REPRESENTATION('',(#772),#776);
#772 = LINE('',#773,#774);
#773 = CARTESIAN_POINT('',(16.,8.326672684689E-17));
#774 = VECTOR('',#775,1.);
#775 = DIRECTION('',(-1.734723475977E-18,-1.));
#776 = ( GEOMETRIC_REPRESENTATION_CONTEXT(2) 
PARAMETRIC_REPRESENTATION_CONTEXT() REPRESENTATION_CONTEXT('2D SPACE',''
  ) );
#777 = PCURVE('',#778,#783);
#778 = PLANE('',#779);
#779 = AXIS2_PLACEMENT_3D('',#780,#781,#782);
#780 = CARTESIAN_POINT('',(42.979855681453,193.41726190212,
    -0.119585442461));
#781 = DIRECTION('',(-0.999903405974,-1.666859323649E-05,
    1.389886485296E-02));
#782 = DIRECTION('',(1.666859323649E-05,0.999997123611,
    2.398435325025E-03));
#783 = DEFINITIONAL_REPRESENTATION('',(#784),#788);
#784 = LINE('',#785,#786);
#785 = CARTESIAN_POINT('',(0.,0.));
#786 = VECTOR('',#787,1.);
#787 = DIRECTION('',(0.,-1.));
#788 = ( GEOMETRIC_REPRESENTATION_CONTEXT(2) 
PARAMETRIC_REPRESENTATION_CONTEXT() REPRESENTATION_CONTEXT('2D SPACE',''
  ) );
#789 = ORIENTED_EDGE('',*,*,#790,.F.);
#790 = EDGE_CURVE('',#700,#763,#791,.T.);
#791 = SURFACE_CURVE('',#792,(#796,#803),.PCURVE_S1.);
#792 = LINE('',#793,#794);
#793 = CARTESIAN_POINT('',(26.981401185872,193.41699520463,
    0.102796395186));
#794 = VECTOR('',#795,1.);
#795 = DIRECTION('',(0.999903405974,1.666859323649E-05,
    -1.389886485296E-02));
#796 = PCURVE('',#710,#797);
#797 = DEFINITIONAL_REPRESENTATION('',(#798),#802);
#798 = LINE('',#799,#800);
#799 = CARTESIAN_POINT('',(0.,0.));
#800 = VECTOR('',#801,1.);
#801 = DIRECTION('',(1.,1.734723475977E-18));
#802 = ( GEOMETRIC_REPRESENTATION_CONTEXT(2) 
PARAMETRIC_REPRESENTATION_CONTEXT() REPRESENTATION_CONTEXT('2D SPACE',''
  ) );
#803 = PCURVE('',#804,#809);
#804 = PLANE('',#805);
#805 = AXIS2_PLACEMENT_3D('',#806,#807,#808);
#806 = CARTESIAN_POINT('',(34.980686773739,196.91711848602,0.));
#807 = DIRECTION('',(1.389886485296E-02,-2.398435325025E-03,
    0.999900529585));
#808 = DIRECTION('',(0.999903405974,1.666859323649E-05,
    -1.389886485296E-02));
#809 = DEFINITIONAL_REPRESENTATION('',(#810),#814);
#810 = LINE('',#811,#812);
#811 = CARTESIAN_POINT('',(-8.,-3.5));
#812 = VECTOR('',#813,1.);
#813 = DIRECTION('',(1.,4.763713295358E-18));
#814 = ( GEOMETRIC_REPRESENTATION_CONTEXT(2) 
PARAMETRIC_REPRESENTATION_CONTEXT() REPRESENTATION_CONTEXT('2D SPACE',''
  ) );
#815 = ADVANCED_FACE('',(#816),#778,.F.);
#816 = FACE_BOUND('',#817,.F.);
#817 = EDGE_LOOP('',(#818,#819,#842,#870));
#818 = ORIENTED_EDGE('',*,*,#762,.T.);
#819 = ORIENTED_EDGE('',*,*,#820,.T.);
#820 = EDGE_CURVE('',#735,#821,#823,.T.);
#821 = VERTEX_POINT('',#822);
#822 = CARTESIAN_POINT('',(49.929404788085,199.21802410489,
    499.84746839717));
#823 = SURFACE_CURVE('',#824,(#828,#835),.PCURVE_S1.);
#824 = LINE('',#825,#826);
#825 = CARTESIAN_POINT('',(49.929288107932,192.21804423961,
    499.83067934989));
#826 = VECTOR('',#827,1.);
#827 = DIRECTION('',(1.666859323649E-05,0.999997123611,
    2.398435325025E-03));
#828 = PCURVE('',#778,#829);
#829 = DEFINITIONAL_REPRESENTATION('',(#830),#834);
#830 = LINE('',#831,#832);
#831 = CARTESIAN_POINT('',(9.547918011776E-15,-500.));
#832 = VECTOR('',#833,1.);
#833 = DIRECTION('',(1.,0.));
#834 = ( GEOMETRIC_REPRESENTATION_CONTEXT(2) 
PARAMETRIC_REPRESENTATION_CONTEXT() REPRESENTATION_CONTEXT('2D SPACE',''
  ) );
#835 = PCURVE('',#750,#836);
#836 = DEFINITIONAL_REPRESENTATION('',(#837),#841);
#837 = LINE('',#838,#839);
#838 = CARTESIAN_POINT('',(8.,-3.5));
#839 = VECTOR('',#840,1.);
#840 = DIRECTION('',(4.75693703178E-18,1.));
#841 = ( GEOMETRIC_REPRESENTATION_CONTEXT(2) 
PARAMETRIC_REPRESENTATION_CONTEXT() REPRESENTATION_CONTEXT('2D SPACE',''
  ) );
#842 = ORIENTED_EDGE('',*,*,#843,.F.);
#843 = EDGE_CURVE('',#844,#821,#846,.T.);
#844 = VERTEX_POINT('',#845);
#845 = CARTESIAN_POINT('',(42.979972361605,200.4172417674,
    -0.102796395186));
#846 = SURFACE_CURVE('',#847,(#851,#858),.PCURVE_S1.);
#847 = LINE('',#848,#849);
#848 = CARTESIAN_POINT('',(42.979972361605,200.4172417674,
    -0.102796395186));
#849 = VECTOR('',#850,1.);
#850 = DIRECTION('',(1.389886485296E-02,-2.398435325025E-03,
    0.999900529585));
#851 = PCURVE('',#778,#852);
#852 = DEFINITIONAL_REPRESENTATION('',(#853),#857);
#853 = LINE('',#854,#855);
#854 = CARTESIAN_POINT('',(7.,-4.163336342344E-17));
#855 = VECTOR('',#856,1.);
#856 = DIRECTION('',(0.,-1.));
#857 = ( GEOMETRIC_REPRESENTATION_CONTEXT(2) 
PARAMETRIC_REPRESENTATION_CONTEXT() REPRESENTATION_CONTEXT('2D SPACE',''
  ) );
#858 = PCURVE('',#859,#864);
#859 = PLANE('',#860);
#860 = AXIS2_PLACEMENT_3D('',#861,#862,#863);
#861 = CARTESIAN_POINT('',(42.979972361605,200.4172417674,
    -0.102796395186));
#862 = DIRECTION('',(-1.666859323649E-05,-0.999997123611,
    -2.398435325025E-03));
#863 = DIRECTION('',(-0.999903405974,-1.666859323649E-05,
    1.389886485296E-02));
#864 = DEFINITIONAL_REPRESENTATION('',(#865),#869);
#865 = LINE('',#866,#867);
#866 = CARTESIAN_POINT('',(0.,0.));
#867 = VECTOR('',#868,1.);
#868 = DIRECTION('',(1.734723475977E-18,-1.));
#869 = ( GEOMETRIC_REPRESENTATION_CONTEXT(2) 
PARAMETRIC_REPRESENTATION_CONTEXT() REPRESENTATION_CONTEXT('2D SPACE',''
  ) );
#870 = ORIENTED_EDGE('',*,*,#871,.F.);
#871 = EDGE_CURVE('',#763,#844,#872,.T.);
#872 = SURFACE_CURVE('',#873,(#877,#884),.PCURVE_S1.);
#873 = LINE('',#874,#875);
#874 = CARTESIAN_POINT('',(42.979855681453,193.41726190212,
    -0.119585442461));
#875 = VECTOR('',#876,1.);
#876 = DIRECTION('',(1.666859323649E-05,0.999997123611,
    2.398435325025E-03));
#877 = PCURVE('',#778,#878);
#878 = DEFINITIONAL_REPRESENTATION('',(#879),#883);
#879 = LINE('',#880,#881);
#880 = CARTESIAN_POINT('',(0.,0.));
#881 = VECTOR('',#882,1.);
#882 = DIRECTION('',(1.,0.));
#883 = ( GEOMETRIC_REPRESENTATION_CONTEXT(2) 
PARAMETRIC_REPRESENTATION_CONTEXT() REPRESENTATION_CONTEXT('2D SPACE',''
  ) );
#884 = PCURVE('',#804,#885);
#885 = DEFINITIONAL_REPRESENTATION('',(#886),#890);
#886 = LINE('',#887,#888);
#887 = CARTESIAN_POINT('',(8.,-3.5));
#888 = VECTOR('',#889,1.);
#889 = DIRECTION('',(4.75693703178E-18,1.));
#890 = ( GEOMETRIC_REPRESENTATION_CONTEXT(2) 
PARAMETRIC_REPRESENTATION_CONTEXT() REPRESENTATION_CONTEXT('2D SPACE',''
  ) );
#891 = ADVANCED_FACE('',(#892),#859,.F.);
#892 = FACE_BOUND('',#893,.F.);
#893 = EDGE_LOOP('',(#894,#895,#918,#941));
#894 = ORIENTED_EDGE('',*,*,#843,.T.);
#895 = ORIENTED_EDGE('',*,*,#896,.T.);
#896 = EDGE_CURVE('',#821,#897,#899,.T.);
#897 = VERTEX_POINT('',#898);
#898 = CARTESIAN_POINT('',(33.930950292505,199.2177574074,
    500.06985023481));
#899 = SURFACE_CURVE('',#900,(#904,#911),.PCURVE_S1.);
#900 = LINE('',#901,#902);
#901 = CARTESIAN_POINT('',(49.929404788085,199.21802410489,
    499.84746839717));
#902 = VECTOR('',#903,1.);
#903 = DIRECTION('',(-0.999903405974,-1.666859323649E-05,
    1.389886485296E-02));
#904 = PCURVE('',#859,#905);
#905 = DEFINITIONAL_REPRESENTATION('',(#906),#910);
#906 = LINE('',#907,#908);
#907 = CARTESIAN_POINT('',(1.7763568394E-15,-500.));
#908 = VECTOR('',#909,1.);
#909 = DIRECTION('',(1.,-1.734723475977E-18));
#910 = ( GEOMETRIC_REPRESENTATION_CONTEXT(2) 
PARAMETRIC_REPRESENTATION_CONTEXT() REPRESENTATION_CONTEXT('2D SPACE',''
  ) );
#911 = PCURVE('',#750,#912);
#912 = DEFINITIONAL_REPRESENTATION('',(#913),#917);
#913 = LINE('',#914,#915);
#914 = CARTESIAN_POINT('',(8.,3.5));
#915 = VECTOR('',#916,1.);
#916 = DIRECTION('',(-1.,-4.763713295358E-18));
#917 = ( GEOMETRIC_REPRESENTATION_CONTEXT(2) 
PARAMETRIC_REPRESENTATION_CONTEXT() REPRESENTATION_CONTEXT('2D SPACE',''
  ) );
#918 = ORIENTED_EDGE('',*,*,#919,.F.);
#919 = EDGE_CURVE('',#920,#897,#922,.T.);
#920 = VERTEX_POINT('',#921);
#921 = CARTESIAN_POINT('',(26.981517866025,200.41697506991,
    0.119585442461));
#922 = SURFACE_CURVE('',#923,(#927,#934),.PCURVE_S1.);
#923 = LINE('',#924,#925);
#924 = CARTESIAN_POINT('',(26.981517866025,200.41697506991,
    0.119585442461));
#925 = VECTOR('',#926,1.);
#926 = DIRECTION('',(1.389886485296E-02,-2.398435325025E-03,
    0.999900529585));
#927 = PCURVE('',#859,#928);
#928 = DEFINITIONAL_REPRESENTATION('',(#929),#933);
#929 = LINE('',#930,#931);
#930 = CARTESIAN_POINT('',(16.,-2.775557561563E-17));
#931 = VECTOR('',#932,1.);
#932 = DIRECTION('',(1.734723475977E-18,-1.));
#933 = ( GEOMETRIC_REPRESENTATION_CONTEXT(2) 
PARAMETRIC_REPRESENTATION_CONTEXT() REPRESENTATION_CONTEXT('2D SPACE',''
  ) );
#934 = PCURVE('',#722,#935);
#935 = DEFINITIONAL_REPRESENTATION('',(#936),#940);
#936 = LINE('',#937,#938);
#937 = CARTESIAN_POINT('',(-0.,0.));
#938 = VECTOR('',#939,1.);
#939 = DIRECTION('',(0.,-1.));
#940 = ( GEOMETRIC_REPRESENTATION_CONTEXT(2) 
PARAMETRIC_REPRESENTATION_CONTEXT() REPRESENTATION_CONTEXT('2D SPACE',''
  ) );
#941 = ORIENTED_EDGE('',*,*,#942,.F.);
#942 = EDGE_CURVE('',#844,#920,#943,.T.);
#943 = SURFACE_CURVE('',#944,(#948,#955),.PCURVE_S1.);
#944 = LINE('',#945,#946);
#945 = CARTESIAN_POINT('',(42.979972361605,200.4172417674,
    -0.102796395186));
#946 = VECTOR('',#947,1.);
#947 = DIRECTION('',(-0.999903405974,-1.666859323649E-05,
    1.389886485296E-02));
#948 = PCURVE('',#859,#949);
#949 = DEFINITIONAL_REPRESENTATION('',(#950),#954);
#950 = LINE('',#951,#952);
#951 = CARTESIAN_POINT('',(0.,0.));
#952 = VECTOR('',#953,1.);
#953 = DIRECTION('',(1.,-1.734723475977E-18));
#954 = ( GEOMETRIC_REPRESENTATION_CONTEXT(2) 
PARAMETRIC_REPRESENTATION_CONTEXT() REPRESENTATION_CONTEXT('2D SPACE',''
  ) );
#955 = PCURVE('',#804,#956);
#956 = DEFINITIONAL_REPRESENTATION('',(#957),#961);
#957 = LINE('',#958,#959);
#958 = CARTESIAN_POINT('',(8.,3.5));
#959 = VECTOR('',#960,1.);
#960 = DIRECTION('',(-1.,-4.763713295358E-18));
#961 = ( GEOMETRIC_REPRESENTATION_CONTEXT(2) 
PARAMETRIC_REPRESENTATION_CONTEXT() REPRESENTATION_CONTEXT('2D SPACE',''
  ) );
#962 = ADVANCED_FACE('',(#963),#722,.F.);
#963 = FACE_BOUND('',#964,.F.);
#964 = EDGE_LOOP('',(#965,#966,#987,#988));
#965 = ORIENTED_EDGE('',*,*,#919,.T.);
#966 = ORIENTED_EDGE('',*,*,#967,.T.);
#967 = EDGE_CURVE('',#897,#702,#968,.T.);
#968 = SURFACE_CURVE('',#969,(#973,#980),.PCURVE_S1.);
#969 = LINE('',#970,#971);
#970 = CARTESIAN_POINT('',(33.930950292505,199.2177574074,
    500.06985023481));
#971 = VECTOR('',#972,1.);
#972 = DIRECTION('',(-1.666859323649E-05,-0.999997123611,
    -2.398435325025E-03));
#973 = PCURVE('',#722,#974);
#974 = DEFINITIONAL_REPRESENTATION('',(#975),#979);
#975 = LINE('',#976,#977);
#976 = CARTESIAN_POINT('',(-9.547918011776E-15,-500.));
#977 = VECTOR('',#978,1.);
#978 = DIRECTION('',(1.,0.));
#979 = ( GEOMETRIC_REPRESENTATION_CONTEXT(2) 
PARAMETRIC_REPRESENTATION_CONTEXT() REPRESENTATION_CONTEXT('2D SPACE',''
  ) );
#980 = PCURVE('',#750,#981);
#981 = DEFINITIONAL_REPRESENTATION('',(#982),#986);
#982 = LINE('',#983,#984);
#983 = CARTESIAN_POINT('',(-8.,3.5));
#984 = VECTOR('',#985,1.);
#985 = DIRECTION('',(-4.75693703178E-18,-1.));
#986 = ( GEOMETRIC_REPRESENTATION_CONTEXT(2) 
PARAMETRIC_REPRESENTATION_CONTEXT() REPRESENTATION_CONTEXT('2D SPACE',''
  ) );
#987 = ORIENTED_EDGE('',*,*,#699,.F.);
#988 = ORIENTED_EDGE('',*,*,#989,.F.);
#989 = EDGE_CURVE('',#920,#700,#990,.T.);
#990 = SURFACE_CURVE('',#991,(#995,#1002),.PCURVE_S1.);
#991 = LINE('',#992,#993);
#992 = CARTESIAN_POINT('',(26.981517866025,200.41697506991,
    0.119585442461));
#993 = VECTOR('',#994,1.);
#994 = DIRECTION('',(-1.666859323649E-05,-0.999997123611,
    -2.398435325025E-03));
#995 = PCURVE('',#722,#996);
#996 = DEFINITIONAL_REPRESENTATION('',(#997),#1001);
#997 = LINE('',#998,#999);
#998 = CARTESIAN_POINT('',(-0.,0.));
#999 = VECTOR('',#1000,1.);
#1000 = DIRECTION('',(1.,0.));
#1001 = ( GEOMETRIC_REPRESENTATION_CONTEXT(2) 
PARAMETRIC_REPRESENTATION_CONTEXT() REPRESENTATION_CONTEXT('2D SPACE',''
  ) );
#1002 = PCURVE('',#804,#1003);
#1003 = DEFINITIONAL_REPRESENTATION('',(#1004),#1008);
#1004 = LINE('',#1005,#1006);
#1005 = CARTESIAN_POINT('',(-8.,3.5));
#1006 = VECTOR('',#1007,1.);
#1007 = DIRECTION('',(-4.75693703178E-18,-1.));
#1008 = ( GEOMETRIC_REPRESENTATION_CONTEXT(2) 
PARAMETRIC_REPRESENTATION_CONTEXT() REPRESENTATION_CONTEXT('2D SPACE',''
  ) );
#1009 = ADVANCED_FACE('',(#1010),#804,.F.);
#1010 = FACE_BOUND('',#1011,.F.);
#1011 = EDGE_LOOP('',(#1012,#1013,#1014,#1015));
#1012 = ORIENTED_EDGE('',*,*,#790,.T.);
#1013 = ORIENTED_EDGE('',*,*,#871,.T.);
#1014 = ORIENTED_EDGE('',*,*,#942,.T.);
#1015 = ORIENTED_EDGE('',*,*,#989,.T.);
#1016 = ADVANCED_FACE('',(#1017),#750,.T.);
#1017 = FACE_BOUND('',#1018,.T.);
#1018 = EDGE_LOOP('',(#1019,#1020,#1021,#1022));
#1019 = ORIENTED_EDGE('',*,*,#734,.T.);
#1020 = ORIENTED_EDGE('',*,*,#820,.T.);
#1021 = ORIENTED_EDGE('',*,*,#896,.T.);
#1022 = ORIENTED_EDGE('',*,*,#967,.T.);
#1023 = MANIFOLD_SOLID_BREP('',#1024);
#1024 = CLOSED_SHELL('',(#1025,#1145,#1221,#1292,#1339,#1346));
#1025 = ADVANCED_FACE('',(#1026),#1040,.F.);
#1026 = FACE_BOUND('',#1027,.F.);
#1027 = EDGE_LOOP('',(#1028,#1063,#1091,#1119));
#1028 = ORIENTED_EDGE('',*,*,#1029,.T.);
#1029 = EDGE_CURVE('',#1030,#1032,#1034,.T.);
#1030 = VERTEX_POINT('',#1031);
#1031 = CARTESIAN_POINT('',(-40.14874214924,47.160694392985,
    -0.693442045624));
#1032 = VERTEX_POINT('',#1033);
#1033 = CARTESIAN_POINT('',(-77.87806438396,22.448417915365,
    557.48735450241));
#1034 = SURFACE_CURVE('',#1035,(#1039,#1051),.PCURVE_S1.);
#1035 = LINE('',#1036,#1037);
#1036 = CARTESIAN_POINT('',(-40.14874214924,47.160694392985,
    -0.693442045624));
#1037 = VECTOR('',#1038,1.);
#1038 = DIRECTION('',(-6.737378970486E-02,-4.412906513861E-02,
    0.996751422407));
#1039 = PCURVE('',#1040,#1045);
#1040 = PLANE('',#1041);
#1041 = AXIS2_PLACEMENT_3D('',#1042,#1043,#1044);
#1042 = CARTESIAN_POINT('',(-40.14874214924,47.160694392985,
    -0.693442045624));
#1043 = DIRECTION('',(-1.488989726591E-03,0.999024728683,
    4.412906513861E-02));
#1044 = DIRECTION('',(0.997726693724,-1.488989726591E-03,
    6.737378970486E-02));
#1045 = DEFINITIONAL_REPRESENTATION('',(#1046),#1050);
#1046 = LINE('',#1047,#1048);
#1047 = CARTESIAN_POINT('',(0.,0.));
#1048 = VECTOR('',#1049,1.);
#1049 = DIRECTION('',(0.,-1.));
#1050 = ( GEOMETRIC_REPRESENTATION_CONTEXT(2) 
PARAMETRIC_REPRESENTATION_CONTEXT() REPRESENTATION_CONTEXT('2D SPACE',''
  ) );
#1051 = PCURVE('',#1052,#1057);
#1052 = PLANE('',#1053);
#1053 = AXIS2_PLACEMENT_3D('',#1054,#1055,#1056);
#1054 = CARTESIAN_POINT('',(-40.15916507732,54.153867493764,
    -0.384538589654));
#1055 = DIRECTION('',(0.997726693724,-1.488989726591E-03,
    6.737378970486E-02));
#1056 = DIRECTION('',(1.488989726591E-03,-0.999024728683,
    -4.412906513861E-02));
#1057 = DEFINITIONAL_REPRESENTATION('',(#1058),#1062);
#1058 = LINE('',#1059,#1060);
#1059 = CARTESIAN_POINT('',(7.,-5.551115123126E-16));
#1060 = VECTOR('',#1061,1.);
#1061 = DIRECTION('',(-6.938893903907E-18,-1.));
#1062 = ( GEOMETRIC_REPRESENTATION_CONTEXT(2) 
PARAMETRIC_REPRESENTATION_CONTEXT() REPRESENTATION_CONTEXT('2D SPACE',''
  ) );
#1063 = ORIENTED_EDGE('',*,*,#1064,.T.);
#1064 = EDGE_CURVE('',#1032,#1065,#1067,.T.);
#1065 = VERTEX_POINT('',#1066);
#1066 = CARTESIAN_POINT('',(-61.91443728437,22.42459407974,
    558.56533513769));
#1067 = SURFACE_CURVE('',#1068,(#1072,#1079),.PCURVE_S1.);
#1068 = LINE('',#1069,#1070);
#1069 = CARTESIAN_POINT('',(-77.87806438396,22.448417915365,
    557.48735450241));
#1070 = VECTOR('',#1071,1.);
#1071 = DIRECTION('',(0.997726693724,-1.488989726591E-03,
    6.737378970486E-02));
#1072 = PCURVE('',#1040,#1073);
#1073 = DEFINITIONAL_REPRESENTATION('',(#1074),#1078);
#1074 = LINE('',#1075,#1076);
#1075 = CARTESIAN_POINT('',(-1.42108547152E-14,-560.));
#1076 = VECTOR('',#1077,1.);
#1077 = DIRECTION('',(1.,0.));
#1078 = ( GEOMETRIC_REPRESENTATION_CONTEXT(2) 
PARAMETRIC_REPRESENTATION_CONTEXT() REPRESENTATION_CONTEXT('2D SPACE',''
  ) );
#1079 = PCURVE('',#1080,#1085);
#1080 = PLANE('',#1081);
#1081 = AXIS2_PLACEMENT_3D('',#1082,#1083,#1084);
#1082 = CARTESIAN_POINT('',(-69.90146229821,25.933092547942,
    558.18079654803));
#1083 = DIRECTION('',(-6.737378970486E-02,-4.412906513861E-02,
    0.996751422407));
#1084 = DIRECTION('',(0.997726693724,-1.488989726591E-03,
    6.737378970486E-02));
#1085 = DEFINITIONAL_REPRESENTATION('',(#1086),#1090);
#1086 = LINE('',#1087,#1088);
#1087 = CARTESIAN_POINT('',(-8.,-3.5));
#1088 = VECTOR('',#1089,1.);
#1089 = DIRECTION('',(1.,-4.51028103754E-17));
#1090 = ( GEOMETRIC_REPRESENTATION_CONTEXT(2) 
PARAMETRIC_REPRESENTATION_CONTEXT() REPRESENTATION_CONTEXT('2D SPACE',''
  ) );
#1091 = ORIENTED_EDGE('',*,*,#1092,.F.);
#1092 = EDGE_CURVE('',#1093,#1065,#1095,.T.);
#1093 = VERTEX_POINT('',#1094);
#1094 = CARTESIAN_POINT('',(-24.18511504964,47.136870557359,
    0.384538589654));
#1095 = SURFACE_CURVE('',#1096,(#1100,#1107),.PCURVE_S1.);
#1096 = LINE('',#1097,#1098);
#1097 = CARTESIAN_POINT('',(-24.18511504964,47.136870557359,
    0.384538589654));
#1098 = VECTOR('',#1099,1.);
#1099 = DIRECTION('',(-6.737378970486E-02,-4.412906513861E-02,
    0.996751422407));
#1100 = PCURVE('',#1040,#1101);
#1101 = DEFINITIONAL_REPRESENTATION('',(#1102),#1106);
#1102 = LINE('',#1103,#1104);
#1103 = CARTESIAN_POINT('',(16.,4.440892098501E-16));
#1104 = VECTOR('',#1105,1.);
#1105 = DIRECTION('',(0.,-1.));
#1106 = ( GEOMETRIC_REPRESENTATION_CONTEXT(2) 
PARAMETRIC_REPRESENTATION_CONTEXT() REPRESENTATION_CONTEXT('2D SPACE',''
  ) );
#1107 = PCURVE('',#1108,#1113);
#1108 = PLANE('',#1109);
#1109 = AXIS2_PLACEMENT_3D('',#1110,#1111,#1112);
#1110 = CARTESIAN_POINT('',(-24.18511504964,47.136870557359,
    0.384538589654));
#1111 = DIRECTION('',(-0.997726693724,1.488989726591E-03,
    -6.737378970486E-02));
#1112 = DIRECTION('',(-1.488989726591E-03,0.999024728683,
    4.412906513861E-02));
#1113 = DEFINITIONAL_REPRESENTATION('',(#1114),#1118);
#1114 = LINE('',#1115,#1116);
#1115 = CARTESIAN_POINT('',(0.,0.));
#1116 = VECTOR('',#1117,1.);
#1117 = DIRECTION('',(6.938893903907E-18,-1.));
#1118 = ( GEOMETRIC_REPRESENTATION_CONTEXT(2) 
PARAMETRIC_REPRESENTATION_CONTEXT() REPRESENTATION_CONTEXT('2D SPACE',''
  ) );
#1119 = ORIENTED_EDGE('',*,*,#1120,.F.);
#1120 = EDGE_CURVE('',#1030,#1093,#1121,.T.);
#1121 = SURFACE_CURVE('',#1122,(#1126,#1133),.PCURVE_S1.);
#1122 = LINE('',#1123,#1124);
#1123 = CARTESIAN_POINT('',(-40.14874214924,47.160694392985,
    -0.693442045624));
#1124 = VECTOR('',#1125,1.);
#1125 = DIRECTION('',(0.997726693724,-1.488989726591E-03,
    6.737378970486E-02));
#1126 = PCURVE('',#1040,#1127);
#1127 = DEFINITIONAL_REPRESENTATION('',(#1128),#1132);
#1128 = LINE('',#1129,#1130);
#1129 = CARTESIAN_POINT('',(0.,0.));
#1130 = VECTOR('',#1131,1.);
#1131 = DIRECTION('',(1.,0.));
#1132 = ( GEOMETRIC_REPRESENTATION_CONTEXT(2) 
PARAMETRIC_REPRESENTATION_CONTEXT() REPRESENTATION_CONTEXT('2D SPACE',''
  ) );
#1133 = PCURVE('',#1134,#1139);
#1134 = PLANE('',#1135);
#1135 = AXIS2_PLACEMENT_3D('',#1136,#1137,#1138);
#1136 = CARTESIAN_POINT('',(-32.17214006348,50.645369025561,0.));
#1137 = DIRECTION('',(-6.737378970486E-02,-4.412906513861E-02,
    0.996751422407));
#1138 = DIRECTION('',(0.997726693724,-1.488989726591E-03,
    6.737378970486E-02));
#1139 = DEFINITIONAL_REPRESENTATION('',(#1140),#1144);
#1140 = LINE('',#1141,#1142);
#1141 = CARTESIAN_POINT('',(-8.,-3.5));
#1142 = VECTOR('',#1143,1.);
#1143 = DIRECTION('',(1.,-4.51028103754E-17));
#1144 = ( GEOMETRIC_REPRESENTATION_CONTEXT(2) 
PARAMETRIC_REPRESENTATION_CONTEXT() REPRESENTATION_CONTEXT('2D SPACE',''
  ) );
#1145 = ADVANCED_FACE('',(#1146),#1108,.F.);
#1146 = FACE_BOUND('',#1147,.F.);
#1147 = EDGE_LOOP('',(#1148,#1149,#1172,#1200));
#1148 = ORIENTED_EDGE('',*,*,#1092,.T.);
#1149 = ORIENTED_EDGE('',*,*,#1150,.T.);
#1150 = EDGE_CURVE('',#1065,#1151,#1153,.T.);
#1151 = VERTEX_POINT('',#1152);
#1152 = CARTESIAN_POINT('',(-61.92486021245,29.417767180519,
    558.87423859366));
#1153 = SURFACE_CURVE('',#1154,(#1158,#1165),.PCURVE_S1.);
#1154 = LINE('',#1155,#1156);
#1155 = CARTESIAN_POINT('',(-61.91443728437,22.42459407974,
    558.56533513769));
#1156 = VECTOR('',#1157,1.);
#1157 = DIRECTION('',(-1.488989726591E-03,0.999024728683,
    4.412906513861E-02));
#1158 = PCURVE('',#1108,#1159);
#1159 = DEFINITIONAL_REPRESENTATION('',(#1160),#1164);
#1160 = LINE('',#1161,#1162);
#1161 = CARTESIAN_POINT('',(0.,-560.));
#1162 = VECTOR('',#1163,1.);
#1163 = DIRECTION('',(1.,0.));
#1164 = ( GEOMETRIC_REPRESENTATION_CONTEXT(2) 
PARAMETRIC_REPRESENTATION_CONTEXT() REPRESENTATION_CONTEXT('2D SPACE',''
  ) );
#1165 = PCURVE('',#1080,#1166);
#1166 = DEFINITIONAL_REPRESENTATION('',(#1167),#1171);
#1167 = LINE('',#1168,#1169);
#1168 = CARTESIAN_POINT('',(8.,-3.5));
#1169 = VECTOR('',#1170,1.);
#1170 = DIRECTION('',(-4.46691295064E-17,1.));
#1171 = ( GEOMETRIC_REPRESENTATION_CONTEXT(2) 
PARAMETRIC_REPRESENTATION_CONTEXT() REPRESENTATION_CONTEXT('2D SPACE',''
  ) );
#1172 = ORIENTED_EDGE('',*,*,#1173,.F.);
#1173 = EDGE_CURVE('',#1174,#1151,#1176,.T.);
#1174 = VERTEX_POINT('',#1175);
#1175 = CARTESIAN_POINT('',(-24.19553797773,54.130043658138,
    0.693442045624));
#1176 = SURFACE_CURVE('',#1177,(#1181,#1188),.PCURVE_S1.);
#1177 = LINE('',#1178,#1179);
#1178 = CARTESIAN_POINT('',(-24.19553797773,54.130043658138,
    0.693442045624));
#1179 = VECTOR('',#1180,1.);
#1180 = DIRECTION('',(-6.737378970486E-02,-4.412906513861E-02,
    0.996751422407));
#1181 = PCURVE('',#1108,#1182);
#1182 = DEFINITIONAL_REPRESENTATION('',(#1183),#1187);
#1183 = LINE('',#1184,#1185);
#1184 = CARTESIAN_POINT('',(7.,1.110223024625E-16));
#1185 = VECTOR('',#1186,1.);
#1186 = DIRECTION('',(6.938893903907E-18,-1.));
#1187 = ( GEOMETRIC_REPRESENTATION_CONTEXT(2) 
PARAMETRIC_REPRESENTATION_CONTEXT() REPRESENTATION_CONTEXT('2D SPACE',''
  ) );
#1188 = PCURVE('',#1189,#1194);
#1189 = PLANE('',#1190);
#1190 = AXIS2_PLACEMENT_3D('',#1191,#1192,#1193);
#1191 = CARTESIAN_POINT('',(-24.19553797773,54.130043658138,
    0.693442045624));
#1192 = DIRECTION('',(1.488989726591E-03,-0.999024728683,
    -4.412906513861E-02));
#1193 = DIRECTION('',(-0.997726693724,1.488989726591E-03,
    -6.737378970486E-02));
#1194 = DEFINITIONAL_REPRESENTATION('',(#1195),#1199);
#1195 = LINE('',#1196,#1197);
#1196 = CARTESIAN_POINT('',(0.,0.));
#1197 = VECTOR('',#1198,1.);
#1198 = DIRECTION('',(0.,-1.));
#1199 = ( GEOMETRIC_REPRESENTATION_CONTEXT(2) 
PARAMETRIC_REPRESENTATION_CONTEXT() REPRESENTATION_CONTEXT('2D SPACE',''
  ) );
#1200 = ORIENTED_EDGE('',*,*,#1201,.F.);
#1201 = EDGE_CURVE('',#1093,#1174,#1202,.T.);
#1202 = SURFACE_CURVE('',#1203,(#1207,#1214),.PCURVE_S1.);
#1203 = LINE('',#1204,#1205);
#1204 = CARTESIAN_POINT('',(-24.18511504964,47.136870557359,
    0.384538589654));
#1205 = VECTOR('',#1206,1.);
#1206 = DIRECTION('',(-1.488989726591E-03,0.999024728683,
    4.412906513861E-02));
#1207 = PCURVE('',#1108,#1208);
#1208 = DEFINITIONAL_REPRESENTATION('',(#1209),#1213);
#1209 = LINE('',#1210,#1211);
#1210 = CARTESIAN_POINT('',(0.,0.));
#1211 = VECTOR('',#1212,1.);
#1212 = DIRECTION('',(1.,0.));
#1213 = ( GEOMETRIC_REPRESENTATION_CONTEXT(2) 
PARAMETRIC_REPRESENTATION_CONTEXT() REPRESENTATION_CONTEXT('2D SPACE',''
  ) );
#1214 = PCURVE('',#1134,#1215);
#1215 = DEFINITIONAL_REPRESENTATION('',(#1216),#1220);
#1216 = LINE('',#1217,#1218);
#1217 = CARTESIAN_POINT('',(8.,-3.5));
#1218 = VECTOR('',#1219,1.);
#1219 = DIRECTION('',(-4.46691295064E-17,1.));
#1220 = ( GEOMETRIC_REPRESENTATION_CONTEXT(2) 
PARAMETRIC_REPRESENTATION_CONTEXT() REPRESENTATION_CONTEXT('2D SPACE',''
  ) );
#1221 = ADVANCED_FACE('',(#1222),#1189,.F.);
#1222 = FACE_BOUND('',#1223,.F.);
#1223 = EDGE_LOOP('',(#1224,#1225,#1248,#1271));
#1224 = ORIENTED_EDGE('',*,*,#1173,.T.);
#1225 = ORIENTED_EDGE('',*,*,#1226,.T.);
#1226 = EDGE_CURVE('',#1151,#1227,#1229,.T.);
#1227 = VERTEX_POINT('',#1228);
#1228 = CARTESIAN_POINT('',(-77.88848731205,29.441591016144,
    557.79625795838));
#1229 = SURFACE_CURVE('',#1230,(#1234,#1241),.PCURVE_S1.);
#1230 = LINE('',#1231,#1232);
#1231 = CARTESIAN_POINT('',(-61.92486021245,29.417767180519,
    558.87423859366));
#1232 = VECTOR('',#1233,1.);
#1233 = DIRECTION('',(-0.997726693724,1.488989726591E-03,
    -6.737378970486E-02));
#1234 = PCURVE('',#1189,#1235);
#1235 = DEFINITIONAL_REPRESENTATION('',(#1236),#1240);
#1236 = LINE('',#1237,#1238);
#1237 = CARTESIAN_POINT('',(7.105427357601E-15,-560.));
#1238 = VECTOR('',#1239,1.);
#1239 = DIRECTION('',(1.,0.));
#1240 = ( GEOMETRIC_REPRESENTATION_CONTEXT(2) 
PARAMETRIC_REPRESENTATION_CONTEXT() REPRESENTATION_CONTEXT('2D SPACE',''
  ) );
#1241 = PCURVE('',#1080,#1242);
#1242 = DEFINITIONAL_REPRESENTATION('',(#1243),#1247);
#1243 = LINE('',#1244,#1245);
#1244 = CARTESIAN_POINT('',(8.,3.5));
#1245 = VECTOR('',#1246,1.);
#1246 = DIRECTION('',(-1.,4.51028103754E-17));
#1247 = ( GEOMETRIC_REPRESENTATION_CONTEXT(2) 
PARAMETRIC_REPRESENTATION_CONTEXT() REPRESENTATION_CONTEXT('2D SPACE',''
  ) );
#1248 = ORIENTED_EDGE('',*,*,#1249,.F.);
#1249 = EDGE_CURVE('',#1250,#1227,#1252,.T.);
#1250 = VERTEX_POINT('',#1251);
#1251 = CARTESIAN_POINT('',(-40.15916507732,54.153867493764,
    -0.384538589654));
#1252 = SURFACE_CURVE('',#1253,(#1257,#1264),.PCURVE_S1.);
#1253 = LINE('',#1254,#1255);
#1254 = CARTESIAN_POINT('',(-40.15916507732,54.153867493764,
    -0.384538589654));
#1255 = VECTOR('',#1256,1.);
#1256 = DIRECTION('',(-6.737378970486E-02,-4.412906513861E-02,
    0.996751422407));
#1257 = PCURVE('',#1189,#1258);
#1258 = DEFINITIONAL_REPRESENTATION('',(#1259),#1263);
#1259 = LINE('',#1260,#1261);
#1260 = CARTESIAN_POINT('',(16.,-2.22044604925E-16));
#1261 = VECTOR('',#1262,1.);
#1262 = DIRECTION('',(0.,-1.));
#1263 = ( GEOMETRIC_REPRESENTATION_CONTEXT(2) 
PARAMETRIC_REPRESENTATION_CONTEXT() REPRESENTATION_CONTEXT('2D SPACE',''
  ) );
#1264 = PCURVE('',#1052,#1265);
#1265 = DEFINITIONAL_REPRESENTATION('',(#1266),#1270);
#1266 = LINE('',#1267,#1268);
#1267 = CARTESIAN_POINT('',(0.,0.));
#1268 = VECTOR('',#1269,1.);
#1269 = DIRECTION('',(-6.938893903907E-18,-1.));
#1270 = ( GEOMETRIC_REPRESENTATION_CONTEXT(2) 
PARAMETRIC_REPRESENTATION_CONTEXT() REPRESENTATION_CONTEXT('2D SPACE',''
  ) );
#1271 = ORIENTED_EDGE('',*,*,#1272,.F.);
#1272 = EDGE_CURVE('',#1174,#1250,#1273,.T.);
#1273 = SURFACE_CURVE('',#1274,(#1278,#1285),.PCURVE_S1.);
#1274 = LINE('',#1275,#1276);
#1275 = CARTESIAN_POINT('',(-24.19553797773,54.130043658138,
    0.693442045624));
#1276 = VECTOR('',#1277,1.);
#1277 = DIRECTION('',(-0.997726693724,1.488989726591E-03,
    -6.737378970486E-02));
#1278 = PCURVE('',#1189,#1279);
#1279 = DEFINITIONAL_REPRESENTATION('',(#1280),#1284);
#1280 = LINE('',#1281,#1282);
#1281 = CARTESIAN_POINT('',(0.,0.));
#1282 = VECTOR('',#1283,1.);
#1283 = DIRECTION('',(1.,0.));
#1284 = ( GEOMETRIC_REPRESENTATION_CONTEXT(2) 
PARAMETRIC_REPRESENTATION_CONTEXT() REPRESENTATION_CONTEXT('2D SPACE',''
  ) );
#1285 = PCURVE('',#1134,#1286);
#1286 = DEFINITIONAL_REPRESENTATION('',(#1287),#1291);
#1287 = LINE('',#1288,#1289);
#1288 = CARTESIAN_POINT('',(8.,3.5));
#1289 = VECTOR('',#1290,1.);
#1290 = DIRECTION('',(-1.,4.51028103754E-17));
#1291 = ( GEOMETRIC_REPRESENTATION_CONTEXT(2) 
PARAMETRIC_REPRESENTATION_CONTEXT() REPRESENTATION_CONTEXT('2D SPACE',''
  ) );
#1292 = ADVANCED_FACE('',(#1293),#1052,.F.);
#1293 = FACE_BOUND('',#1294,.F.);
#1294 = EDGE_LOOP('',(#1295,#1296,#1317,#1318));
#1295 = ORIENTED_EDGE('',*,*,#1249,.T.);
#1296 = ORIENTED_EDGE('',*,*,#1297,.T.);
#1297 = EDGE_CURVE('',#1227,#1032,#1298,.T.);
#1298 = SURFACE_CURVE('',#1299,(#1303,#1310),.PCURVE_S1.);
#1299 = LINE('',#1300,#1301);
#1300 = CARTESIAN_POINT('',(-77.88848731205,29.441591016144,
    557.79625795838));
#1301 = VECTOR('',#1302,1.);
#1302 = DIRECTION('',(1.488989726591E-03,-0.999024728683,
    -4.412906513861E-02));
#1303 = PCURVE('',#1052,#1304);
#1304 = DEFINITIONAL_REPRESENTATION('',(#1305),#1309);
#1305 = LINE('',#1306,#1307);
#1306 = CARTESIAN_POINT('',(3.552713678801E-15,-560.));
#1307 = VECTOR('',#1308,1.);
#1308 = DIRECTION('',(1.,0.));
#1309 = ( GEOMETRIC_REPRESENTATION_CONTEXT(2) 
PARAMETRIC_REPRESENTATION_CONTEXT() REPRESENTATION_CONTEXT('2D SPACE',''
  ) );
#1310 = PCURVE('',#1080,#1311);
#1311 = DEFINITIONAL_REPRESENTATION('',(#1312),#1316);
#1312 = LINE('',#1313,#1314);
#1313 = CARTESIAN_POINT('',(-8.,3.5));
#1314 = VECTOR('',#1315,1.);
#1315 = DIRECTION('',(4.46691295064E-17,-1.));
#1316 = ( GEOMETRIC_REPRESENTATION_CONTEXT(2) 
PARAMETRIC_REPRESENTATION_CONTEXT() REPRESENTATION_CONTEXT('2D SPACE',''
  ) );
#1317 = ORIENTED_EDGE('',*,*,#1029,.F.);
#1318 = ORIENTED_EDGE('',*,*,#1319,.F.);
#1319 = EDGE_CURVE('',#1250,#1030,#1320,.T.);
#1320 = SURFACE_CURVE('',#1321,(#1325,#1332),.PCURVE_S1.);
#1321 = LINE('',#1322,#1323);
#1322 = CARTESIAN_POINT('',(-40.15916507732,54.153867493764,
    -0.384538589654));
#1323 = VECTOR('',#1324,1.);
#1324 = DIRECTION('',(1.488989726591E-03,-0.999024728683,
    -4.412906513861E-02));
#1325 = PCURVE('',#1052,#1326);
#1326 = DEFINITIONAL_REPRESENTATION('',(#1327),#1331);
#1327 = LINE('',#1328,#1329);
#1328 = CARTESIAN_POINT('',(0.,0.));
#1329 = VECTOR('',#1330,1.);
#1330 = DIRECTION('',(1.,0.));
#1331 = ( GEOMETRIC_REPRESENTATION_CONTEXT(2) 
PARAMETRIC_REPRESENTATION_CONTEXT() REPRESENTATION_CONTEXT('2D SPACE',''
  ) );
#1332 = PCURVE('',#1134,#1333);
#1333 = DEFINITIONAL_REPRESENTATION('',(#1334),#1338);
#1334 = LINE('',#1335,#1336);
#1335 = CARTESIAN_POINT('',(-8.,3.5));
#1336 = VECTOR('',#1337,1.);
#1337 = DIRECTION('',(4.46691295064E-17,-1.));
#1338 = ( GEOMETRIC_REPRESENTATION_CONTEXT(2) 
PARAMETRIC_REPRESENTATION_CONTEXT() REPRESENTATION_CONTEXT('2D SPACE',''
  ) );
#1339 = ADVANCED_FACE('',(#1340),#1134,.F.);
#1340 = FACE_BOUND('',#1341,.F.);
#1341 = EDGE_LOOP('',(#1342,#1343,#1344,#1345));
#1342 = ORIENTED_EDGE('',*,*,#1120,.T.);
#1343 = ORIENTED_EDGE('',*,*,#1201,.T.);
#1344 = ORIENTED_EDGE('',*,*,#1272,.T.);
#1345 = ORIENTED_EDGE('',*,*,#1319,.T.);
#1346 = ADVANCED_FACE('',(#1347),#1080,.T.);
#1347 = FACE_BOUND('',#1348,.T.);
#1348 = EDGE_LOOP('',(#1349,#1350,#1351,#1352));
#1349 = ORIENTED_EDGE('',*,*,#1064,.T.);
#1350 = ORIENTED_EDGE('',*,*,#1150,.T.);
#1351 = ORIENTED_EDGE('',*,*,#1226,.T.);
#1352 = ORIENTED_EDGE('',*,*,#1297,.T.);
#1353 = MANIFOLD_SOLID_BREP('',#1354);
#1354 = CLOSED_SHELL('',(#1355,#1475,#1551,#1622,#1669,#1676));
#1355 = ADVANCED_FACE('',(#1356),#1370,.F.);
#1356 = FACE_BOUND('',#1357,.F.);
#1357 = EDGE_LOOP('',(#1358,#1393,#1421,#1449));
#1358 = ORIENTED_EDGE('',*,*,#1359,.T.);
#1359 = EDGE_CURVE('',#1360,#1362,#1364,.T.);
#1360 = VERTEX_POINT('',#1361);
#1361 = CARTESIAN_POINT('',(-124.3175947012,54.554042130458,
    0.877619115859));
#1362 = VERTEX_POINT('',#1363);
#1363 = CARTESIAN_POINT('',(-102.2036893461,99.292333897903,
    377.58634006571));
#1364 = SURFACE_CURVE('',#1365,(#1369,#1381),.PCURVE_S1.);
#1365 = LINE('',#1366,#1367);
#1366 = CARTESIAN_POINT('',(-124.3175947012,54.554042130458,
    0.877619115859));
#1367 = VECTOR('',#1368,1.);
#1368 = DIRECTION('',(5.819448777639E-02,0.117732346756,0.991338739342)
  );
#1369 = PCURVE('',#1370,#1375);
#1370 = PLANE('',#1371);
#1371 = AXIS2_PLACEMENT_3D('',#1372,#1373,#1374);
#1372 = CARTESIAN_POINT('',(-124.3175947012,54.554042130458,
    0.877619115859));
#1373 = DIRECTION('',(-3.440586716285E-03,0.993039403493,-0.117732346756
    ));
#1374 = DIRECTION('',(0.998299335848,-3.440586716285E-03,
    -5.819448777639E-02));
#1375 = DEFINITIONAL_REPRESENTATION('',(#1376),#1380);
#1376 = LINE('',#1377,#1378);
#1377 = CARTESIAN_POINT('',(0.,-0.));
#1378 = VECTOR('',#1379,1.);
#1379 = DIRECTION('',(-6.938893903907E-18,-1.));
#1380 = ( GEOMETRIC_REPRESENTATION_CONTEXT(2) 
PARAMETRIC_REPRESENTATION_CONTEXT() REPRESENTATION_CONTEXT('2D SPACE',''
  ) );
#1381 = PCURVE('',#1382,#1387);
#1382 = PLANE('',#1383);
#1383 = AXIS2_PLACEMENT_3D('',#1384,#1385,#1386);
#1384 = CARTESIAN_POINT('',(-124.3416788082,61.505317954911,
    5.349268856359E-02));
#1385 = DIRECTION('',(0.998299335848,-3.440586716285E-03,
    -5.819448777639E-02));
#1386 = DIRECTION('',(3.440586716285E-03,-0.993039403493,0.117732346756)
  );
#1387 = DEFINITIONAL_REPRESENTATION('',(#1388),#1392);
#1388 = LINE('',#1389,#1390);
#1389 = CARTESIAN_POINT('',(7.,-1.110223024625E-16));
#1390 = VECTOR('',#1391,1.);
#1391 = DIRECTION('',(0.,-1.));
#1392 = ( GEOMETRIC_REPRESENTATION_CONTEXT(2) 
PARAMETRIC_REPRESENTATION_CONTEXT() REPRESENTATION_CONTEXT('2D SPACE',''
  ) );
#1393 = ORIENTED_EDGE('',*,*,#1394,.T.);
#1394 = EDGE_CURVE('',#1362,#1395,#1397,.T.);
#1395 = VERTEX_POINT('',#1396);
#1396 = CARTESIAN_POINT('',(-86.2308999726,99.237284510442,
    376.65522826129));
#1397 = SURFACE_CURVE('',#1398,(#1402,#1409),.PCURVE_S1.);
#1398 = LINE('',#1399,#1400);
#1399 = CARTESIAN_POINT('',(-102.2036893461,99.292333897903,
    377.58634006571));
#1400 = VECTOR('',#1401,1.);
#1401 = DIRECTION('',(0.998299335848,-3.440586716285E-03,
    -5.819448777639E-02));
#1402 = PCURVE('',#1370,#1403);
#1403 = DEFINITIONAL_REPRESENTATION('',(#1404),#1408);
#1404 = LINE('',#1405,#1406);
#1405 = CARTESIAN_POINT('',(3.552713678801E-15,-380.));
#1406 = VECTOR('',#1407,1.);
#1407 = DIRECTION('',(1.,6.938893903907E-18));
#1408 = ( GEOMETRIC_REPRESENTATION_CONTEXT(2) 
PARAMETRIC_REPRESENTATION_CONTEXT() REPRESENTATION_CONTEXT('2D SPACE',''
  ) );
#1409 = PCURVE('',#1410,#1415);
#1410 = PLANE('',#1411);
#1411 = AXIS2_PLACEMENT_3D('',#1412,#1413,#1414);
#1412 = CARTESIAN_POINT('',(-94.22933671289,102.74044711639,
    376.70872094986));
#1413 = DIRECTION('',(5.819448777639E-02,0.117732346756,0.991338739342)
  );
#1414 = DIRECTION('',(0.998299335848,-3.440586716285E-03,
    -5.819448777639E-02));
#1415 = DEFINITIONAL_REPRESENTATION('',(#1416),#1420);
#1416 = LINE('',#1417,#1418);
#1417 = CARTESIAN_POINT('',(-8.,-3.5));
#1418 = VECTOR('',#1419,1.);
#1419 = DIRECTION('',(1.,8.673617379884E-18));
#1420 = ( GEOMETRIC_REPRESENTATION_CONTEXT(2) 
PARAMETRIC_REPRESENTATION_CONTEXT() REPRESENTATION_CONTEXT('2D SPACE',''
  ) );
#1421 = ORIENTED_EDGE('',*,*,#1422,.F.);
#1422 = EDGE_CURVE('',#1423,#1395,#1425,.T.);
#1423 = VERTEX_POINT('',#1424);
#1424 = CARTESIAN_POINT('',(-108.3448053276,54.498992742997,
    -5.349268856359E-02));
#1425 = SURFACE_CURVE('',#1426,(#1430,#1437),.PCURVE_S1.);
#1426 = LINE('',#1427,#1428);
#1427 = CARTESIAN_POINT('',(-108.3448053276,54.498992742997,
    -5.349268856359E-02));
#1428 = VECTOR('',#1429,1.);
#1429 = DIRECTION('',(5.819448777639E-02,0.117732346756,0.991338739342)
  );
#1430 = PCURVE('',#1370,#1431);
#1431 = DEFINITIONAL_REPRESENTATION('',(#1432),#1436);
#1432 = LINE('',#1433,#1434);
#1433 = CARTESIAN_POINT('',(16.,2.22044604925E-16));
#1434 = VECTOR('',#1435,1.);
#1435 = DIRECTION('',(-6.938893903907E-18,-1.));
#1436 = ( GEOMETRIC_REPRESENTATION_CONTEXT(2) 
PARAMETRIC_REPRESENTATION_CONTEXT() REPRESENTATION_CONTEXT('2D SPACE',''
  ) );
#1437 = PCURVE('',#1438,#1443);
#1438 = PLANE('',#1439);
#1439 = AXIS2_PLACEMENT_3D('',#1440,#1441,#1442);
#1440 = CARTESIAN_POINT('',(-108.3448053276,54.498992742997,
    -5.349268856359E-02));
#1441 = DIRECTION('',(-0.998299335848,3.440586716285E-03,
    5.819448777639E-02));
#1442 = DIRECTION('',(-3.440586716285E-03,0.993039403493,-0.117732346756
    ));
#1443 = DEFINITIONAL_REPRESENTATION('',(#1444),#1448);
#1444 = LINE('',#1445,#1446);
#1445 = CARTESIAN_POINT('',(0.,-0.));
#1446 = VECTOR('',#1447,1.);
#1447 = DIRECTION('',(0.,-1.));
#1448 = ( GEOMETRIC_REPRESENTATION_CONTEXT(2) 
PARAMETRIC_REPRESENTATION_CONTEXT() REPRESENTATION_CONTEXT('2D SPACE',''
  ) );
#1449 = ORIENTED_EDGE('',*,*,#1450,.F.);
#1450 = EDGE_CURVE('',#1360,#1423,#1451,.T.);
#1451 = SURFACE_CURVE('',#1452,(#1456,#1463),.PCURVE_S1.);
#1452 = LINE('',#1453,#1454);
#1453 = CARTESIAN_POINT('',(-124.3175947012,54.554042130458,
    0.877619115859));
#1454 = VECTOR('',#1455,1.);
#1455 = DIRECTION('',(0.998299335848,-3.440586716285E-03,
    -5.819448777639E-02));
#1456 = PCURVE('',#1370,#1457);
#1457 = DEFINITIONAL_REPRESENTATION('',(#1458),#1462);
#1458 = LINE('',#1459,#1460);
#1459 = CARTESIAN_POINT('',(0.,-0.));
#1460 = VECTOR('',#1461,1.);
#1461 = DIRECTION('',(1.,6.938893903907E-18));
#1462 = ( GEOMETRIC_REPRESENTATION_CONTEXT(2) 
PARAMETRIC_REPRESENTATION_CONTEXT() REPRESENTATION_CONTEXT('2D SPACE',''
  ) );
#1463 = PCURVE('',#1464,#1469);
#1464 = PLANE('',#1465);
#1465 = AXIS2_PLACEMENT_3D('',#1466,#1467,#1468);
#1466 = CARTESIAN_POINT('',(-116.3432420679,58.002155348954,0.));
#1467 = DIRECTION('',(5.819448777639E-02,0.117732346756,0.991338739342)
  );
#1468 = DIRECTION('',(0.998299335848,-3.440586716285E-03,
    -5.819448777639E-02));
#1469 = DEFINITIONAL_REPRESENTATION('',(#1470),#1474);
#1470 = LINE('',#1471,#1472);
#1471 = CARTESIAN_POINT('',(-8.,-3.5));
#1472 = VECTOR('',#1473,1.);
#1473 = DIRECTION('',(1.,8.673617379884E-18));
#1474 = ( GEOMETRIC_REPRESENTATION_CONTEXT(2) 
PARAMETRIC_REPRESENTATION_CONTEXT() REPRESENTATION_CONTEXT('2D SPACE',''
  ) );
#1475 = ADVANCED_FACE('',(#1476),#1438,.F.);
#1476 = FACE_BOUND('',#1477,.F.);
#1477 = EDGE_LOOP('',(#1478,#1479,#1502,#1530));
#1478 = ORIENTED_EDGE('',*,*,#1422,.T.);
#1479 = ORIENTED_EDGE('',*,*,#1480,.T.);
#1480 = EDGE_CURVE('',#1395,#1481,#1483,.T.);
#1481 = VERTEX_POINT('',#1482);
#1482 = CARTESIAN_POINT('',(-86.25498407961,106.18856033489,
    375.831101834));
#1483 = SURFACE_CURVE('',#1484,(#1488,#1495),.PCURVE_S1.);
#1484 = LINE('',#1485,#1486);
#1485 = CARTESIAN_POINT('',(-86.2308999726,99.237284510442,
    376.65522826129));
#1486 = VECTOR('',#1487,1.);
#1487 = DIRECTION('',(-3.440586716285E-03,0.993039403493,-0.117732346756
    ));
#1488 = PCURVE('',#1438,#1489);
#1489 = DEFINITIONAL_REPRESENTATION('',(#1490),#1494);
#1490 = LINE('',#1491,#1492);
#1491 = CARTESIAN_POINT('',(-1.42108547152E-14,-380.));
#1492 = VECTOR('',#1493,1.);
#1493 = DIRECTION('',(1.,0.));
#1494 = ( GEOMETRIC_REPRESENTATION_CONTEXT(2) 
PARAMETRIC_REPRESENTATION_CONTEXT() REPRESENTATION_CONTEXT('2D SPACE',''
  ) );
#1495 = PCURVE('',#1410,#1496);
#1496 = DEFINITIONAL_REPRESENTATION('',(#1497),#1501);
#1497 = LINE('',#1498,#1499);
#1498 = CARTESIAN_POINT('',(8.,-3.5));
#1499 = VECTOR('',#1500,1.);
#1500 = DIRECTION('',(9.540979117872E-18,1.));
#1501 = ( GEOMETRIC_REPRESENTATION_CONTEXT(2) 
PARAMETRIC_REPRESENTATION_CONTEXT() REPRESENTATION_CONTEXT('2D SPACE',''
  ) );
#1502 = ORIENTED_EDGE('',*,*,#1503,.F.);
#1503 = EDGE_CURVE('',#1504,#1481,#1506,.T.);
#1504 = VERTEX_POINT('',#1505);
#1505 = CARTESIAN_POINT('',(-108.3688894346,61.45026856745,
    -0.877619115859));
#1506 = SURFACE_CURVE('',#1507,(#1511,#1518),.PCURVE_S1.);
#1507 = LINE('',#1508,#1509);
#1508 = CARTESIAN_POINT('',(-108.3688894346,61.45026856745,
    -0.877619115859));
#1509 = VECTOR('',#1510,1.);
#1510 = DIRECTION('',(5.819448777639E-02,0.117732346756,0.991338739342)
  );
#1511 = PCURVE('',#1438,#1512);
#1512 = DEFINITIONAL_REPRESENTATION('',(#1513),#1517);
#1513 = LINE('',#1514,#1515);
#1514 = CARTESIAN_POINT('',(7.,1.110223024625E-16));
#1515 = VECTOR('',#1516,1.);
#1516 = DIRECTION('',(0.,-1.));
#1517 = ( GEOMETRIC_REPRESENTATION_CONTEXT(2) 
PARAMETRIC_REPRESENTATION_CONTEXT() REPRESENTATION_CONTEXT('2D SPACE',''
  ) );
#1518 = PCURVE('',#1519,#1524);
#1519 = PLANE('',#1520);
#1520 = AXIS2_PLACEMENT_3D('',#1521,#1522,#1523);
#1521 = CARTESIAN_POINT('',(-108.3688894346,61.45026856745,
    -0.877619115859));
#1522 = DIRECTION('',(3.440586716285E-03,-0.993039403493,0.117732346756)
  );
#1523 = DIRECTION('',(-0.998299335848,3.440586716285E-03,
    5.819448777639E-02));
#1524 = DEFINITIONAL_REPRESENTATION('',(#1525),#1529);
#1525 = LINE('',#1526,#1527);
#1526 = CARTESIAN_POINT('',(0.,-0.));
#1527 = VECTOR('',#1528,1.);
#1528 = DIRECTION('',(6.938893903907E-18,-1.));
#1529 = ( GEOMETRIC_REPRESENTATION_CONTEXT(2) 
PARAMETRIC_REPRESENTATION_CONTEXT() REPRESENTATION_CONTEXT('2D SPACE',''
  ) );
#1530 = ORIENTED_EDGE('',*,*,#1531,.F.);
#1531 = EDGE_CURVE('',#1423,#1504,#1532,.T.);
#1532 = SURFACE_CURVE('',#1533,(#1537,#1544),.PCURVE_S1.);
#1533 = LINE('',#1534,#1535);
#1534 = CARTESIAN_POINT('',(-108.3448053276,54.498992742997,
    -5.349268856359E-02));
#1535 = VECTOR('',#1536,1.);
#1536 = DIRECTION('',(-3.440586716285E-03,0.993039403493,-0.117732346756
    ));
#1537 = PCURVE('',#1438,#1538);
#1538 = DEFINITIONAL_REPRESENTATION('',(#1539),#1543);
#1539 = LINE('',#1540,#1541);
#1540 = CARTESIAN_POINT('',(0.,-0.));
#1541 = VECTOR('',#1542,1.);
#1542 = DIRECTION('',(1.,0.));
#1543 = ( GEOMETRIC_REPRESENTATION_CONTEXT(2) 
PARAMETRIC_REPRESENTATION_CONTEXT() REPRESENTATION_CONTEXT('2D SPACE',''
  ) );
#1544 = PCURVE('',#1464,#1545);
#1545 = DEFINITIONAL_REPRESENTATION('',(#1546),#1550);
#1546 = LINE('',#1547,#1548);
#1547 = CARTESIAN_POINT('',(8.,-3.5));
#1548 = VECTOR('',#1549,1.);
#1549 = DIRECTION('',(9.540979117872E-18,1.));
#1550 = ( GEOMETRIC_REPRESENTATION_CONTEXT(2) 
PARAMETRIC_REPRESENTATION_CONTEXT() REPRESENTATION_CONTEXT('2D SPACE',''
  ) );
#1551 = ADVANCED_FACE('',(#1552),#1519,.F.);
#1552 = FACE_BOUND('',#1553,.F.);
#1553 = EDGE_LOOP('',(#1554,#1555,#1578,#1601));
#1554 = ORIENTED_EDGE('',*,*,#1503,.T.);
#1555 = ORIENTED_EDGE('',*,*,#1556,.T.);
#1556 = EDGE_CURVE('',#1481,#1557,#1559,.T.);
#1557 = VERTEX_POINT('',#1558);
#1558 = CARTESIAN_POINT('',(-102.2277734531,106.24360972235,
    376.76221363842));
#1559 = SURFACE_CURVE('',#1560,(#1564,#1571),.PCURVE_S1.);
#1560 = LINE('',#1561,#1562);
#1561 = CARTESIAN_POINT('',(-86.25498407961,106.18856033489,
    375.831101834));
#1562 = VECTOR('',#1563,1.);
#1563 = DIRECTION('',(-0.998299335848,3.440586716285E-03,
    5.819448777639E-02));
#1564 = PCURVE('',#1519,#1565);
#1565 = DEFINITIONAL_REPRESENTATION('',(#1566),#1570);
#1566 = LINE('',#1567,#1568);
#1567 = CARTESIAN_POINT('',(-3.552713678801E-15,-380.));
#1568 = VECTOR('',#1569,1.);
#1569 = DIRECTION('',(1.,-6.938893903907E-18));
#1570 = ( GEOMETRIC_REPRESENTATION_CONTEXT(2) 
PARAMETRIC_REPRESENTATION_CONTEXT() REPRESENTATION_CONTEXT('2D SPACE',''
  ) );
#1571 = PCURVE('',#1410,#1572);
#1572 = DEFINITIONAL_REPRESENTATION('',(#1573),#1577);
#1573 = LINE('',#1574,#1575);
#1574 = CARTESIAN_POINT('',(8.,3.5));
#1575 = VECTOR('',#1576,1.);
#1576 = DIRECTION('',(-1.,-8.673617379884E-18));
#1577 = ( GEOMETRIC_REPRESENTATION_CONTEXT(2) 
PARAMETRIC_REPRESENTATION_CONTEXT() REPRESENTATION_CONTEXT('2D SPACE',''
  ) );
#1578 = ORIENTED_EDGE('',*,*,#1579,.F.);
#1579 = EDGE_CURVE('',#1580,#1557,#1582,.T.);
#1580 = VERTEX_POINT('',#1581);
#1581 = CARTESIAN_POINT('',(-124.3416788082,61.505317954911,
    5.349268856359E-02));
#1582 = SURFACE_CURVE('',#1583,(#1587,#1594),.PCURVE_S1.);
#1583 = LINE('',#1584,#1585);
#1584 = CARTESIAN_POINT('',(-124.3416788082,61.505317954911,
    5.349268856359E-02));
#1585 = VECTOR('',#1586,1.);
#1586 = DIRECTION('',(5.819448777639E-02,0.117732346756,0.991338739342)
  );
#1587 = PCURVE('',#1519,#1588);
#1588 = DEFINITIONAL_REPRESENTATION('',(#1589),#1593);
#1589 = LINE('',#1590,#1591);
#1590 = CARTESIAN_POINT('',(16.,-2.22044604925E-16));
#1591 = VECTOR('',#1592,1.);
#1592 = DIRECTION('',(6.938893903907E-18,-1.));
#1593 = ( GEOMETRIC_REPRESENTATION_CONTEXT(2) 
PARAMETRIC_REPRESENTATION_CONTEXT() REPRESENTATION_CONTEXT('2D SPACE',''
  ) );
#1594 = PCURVE('',#1382,#1595);
#1595 = DEFINITIONAL_REPRESENTATION('',(#1596),#1600);
#1596 = LINE('',#1597,#1598);
#1597 = CARTESIAN_POINT('',(0.,-0.));
#1598 = VECTOR('',#1599,1.);
#1599 = DIRECTION('',(0.,-1.));
#1600 = ( GEOMETRIC_REPRESENTATION_CONTEXT(2) 
PARAMETRIC_REPRESENTATION_CONTEXT() REPRESENTATION_CONTEXT('2D SPACE',''
  ) );
#1601 = ORIENTED_EDGE('',*,*,#1602,.F.);
#1602 = EDGE_CURVE('',#1504,#1580,#1603,.T.);
#1603 = SURFACE_CURVE('',#1604,(#1608,#1615),.PCURVE_S1.);
#1604 = LINE('',#1605,#1606);
#1605 = CARTESIAN_POINT('',(-108.3688894346,61.45026856745,
    -0.877619115859));
#1606 = VECTOR('',#1607,1.);
#1607 = DIRECTION('',(-0.998299335848,3.440586716285E-03,
    5.819448777639E-02));
#1608 = PCURVE('',#1519,#1609);
#1609 = DEFINITIONAL_REPRESENTATION('',(#1610),#1614);
#1610 = LINE('',#1611,#1612);
#1611 = CARTESIAN_POINT('',(0.,-0.));
#1612 = VECTOR('',#1613,1.);
#1613 = DIRECTION('',(1.,-6.938893903907E-18));
#1614 = ( GEOMETRIC_REPRESENTATION_CONTEXT(2) 
PARAMETRIC_REPRESENTATION_CONTEXT() REPRESENTATION_CONTEXT('2D SPACE',''
  ) );
#1615 = PCURVE('',#1464,#1616);
#1616 = DEFINITIONAL_REPRESENTATION('',(#1617),#1621);
#1617 = LINE('',#1618,#1619);
#1618 = CARTESIAN_POINT('',(8.,3.5));
#1619 = VECTOR('',#1620,1.);
#1620 = DIRECTION('',(-1.,-8.673617379884E-18));
#1621 = ( GEOMETRIC_REPRESENTATION_CONTEXT(2) 
PARAMETRIC_REPRESENTATION_CONTEXT() REPRESENTATION_CONTEXT('2D SPACE',''
  ) );
#1622 = ADVANCED_FACE('',(#1623),#1382,.F.);
#1623 = FACE_BOUND('',#1624,.F.);
#1624 = EDGE_LOOP('',(#1625,#1626,#1647,#1648));
#1625 = ORIENTED_EDGE('',*,*,#1579,.T.);
#1626 = ORIENTED_EDGE('',*,*,#1627,.T.);
#1627 = EDGE_CURVE('',#1557,#1362,#1628,.T.);
#1628 = SURFACE_CURVE('',#1629,(#1633,#1640),.PCURVE_S1.);
#1629 = LINE('',#1630,#1631);
#1630 = CARTESIAN_POINT('',(-102.2277734531,106.24360972235,
    376.76221363842));
#1631 = VECTOR('',#1632,1.);
#1632 = DIRECTION('',(3.440586716285E-03,-0.993039403493,0.117732346756)
  );
#1633 = PCURVE('',#1382,#1634);
#1634 = DEFINITIONAL_REPRESENTATION('',(#1635),#1639);
#1635 = LINE('',#1636,#1637);
#1636 = CARTESIAN_POINT('',(-7.105427357601E-15,-380.));
#1637 = VECTOR('',#1638,1.);
#1638 = DIRECTION('',(1.,0.));
#1639 = ( GEOMETRIC_REPRESENTATION_CONTEXT(2) 
PARAMETRIC_REPRESENTATION_CONTEXT() REPRESENTATION_CONTEXT('2D SPACE',''
  ) );
#1640 = PCURVE('',#1410,#1641);
#1641 = DEFINITIONAL_REPRESENTATION('',(#1642),#1646);
#1642 = LINE('',#1643,#1644);
#1643 = CARTESIAN_POINT('',(-8.,3.5));
#1644 = VECTOR('',#1645,1.);
#1645 = DIRECTION('',(-9.540979117872E-18,-1.));
#1646 = ( GEOMETRIC_REPRESENTATION_CONTEXT(2) 
PARAMETRIC_REPRESENTATION_CONTEXT() REPRESENTATION_CONTEXT('2D SPACE',''
  ) );
#1647 = ORIENTED_EDGE('',*,*,#1359,.F.);
#1648 = ORIENTED_EDGE('',*,*,#1649,.F.);
#1649 = EDGE_CURVE('',#1580,#1360,#1650,.T.);
#1650 = SURFACE_CURVE('',#1651,(#1655,#1662),.PCURVE_S1.);
#1651 = LINE('',#1652,#1653);
#1652 = CARTESIAN_POINT('',(-124.3416788082,61.505317954911,
    5.349268856359E-02));
#1653 = VECTOR('',#1654,1.);
#1654 = DIRECTION('',(3.440586716285E-03,-0.993039403493,0.117732346756)
  );
#1655 = PCURVE('',#1382,#1656);
#1656 = DEFINITIONAL_REPRESENTATION('',(#1657),#1661);
#1657 = LINE('',#1658,#1659);
#1658 = CARTESIAN_POINT('',(0.,-0.));
#1659 = VECTOR('',#1660,1.);
#1660 = DIRECTION('',(1.,0.));
#1661 = ( GEOMETRIC_REPRESENTATION_CONTEXT(2) 
PARAMETRIC_REPRESENTATION_CONTEXT() REPRESENTATION_CONTEXT('2D SPACE',''
  ) );
#1662 = PCURVE('',#1464,#1663);
#1663 = DEFINITIONAL_REPRESENTATION('',(#1664),#1668);
#1664 = LINE('',#1665,#1666);
#1665 = CARTESIAN_POINT('',(-8.,3.5));
#1666 = VECTOR('',#1667,1.);
#1667 = DIRECTION('',(-9.540979117872E-18,-1.));
#1668 = ( GEOMETRIC_REPRESENTATION_CONTEXT(2) 
PARAMETRIC_REPRESENTATION_CONTEXT() REPRESENTATION_CONTEXT('2D SPACE',''
  ) );
#1669 = ADVANCED_FACE('',(#1670),#1464,.F.);
#1670 = FACE_BOUND('',#1671,.F.);
#1671 = EDGE_LOOP('',(#1672,#1673,#1674,#1675));
#1672 = ORIENTED_EDGE('',*,*,#1450,.T.);
#1673 = ORIENTED_EDGE('',*,*,#1531,.T.);
#1674 = ORIENTED_EDGE('',*,*,#1602,.T.);
#1675 = ORIENTED_EDGE('',*,*,#1649,.T.);
#1676 = ADVANCED_FACE('',(#1677),#1410,.T.);
#1677 = FACE_BOUND('',#1678,.T.);
#1678 = EDGE_LOOP('',(#1679,#1680,#1681,#1682));
#1679 = ORIENTED_EDGE('',*,*,#1394,.T.);
#1680 = ORIENTED_EDGE('',*,*,#1480,.T.);
#1681 = ORIENTED_EDGE('',*,*,#1556,.T.);
#1682 = ORIENTED_EDGE('',*,*,#1627,.T.);
#1683 = MANIFOLD_SOLID_BREP('',#1684);
#1684 = CLOSED_SHELL('',(#1685,#1805,#1881,#1952,#1999,#2006));
#1685 = ADVANCED_FACE('',(#1686),#1700,.F.);
#1686 = FACE_BOUND('',#1687,.F.);
#1687 = EDGE_LOOP('',(#1688,#1723,#1751,#1779));
#1688 = ORIENTED_EDGE('',*,*,#1689,.T.);
#1689 = EDGE_CURVE('',#1690,#1692,#1694,.T.);
#1690 = VERTEX_POINT('',#1691);
#1691 = CARTESIAN_POINT('',(-188.7085804181,-89.1995274222,
    -4.636447767344E-03));
#1692 = VERTEX_POINT('',#1693);
#1693 = CARTESIAN_POINT('',(-192.2322583566,-81.72827413927,
    439.91781588692));
#1694 = SURFACE_CURVE('',#1695,(#1699,#1711),.PCURVE_S1.);
#1695 = LINE('',#1696,#1697);
#1696 = CARTESIAN_POINT('',(-188.7085804181,-89.1995274222,
    -4.636447767344E-03));
#1697 = VECTOR('',#1698,1.);
#1698 = DIRECTION('',(-8.00835895111E-03,1.698012109758E-02,
    0.999823755306));
#1699 = PCURVE('',#1700,#1705);
#1700 = PLANE('',#1701);
#1701 = AXIS2_PLACEMENT_3D('',#1702,#1703,#1704);
#1702 = CARTESIAN_POINT('',(-188.7085804181,-89.1995274222,
    -4.636447767344E-03));
#1703 = DIRECTION('',(6.799744448576E-05,0.999855825039,
    -1.698012109758E-02));
#1704 = DIRECTION('',(0.999967930267,6.799744448576E-05,
    8.00835895111E-03));
#1705 = DEFINITIONAL_REPRESENTATION('',(#1706),#1710);
#1706 = LINE('',#1707,#1708);
#1707 = CARTESIAN_POINT('',(0.,0.));
#1708 = VECTOR('',#1709,1.);
#1709 = DIRECTION('',(1.734723475977E-18,-1.));
#1710 = ( GEOMETRIC_REPRESENTATION_CONTEXT(2) 
PARAMETRIC_REPRESENTATION_CONTEXT() REPRESENTATION_CONTEXT('2D SPACE',''
  ) );
#1711 = PCURVE('',#1712,#1717);
#1712 = PLANE('',#1713);
#1713 = AXIS2_PLACEMENT_3D('',#1714,#1715,#1716);
#1714 = CARTESIAN_POINT('',(-188.708104436,-82.20053664693,
    -0.12349729545));
#1715 = DIRECTION('',(0.999967930267,6.799744448576E-05,
    8.00835895111E-03));
#1716 = DIRECTION('',(-6.799744448576E-05,-0.999855825039,
    1.698012109758E-02));
#1717 = DEFINITIONAL_REPRESENTATION('',(#1718),#1722);
#1718 = LINE('',#1719,#1720);
#1719 = CARTESIAN_POINT('',(7.,-1.387778780781E-16));
#1720 = VECTOR('',#1721,1.);
#1721 = DIRECTION('',(-3.469446951954E-18,-1.));
#1722 = ( GEOMETRIC_REPRESENTATION_CONTEXT(2) 
PARAMETRIC_REPRESENTATION_CONTEXT() REPRESENTATION_CONTEXT('2D SPACE',''
  ) );
#1723 = ORIENTED_EDGE('',*,*,#1724,.T.);
#1724 = EDGE_CURVE('',#1692,#1725,#1727,.T.);
#1725 = VERTEX_POINT('',#1726);
#1726 = CARTESIAN_POINT('',(-176.2327714723,-81.72718618015,
    440.04594963014));
#1727 = SURFACE_CURVE('',#1728,(#1732,#1739),.PCURVE_S1.);
#1728 = LINE('',#1729,#1730);
#1729 = CARTESIAN_POINT('',(-192.2322583566,-81.72827413927,
    439.91781588692));
#1730 = VECTOR('',#1731,1.);
#1731 = DIRECTION('',(0.999967930267,6.799744448576E-05,
    8.00835895111E-03));
#1732 = PCURVE('',#1700,#1733);
#1733 = DEFINITIONAL_REPRESENTATION('',(#1734),#1738);
#1734 = LINE('',#1735,#1736);
#1735 = CARTESIAN_POINT('',(1.021405182655E-14,-440.));
#1736 = VECTOR('',#1737,1.);
#1737 = DIRECTION('',(1.,-1.734723475977E-18));
#1738 = ( GEOMETRIC_REPRESENTATION_CONTEXT(2) 
PARAMETRIC_REPRESENTATION_CONTEXT() REPRESENTATION_CONTEXT('2D SPACE',''
  ) );
#1739 = PCURVE('',#1740,#1745);
#1740 = PLANE('',#1741);
#1741 = AXIS2_PLACEMENT_3D('',#1742,#1743,#1744);
#1742 = CARTESIAN_POINT('',(-184.2322769234,-78.22823477207,
    439.92245233469));
#1743 = DIRECTION('',(-8.00835895111E-03,1.698012109758E-02,
    0.999823755306));
#1744 = DIRECTION('',(0.999967930267,6.799744448576E-05,
    8.00835895111E-03));
#1745 = DEFINITIONAL_REPRESENTATION('',(#1746),#1750);
#1746 = LINE('',#1747,#1748);
#1747 = CARTESIAN_POINT('',(-8.,-3.5));
#1748 = VECTOR('',#1749,1.);
#1749 = DIRECTION('',(1.,-1.29562159612E-17));
#1750 = ( GEOMETRIC_REPRESENTATION_CONTEXT(2) 
PARAMETRIC_REPRESENTATION_CONTEXT() REPRESENTATION_CONTEXT('2D SPACE',''
  ) );
#1751 = ORIENTED_EDGE('',*,*,#1752,.F.);
#1752 = EDGE_CURVE('',#1753,#1725,#1755,.T.);
#1753 = VERTEX_POINT('',#1754);
#1754 = CARTESIAN_POINT('',(-172.7090935338,-89.19843946309,
    0.12349729545));
#1755 = SURFACE_CURVE('',#1756,(#1760,#1767),.PCURVE_S1.);
#1756 = LINE('',#1757,#1758);
#1757 = CARTESIAN_POINT('',(-172.7090935338,-89.19843946309,
    0.12349729545));
#1758 = VECTOR('',#1759,1.);
#1759 = DIRECTION('',(-8.00835895111E-03,1.698012109758E-02,
    0.999823755306));
#1760 = PCURVE('',#1700,#1761);
#1761 = DEFINITIONAL_REPRESENTATION('',(#1762),#1766);
#1762 = LINE('',#1763,#1764);
#1763 = CARTESIAN_POINT('',(16.,-5.551115123126E-17));
#1764 = VECTOR('',#1765,1.);
#1765 = DIRECTION('',(1.734723475977E-18,-1.));
#1766 = ( GEOMETRIC_REPRESENTATION_CONTEXT(2) 
PARAMETRIC_REPRESENTATION_CONTEXT() REPRESENTATION_CONTEXT('2D SPACE',''
  ) );
#1767 = PCURVE('',#1768,#1773);
#1768 = PLANE('',#1769);
#1769 = AXIS2_PLACEMENT_3D('',#1770,#1771,#1772);
#1770 = CARTESIAN_POINT('',(-172.7090935338,-89.19843946309,
    0.12349729545));
#1771 = DIRECTION('',(-0.999967930267,-6.799744448576E-05,
    -8.00835895111E-03));
#1772 = DIRECTION('',(6.799744448576E-05,0.999855825039,
    -1.698012109758E-02));
#1773 = DEFINITIONAL_REPRESENTATION('',(#1774),#1778);
#1774 = LINE('',#1775,#1776);
#1775 = CARTESIAN_POINT('',(0.,0.));
#1776 = VECTOR('',#1777,1.);
#1777 = DIRECTION('',(3.469446951954E-18,-1.));
#1778 = ( GEOMETRIC_REPRESENTATION_CONTEXT(2) 
PARAMETRIC_REPRESENTATION_CONTEXT() REPRESENTATION_CONTEXT('2D SPACE',''
  ) );
#1779 = ORIENTED_EDGE('',*,*,#1780,.F.);
#1780 = EDGE_CURVE('',#1690,#1753,#1781,.T.);
#1781 = SURFACE_CURVE('',#1782,(#1786,#1793),.PCURVE_S1.);
#1782 = LINE('',#1783,#1784);
#1783 = CARTESIAN_POINT('',(-188.7085804181,-89.1995274222,
    -4.636447767344E-03));
#1784 = VECTOR('',#1785,1.);
#1785 = DIRECTION('',(0.999967930267,6.799744448576E-05,
    8.00835895111E-03));
#1786 = PCURVE('',#1700,#1787);
#1787 = DEFINITIONAL_REPRESENTATION('',(#1788),#1792);
#1788 = LINE('',#1789,#1790);
#1789 = CARTESIAN_POINT('',(0.,0.));
#1790 = VECTOR('',#1791,1.);
#1791 = DIRECTION('',(1.,-1.734723475977E-18));
#1792 = ( GEOMETRIC_REPRESENTATION_CONTEXT(2) 
PARAMETRIC_REPRESENTATION_CONTEXT() REPRESENTATION_CONTEXT('2D SPACE',''
  ) );
#1793 = PCURVE('',#1794,#1799);
#1794 = PLANE('',#1795);
#1795 = AXIS2_PLACEMENT_3D('',#1796,#1797,#1798);
#1796 = CARTESIAN_POINT('',(-180.7085989849,-85.69948805501,0.));
#1797 = DIRECTION('',(-8.00835895111E-03,1.698012109758E-02,
    0.999823755306));
#1798 = DIRECTION('',(0.999967930267,6.799744448576E-05,
    8.00835895111E-03));
#1799 = DEFINITIONAL_REPRESENTATION('',(#1800),#1804);
#1800 = LINE('',#1801,#1802);
#1801 = CARTESIAN_POINT('',(-8.,-3.5));
#1802 = VECTOR('',#1803,1.);
#1803 = DIRECTION('',(1.,-1.29562159612E-17));
#1804 = ( GEOMETRIC_REPRESENTATION_CONTEXT(2) 
PARAMETRIC_REPRESENTATION_CONTEXT() REPRESENTATION_CONTEXT('2D SPACE',''
  ) );
#1805 = ADVANCED_FACE('',(#1806),#1768,.F.);
#1806 = FACE_BOUND('',#1807,.F.);
#1807 = EDGE_LOOP('',(#1808,#1809,#1832,#1860));
#1808 = ORIENTED_EDGE('',*,*,#1752,.T.);
#1809 = ORIENTED_EDGE('',*,*,#1810,.T.);
#1810 = EDGE_CURVE('',#1725,#1811,#1813,.T.);
#1811 = VERTEX_POINT('',#1812);
#1812 = CARTESIAN_POINT('',(-176.2322954902,-74.72819540488,
    439.92708878245));
#1813 = SURFACE_CURVE('',#1814,(#1818,#1825),.PCURVE_S1.);
#1814 = LINE('',#1815,#1816);
#1815 = CARTESIAN_POINT('',(-176.2327714723,-81.72718618015,
    440.04594963014));
#1816 = VECTOR('',#1817,1.);
#1817 = DIRECTION('',(6.799744448576E-05,0.999855825039,
    -1.698012109758E-02));
#1818 = PCURVE('',#1768,#1819);
#1819 = DEFINITIONAL_REPRESENTATION('',(#1820),#1824);
#1820 = LINE('',#1821,#1822);
#1821 = CARTESIAN_POINT('',(-5.329070518201E-15,-440.));
#1822 = VECTOR('',#1823,1.);
#1823 = DIRECTION('',(1.,-3.469446951954E-18));
#1824 = ( GEOMETRIC_REPRESENTATION_CONTEXT(2) 
PARAMETRIC_REPRESENTATION_CONTEXT() REPRESENTATION_CONTEXT('2D SPACE',''
  ) );
#1825 = PCURVE('',#1740,#1826);
#1826 = DEFINITIONAL_REPRESENTATION('',(#1827),#1831);
#1827 = LINE('',#1828,#1829);
#1828 = CARTESIAN_POINT('',(8.,-3.5));
#1829 = VECTOR('',#1830,1.);
#1830 = DIRECTION('',(-1.29562159612E-17,1.));
#1831 = ( GEOMETRIC_REPRESENTATION_CONTEXT(2) 
PARAMETRIC_REPRESENTATION_CONTEXT() REPRESENTATION_CONTEXT('2D SPACE',''
  ) );
#1832 = ORIENTED_EDGE('',*,*,#1833,.F.);
#1833 = EDGE_CURVE('',#1834,#1811,#1836,.T.);
#1834 = VERTEX_POINT('',#1835);
#1835 = CARTESIAN_POINT('',(-172.7086175517,-82.19944868782,
    4.636447767344E-03));
#1836 = SURFACE_CURVE('',#1837,(#1841,#1848),.PCURVE_S1.);
#1837 = LINE('',#1838,#1839);
#1838 = CARTESIAN_POINT('',(-172.7086175517,-82.19944868782,
    4.636447767344E-03));
#1839 = VECTOR('',#1840,1.);
#1840 = DIRECTION('',(-8.00835895111E-03,1.698012109758E-02,
    0.999823755306));
#1841 = PCURVE('',#1768,#1842);
#1842 = DEFINITIONAL_REPRESENTATION('',(#1843),#1847);
#1843 = LINE('',#1844,#1845);
#1844 = CARTESIAN_POINT('',(7.,1.387778780781E-16));
#1845 = VECTOR('',#1846,1.);
#1846 = DIRECTION('',(3.469446951954E-18,-1.));
#1847 = ( GEOMETRIC_REPRESENTATION_CONTEXT(2) 
PARAMETRIC_REPRESENTATION_CONTEXT() REPRESENTATION_CONTEXT('2D SPACE',''
  ) );
#1848 = PCURVE('',#1849,#1854);
#1849 = PLANE('',#1850);
#1850 = AXIS2_PLACEMENT_3D('',#1851,#1852,#1853);
#1851 = CARTESIAN_POINT('',(-172.7086175517,-82.19944868782,
    4.636447767344E-03));
#1852 = DIRECTION('',(-6.799744448576E-05,-0.999855825039,
    1.698012109758E-02));
#1853 = DIRECTION('',(-0.999967930267,-6.799744448576E-05,
    -8.00835895111E-03));
#1854 = DEFINITIONAL_REPRESENTATION('',(#1855),#1859);
#1855 = LINE('',#1856,#1857);
#1856 = CARTESIAN_POINT('',(-0.,0.));
#1857 = VECTOR('',#1858,1.);
#1858 = DIRECTION('',(-1.734723475977E-18,-1.));
#1859 = ( GEOMETRIC_REPRESENTATION_CONTEXT(2) 
PARAMETRIC_REPRESENTATION_CONTEXT() REPRESENTATION_CONTEXT('2D SPACE',''
  ) );
#1860 = ORIENTED_EDGE('',*,*,#1861,.F.);
#1861 = EDGE_CURVE('',#1753,#1834,#1862,.T.);
#1862 = SURFACE_CURVE('',#1863,(#1867,#1874),.PCURVE_S1.);
#1863 = LINE('',#1864,#1865);
#1864 = CARTESIAN_POINT('',(-172.7090935338,-89.19843946309,
    0.12349729545));
#1865 = VECTOR('',#1866,1.);
#1866 = DIRECTION('',(6.799744448576E-05,0.999855825039,
    -1.698012109758E-02));
#1867 = PCURVE('',#1768,#1868);
#1868 = DEFINITIONAL_REPRESENTATION('',(#1869),#1873);
#1869 = LINE('',#1870,#1871);
#1870 = CARTESIAN_POINT('',(0.,0.));
#1871 = VECTOR('',#1872,1.);
#1872 = DIRECTION('',(1.,-3.469446951954E-18));
#1873 = ( GEOMETRIC_REPRESENTATION_CONTEXT(2) 
PARAMETRIC_REPRESENTATION_CONTEXT() REPRESENTATION_CONTEXT('2D SPACE',''
  ) );
#1874 = PCURVE('',#1794,#1875);
#1875 = DEFINITIONAL_REPRESENTATION('',(#1876),#1880);
#1876 = LINE('',#1877,#1878);
#1877 = CARTESIAN_POINT('',(8.,-3.5));
#1878 = VECTOR('',#1879,1.);
#1879 = DIRECTION('',(-1.29562159612E-17,1.));
#1880 = ( GEOMETRIC_REPRESENTATION_CONTEXT(2) 
PARAMETRIC_REPRESENTATION_CONTEXT() REPRESENTATION_CONTEXT('2D SPACE',''
  ) );
#1881 = ADVANCED_FACE('',(#1882),#1849,.F.);
#1882 = FACE_BOUND('',#1883,.F.);
#1883 = EDGE_LOOP('',(#1884,#1885,#1908,#1931));
#1884 = ORIENTED_EDGE('',*,*,#1833,.T.);
#1885 = ORIENTED_EDGE('',*,*,#1886,.T.);
#1886 = EDGE_CURVE('',#1811,#1887,#1889,.T.);
#1887 = VERTEX_POINT('',#1888);
#1888 = CARTESIAN_POINT('',(-192.2317823745,-74.72928336399,
    439.79895503924));
#1889 = SURFACE_CURVE('',#1890,(#1894,#1901),.PCURVE_S1.);
#1890 = LINE('',#1891,#1892);
#1891 = CARTESIAN_POINT('',(-176.2322954902,-74.72819540488,
    439.92708878245));
#1892 = VECTOR('',#1893,1.);
#1893 = DIRECTION('',(-0.999967930267,-6.799744448576E-05,
    -8.00835895111E-03));
#1894 = PCURVE('',#1849,#1895);
#1895 = DEFINITIONAL_REPRESENTATION('',(#1896),#1900);
#1896 = LINE('',#1897,#1898);
#1897 = CARTESIAN_POINT('',(-1.06581410364E-14,-440.));
#1898 = VECTOR('',#1899,1.);
#1899 = DIRECTION('',(1.,1.734723475977E-18));
#1900 = ( GEOMETRIC_REPRESENTATION_CONTEXT(2) 
PARAMETRIC_REPRESENTATION_CONTEXT() REPRESENTATION_CONTEXT('2D SPACE',''
  ) );
#1901 = PCURVE('',#1740,#1902);
#1902 = DEFINITIONAL_REPRESENTATION('',(#1903),#1907);
#1903 = LINE('',#1904,#1905);
#1904 = CARTESIAN_POINT('',(8.,3.5));
#1905 = VECTOR('',#1906,1.);
#1906 = DIRECTION('',(-1.,1.29562159612E-17));
#1907 = ( GEOMETRIC_REPRESENTATION_CONTEXT(2) 
PARAMETRIC_REPRESENTATION_CONTEXT() REPRESENTATION_CONTEXT('2D SPACE',''
  ) );
#1908 = ORIENTED_EDGE('',*,*,#1909,.F.);
#1909 = EDGE_CURVE('',#1910,#1887,#1912,.T.);
#1910 = VERTEX_POINT('',#1911);
#1911 = CARTESIAN_POINT('',(-188.708104436,-82.20053664693,
    -0.12349729545));
#1912 = SURFACE_CURVE('',#1913,(#1917,#1924),.PCURVE_S1.);
#1913 = LINE('',#1914,#1915);
#1914 = CARTESIAN_POINT('',(-188.708104436,-82.20053664693,
    -0.12349729545));
#1915 = VECTOR('',#1916,1.);
#1916 = DIRECTION('',(-8.00835895111E-03,1.698012109758E-02,
    0.999823755306));
#1917 = PCURVE('',#1849,#1918);
#1918 = DEFINITIONAL_REPRESENTATION('',(#1919),#1923);
#1919 = LINE('',#1920,#1921);
#1920 = CARTESIAN_POINT('',(16.,5.551115123126E-17));
#1921 = VECTOR('',#1922,1.);
#1922 = DIRECTION('',(-1.734723475977E-18,-1.));
#1923 = ( GEOMETRIC_REPRESENTATION_CONTEXT(2) 
PARAMETRIC_REPRESENTATION_CONTEXT() REPRESENTATION_CONTEXT('2D SPACE',''
  ) );
#1924 = PCURVE('',#1712,#1925);
#1925 = DEFINITIONAL_REPRESENTATION('',(#1926),#1930);
#1926 = LINE('',#1927,#1928);
#1927 = CARTESIAN_POINT('',(0.,0.));
#1928 = VECTOR('',#1929,1.);
#1929 = DIRECTION('',(-3.469446951954E-18,-1.));
#1930 = ( GEOMETRIC_REPRESENTATION_CONTEXT(2) 
PARAMETRIC_REPRESENTATION_CONTEXT() REPRESENTATION_CONTEXT('2D SPACE',''
  ) );
#1931 = ORIENTED_EDGE('',*,*,#1932,.F.);
#1932 = EDGE_CURVE('',#1834,#1910,#1933,.T.);
#1933 = SURFACE_CURVE('',#1934,(#1938,#1945),.PCURVE_S1.);
#1934 = LINE('',#1935,#1936);
#1935 = CARTESIAN_POINT('',(-172.7086175517,-82.19944868782,
    4.636447767344E-03));
#1936 = VECTOR('',#1937,1.);
#1937 = DIRECTION('',(-0.999967930267,-6.799744448576E-05,
    -8.00835895111E-03));
#1938 = PCURVE('',#1849,#1939);
#1939 = DEFINITIONAL_REPRESENTATION('',(#1940),#1944);
#1940 = LINE('',#1941,#1942);
#1941 = CARTESIAN_POINT('',(-0.,0.));
#1942 = VECTOR('',#1943,1.);
#1943 = DIRECTION('',(1.,1.734723475977E-18));
#1944 = ( GEOMETRIC_REPRESENTATION_CONTEXT(2) 
PARAMETRIC_REPRESENTATION_CONTEXT() REPRESENTATION_CONTEXT('2D SPACE',''
  ) );
#1945 = PCURVE('',#1794,#1946);
#1946 = DEFINITIONAL_REPRESENTATION('',(#1947),#1951);
#1947 = LINE('',#1948,#1949);
#1948 = CARTESIAN_POINT('',(8.,3.5));
#1949 = VECTOR('',#1950,1.);
#1950 = DIRECTION('',(-1.,1.29562159612E-17));
#1951 = ( GEOMETRIC_REPRESENTATION_CONTEXT(2) 
PARAMETRIC_REPRESENTATION_CONTEXT() REPRESENTATION_CONTEXT('2D SPACE',''
  ) );
#1952 = ADVANCED_FACE('',(#1953),#1712,.F.);
#1953 = FACE_BOUND('',#1954,.F.);
#1954 = EDGE_LOOP('',(#1955,#1956,#1977,#1978));
#1955 = ORIENTED_EDGE('',*,*,#1909,.T.);
#1956 = ORIENTED_EDGE('',*,*,#1957,.T.);
#1957 = EDGE_CURVE('',#1887,#1692,#1958,.T.);
#1958 = SURFACE_CURVE('',#1959,(#1963,#1970),.PCURVE_S1.);
#1959 = LINE('',#1960,#1961);
#1960 = CARTESIAN_POINT('',(-192.2317823745,-74.72928336399,
    439.79895503924));
#1961 = VECTOR('',#1962,1.);
#1962 = DIRECTION('',(-6.799744448576E-05,-0.999855825039,
    1.698012109758E-02));
#1963 = PCURVE('',#1712,#1964);
#1964 = DEFINITIONAL_REPRESENTATION('',(#1965),#1969);
#1965 = LINE('',#1966,#1967);
#1966 = CARTESIAN_POINT('',(5.329070518201E-15,-440.));
#1967 = VECTOR('',#1968,1.);
#1968 = DIRECTION('',(1.,3.469446951954E-18));
#1969 = ( GEOMETRIC_REPRESENTATION_CONTEXT(2) 
PARAMETRIC_REPRESENTATION_CONTEXT() REPRESENTATION_CONTEXT('2D SPACE',''
  ) );
#1970 = PCURVE('',#1740,#1971);
#1971 = DEFINITIONAL_REPRESENTATION('',(#1972),#1976);
#1972 = LINE('',#1973,#1974);
#1973 = CARTESIAN_POINT('',(-8.,3.5));
#1974 = VECTOR('',#1975,1.);
#1975 = DIRECTION('',(1.29562159612E-17,-1.));
#1976 = ( GEOMETRIC_REPRESENTATION_CONTEXT(2) 
PARAMETRIC_REPRESENTATION_CONTEXT() REPRESENTATION_CONTEXT('2D SPACE',''
  ) );
#1977 = ORIENTED_EDGE('',*,*,#1689,.F.);
#1978 = ORIENTED_EDGE('',*,*,#1979,.F.);
#1979 = EDGE_CURVE('',#1910,#1690,#1980,.T.);
#1980 = SURFACE_CURVE('',#1981,(#1985,#1992),.PCURVE_S1.);
#1981 = LINE('',#1982,#1983);
#1982 = CARTESIAN_POINT('',(-188.708104436,-82.20053664693,
    -0.12349729545));
#1983 = VECTOR('',#1984,1.);
#1984 = DIRECTION('',(-6.799744448576E-05,-0.999855825039,
    1.698012109758E-02));
#1985 = PCURVE('',#1712,#1986);
#1986 = DEFINITIONAL_REPRESENTATION('',(#1987),#1991);
#1987 = LINE('',#1988,#1989);
#1988 = CARTESIAN_POINT('',(0.,0.));
#1989 = VECTOR('',#1990,1.);
#1990 = DIRECTION('',(1.,3.469446951954E-18));
#1991 = ( GEOMETRIC_REPRESENTATION_CONTEXT(2) 
PARAMETRIC_REPRESENTATION_CONTEXT() REPRESENTATION_CONTEXT('2D SPACE',''
  ) );
#1992 = PCURVE('',#1794,#1993);
#1993 = DEFINITIONAL_REPRESENTATION('',(#1994),#1998);
#1994 = LINE('',#1995,#1996);
#1995 = CARTESIAN_POINT('',(-8.,3.5));
#1996 = VECTOR('',#1997,1.);
#1997 = DIRECTION('',(1.29562159612E-17,-1.));
#1998 = ( GEOMETRIC_REPRESENTATION_CONTEXT(2) 
PARAMETRIC_REPRESENTATION_CONTEXT() REPRESENTATION_CONTEXT('2D SPACE',''
  ) );
#1999 = ADVANCED_FACE('',(#2000),#1794,.F.);
#2000 = FACE_BOUND('',#2001,.F.);
#2001 = EDGE_LOOP('',(#2002,#2003,#2004,#2005));
#2002 = ORIENTED_EDGE('',*,*,#1780,.T.);
#2003 = ORIENTED_EDGE('',*,*,#1861,.T.);
#2004 = ORIENTED_EDGE('',*,*,#1932,.T.);
#2005 = ORIENTED_EDGE('',*,*,#1979,.T.);
#2006 = ADVANCED_FACE('',(#2007),#1740,.T.);
#2007 = FACE_BOUND('',#2008,.T.);
#2008 = EDGE_LOOP('',(#2009,#2010,#2011,#2012));
#2009 = ORIENTED_EDGE('',*,*,#1724,.T.);
#2010 = ORIENTED_EDGE('',*,*,#1810,.T.);
#2011 = ORIENTED_EDGE('',*,*,#1886,.T.);
#2012 = ORIENTED_EDGE('',*,*,#1957,.T.);
#2013 = MANIFOLD_SOLID_BREP('',#2014);
#2014 = CLOSED_SHELL('',(#2015,#2135,#2211,#2282,#2329,#2336));
#2015 = ADVANCED_FACE('',(#2016),#2030,.F.);
#2016 = FACE_BOUND('',#2017,.F.);
#2017 = EDGE_LOOP('',(#2018,#2053,#2081,#2109));
#2018 = ORIENTED_EDGE('',*,*,#2019,.T.);
#2019 = EDGE_CURVE('',#2020,#2022,#2024,.T.);
#2020 = VERTEX_POINT('',#2021);
#2021 = CARTESIAN_POINT('',(-34.06906376397,-57.54167884791,
    -0.773252811961));
#2022 = VERTEX_POINT('',#2023);
#2023 = CARTESIAN_POINT('',(-95.99889865803,-26.45245794168,
    494.40162124107));
#2024 = SURFACE_CURVE('',#2025,(#2029,#2041),.PCURVE_S1.);
#2025 = LINE('',#2026,#2027);
#2026 = CARTESIAN_POINT('',(-34.06906376397,-57.54167884791,
    -0.773252811961));
#2027 = VECTOR('',#2028,1.);
#2028 = DIRECTION('',(-0.123859669788,6.217844181246E-02,0.990349748106)
  );
#2029 = PCURVE('',#2030,#2035);
#2030 = PLANE('',#2031);
#2031 = AXIS2_PLACEMENT_3D('',#2032,#2033,#2034);
#2032 = CARTESIAN_POINT('',(-34.06906376397,-57.54167884791,
    -0.773252811961));
#2033 = DIRECTION('',(3.86937083704E-03,0.998057548112,
    -6.217844181246E-02));
#2034 = DIRECTION('',(0.992292199994,3.86937083704E-03,0.123859669788));
#2035 = DEFINITIONAL_REPRESENTATION('',(#2036),#2040);
#2036 = LINE('',#2037,#2038);
#2037 = CARTESIAN_POINT('',(0.,0.));
#2038 = VECTOR('',#2039,1.);
#2039 = DIRECTION('',(0.,-1.));
#2040 = ( GEOMETRIC_REPRESENTATION_CONTEXT(2) 
PARAMETRIC_REPRESENTATION_CONTEXT() REPRESENTATION_CONTEXT('2D SPACE',''
  ) );
#2041 = PCURVE('',#2042,#2047);
#2042 = PLANE('',#2043);
#2043 = AXIS2_PLACEMENT_3D('',#2044,#2045,#2046);
#2044 = CARTESIAN_POINT('',(-34.04197816811,-50.55527601113,
    -1.208501904649));
#2045 = DIRECTION('',(0.992292199994,3.86937083704E-03,0.123859669788));
#2046 = DIRECTION('',(-3.86937083704E-03,-0.998057548112,
    6.217844181246E-02));
#2047 = DEFINITIONAL_REPRESENTATION('',(#2048),#2052);
#2048 = LINE('',#2049,#2050);
#2049 = CARTESIAN_POINT('',(7.,1.110223024625E-16));
#2050 = VECTOR('',#2051,1.);
#2051 = DIRECTION('',(0.,-1.));
#2052 = ( GEOMETRIC_REPRESENTATION_CONTEXT(2) 
PARAMETRIC_REPRESENTATION_CONTEXT() REPRESENTATION_CONTEXT('2D SPACE',''
  ) );
#2053 = ORIENTED_EDGE('',*,*,#2054,.T.);
#2054 = EDGE_CURVE('',#2022,#2055,#2057,.T.);
#2055 = VERTEX_POINT('',#2056);
#2056 = CARTESIAN_POINT('',(-80.12222345812,-26.39054800829,
    496.38337595768));
#2057 = SURFACE_CURVE('',#2058,(#2062,#2069),.PCURVE_S1.);
#2058 = LINE('',#2059,#2060);
#2059 = CARTESIAN_POINT('',(-95.99889865803,-26.45245794168,
    494.40162124107));
#2060 = VECTOR('',#2061,1.);
#2061 = DIRECTION('',(0.992292199994,3.86937083704E-03,0.123859669788));
#2062 = PCURVE('',#2030,#2063);
#2063 = DEFINITIONAL_REPRESENTATION('',(#2064),#2068);
#2064 = LINE('',#2065,#2066);
#2065 = CARTESIAN_POINT('',(-7.105427357601E-15,-500.));
#2066 = VECTOR('',#2067,1.);
#2067 = DIRECTION('',(1.,0.));
#2068 = ( GEOMETRIC_REPRESENTATION_CONTEXT(2) 
PARAMETRIC_REPRESENTATION_CONTEXT() REPRESENTATION_CONTEXT('2D SPACE',''
  ) );
#2069 = PCURVE('',#2070,#2075);
#2070 = PLANE('',#2071);
#2071 = AXIS2_PLACEMENT_3D('',#2072,#2073,#2074);
#2072 = CARTESIAN_POINT('',(-88.04701826015,-22.92830155659,
    495.17487405303));
#2073 = DIRECTION('',(-0.123859669788,6.217844181246E-02,0.990349748106)
  );
#2074 = DIRECTION('',(0.992292199994,3.86937083704E-03,0.123859669788));
#2075 = DEFINITIONAL_REPRESENTATION('',(#2076),#2080);
#2076 = LINE('',#2077,#2078);
#2077 = CARTESIAN_POINT('',(-8.,-3.5));
#2078 = VECTOR('',#2079,1.);
#2079 = DIRECTION('',(1.,3.035766082959E-17));
#2080 = ( GEOMETRIC_REPRESENTATION_CONTEXT(2) 
PARAMETRIC_REPRESENTATION_CONTEXT() REPRESENTATION_CONTEXT('2D SPACE',''
  ) );
#2081 = ORIENTED_EDGE('',*,*,#2082,.F.);
#2082 = EDGE_CURVE('',#2083,#2055,#2085,.T.);
#2083 = VERTEX_POINT('',#2084);
#2084 = CARTESIAN_POINT('',(-18.19238856406,-57.47976891452,
    1.208501904649));
#2085 = SURFACE_CURVE('',#2086,(#2090,#2097),.PCURVE_S1.);
#2086 = LINE('',#2087,#2088);
#2087 = CARTESIAN_POINT('',(-18.19238856406,-57.47976891452,
    1.208501904649));
#2088 = VECTOR('',#2089,1.);
#2089 = DIRECTION('',(-0.123859669788,6.217844181246E-02,0.990349748106)
  );
#2090 = PCURVE('',#2030,#2091);
#2091 = DEFINITIONAL_REPRESENTATION('',(#2092),#2096);
#2092 = LINE('',#2093,#2094);
#2093 = CARTESIAN_POINT('',(16.,4.440892098501E-16));
#2094 = VECTOR('',#2095,1.);
#2095 = DIRECTION('',(0.,-1.));
#2096 = ( GEOMETRIC_REPRESENTATION_CONTEXT(2) 
PARAMETRIC_REPRESENTATION_CONTEXT() REPRESENTATION_CONTEXT('2D SPACE',''
  ) );
#2097 = PCURVE('',#2098,#2103);
#2098 = PLANE('',#2099);
#2099 = AXIS2_PLACEMENT_3D('',#2100,#2101,#2102);
#2100 = CARTESIAN_POINT('',(-18.19238856406,-57.47976891452,
    1.208501904649));
#2101 = DIRECTION('',(-0.992292199994,-3.86937083704E-03,-0.123859669788
    ));
#2102 = DIRECTION('',(3.86937083704E-03,0.998057548112,
    -6.217844181246E-02));
#2103 = DEFINITIONAL_REPRESENTATION('',(#2104),#2108);
#2104 = LINE('',#2105,#2106);
#2105 = CARTESIAN_POINT('',(0.,0.));
#2106 = VECTOR('',#2107,1.);
#2107 = DIRECTION('',(0.,-1.));
#2108 = ( GEOMETRIC_REPRESENTATION_CONTEXT(2) 
PARAMETRIC_REPRESENTATION_CONTEXT() REPRESENTATION_CONTEXT('2D SPACE',''
  ) );
#2109 = ORIENTED_EDGE('',*,*,#2110,.F.);
#2110 = EDGE_CURVE('',#2020,#2083,#2111,.T.);
#2111 = SURFACE_CURVE('',#2112,(#2116,#2123),.PCURVE_S1.);
#2112 = LINE('',#2113,#2114);
#2113 = CARTESIAN_POINT('',(-34.06906376397,-57.54167884791,
    -0.773252811961));
#2114 = VECTOR('',#2115,1.);
#2115 = DIRECTION('',(0.992292199994,3.86937083704E-03,0.123859669788));
#2116 = PCURVE('',#2030,#2117);
#2117 = DEFINITIONAL_REPRESENTATION('',(#2118),#2122);
#2118 = LINE('',#2119,#2120);
#2119 = CARTESIAN_POINT('',(0.,0.));
#2120 = VECTOR('',#2121,1.);
#2121 = DIRECTION('',(1.,0.));
#2122 = ( GEOMETRIC_REPRESENTATION_CONTEXT(2) 
PARAMETRIC_REPRESENTATION_CONTEXT() REPRESENTATION_CONTEXT('2D SPACE',''
  ) );
#2123 = PCURVE('',#2124,#2129);
#2124 = PLANE('',#2125);
#2125 = AXIS2_PLACEMENT_3D('',#2126,#2127,#2128);
#2126 = CARTESIAN_POINT('',(-26.11718336609,-54.01752246282,0.));
#2127 = DIRECTION('',(-0.123859669788,6.217844181246E-02,0.990349748106)
  );
#2128 = DIRECTION('',(0.992292199994,3.86937083704E-03,0.123859669788));
#2129 = DEFINITIONAL_REPRESENTATION('',(#2130),#2134);
#2130 = LINE('',#2131,#2132);
#2131 = CARTESIAN_POINT('',(-8.,-3.5));
#2132 = VECTOR('',#2133,1.);
#2133 = DIRECTION('',(1.,3.035766082959E-17));
#2134 = ( GEOMETRIC_REPRESENTATION_CONTEXT(2) 
PARAMETRIC_REPRESENTATION_CONTEXT() REPRESENTATION_CONTEXT('2D SPACE',''
  ) );
#2135 = ADVANCED_FACE('',(#2136),#2098,.F.);
#2136 = FACE_BOUND('',#2137,.F.);
#2137 = EDGE_LOOP('',(#2138,#2139,#2162,#2190));
#2138 = ORIENTED_EDGE('',*,*,#2082,.T.);
#2139 = ORIENTED_EDGE('',*,*,#2140,.T.);
#2140 = EDGE_CURVE('',#2055,#2141,#2143,.T.);
#2141 = VERTEX_POINT('',#2142);
#2142 = CARTESIAN_POINT('',(-80.09513786226,-19.4041451715,
    495.94812686499));
#2143 = SURFACE_CURVE('',#2144,(#2148,#2155),.PCURVE_S1.);
#2144 = LINE('',#2145,#2146);
#2145 = CARTESIAN_POINT('',(-80.12222345812,-26.39054800829,
    496.38337595768));
#2146 = VECTOR('',#2147,1.);
#2147 = DIRECTION('',(3.86937083704E-03,0.998057548112,
    -6.217844181246E-02));
#2148 = PCURVE('',#2098,#2149);
#2149 = DEFINITIONAL_REPRESENTATION('',(#2150),#2154);
#2150 = LINE('',#2151,#2152);
#2151 = CARTESIAN_POINT('',(3.552713678801E-15,-500.));
#2152 = VECTOR('',#2153,1.);
#2153 = DIRECTION('',(1.,0.));
#2154 = ( GEOMETRIC_REPRESENTATION_CONTEXT(2) 
PARAMETRIC_REPRESENTATION_CONTEXT() REPRESENTATION_CONTEXT('2D SPACE',''
  ) );
#2155 = PCURVE('',#2070,#2156);
#2156 = DEFINITIONAL_REPRESENTATION('',(#2157),#2161);
#2157 = LINE('',#2158,#2159);
#2158 = CARTESIAN_POINT('',(8.,-3.5));
#2159 = VECTOR('',#2160,1.);
#2160 = DIRECTION('',(3.035766082959E-17,1.));
#2161 = ( GEOMETRIC_REPRESENTATION_CONTEXT(2) 
PARAMETRIC_REPRESENTATION_CONTEXT() REPRESENTATION_CONTEXT('2D SPACE',''
  ) );
#2162 = ORIENTED_EDGE('',*,*,#2163,.F.);
#2163 = EDGE_CURVE('',#2164,#2141,#2166,.T.);
#2164 = VERTEX_POINT('',#2165);
#2165 = CARTESIAN_POINT('',(-18.16530296821,-50.49336607773,
    0.773252811961));
#2166 = SURFACE_CURVE('',#2167,(#2171,#2178),.PCURVE_S1.);
#2167 = LINE('',#2168,#2169);
#2168 = CARTESIAN_POINT('',(-18.16530296821,-50.49336607773,
    0.773252811961));
#2169 = VECTOR('',#2170,1.);
#2170 = DIRECTION('',(-0.123859669788,6.217844181246E-02,0.990349748106)
  );
#2171 = PCURVE('',#2098,#2172);
#2172 = DEFINITIONAL_REPRESENTATION('',(#2173),#2177);
#2173 = LINE('',#2174,#2175);
#2174 = CARTESIAN_POINT('',(7.,7.771561172376E-16));
#2175 = VECTOR('',#2176,1.);
#2176 = DIRECTION('',(0.,-1.));
#2177 = ( GEOMETRIC_REPRESENTATION_CONTEXT(2) 
PARAMETRIC_REPRESENTATION_CONTEXT() REPRESENTATION_CONTEXT('2D SPACE',''
  ) );
#2178 = PCURVE('',#2179,#2184);
#2179 = PLANE('',#2180);
#2180 = AXIS2_PLACEMENT_3D('',#2181,#2182,#2183);
#2181 = CARTESIAN_POINT('',(-18.16530296821,-50.49336607773,
    0.773252811961));
#2182 = DIRECTION('',(-3.86937083704E-03,-0.998057548112,
    6.217844181246E-02));
#2183 = DIRECTION('',(-0.992292199994,-3.86937083704E-03,-0.123859669788
    ));
#2184 = DEFINITIONAL_REPRESENTATION('',(#2185),#2189);
#2185 = LINE('',#2186,#2187);
#2186 = CARTESIAN_POINT('',(-0.,0.));
#2187 = VECTOR('',#2188,1.);
#2188 = DIRECTION('',(0.,-1.));
#2189 = ( GEOMETRIC_REPRESENTATION_CONTEXT(2) 
PARAMETRIC_REPRESENTATION_CONTEXT() REPRESENTATION_CONTEXT('2D SPACE',''
  ) );
#2190 = ORIENTED_EDGE('',*,*,#2191,.F.);
#2191 = EDGE_CURVE('',#2083,#2164,#2192,.T.);
#2192 = SURFACE_CURVE('',#2193,(#2197,#2204),.PCURVE_S1.);
#2193 = LINE('',#2194,#2195);
#2194 = CARTESIAN_POINT('',(-18.19238856406,-57.47976891452,
    1.208501904649));
#2195 = VECTOR('',#2196,1.);
#2196 = DIRECTION('',(3.86937083704E-03,0.998057548112,
    -6.217844181246E-02));
#2197 = PCURVE('',#2098,#2198);
#2198 = DEFINITIONAL_REPRESENTATION('',(#2199),#2203);
#2199 = LINE('',#2200,#2201);
#2200 = CARTESIAN_POINT('',(0.,0.));
#2201 = VECTOR('',#2202,1.);
#2202 = DIRECTION('',(1.,0.));
#2203 = ( GEOMETRIC_REPRESENTATION_CONTEXT(2) 
PARAMETRIC_REPRESENTATION_CONTEXT() REPRESENTATION_CONTEXT('2D SPACE',''
  ) );
#2204 = PCURVE('',#2124,#2205);
#2205 = DEFINITIONAL_REPRESENTATION('',(#2206),#2210);
#2206 = LINE('',#2207,#2208);
#2207 = CARTESIAN_POINT('',(8.,-3.5));
#2208 = VECTOR('',#2209,1.);
#2209 = DIRECTION('',(3.035766082959E-17,1.));
#2210 = ( GEOMETRIC_REPRESENTATION_CONTEXT(2) 
PARAMETRIC_REPRESENTATION_CONTEXT() REPRESENTATION_CONTEXT('2D SPACE',''
  ) );
#2211 = ADVANCED_FACE('',(#2212),#2179,.F.);
#2212 = FACE_BOUND('',#2213,.F.);
#2213 = EDGE_LOOP('',(#2214,#2215,#2238,#2261));
#2214 = ORIENTED_EDGE('',*,*,#2163,.T.);
#2215 = ORIENTED_EDGE('',*,*,#2216,.T.);
#2216 = EDGE_CURVE('',#2141,#2217,#2219,.T.);
#2217 = VERTEX_POINT('',#2218);
#2218 = CARTESIAN_POINT('',(-95.97181306217,-19.46605510489,
    493.96637214838));
#2219 = SURFACE_CURVE('',#2220,(#2224,#2231),.PCURVE_S1.);
#2220 = LINE('',#2221,#2222);
#2221 = CARTESIAN_POINT('',(-80.09513786226,-19.4041451715,
    495.94812686499));
#2222 = VECTOR('',#2223,1.);
#2223 = DIRECTION('',(-0.992292199994,-3.86937083704E-03,-0.123859669788
    ));
#2224 = PCURVE('',#2179,#2225);
#2225 = DEFINITIONAL_REPRESENTATION('',(#2226),#2230);
#2226 = LINE('',#2227,#2228);
#2227 = CARTESIAN_POINT('',(7.105427357601E-15,-500.));
#2228 = VECTOR('',#2229,1.);
#2229 = DIRECTION('',(1.,0.));
#2230 = ( GEOMETRIC_REPRESENTATION_CONTEXT(2) 
PARAMETRIC_REPRESENTATION_CONTEXT() REPRESENTATION_CONTEXT('2D SPACE',''
  ) );
#2231 = PCURVE('',#2070,#2232);
#2232 = DEFINITIONAL_REPRESENTATION('',(#2233),#2237);
#2233 = LINE('',#2234,#2235);
#2234 = CARTESIAN_POINT('',(8.,3.5));
#2235 = VECTOR('',#2236,1.);
#2236 = DIRECTION('',(-1.,-3.035766082959E-17));
#2237 = ( GEOMETRIC_REPRESENTATION_CONTEXT(2) 
PARAMETRIC_REPRESENTATION_CONTEXT() REPRESENTATION_CONTEXT('2D SPACE',''
  ) );
#2238 = ORIENTED_EDGE('',*,*,#2239,.F.);
#2239 = EDGE_CURVE('',#2240,#2217,#2242,.T.);
#2240 = VERTEX_POINT('',#2241);
#2241 = CARTESIAN_POINT('',(-34.04197816811,-50.55527601113,
    -1.208501904649));
#2242 = SURFACE_CURVE('',#2243,(#2247,#2254),.PCURVE_S1.);
#2243 = LINE('',#2244,#2245);
#2244 = CARTESIAN_POINT('',(-34.04197816811,-50.55527601113,
    -1.208501904649));
#2245 = VECTOR('',#2246,1.);
#2246 = DIRECTION('',(-0.123859669788,6.217844181246E-02,0.990349748106)
  );
#2247 = PCURVE('',#2179,#2248);
#2248 = DEFINITIONAL_REPRESENTATION('',(#2249),#2253);
#2249 = LINE('',#2250,#2251);
#2250 = CARTESIAN_POINT('',(16.,-8.881784197001E-16));
#2251 = VECTOR('',#2252,1.);
#2252 = DIRECTION('',(0.,-1.));
#2253 = ( GEOMETRIC_REPRESENTATION_CONTEXT(2) 
PARAMETRIC_REPRESENTATION_CONTEXT() REPRESENTATION_CONTEXT('2D SPACE',''
  ) );
#2254 = PCURVE('',#2042,#2255);
#2255 = DEFINITIONAL_REPRESENTATION('',(#2256),#2260);
#2256 = LINE('',#2257,#2258);
#2257 = CARTESIAN_POINT('',(0.,0.));
#2258 = VECTOR('',#2259,1.);
#2259 = DIRECTION('',(0.,-1.));
#2260 = ( GEOMETRIC_REPRESENTATION_CONTEXT(2) 
PARAMETRIC_REPRESENTATION_CONTEXT() REPRESENTATION_CONTEXT('2D SPACE',''
  ) );
#2261 = ORIENTED_EDGE('',*,*,#2262,.F.);
#2262 = EDGE_CURVE('',#2164,#2240,#2263,.T.);
#2263 = SURFACE_CURVE('',#2264,(#2268,#2275),.PCURVE_S1.);
#2264 = LINE('',#2265,#2266);
#2265 = CARTESIAN_POINT('',(-18.16530296821,-50.49336607773,
    0.773252811961));
#2266 = VECTOR('',#2267,1.);
#2267 = DIRECTION('',(-0.992292199994,-3.86937083704E-03,-0.123859669788
    ));
#2268 = PCURVE('',#2179,#2269);
#2269 = DEFINITIONAL_REPRESENTATION('',(#2270),#2274);
#2270 = LINE('',#2271,#2272);
#2271 = CARTESIAN_POINT('',(-0.,0.));
#2272 = VECTOR('',#2273,1.);
#2273 = DIRECTION('',(1.,0.));
#2274 = ( GEOMETRIC_REPRESENTATION_CONTEXT(2) 
PARAMETRIC_REPRESENTATION_CONTEXT() REPRESENTATION_CONTEXT('2D SPACE',''
  ) );
#2275 = PCURVE('',#2124,#2276);
#2276 = DEFINITIONAL_REPRESENTATION('',(#2277),#2281);
#2277 = LINE('',#2278,#2279);
#2278 = CARTESIAN_POINT('',(8.,3.5));
#2279 = VECTOR('',#2280,1.);
#2280 = DIRECTION('',(-1.,-3.035766082959E-17));
#2281 = ( GEOMETRIC_REPRESENTATION_CONTEXT(2) 
PARAMETRIC_REPRESENTATION_CONTEXT() REPRESENTATION_CONTEXT('2D SPACE',''
  ) );
#2282 = ADVANCED_FACE('',(#2283),#2042,.F.);
#2283 = FACE_BOUND('',#2284,.F.);
#2284 = EDGE_LOOP('',(#2285,#2286,#2307,#2308));
#2285 = ORIENTED_EDGE('',*,*,#2239,.T.);
#2286 = ORIENTED_EDGE('',*,*,#2287,.T.);
#2287 = EDGE_CURVE('',#2217,#2022,#2288,.T.);
#2288 = SURFACE_CURVE('',#2289,(#2293,#2300),.PCURVE_S1.);
#2289 = LINE('',#2290,#2291);
#2290 = CARTESIAN_POINT('',(-95.97181306217,-19.46605510489,
    493.96637214838));
#2291 = VECTOR('',#2292,1.);
#2292 = DIRECTION('',(-3.86937083704E-03,-0.998057548112,
    6.217844181246E-02));
#2293 = PCURVE('',#2042,#2294);
#2294 = DEFINITIONAL_REPRESENTATION('',(#2295),#2299);
#2295 = LINE('',#2296,#2297);
#2296 = CARTESIAN_POINT('',(3.552713678801E-15,-500.));
#2297 = VECTOR('',#2298,1.);
#2298 = DIRECTION('',(1.,0.));
#2299 = ( GEOMETRIC_REPRESENTATION_CONTEXT(2) 
PARAMETRIC_REPRESENTATION_CONTEXT() REPRESENTATION_CONTEXT('2D SPACE',''
  ) );
#2300 = PCURVE('',#2070,#2301);
#2301 = DEFINITIONAL_REPRESENTATION('',(#2302),#2306);
#2302 = LINE('',#2303,#2304);
#2303 = CARTESIAN_POINT('',(-8.,3.5));
#2304 = VECTOR('',#2305,1.);
#2305 = DIRECTION('',(-3.035766082959E-17,-1.));
#2306 = ( GEOMETRIC_REPRESENTATION_CONTEXT(2) 
PARAMETRIC_REPRESENTATION_CONTEXT() REPRESENTATION_CONTEXT('2D SPACE',''
  ) );
#2307 = ORIENTED_EDGE('',*,*,#2019,.F.);
#2308 = ORIENTED_EDGE('',*,*,#2309,.F.);
#2309 = EDGE_CURVE('',#2240,#2020,#2310,.T.);
#2310 = SURFACE_CURVE('',#2311,(#2315,#2322),.PCURVE_S1.);
#2311 = LINE('',#2312,#2313);
#2312 = CARTESIAN_POINT('',(-34.04197816811,-50.55527601113,
    -1.208501904649));
#2313 = VECTOR('',#2314,1.);
#2314 = DIRECTION('',(-3.86937083704E-03,-0.998057548112,
    6.217844181246E-02));
#2315 = PCURVE('',#2042,#2316);
#2316 = DEFINITIONAL_REPRESENTATION('',(#2317),#2321);
#2317 = LINE('',#2318,#2319);
#2318 = CARTESIAN_POINT('',(0.,0.));
#2319 = VECTOR('',#2320,1.);
#2320 = DIRECTION('',(1.,0.));
#2321 = ( GEOMETRIC_REPRESENTATION_CONTEXT(2) 
PARAMETRIC_REPRESENTATION_CONTEXT() REPRESENTATION_CONTEXT('2D SPACE',''
  ) );
#2322 = PCURVE('',#2124,#2323);
#2323 = DEFINITIONAL_REPRESENTATION('',(#2324),#2328);
#2324 = LINE('',#2325,#2326);
#2325 = CARTESIAN_POINT('',(-8.,3.5));
#2326 = VECTOR('',#2327,1.);
#2327 = DIRECTION('',(-3.035766082959E-17,-1.));
#2328 = ( GEOMETRIC_REPRESENTATION_CONTEXT(2) 
PARAMETRIC_REPRESENTATION_CONTEXT() REPRESENTATION_CONTEXT('2D SPACE',''
  ) );
#2329 = ADVANCED_FACE('',(#2330),#2124,.F.);
#2330 = FACE_BOUND('',#2331,.F.);
#2331 = EDGE_LOOP('',(#2332,#2333,#2334,#2335));
#2332 = ORIENTED_EDGE('',*,*,#2110,.T.);
#2333 = ORIENTED_EDGE('',*,*,#2191,.T.);
#2334 = ORIENTED_EDGE('',*,*,#2262,.T.);
#2335 = ORIENTED_EDGE('',*,*,#2309,.T.);
#2336 = ADVANCED_FACE('',(#2337),#2070,.T.);
#2337 = FACE_BOUND('',#2338,.T.);
#2338 = EDGE_LOOP('',(#2339,#2340,#2341,#2342));
#2339 = ORIENTED_EDGE('',*,*,#2054,.T.);
#2340 = ORIENTED_EDGE('',*,*,#2140,.T.);
#2341 = ORIENTED_EDGE('',*,*,#2216,.T.);
#2342 = ORIENTED_EDGE('',*,*,#2287,.T.);
#2343 = MANIFOLD_SOLID_BREP('',#2344);
#2344 = CLOSED_SHELL('',(#2345,#2465,#2541,#2612,#2659,#2666));
#2345 = ADVANCED_FACE('',(#2346),#2360,.F.);
#2346 = FACE_BOUND('',#2347,.F.);
#2347 = EDGE_LOOP('',(#2348,#2383,#2411,#2439));
#2348 = ORIENTED_EDGE('',*,*,#2349,.T.);
#2349 = EDGE_CURVE('',#2350,#2352,#2354,.T.);
#2350 = VERTEX_POINT('',#2351);
#2351 = CARTESIAN_POINT('',(12.635188576843,-131.8519425773,
    0.521627048116));
#2352 = VERTEX_POINT('',#2353);
#2353 = CARTESIAN_POINT('',(46.860350168749,-126.6205556603,
    559.45030846009));
#2354 = SURFACE_CURVE('',#2355,(#2359,#2371),.PCURVE_S1.);
#2355 = LINE('',#2356,#2357);
#2356 = CARTESIAN_POINT('',(12.635188576843,-131.8519425773,
    0.521627048116));
#2357 = VECTOR('',#2358,1.);
#2358 = DIRECTION('',(6.111635998555E-02,9.341762351877E-03,
    0.998086931093));
#2359 = PCURVE('',#2360,#2365);
#2360 = PLANE('',#2361);
#2361 = AXIS2_PLACEMENT_3D('',#2362,#2363,#2364);
#2362 = CARTESIAN_POINT('',(12.635188576843,-131.8519425773,
    0.521627048116));
#2363 = DIRECTION('',(-2.857405761042E-04,0.99995632396,
    -9.341762351877E-03));
#2364 = DIRECTION('',(0.998130607132,-2.857405761042E-04,
    -6.111635998555E-02));
#2365 = DEFINITIONAL_REPRESENTATION('',(#2366),#2370);
#2366 = LINE('',#2367,#2368);
#2367 = CARTESIAN_POINT('',(0.,-0.));
#2368 = VECTOR('',#2369,1.);
#2369 = DIRECTION('',(0.,-1.));
#2370 = ( GEOMETRIC_REPRESENTATION_CONTEXT(2) 
PARAMETRIC_REPRESENTATION_CONTEXT() REPRESENTATION_CONTEXT('2D SPACE',''
  ) );
#2371 = PCURVE('',#2372,#2377);
#2372 = PLANE('',#2373);
#2373 = AXIS2_PLACEMENT_3D('',#2374,#2375,#2376);
#2374 = CARTESIAN_POINT('',(12.633188392811,-124.8522483096,
    0.456234711653));
#2375 = DIRECTION('',(0.998130607132,-2.857405761042E-04,
    -6.111635998555E-02));
#2376 = DIRECTION('',(2.857405761042E-04,-0.99995632396,
    9.341762351877E-03));
#2377 = DEFINITIONAL_REPRESENTATION('',(#2378),#2382);
#2378 = LINE('',#2379,#2380);
#2379 = CARTESIAN_POINT('',(7.,1.52655665886E-16));
#2380 = VECTOR('',#2381,1.);
#2381 = DIRECTION('',(0.,-1.));
#2382 = ( GEOMETRIC_REPRESENTATION_CONTEXT(2) 
PARAMETRIC_REPRESENTATION_CONTEXT() REPRESENTATION_CONTEXT('2D SPACE',''
  ) );
#2383 = ORIENTED_EDGE('',*,*,#2384,.T.);
#2384 = EDGE_CURVE('',#2352,#2385,#2387,.T.);
#2385 = VERTEX_POINT('',#2386);
#2386 = CARTESIAN_POINT('',(62.830439882867,-126.6251275095,
    558.47244670032));
#2387 = SURFACE_CURVE('',#2388,(#2392,#2399),.PCURVE_S1.);
#2388 = LINE('',#2389,#2390);
#2389 = CARTESIAN_POINT('',(46.860350168749,-126.6205556603,
    559.45030846009));
#2390 = VECTOR('',#2391,1.);
#2391 = DIRECTION('',(0.998130607132,-2.857405761042E-04,
    -6.111635998555E-02));
#2392 = PCURVE('',#2360,#2393);
#2393 = DEFINITIONAL_REPRESENTATION('',(#2394),#2398);
#2394 = LINE('',#2395,#2396);
#2395 = CARTESIAN_POINT('',(0.,-560.));
#2396 = VECTOR('',#2397,1.);
#2397 = DIRECTION('',(1.,0.));
#2398 = ( GEOMETRIC_REPRESENTATION_CONTEXT(2) 
PARAMETRIC_REPRESENTATION_CONTEXT() REPRESENTATION_CONTEXT('2D SPACE',''
  ) );
#2399 = PCURVE('',#2400,#2405);
#2400 = PLANE('',#2401);
#2401 = AXIS2_PLACEMENT_3D('',#2402,#2403,#2404);
#2402 = CARTESIAN_POINT('',(54.844394933791,-123.122994451,
    558.92868141197));
#2403 = DIRECTION('',(6.111635998555E-02,9.341762351877E-03,
    0.998086931093));
#2404 = DIRECTION('',(0.998130607132,-2.857405761042E-04,
    -6.111635998555E-02));
#2405 = DEFINITIONAL_REPRESENTATION('',(#2406),#2410);
#2406 = LINE('',#2407,#2408);
#2407 = CARTESIAN_POINT('',(-8.,-3.5));
#2408 = VECTOR('',#2409,1.);
#2409 = DIRECTION('',(1.,-9.215718466127E-18));
#2410 = ( GEOMETRIC_REPRESENTATION_CONTEXT(2) 
PARAMETRIC_REPRESENTATION_CONTEXT() REPRESENTATION_CONTEXT('2D SPACE',''
  ) );
#2411 = ORIENTED_EDGE('',*,*,#2412,.F.);
#2412 = EDGE_CURVE('',#2413,#2385,#2415,.T.);
#2413 = VERTEX_POINT('',#2414);
#2414 = CARTESIAN_POINT('',(28.605278290961,-131.8565144265,
    -0.456234711653));
#2415 = SURFACE_CURVE('',#2416,(#2420,#2427),.PCURVE_S1.);
#2416 = LINE('',#2417,#2418);
#2417 = CARTESIAN_POINT('',(28.605278290961,-131.8565144265,
    -0.456234711653));
#2418 = VECTOR('',#2419,1.);
#2419 = DIRECTION('',(6.111635998555E-02,9.341762351877E-03,
    0.998086931093));
#2420 = PCURVE('',#2360,#2421);
#2421 = DEFINITIONAL_REPRESENTATION('',(#2422),#2426);
#2422 = LINE('',#2423,#2424);
#2423 = CARTESIAN_POINT('',(16.,-3.330669073875E-16));
#2424 = VECTOR('',#2425,1.);
#2425 = DIRECTION('',(0.,-1.));
#2426 = ( GEOMETRIC_REPRESENTATION_CONTEXT(2) 
PARAMETRIC_REPRESENTATION_CONTEXT() REPRESENTATION_CONTEXT('2D SPACE',''
  ) );
#2427 = PCURVE('',#2428,#2433);
#2428 = PLANE('',#2429);
#2429 = AXIS2_PLACEMENT_3D('',#2430,#2431,#2432);
#2430 = CARTESIAN_POINT('',(28.605278290961,-131.8565144265,
    -0.456234711653));
#2431 = DIRECTION('',(-0.998130607132,2.857405761042E-04,
    6.111635998555E-02));
#2432 = DIRECTION('',(-2.857405761042E-04,0.99995632396,
    -9.341762351877E-03));
#2433 = DEFINITIONAL_REPRESENTATION('',(#2434),#2438);
#2434 = LINE('',#2435,#2436);
#2435 = CARTESIAN_POINT('',(0.,-0.));
#2436 = VECTOR('',#2437,1.);
#2437 = DIRECTION('',(0.,-1.));
#2438 = ( GEOMETRIC_REPRESENTATION_CONTEXT(2) 
PARAMETRIC_REPRESENTATION_CONTEXT() REPRESENTATION_CONTEXT('2D SPACE',''
  ) );
#2439 = ORIENTED_EDGE('',*,*,#2440,.F.);
#2440 = EDGE_CURVE('',#2350,#2413,#2441,.T.);
#2441 = SURFACE_CURVE('',#2442,(#2446,#2453),.PCURVE_S1.);
#2442 = LINE('',#2443,#2444);
#2443 = CARTESIAN_POINT('',(12.635188576843,-131.8519425773,
    0.521627048116));
#2444 = VECTOR('',#2445,1.);
#2445 = DIRECTION('',(0.998130607132,-2.857405761042E-04,
    -6.111635998555E-02));
#2446 = PCURVE('',#2360,#2447);
#2447 = DEFINITIONAL_REPRESENTATION('',(#2448),#2452);
#2448 = LINE('',#2449,#2450);
#2449 = CARTESIAN_POINT('',(0.,-0.));
#2450 = VECTOR('',#2451,1.);
#2451 = DIRECTION('',(1.,0.));
#2452 = ( GEOMETRIC_REPRESENTATION_CONTEXT(2) 
PARAMETRIC_REPRESENTATION_CONTEXT() REPRESENTATION_CONTEXT('2D SPACE',''
  ) );
#2453 = PCURVE('',#2454,#2459);
#2454 = PLANE('',#2455);
#2455 = AXIS2_PLACEMENT_3D('',#2456,#2457,#2458);
#2456 = CARTESIAN_POINT('',(20.619233341886,-128.3543813681,0.));
#2457 = DIRECTION('',(6.111635998555E-02,9.341762351877E-03,
    0.998086931093));
#2458 = DIRECTION('',(0.998130607132,-2.857405761042E-04,
    -6.111635998555E-02));
#2459 = DEFINITIONAL_REPRESENTATION('',(#2460),#2464);
#2460 = LINE('',#2461,#2462);
#2461 = CARTESIAN_POINT('',(-8.,-3.5));
#2462 = VECTOR('',#2463,1.);
#2463 = DIRECTION('',(1.,-9.215718466127E-18));
#2464 = ( GEOMETRIC_REPRESENTATION_CONTEXT(2) 
PARAMETRIC_REPRESENTATION_CONTEXT() REPRESENTATION_CONTEXT('2D SPACE',''
  ) );
#2465 = ADVANCED_FACE('',(#2466),#2428,.F.);
#2466 = FACE_BOUND('',#2467,.F.);
#2467 = EDGE_LOOP('',(#2468,#2469,#2492,#2520));
#2468 = ORIENTED_EDGE('',*,*,#2412,.T.);
#2469 = ORIENTED_EDGE('',*,*,#2470,.T.);
#2470 = EDGE_CURVE('',#2385,#2471,#2473,.T.);
#2471 = VERTEX_POINT('',#2472);
#2472 = CARTESIAN_POINT('',(62.828439698834,-119.6254332418,
    558.40705436386));
#2473 = SURFACE_CURVE('',#2474,(#2478,#2485),.PCURVE_S1.);
#2474 = LINE('',#2475,#2476);
#2475 = CARTESIAN_POINT('',(62.830439882867,-126.6251275095,
    558.47244670032));
#2476 = VECTOR('',#2477,1.);
#2477 = DIRECTION('',(-2.857405761042E-04,0.99995632396,
    -9.341762351877E-03));
#2478 = PCURVE('',#2428,#2479);
#2479 = DEFINITIONAL_REPRESENTATION('',(#2480),#2484);
#2480 = LINE('',#2481,#2482);
#2481 = CARTESIAN_POINT('',(-6.217248937901E-15,-560.));
#2482 = VECTOR('',#2483,1.);
#2483 = DIRECTION('',(1.,0.));
#2484 = ( GEOMETRIC_REPRESENTATION_CONTEXT(2) 
PARAMETRIC_REPRESENTATION_CONTEXT() REPRESENTATION_CONTEXT('2D SPACE',''
  ) );
#2485 = PCURVE('',#2400,#2486);
#2486 = DEFINITIONAL_REPRESENTATION('',(#2487),#2491);
#2487 = LINE('',#2488,#2489);
#2488 = CARTESIAN_POINT('',(8.,-3.5));
#2489 = VECTOR('',#2490,1.);
#2490 = DIRECTION('',(-9.215718466127E-18,1.));
#2491 = ( GEOMETRIC_REPRESENTATION_CONTEXT(2) 
PARAMETRIC_REPRESENTATION_CONTEXT() REPRESENTATION_CONTEXT('2D SPACE',''
  ) );
#2492 = ORIENTED_EDGE('',*,*,#2493,.F.);
#2493 = EDGE_CURVE('',#2494,#2471,#2496,.T.);
#2494 = VERTEX_POINT('',#2495);
#2495 = CARTESIAN_POINT('',(28.603278106929,-124.8568201588,
    -0.521627048116));
#2496 = SURFACE_CURVE('',#2497,(#2501,#2508),.PCURVE_S1.);
#2497 = LINE('',#2498,#2499);
#2498 = CARTESIAN_POINT('',(28.603278106929,-124.8568201588,
    -0.521627048116));
#2499 = VECTOR('',#2500,1.);
#2500 = DIRECTION('',(6.111635998555E-02,9.341762351877E-03,
    0.998086931093));
#2501 = PCURVE('',#2428,#2502);
#2502 = DEFINITIONAL_REPRESENTATION('',(#2503),#2507);
#2503 = LINE('',#2504,#2505);
#2504 = CARTESIAN_POINT('',(7.,-1.387778780781E-17));
#2505 = VECTOR('',#2506,1.);
#2506 = DIRECTION('',(0.,-1.));
#2507 = ( GEOMETRIC_REPRESENTATION_CONTEXT(2) 
PARAMETRIC_REPRESENTATION_CONTEXT() REPRESENTATION_CONTEXT('2D SPACE',''
  ) );
#2508 = PCURVE('',#2509,#2514);
#2509 = PLANE('',#2510);
#2510 = AXIS2_PLACEMENT_3D('',#2511,#2512,#2513);
#2511 = CARTESIAN_POINT('',(28.603278106929,-124.8568201588,
    -0.521627048116));
#2512 = DIRECTION('',(2.857405761042E-04,-0.99995632396,
    9.341762351877E-03));
#2513 = DIRECTION('',(-0.998130607132,2.857405761042E-04,
    6.111635998555E-02));
#2514 = DEFINITIONAL_REPRESENTATION('',(#2515),#2519);
#2515 = LINE('',#2516,#2517);
#2516 = CARTESIAN_POINT('',(0.,-0.));
#2517 = VECTOR('',#2518,1.);
#2518 = DIRECTION('',(0.,-1.));
#2519 = ( GEOMETRIC_REPRESENTATION_CONTEXT(2) 
PARAMETRIC_REPRESENTATION_CONTEXT() REPRESENTATION_CONTEXT('2D SPACE',''
  ) );
#2520 = ORIENTED_EDGE('',*,*,#2521,.F.);
#2521 = EDGE_CURVE('',#2413,#2494,#2522,.T.);
#2522 = SURFACE_CURVE('',#2523,(#2527,#2534),.PCURVE_S1.);
#2523 = LINE('',#2524,#2525);
#2524 = CARTESIAN_POINT('',(28.605278290961,-131.8565144265,
    -0.456234711653));
#2525 = VECTOR('',#2526,1.);
#2526 = DIRECTION('',(-2.857405761042E-04,0.99995632396,
    -9.341762351877E-03));
#2527 = PCURVE('',#2428,#2528);
#2528 = DEFINITIONAL_REPRESENTATION('',(#2529),#2533);
#2529 = LINE('',#2530,#2531);
#2530 = CARTESIAN_POINT('',(0.,-0.));
#2531 = VECTOR('',#2532,1.);
#2532 = DIRECTION('',(1.,0.));
#2533 = ( GEOMETRIC_REPRESENTATION_CONTEXT(2) 
PARAMETRIC_REPRESENTATION_CONTEXT() REPRESENTATION_CONTEXT('2D SPACE',''
  ) );
#2534 = PCURVE('',#2454,#2535);
#2535 = DEFINITIONAL_REPRESENTATION('',(#2536),#2540);
#2536 = LINE('',#2537,#2538);
#2537 = CARTESIAN_POINT('',(8.,-3.5));
#2538 = VECTOR('',#2539,1.);
#2539 = DIRECTION('',(-9.215718466127E-18,1.));
#2540 = ( GEOMETRIC_REPRESENTATION_CONTEXT(2) 
PARAMETRIC_REPRESENTATION_CONTEXT() REPRESENTATION_CONTEXT('2D SPACE',''
  ) );
#2541 = ADVANCED_FACE('',(#2542),#2509,.F.);
#2542 = FACE_BOUND('',#2543,.F.);
#2543 = EDGE_LOOP('',(#2544,#2545,#2568,#2591));
#2544 = ORIENTED_EDGE('',*,*,#2493,.T.);
#2545 = ORIENTED_EDGE('',*,*,#2546,.T.);
#2546 = EDGE_CURVE('',#2471,#2547,#2549,.T.);
#2547 = VERTEX_POINT('',#2548);
#2548 = CARTESIAN_POINT('',(46.858349984716,-119.6208613925,
    559.38491612363));
#2549 = SURFACE_CURVE('',#2550,(#2554,#2561),.PCURVE_S1.);
#2550 = LINE('',#2551,#2552);
#2551 = CARTESIAN_POINT('',(62.828439698834,-119.6254332418,
    558.40705436386));
#2552 = VECTOR('',#2553,1.);
#2553 = DIRECTION('',(-0.998130607132,2.857405761042E-04,
    6.111635998555E-02));
#2554 = PCURVE('',#2509,#2555);
#2555 = DEFINITIONAL_REPRESENTATION('',(#2556),#2560);
#2556 = LINE('',#2557,#2558);
#2557 = CARTESIAN_POINT('',(-7.105427357601E-15,-560.));
#2558 = VECTOR('',#2559,1.);
#2559 = DIRECTION('',(1.,0.));
#2560 = ( GEOMETRIC_REPRESENTATION_CONTEXT(2) 
PARAMETRIC_REPRESENTATION_CONTEXT() REPRESENTATION_CONTEXT('2D SPACE',''
  ) );
#2561 = PCURVE('',#2400,#2562);
#2562 = DEFINITIONAL_REPRESENTATION('',(#2563),#2567);
#2563 = LINE('',#2564,#2565);
#2564 = CARTESIAN_POINT('',(8.,3.5));
#2565 = VECTOR('',#2566,1.);
#2566 = DIRECTION('',(-1.,9.215718466127E-18));
#2567 = ( GEOMETRIC_REPRESENTATION_CONTEXT(2) 
PARAMETRIC_REPRESENTATION_CONTEXT() REPRESENTATION_CONTEXT('2D SPACE',''
  ) );
#2568 = ORIENTED_EDGE('',*,*,#2569,.F.);
#2569 = EDGE_CURVE('',#2570,#2547,#2572,.T.);
#2570 = VERTEX_POINT('',#2571);
#2571 = CARTESIAN_POINT('',(12.633188392811,-124.8522483096,
    0.456234711653));
#2572 = SURFACE_CURVE('',#2573,(#2577,#2584),.PCURVE_S1.);
#2573 = LINE('',#2574,#2575);
#2574 = CARTESIAN_POINT('',(12.633188392811,-124.8522483096,
    0.456234711653));
#2575 = VECTOR('',#2576,1.);
#2576 = DIRECTION('',(6.111635998555E-02,9.341762351877E-03,
    0.998086931093));
#2577 = PCURVE('',#2509,#2578);
#2578 = DEFINITIONAL_REPRESENTATION('',(#2579),#2583);
#2579 = LINE('',#2580,#2581);
#2580 = CARTESIAN_POINT('',(16.,0.));
#2581 = VECTOR('',#2582,1.);
#2582 = DIRECTION('',(0.,-1.));
#2583 = ( GEOMETRIC_REPRESENTATION_CONTEXT(2) 
PARAMETRIC_REPRESENTATION_CONTEXT() REPRESENTATION_CONTEXT('2D SPACE',''
  ) );
#2584 = PCURVE('',#2372,#2585);
#2585 = DEFINITIONAL_REPRESENTATION('',(#2586),#2590);
#2586 = LINE('',#2587,#2588);
#2587 = CARTESIAN_POINT('',(0.,-0.));
#2588 = VECTOR('',#2589,1.);
#2589 = DIRECTION('',(0.,-1.));
#2590 = ( GEOMETRIC_REPRESENTATION_CONTEXT(2) 
PARAMETRIC_REPRESENTATION_CONTEXT() REPRESENTATION_CONTEXT('2D SPACE',''
  ) );
#2591 = ORIENTED_EDGE('',*,*,#2592,.F.);
#2592 = EDGE_CURVE('',#2494,#2570,#2593,.T.);
#2593 = SURFACE_CURVE('',#2594,(#2598,#2605),.PCURVE_S1.);
#2594 = LINE('',#2595,#2596);
#2595 = CARTESIAN_POINT('',(28.603278106929,-124.8568201588,
    -0.521627048116));
#2596 = VECTOR('',#2597,1.);
#2597 = DIRECTION('',(-0.998130607132,2.857405761042E-04,
    6.111635998555E-02));
#2598 = PCURVE('',#2509,#2599);
#2599 = DEFINITIONAL_REPRESENTATION('',(#2600),#2604);
#2600 = LINE('',#2601,#2602);
#2601 = CARTESIAN_POINT('',(0.,-0.));
#2602 = VECTOR('',#2603,1.);
#2603 = DIRECTION('',(1.,0.));
#2604 = ( GEOMETRIC_REPRESENTATION_CONTEXT(2) 
PARAMETRIC_REPRESENTATION_CONTEXT() REPRESENTATION_CONTEXT('2D SPACE',''
  ) );
#2605 = PCURVE('',#2454,#2606);
#2606 = DEFINITIONAL_REPRESENTATION('',(#2607),#2611);
#2607 = LINE('',#2608,#2609);
#2608 = CARTESIAN_POINT('',(8.,3.5));
#2609 = VECTOR('',#2610,1.);
#2610 = DIRECTION('',(-1.,9.215718466127E-18));
#2611 = ( GEOMETRIC_REPRESENTATION_CONTEXT(2) 
PARAMETRIC_REPRESENTATION_CONTEXT() REPRESENTATION_CONTEXT('2D SPACE',''
  ) );
#2612 = ADVANCED_FACE('',(#2613),#2372,.F.);
#2613 = FACE_BOUND('',#2614,.F.);
#2614 = EDGE_LOOP('',(#2615,#2616,#2637,#2638));
#2615 = ORIENTED_EDGE('',*,*,#2569,.T.);
#2616 = ORIENTED_EDGE('',*,*,#2617,.T.);
#2617 = EDGE_CURVE('',#2547,#2352,#2618,.T.);
#2618 = SURFACE_CURVE('',#2619,(#2623,#2630),.PCURVE_S1.);
#2619 = LINE('',#2620,#2621);
#2620 = CARTESIAN_POINT('',(46.858349984716,-119.6208613925,
    559.38491612363));
#2621 = VECTOR('',#2622,1.);
#2622 = DIRECTION('',(2.857405761042E-04,-0.99995632396,
    9.341762351877E-03));
#2623 = PCURVE('',#2372,#2624);
#2624 = DEFINITIONAL_REPRESENTATION('',(#2625),#2629);
#2625 = LINE('',#2626,#2627);
#2626 = CARTESIAN_POINT('',(7.105427357601E-15,-560.));
#2627 = VECTOR('',#2628,1.);
#2628 = DIRECTION('',(1.,0.));
#2629 = ( GEOMETRIC_REPRESENTATION_CONTEXT(2) 
PARAMETRIC_REPRESENTATION_CONTEXT() REPRESENTATION_CONTEXT('2D SPACE',''
  ) );
#2630 = PCURVE('',#2400,#2631);
#2631 = DEFINITIONAL_REPRESENTATION('',(#2632),#2636);
#2632 = LINE('',#2633,#2634);
#2633 = CARTESIAN_POINT('',(-8.,3.5));
#2634 = VECTOR('',#2635,1.);
#2635 = DIRECTION('',(9.215718466127E-18,-1.));
#2636 = ( GEOMETRIC_REPRESENTATION_CONTEXT(2) 
PARAMETRIC_REPRESENTATION_CONTEXT() REPRESENTATION_CONTEXT('2D SPACE',''
  ) );
#2637 = ORIENTED_EDGE('',*,*,#2349,.F.);
#2638 = ORIENTED_EDGE('',*,*,#2639,.F.);
#2639 = EDGE_CURVE('',#2570,#2350,#2640,.T.);
#2640 = SURFACE_CURVE('',#2641,(#2645,#2652),.PCURVE_S1.);
#2641 = LINE('',#2642,#2643);
#2642 = CARTESIAN_POINT('',(12.633188392811,-124.8522483096,
    0.456234711653));
#2643 = VECTOR('',#2644,1.);
#2644 = DIRECTION('',(2.857405761042E-04,-0.99995632396,
    9.341762351877E-03));
#2645 = PCURVE('',#2372,#2646);
#2646 = DEFINITIONAL_REPRESENTATION('',(#2647),#2651);
#2647 = LINE('',#2648,#2649);
#2648 = CARTESIAN_POINT('',(0.,-0.));
#2649 = VECTOR('',#2650,1.);
#2650 = DIRECTION('',(1.,0.));
#2651 = ( GEOMETRIC_REPRESENTATION_CONTEXT(2) 
PARAMETRIC_REPRESENTATION_CONTEXT() REPRESENTATION_CONTEXT('2D SPACE',''
  ) );
#2652 = PCURVE('',#2454,#2653);
#2653 = DEFINITIONAL_REPRESENTATION('',(#2654),#2658);
#2654 = LINE('',#2655,#2656);
#2655 = CARTESIAN_POINT('',(-8.,3.5));
#2656 = VECTOR('',#2657,1.);
#2657 = DIRECTION('',(9.215718466127E-18,-1.));
#2658 = ( GEOMETRIC_REPRESENTATION_CONTEXT(2) 
PARAMETRIC_REPRESENTATION_CONTEXT() REPRESENTATION_CONTEXT('2D SPACE',''
  ) );
#2659 = ADVANCED_FACE('',(#2660),#2454,.F.);
#2660 = FACE_BOUND('',#2661,.F.);
#2661 = EDGE_LOOP('',(#2662,#2663,#2664,#2665));
#2662 = ORIENTED_EDGE('',*,*,#2440,.T.);
#2663 = ORIENTED_EDGE('',*,*,#2521,.T.);
#2664 = ORIENTED_EDGE('',*,*,#2592,.T.);
#2665 = ORIENTED_EDGE('',*,*,#2639,.T.);
#2666 = ADVANCED_FACE('',(#2667),#2400,.T.);
#2667 = FACE_BOUND('',#2668,.T.);
#2668 = EDGE_LOOP('',(#2669,#2670,#2671,#2672));
#2669 = ORIENTED_EDGE('',*,*,#2384,.T.);
#2670 = ORIENTED_EDGE('',*,*,#2470,.T.);
#2671 = ORIENTED_EDGE('',*,*,#2546,.T.);
#2672 = ORIENTED_EDGE('',*,*,#2617,.T.);
#2673 = MANIFOLD_SOLID_BREP('',#2674);
#2674 = CLOSED_SHELL('',(#2675,#2795,#2871,#2942,#2989,#2996));
#2675 = ADVANCED_FACE('',(#2676),#2690,.F.);
#2676 = FACE_BOUND('',#2677,.F.);
#2677 = EDGE_LOOP('',(#2678,#2713,#2741,#2769));
#2678 = ORIENTED_EDGE('',*,*,#2679,.T.);
#2679 = EDGE_CURVE('',#2680,#2682,#2684,.T.);
#2680 = VERTEX_POINT('',#2681);
#2681 = CARTESIAN_POINT('',(135.0853686369,-143.2378581218,
    1.005324636661));
#2682 = VERTEX_POINT('',#2683);
#2683 = CARTESIAN_POINT('',(168.14220045954,-109.6467988789,
    378.07148144311));
#2684 = SURFACE_CURVE('',#2685,(#2689,#2701),.PCURVE_S1.);
#2685 = LINE('',#2686,#2687);
#2686 = CARTESIAN_POINT('',(135.0853686369,-143.2378581218,
    1.005324636661));
#2687 = VECTOR('',#2688,1.);
#2688 = DIRECTION('',(8.699166269115E-02,8.839752432341E-02,
    0.992279360017));
#2689 = PCURVE('',#2690,#2695);
#2690 = PLANE('',#2691);
#2691 = AXIS2_PLACEMENT_3D('',#2692,#2693,#2694);
#2692 = CARTESIAN_POINT('',(135.0853686369,-143.2378581218,
    1.005324636661));
#2693 = DIRECTION('',(-3.859823964953E-03,0.996077797892,
    -8.839752432341E-02));
#2694 = DIRECTION('',(0.996201562125,-3.859823964953E-03,
    -8.699166269115E-02));
#2695 = DEFINITIONAL_REPRESENTATION('',(#2696),#2700);
#2696 = LINE('',#2697,#2698);
#2697 = CARTESIAN_POINT('',(0.,-0.));
#2698 = VECTOR('',#2699,1.);
#2699 = DIRECTION('',(0.,-1.));
#2700 = ( GEOMETRIC_REPRESENTATION_CONTEXT(2) 
PARAMETRIC_REPRESENTATION_CONTEXT() REPRESENTATION_CONTEXT('2D SPACE',''
  ) );
#2701 = PCURVE('',#2702,#2707);
#2702 = PLANE('',#2703);
#2703 = AXIS2_PLACEMENT_3D('',#2704,#2705,#2706);
#2704 = CARTESIAN_POINT('',(135.05834986915,-136.2653135365,
    0.386541966397));
#2705 = DIRECTION('',(0.996201562125,-3.859823964953E-03,
    -8.699166269115E-02));
#2706 = DIRECTION('',(3.859823964953E-03,-0.996077797892,
    8.839752432341E-02));
#2707 = DEFINITIONAL_REPRESENTATION('',(#2708),#2712);
#2708 = LINE('',#2709,#2710);
#2709 = CARTESIAN_POINT('',(7.,-1.110223024625E-16));
#2710 = VECTOR('',#2711,1.);
#2711 = DIRECTION('',(0.,-1.));
#2712 = ( GEOMETRIC_REPRESENTATION_CONTEXT(2) 
PARAMETRIC_REPRESENTATION_CONTEXT() REPRESENTATION_CONTEXT('2D SPACE',''
  ) );
#2713 = ORIENTED_EDGE('',*,*,#2714,.T.);
#2714 = EDGE_CURVE('',#2682,#2715,#2717,.T.);
#2715 = VERTEX_POINT('',#2716);
#2716 = CARTESIAN_POINT('',(184.08142545355,-109.7085560623,
    376.67961484005));
#2717 = SURFACE_CURVE('',#2718,(#2722,#2729),.PCURVE_S1.);
#2718 = LINE('',#2719,#2720);
#2719 = CARTESIAN_POINT('',(168.14220045954,-109.6467988789,
    378.07148144311));
#2720 = VECTOR('',#2721,1.);
#2721 = DIRECTION('',(0.996201562125,-3.859823964953E-03,
    -8.699166269115E-02));
#2722 = PCURVE('',#2690,#2723);
#2723 = DEFINITIONAL_REPRESENTATION('',(#2724),#2728);
#2724 = LINE('',#2725,#2726);
#2725 = CARTESIAN_POINT('',(0.,-380.));
#2726 = VECTOR('',#2727,1.);
#2727 = DIRECTION('',(1.,0.));
#2728 = ( GEOMETRIC_REPRESENTATION_CONTEXT(2) 
PARAMETRIC_REPRESENTATION_CONTEXT() REPRESENTATION_CONTEXT('2D SPACE',''
  ) );
#2729 = PCURVE('',#2730,#2735);
#2730 = PLANE('',#2731);
#2731 = AXIS2_PLACEMENT_3D('',#2732,#2733,#2734);
#2732 = CARTESIAN_POINT('',(176.09830357267,-106.191405178,
    377.06615680645));
#2733 = DIRECTION('',(8.699166269115E-02,8.839752432341E-02,
    0.992279360017));
#2734 = DIRECTION('',(0.996201562125,-3.859823964953E-03,
    -8.699166269115E-02));
#2735 = DEFINITIONAL_REPRESENTATION('',(#2736),#2740);
#2736 = LINE('',#2737,#2738);
#2737 = CARTESIAN_POINT('',(-8.,-3.5));
#2738 = VECTOR('',#2739,1.);
#2739 = DIRECTION('',(1.,1.214306433184E-17));
#2740 = ( GEOMETRIC_REPRESENTATION_CONTEXT(2) 
PARAMETRIC_REPRESENTATION_CONTEXT() REPRESENTATION_CONTEXT('2D SPACE',''
  ) );
#2741 = ORIENTED_EDGE('',*,*,#2742,.F.);
#2742 = EDGE_CURVE('',#2743,#2715,#2745,.T.);
#2743 = VERTEX_POINT('',#2744);
#2744 = CARTESIAN_POINT('',(151.02459363091,-143.2996153052,
    -0.386541966397));
#2745 = SURFACE_CURVE('',#2746,(#2750,#2757),.PCURVE_S1.);
#2746 = LINE('',#2747,#2748);
#2747 = CARTESIAN_POINT('',(151.02459363091,-143.2996153052,
    -0.386541966397));
#2748 = VECTOR('',#2749,1.);
#2749 = DIRECTION('',(8.699166269115E-02,8.839752432341E-02,
    0.992279360017));
#2750 = PCURVE('',#2690,#2751);
#2751 = DEFINITIONAL_REPRESENTATION('',(#2752),#2756);
#2752 = LINE('',#2753,#2754);
#2753 = CARTESIAN_POINT('',(16.,-1.998401444325E-15));
#2754 = VECTOR('',#2755,1.);
#2755 = DIRECTION('',(0.,-1.));
#2756 = ( GEOMETRIC_REPRESENTATION_CONTEXT(2) 
PARAMETRIC_REPRESENTATION_CONTEXT() REPRESENTATION_CONTEXT('2D SPACE',''
  ) );
#2757 = PCURVE('',#2758,#2763);
#2758 = PLANE('',#2759);
#2759 = AXIS2_PLACEMENT_3D('',#2760,#2761,#2762);
#2760 = CARTESIAN_POINT('',(151.02459363091,-143.2996153052,
    -0.386541966397));
#2761 = DIRECTION('',(-0.996201562125,3.859823964953E-03,
    8.699166269115E-02));
#2762 = DIRECTION('',(-3.859823964953E-03,0.996077797892,
    -8.839752432341E-02));
#2763 = DEFINITIONAL_REPRESENTATION('',(#2764),#2768);
#2764 = LINE('',#2765,#2766);
#2765 = CARTESIAN_POINT('',(0.,-0.));
#2766 = VECTOR('',#2767,1.);
#2767 = DIRECTION('',(0.,-1.));
#2768 = ( GEOMETRIC_REPRESENTATION_CONTEXT(2) 
PARAMETRIC_REPRESENTATION_CONTEXT() REPRESENTATION_CONTEXT('2D SPACE',''
  ) );
#2769 = ORIENTED_EDGE('',*,*,#2770,.F.);
#2770 = EDGE_CURVE('',#2680,#2743,#2771,.T.);
#2771 = SURFACE_CURVE('',#2772,(#2776,#2783),.PCURVE_S1.);
#2772 = LINE('',#2773,#2774);
#2773 = CARTESIAN_POINT('',(135.0853686369,-143.2378581218,
    1.005324636661));
#2774 = VECTOR('',#2775,1.);
#2775 = DIRECTION('',(0.996201562125,-3.859823964953E-03,
    -8.699166269115E-02));
#2776 = PCURVE('',#2690,#2777);
#2777 = DEFINITIONAL_REPRESENTATION('',(#2778),#2782);
#2778 = LINE('',#2779,#2780);
#2779 = CARTESIAN_POINT('',(0.,-0.));
#2780 = VECTOR('',#2781,1.);
#2781 = DIRECTION('',(1.,0.));
#2782 = ( GEOMETRIC_REPRESENTATION_CONTEXT(2) 
PARAMETRIC_REPRESENTATION_CONTEXT() REPRESENTATION_CONTEXT('2D SPACE',''
  ) );
#2783 = PCURVE('',#2784,#2789);
#2784 = PLANE('',#2785);
#2785 = AXIS2_PLACEMENT_3D('',#2786,#2787,#2788);
#2786 = CARTESIAN_POINT('',(143.04147175003,-139.7824644209,0.));
#2787 = DIRECTION('',(8.699166269115E-02,8.839752432341E-02,
    0.992279360017));
#2788 = DIRECTION('',(0.996201562125,-3.859823964953E-03,
    -8.699166269115E-02));
#2789 = DEFINITIONAL_REPRESENTATION('',(#2790),#2794);
#2790 = LINE('',#2791,#2792);
#2791 = CARTESIAN_POINT('',(-8.,-3.5));
#2792 = VECTOR('',#2793,1.);
#2793 = DIRECTION('',(1.,1.214306433184E-17));
#2794 = ( GEOMETRIC_REPRESENTATION_CONTEXT(2) 
PARAMETRIC_REPRESENTATION_CONTEXT() REPRESENTATION_CONTEXT('2D SPACE',''
  ) );
#2795 = ADVANCED_FACE('',(#2796),#2758,.F.);
#2796 = FACE_BOUND('',#2797,.F.);
#2797 = EDGE_LOOP('',(#2798,#2799,#2822,#2850));
#2798 = ORIENTED_EDGE('',*,*,#2742,.T.);
#2799 = ORIENTED_EDGE('',*,*,#2800,.T.);
#2800 = EDGE_CURVE('',#2715,#2801,#2803,.T.);
#2801 = VERTEX_POINT('',#2802);
#2802 = CARTESIAN_POINT('',(184.05440668579,-102.7360114771,
    376.06083216979));
#2803 = SURFACE_CURVE('',#2804,(#2808,#2815),.PCURVE_S1.);
#2804 = LINE('',#2805,#2806);
#2805 = CARTESIAN_POINT('',(184.08142545355,-109.7085560623,
    376.67961484005));
#2806 = VECTOR('',#2807,1.);
#2807 = DIRECTION('',(-3.859823964953E-03,0.996077797892,
    -8.839752432341E-02));
#2808 = PCURVE('',#2758,#2809);
#2809 = DEFINITIONAL_REPRESENTATION('',(#2810),#2814);
#2810 = LINE('',#2811,#2812);
#2811 = CARTESIAN_POINT('',(0.,-380.));
#2812 = VECTOR('',#2813,1.);
#2813 = DIRECTION('',(1.,0.));
#2814 = ( GEOMETRIC_REPRESENTATION_CONTEXT(2) 
PARAMETRIC_REPRESENTATION_CONTEXT() REPRESENTATION_CONTEXT('2D SPACE',''
  ) );
#2815 = PCURVE('',#2730,#2816);
#2816 = DEFINITIONAL_REPRESENTATION('',(#2817),#2821);
#2817 = LINE('',#2818,#2819);
#2818 = CARTESIAN_POINT('',(8.,-3.5));
#2819 = VECTOR('',#2820,1.);
#2820 = DIRECTION('',(1.214306433184E-17,1.));
#2821 = ( GEOMETRIC_REPRESENTATION_CONTEXT(2) 
PARAMETRIC_REPRESENTATION_CONTEXT() REPRESENTATION_CONTEXT('2D SPACE',''
  ) );
#2822 = ORIENTED_EDGE('',*,*,#2823,.F.);
#2823 = EDGE_CURVE('',#2824,#2801,#2826,.T.);
#2824 = VERTEX_POINT('',#2825);
#2825 = CARTESIAN_POINT('',(150.99757486316,-136.32707072,
    -1.005324636661));
#2826 = SURFACE_CURVE('',#2827,(#2831,#2838),.PCURVE_S1.);
#2827 = LINE('',#2828,#2829);
#2828 = CARTESIAN_POINT('',(150.99757486316,-136.32707072,
    -1.005324636661));
#2829 = VECTOR('',#2830,1.);
#2830 = DIRECTION('',(8.699166269115E-02,8.839752432341E-02,
    0.992279360017));
#2831 = PCURVE('',#2758,#2832);
#2832 = DEFINITIONAL_REPRESENTATION('',(#2833),#2837);
#2833 = LINE('',#2834,#2835);
#2834 = CARTESIAN_POINT('',(7.,1.110223024625E-16));
#2835 = VECTOR('',#2836,1.);
#2836 = DIRECTION('',(0.,-1.));
#2837 = ( GEOMETRIC_REPRESENTATION_CONTEXT(2) 
PARAMETRIC_REPRESENTATION_CONTEXT() REPRESENTATION_CONTEXT('2D SPACE',''
  ) );
#2838 = PCURVE('',#2839,#2844);
#2839 = PLANE('',#2840);
#2840 = AXIS2_PLACEMENT_3D('',#2841,#2842,#2843);
#2841 = CARTESIAN_POINT('',(150.99757486316,-136.32707072,
    -1.005324636661));
#2842 = DIRECTION('',(3.859823964953E-03,-0.996077797892,
    8.839752432341E-02));
#2843 = DIRECTION('',(-0.996201562125,3.859823964953E-03,
    8.699166269115E-02));
#2844 = DEFINITIONAL_REPRESENTATION('',(#2845),#2849);
#2845 = LINE('',#2846,#2847);
#2846 = CARTESIAN_POINT('',(0.,-0.));
#2847 = VECTOR('',#2848,1.);
#2848 = DIRECTION('',(0.,-1.));
#2849 = ( GEOMETRIC_REPRESENTATION_CONTEXT(2) 
PARAMETRIC_REPRESENTATION_CONTEXT() REPRESENTATION_CONTEXT('2D SPACE',''
  ) );
#2850 = ORIENTED_EDGE('',*,*,#2851,.F.);
#2851 = EDGE_CURVE('',#2743,#2824,#2852,.T.);
#2852 = SURFACE_CURVE('',#2853,(#2857,#2864),.PCURVE_S1.);
#2853 = LINE('',#2854,#2855);
#2854 = CARTESIAN_POINT('',(151.02459363091,-143.2996153052,
    -0.386541966397));
#2855 = VECTOR('',#2856,1.);
#2856 = DIRECTION('',(-3.859823964953E-03,0.996077797892,
    -8.839752432341E-02));
#2857 = PCURVE('',#2758,#2858);
#2858 = DEFINITIONAL_REPRESENTATION('',(#2859),#2863);
#2859 = LINE('',#2860,#2861);
#2860 = CARTESIAN_POINT('',(0.,-0.));
#2861 = VECTOR('',#2862,1.);
#2862 = DIRECTION('',(1.,0.));
#2863 = ( GEOMETRIC_REPRESENTATION_CONTEXT(2) 
PARAMETRIC_REPRESENTATION_CONTEXT() REPRESENTATION_CONTEXT('2D SPACE',''
  ) );
#2864 = PCURVE('',#2784,#2865);
#2865 = DEFINITIONAL_REPRESENTATION('',(#2866),#2870);
#2866 = LINE('',#2867,#2868);
#2867 = CARTESIAN_POINT('',(8.,-3.5));
#2868 = VECTOR('',#2869,1.);
#2869 = DIRECTION('',(1.214306433184E-17,1.));
#2870 = ( GEOMETRIC_REPRESENTATION_CONTEXT(2) 
PARAMETRIC_REPRESENTATION_CONTEXT() REPRESENTATION_CONTEXT('2D SPACE',''
  ) );
#2871 = ADVANCED_FACE('',(#2872),#2839,.F.);
#2872 = FACE_BOUND('',#2873,.F.);
#2873 = EDGE_LOOP('',(#2874,#2875,#2898,#2921));
#2874 = ORIENTED_EDGE('',*,*,#2823,.T.);
#2875 = ORIENTED_EDGE('',*,*,#2876,.T.);
#2876 = EDGE_CURVE('',#2801,#2877,#2879,.T.);
#2877 = VERTEX_POINT('',#2878);
#2878 = CARTESIAN_POINT('',(168.11518169179,-102.6742542936,
    377.45269877285));
#2879 = SURFACE_CURVE('',#2880,(#2884,#2891),.PCURVE_S1.);
#2880 = LINE('',#2881,#2882);
#2881 = CARTESIAN_POINT('',(184.05440668579,-102.7360114771,
    376.06083216979));
#2882 = VECTOR('',#2883,1.);
#2883 = DIRECTION('',(-0.996201562125,3.859823964953E-03,
    8.699166269115E-02));
#2884 = PCURVE('',#2839,#2885);
#2885 = DEFINITIONAL_REPRESENTATION('',(#2886),#2890);
#2886 = LINE('',#2887,#2888);
#2887 = CARTESIAN_POINT('',(0.,-380.));
#2888 = VECTOR('',#2889,1.);
#2889 = DIRECTION('',(1.,0.));
#2890 = ( GEOMETRIC_REPRESENTATION_CONTEXT(2) 
PARAMETRIC_REPRESENTATION_CONTEXT() REPRESENTATION_CONTEXT('2D SPACE',''
  ) );
#2891 = PCURVE('',#2730,#2892);
#2892 = DEFINITIONAL_REPRESENTATION('',(#2893),#2897);
#2893 = LINE('',#2894,#2895);
#2894 = CARTESIAN_POINT('',(8.,3.5));
#2895 = VECTOR('',#2896,1.);
#2896 = DIRECTION('',(-1.,-1.214306433184E-17));
#2897 = ( GEOMETRIC_REPRESENTATION_CONTEXT(2) 
PARAMETRIC_REPRESENTATION_CONTEXT() REPRESENTATION_CONTEXT('2D SPACE',''
  ) );
#2898 = ORIENTED_EDGE('',*,*,#2899,.F.);
#2899 = EDGE_CURVE('',#2900,#2877,#2902,.T.);
#2900 = VERTEX_POINT('',#2901);
#2901 = CARTESIAN_POINT('',(135.05834986915,-136.2653135365,
    0.386541966397));
#2902 = SURFACE_CURVE('',#2903,(#2907,#2914),.PCURVE_S1.);
#2903 = LINE('',#2904,#2905);
#2904 = CARTESIAN_POINT('',(135.05834986915,-136.2653135365,
    0.386541966397));
#2905 = VECTOR('',#2906,1.);
#2906 = DIRECTION('',(8.699166269115E-02,8.839752432341E-02,
    0.992279360017));
#2907 = PCURVE('',#2839,#2908);
#2908 = DEFINITIONAL_REPRESENTATION('',(#2909),#2913);
#2909 = LINE('',#2910,#2911);
#2910 = CARTESIAN_POINT('',(16.,1.998401444325E-15));
#2911 = VECTOR('',#2912,1.);
#2912 = DIRECTION('',(0.,-1.));
#2913 = ( GEOMETRIC_REPRESENTATION_CONTEXT(2) 
PARAMETRIC_REPRESENTATION_CONTEXT() REPRESENTATION_CONTEXT('2D SPACE',''
  ) );
#2914 = PCURVE('',#2702,#2915);
#2915 = DEFINITIONAL_REPRESENTATION('',(#2916),#2920);
#2916 = LINE('',#2917,#2918);
#2917 = CARTESIAN_POINT('',(0.,-0.));
#2918 = VECTOR('',#2919,1.);
#2919 = DIRECTION('',(0.,-1.));
#2920 = ( GEOMETRIC_REPRESENTATION_CONTEXT(2) 
PARAMETRIC_REPRESENTATION_CONTEXT() REPRESENTATION_CONTEXT('2D SPACE',''
  ) );
#2921 = ORIENTED_EDGE('',*,*,#2922,.F.);
#2922 = EDGE_CURVE('',#2824,#2900,#2923,.T.);
#2923 = SURFACE_CURVE('',#2924,(#2928,#2935),.PCURVE_S1.);
#2924 = LINE('',#2925,#2926);
#2925 = CARTESIAN_POINT('',(150.99757486316,-136.32707072,
    -1.005324636661));
#2926 = VECTOR('',#2927,1.);
#2927 = DIRECTION('',(-0.996201562125,3.859823964953E-03,
    8.699166269115E-02));
#2928 = PCURVE('',#2839,#2929);
#2929 = DEFINITIONAL_REPRESENTATION('',(#2930),#2934);
#2930 = LINE('',#2931,#2932);
#2931 = CARTESIAN_POINT('',(0.,-0.));
#2932 = VECTOR('',#2933,1.);
#2933 = DIRECTION('',(1.,0.));
#2934 = ( GEOMETRIC_REPRESENTATION_CONTEXT(2) 
PARAMETRIC_REPRESENTATION_CONTEXT() REPRESENTATION_CONTEXT('2D SPACE',''
  ) );
#2935 = PCURVE('',#2784,#2936);
#2936 = DEFINITIONAL_REPRESENTATION('',(#2937),#2941);
#2937 = LINE('',#2938,#2939);
#2938 = CARTESIAN_POINT('',(8.,3.5));
#2939 = VECTOR('',#2940,1.);
#2940 = DIRECTION('',(-1.,-1.214306433184E-17));
#2941 = ( GEOMETRIC_REPRESENTATION_CONTEXT(2) 
PARAMETRIC_REPRESENTATION_CONTEXT() REPRESENTATION_CONTEXT('2D SPACE',''
  ) );
#2942 = ADVANCED_FACE('',(#2943),#2702,.F.);
#2943 = FACE_BOUND('',#2944,.F.);
#2944 = EDGE_LOOP('',(#2945,#2946,#2967,#2968));
#2945 = ORIENTED_EDGE('',*,*,#2899,.T.);
#2946 = ORIENTED_EDGE('',*,*,#2947,.T.);
#2947 = EDGE_CURVE('',#2877,#2682,#2948,.T.);
#2948 = SURFACE_CURVE('',#2949,(#2953,#2960),.PCURVE_S1.);
#2949 = LINE('',#2950,#2951);
#2950 = CARTESIAN_POINT('',(168.11518169179,-102.6742542936,
    377.45269877285));
#2951 = VECTOR('',#2952,1.);
#2952 = DIRECTION('',(3.859823964953E-03,-0.996077797892,
    8.839752432341E-02));
#2953 = PCURVE('',#2702,#2954);
#2954 = DEFINITIONAL_REPRESENTATION('',(#2955),#2959);
#2955 = LINE('',#2956,#2957);
#2956 = CARTESIAN_POINT('',(7.105427357601E-15,-380.));
#2957 = VECTOR('',#2958,1.);
#2958 = DIRECTION('',(1.,0.));
#2959 = ( GEOMETRIC_REPRESENTATION_CONTEXT(2) 
PARAMETRIC_REPRESENTATION_CONTEXT() REPRESENTATION_CONTEXT('2D SPACE',''
  ) );
#2960 = PCURVE('',#2730,#2961);
#2961 = DEFINITIONAL_REPRESENTATION('',(#2962),#2966);
#2962 = LINE('',#2963,#2964);
#2963 = CARTESIAN_POINT('',(-8.,3.5));
#2964 = VECTOR('',#2965,1.);
#2965 = DIRECTION('',(-1.214306433184E-17,-1.));
#2966 = ( GEOMETRIC_REPRESENTATION_CONTEXT(2) 
PARAMETRIC_REPRESENTATION_CONTEXT() REPRESENTATION_CONTEXT('2D SPACE',''
  ) );
#2967 = ORIENTED_EDGE('',*,*,#2679,.F.);
#2968 = ORIENTED_EDGE('',*,*,#2969,.F.);
#2969 = EDGE_CURVE('',#2900,#2680,#2970,.T.);
#2970 = SURFACE_CURVE('',#2971,(#2975,#2982),.PCURVE_S1.);
#2971 = LINE('',#2972,#2973);
#2972 = CARTESIAN_POINT('',(135.05834986915,-136.2653135365,
    0.386541966397));
#2973 = VECTOR('',#2974,1.);
#2974 = DIRECTION('',(3.859823964953E-03,-0.996077797892,
    8.839752432341E-02));
#2975 = PCURVE('',#2702,#2976);
#2976 = DEFINITIONAL_REPRESENTATION('',(#2977),#2981);
#2977 = LINE('',#2978,#2979);
#2978 = CARTESIAN_POINT('',(0.,-0.));
#2979 = VECTOR('',#2980,1.);
#2980 = DIRECTION('',(1.,0.));
#2981 = ( GEOMETRIC_REPRESENTATION_CONTEXT(2) 
PARAMETRIC_REPRESENTATION_CONTEXT() REPRESENTATION_CONTEXT('2D SPACE',''
  ) );
#2982 = PCURVE('',#2784,#2983);
#2983 = DEFINITIONAL_REPRESENTATION('',(#2984),#2988);
#2984 = LINE('',#2985,#2986);
#2985 = CARTESIAN_POINT('',(-8.,3.5));
#2986 = VECTOR('',#2987,1.);
#2987 = DIRECTION('',(-1.214306433184E-17,-1.));
#2988 = ( GEOMETRIC_REPRESENTATION_CONTEXT(2) 
PARAMETRIC_REPRESENTATION_CONTEXT() REPRESENTATION_CONTEXT('2D SPACE',''
  ) );
#2989 = ADVANCED_FACE('',(#2990),#2784,.F.);
#2990 = FACE_BOUND('',#2991,.F.);
#2991 = EDGE_LOOP('',(#2992,#2993,#2994,#2995));
#2992 = ORIENTED_EDGE('',*,*,#2770,.T.);
#2993 = ORIENTED_EDGE('',*,*,#2851,.T.);
#2994 = ORIENTED_EDGE('',*,*,#2922,.T.);
#2995 = ORIENTED_EDGE('',*,*,#2969,.T.);
#2996 = ADVANCED_FACE('',(#2997),#2730,.T.);
#2997 = FACE_BOUND('',#2998,.T.);
#2998 = EDGE_LOOP('',(#2999,#3000,#3001,#3002));
#2999 = ORIENTED_EDGE('',*,*,#2714,.T.);
#3000 = ORIENTED_EDGE('',*,*,#2800,.T.);
#3001 = ORIENTED_EDGE('',*,*,#2876,.T.);
#3002 = ORIENTED_EDGE('',*,*,#2947,.T.);
#3003 = ( GEOMETRIC_REPRESENTATION_CONTEXT(3) 
GLOBAL_UNCERTAINTY_ASSIGNED_CONTEXT((#3007)) 
GLOBAL_UNIT_ASSIGNED_CONTEXT((#3004,#3005,#3006)) REPRESENTATION_CONTEXT
('Context #1','3D Context with UNIT and UNCERTAINTY') );
#3004 = ( LENGTH_UNIT() NAMED_UNIT(*) SI_UNIT(.MILLI.,.METRE.) );
#3005 = ( NAMED_UNIT(*) PLANE_ANGLE_UNIT() SI_UNIT($,.RADIAN.) );
#3006 = ( NAMED_UNIT(*) SI_UNIT($,.STERADIAN.) SOLID_ANGLE_UNIT() );
#3007 = UNCERTAINTY_MEASURE_WITH_UNIT(LENGTH_MEASURE(1.E-07),#3004,
  'distance_accuracy_value','confusion accuracy');
#3008 = CONTEXT_DEPENDENT_SHAPE_REPRESENTATION(#3009,#3011);
#3009 = ( REPRESENTATION_RELATIONSHIP('','',#32,#10) 
REPRESENTATION_RELATIONSHIP_WITH_TRANSFORMATION(#3010) 
SHAPE_REPRESENTATION_RELATIONSHIP() );
#3010 = ITEM_DEFINED_TRANSFORMATION('','',#11,#15);
#3011 = PRODUCT_DEFINITION_SHAPE('Placement','Placement of an item',
  #3012);
#3012 = NEXT_ASSEMBLY_USAGE_OCCURRENCE('84','part0','',#5,#27,$);
#3013 = PRODUCT_RELATED_PRODUCT_CATEGORY('part',$,(#29));
#3014 = MECHANICAL_DESIGN_GEOMETRIC_PRESENTATION_REPRESENTATION('',(
    #3015,#3023,#3030,#3037,#3044,#3051,#3058,#3065,#3072),#3003);
#3015 = STYLED_ITEM('color',(#3016),#33);
#3016 = PRESENTATION_STYLE_ASSIGNMENT((#3017));
#3017 = SURFACE_STYLE_USAGE(.BOTH.,#3018);
#3018 = SURFACE_SIDE_STYLE('',(#3019));
#3019 = SURFACE_STYLE_FILL_AREA(#3020);
#3020 = FILL_AREA_STYLE('',(#3021));
#3021 = FILL_AREA_STYLE_COLOUR('',#3022);
#3022 = COLOUR_RGB('',0.368627449173,0.541176465727,0.274509799781);
#3023 = STYLED_ITEM('color',(#3024),#363);
#3024 = PRESENTATION_STYLE_ASSIGNMENT((#3025));
#3025 = SURFACE_STYLE_USAGE(.BOTH.,#3026);
#3026 = SURFACE_SIDE_STYLE('',(#3027));
#3027 = SURFACE_STYLE_FILL_AREA(#3028);
#3028 = FILL_AREA_STYLE('',(#3029));
#3029 = FILL_AREA_STYLE_COLOUR('',#3022);
#3030 = STYLED_ITEM('color',(#3031),#693);
#3031 = PRESENTATION_STYLE_ASSIGNMENT((#3032));
#3032 = SURFACE_STYLE_USAGE(.BOTH.,#3033);
#3033 = SURFACE_SIDE_STYLE('',(#3034));
#3034 = SURFACE_STYLE_FILL_AREA(#3035);
#3035 = FILL_AREA_STYLE('',(#3036));
#3036 = FILL_AREA_STYLE_COLOUR('',#3022);
#3037 = STYLED_ITEM('color',(#3038),#1023);
#3038 = PRESENTATION_STYLE_ASSIGNMENT((#3039));
#3039 = SURFACE_STYLE_USAGE(.BOTH.,#3040);
#3040 = SURFACE_SIDE_STYLE('',(#3041));
#3041 = SURFACE_STYLE_FILL_AREA(#3042);
#3042 = FILL_AREA_STYLE('',(#3043));
#3043 = FILL_AREA_STYLE_COLOUR('',#3022);
#3044 = STYLED_ITEM('color',(#3045),#1353);
#3045 = PRESENTATION_STYLE_ASSIGNMENT((#3046));
#3046 = SURFACE_STYLE_USAGE(.BOTH.,#3047);
#3047 = SURFACE_SIDE_STYLE('',(#3048));
#3048 = SURFACE_STYLE_FILL_AREA(#3049);
#3049 = FILL_AREA_STYLE('',(#3050));
#3050 = FILL_AREA_STYLE_COLOUR('',#3022);
#3051 = STYLED_ITEM('color',(#3052),#1683);
#3052 = PRESENTATION_STYLE_ASSIGNMENT((#3053));
#3053 = SURFACE_STYLE_USAGE(.BOTH.,#3054);
#3054 = SURFACE_SIDE_STYLE('',(#3055));
#3055 = SURFACE_STYLE_FILL_AREA(#3056);
#3056 = FILL_AREA_STYLE('',(#3057));
#3057 = FILL_AREA_STYLE_COLOUR('',#3022);
#3058 = STYLED_ITEM('color',(#3059),#2013);
#3059 = PRESENTATION_STYLE_ASSIGNMENT((#3060));
#3060 = SURFACE_STYLE_USAGE(.BOTH.,#3061);
#3061 = SURFACE_SIDE_STYLE('',(#3062));
#3062 = SURFACE_STYLE_FILL_AREA(#3063);
#3063 = FILL_AREA_STYLE('',(#3064));
#3064 = FILL_AREA_STYLE_COLOUR('',#3022);
#3065 = STYLED_ITEM('color',(#3066),#2343);
#3066 = PRESENTATION_STYLE_ASSIGNMENT((#3067));
#3067 = SURFACE_STYLE_USAGE(.BOTH.,#3068);
#3068 = SURFACE_SIDE_STYLE('',(#3069));
#3069 = SURFACE_STYLE_FILL_AREA(#3070);
#3070 = FILL_AREA_STYLE('',(#3071));
#3071 = FILL_AREA_STYLE_COLOUR('',#3022);
#3072 = STYLED_ITEM('color',(#3073),#2673);
#3073 = PRESENTATION_STYLE_ASSIGNMENT((#3074));
#3074 = SURFACE_STYLE_USAGE(.BOTH.,#3075);
#3075 = SURFACE_SIDE_STYLE('',(#3076));
#3076 = SURFACE_STYLE_FILL_AREA(#3077);
#3077 = FILL_AREA_STYLE('',(#3078));
#3078 = FILL_AREA_STYLE_COLOUR('',#3022);
ENDSEC;
END-ISO-10303-21;
