ISO-10303-21;
HEADER;
FILE_DESCRIPTION(('Open CASCADE Model'),'2;1');
FILE_NAME('Open CASCADE Shape Model','2026-09-14T10:37:58',('Author'),(
    'Open CASCADE'),'Open CASCADE STEP processor 7.9','Open CASCADE 7.9'
  ,'Unknown');
FILE_SCHEMA(('AUTOMOTIVE_DESIGN { 1 0 10303 214 1 1 1 1 }'));
ENDSEC;
DATA;
#1 = APPLICATION_PROTOCOL_DEFINITION('international standard',
  'automotive_design',2000,#2);
#2 = APPLICATION_CONTEXT(
  'core data for automotive mechanical design processes');
#3 = SHAPE_DEFINITION_REPRESENTATION(#4,#10);
#4 = PRODUCT_DEFINITION_SHAPE('','',#5);
#5 = PRODUCT_DEFINITION('design','',#6,#9);
#6 = PRODUCT_DEFINITION_FORMATION('','',#7);
#7 = PRODUCT('f86b6e14-b01f-11f1-a6b8-3c9c0f4bdafb',
  'f86b6e14-b01f-11f1-a6b8-3c9c0f4bdafb','',(#8));
#8 = PRODUCT_CONTEXT('',#2,'mechanical');
#9 = PRODUCT_DEFINITION_CONTEXT('part definition',#2,'design');
#10 = SHAPE_REPRESENTATION('',(#11,#15,#19,#23),#27);
#11 = AXIS2_PLACEMENT_3D('',#12,#13,#14);
#12 = CARTESIAN_POINT('',(0.,0.,0.));
#13 = DIRECTION('',(0.,0.,1.));
#14 = DIRECTION('',(1.,0.,-0.));
#15 = AXIS2_PLACEMENT_3D('',#16,#17,#18);
#16 = CARTESIAN_POINT('',(0.,0.,0.));
#17 = DIRECTION('',(0.,0.,1.));
#18 = DIRECTION('',(1.,0.,-0.));
#19 = AXIS2_PLACEMENT_3D('',#20,#21,#22);
#20 = CARTESIAN_POINT('',(0.,0.,0.));
#21 = DIRECTION('',(0.,0.,1.));
#22 = DIRECTION('',(1.,0.,-0.));
#23 = AXIS2_PLACEMENT_3D('',#24,#25,#26);
#24 = CARTESIAN_POINT('',(0.,0.,0.));
#25 = DIRECTION('',(0.,0.,1.));
#26 = DIRECTION('',(1.,0.,-0.));
#27 = ( GEOMETRIC_REPRESENTATION_CONTEXT(3) 
GLOBAL_UNCERTAINTY_ASSIGNED_CONTEXT((#31)) GLOBAL_UNIT_ASSIGNED_CONTEXT(
(#28,#29,#30)) REPRESENTATION_CONTEXT('Context #1',
  '3D Context with UNIT and UNCERTAINTY') );
#28 = ( LENGTH_UNIT() NAMED_UNIT(*) SI_UNIT(.MILLI.,.METRE.) );
#29 = ( NAMED_UNIT(*) PLANE_ANGLE_UNIT() SI_UNIT($,.RADIAN.) );
#30 = ( NAMED_UNIT(*) SI_UNIT($,.STERADIAN.) SOLID_ANGLE_UNIT() );
#31 = UNCERTAINTY_MEASURE_WITH_UNIT(LENGTH_MEASURE(1.E-07),#28,
  'distance_accuracy_value','confusion accuracy');
#32 = PRODUCT_RELATED_PRODUCT_CATEGORY('part',$,(#7));
#33 = SHAPE_DEFINITION_REPRESENTATION(#34,#40);
#34 = PRODUCT_DEFINITION_SHAPE('','',#35);
#35 = PRODUCT_DEFINITION('design','',#36,#39);
#36 = PRODUCT_DEFINITION_FORMATION('','',#37);
#37 = PRODUCT('part0','part0','',(#38));
#38 = PRODUCT_CONTEXT('',#2,'mechanical');
#39 = PRODUCT_DEFINITION_CONTEXT('part definition',#2,'design');
#40 = SHAPE_REPRESENTATION('',(#11,#41,#445,#923,#1401),#1805);
#41 = MANIFOLD_SOLID_BREP('',#42);
#42 = CLOSED_SHELL('',(#43,#163,#266,#313,#384,#411,#438));
#43 = ADVANCED_FACE('',(#44),#58,.F.);
#44 = FACE_BOUND('',#45,.F.);
#45 = EDGE_LOOP('',(#46,#81,#109,#137));
#46 = ORIENTED_EDGE('',*,*,#47,.F.);
#47 = EDGE_CURVE('',#48,#50,#52,.T.);
#48 = VERTEX_POINT('',#49);
#49 = CARTESIAN_POINT('',(-3.E+04,-4.5E+03,0.));
#50 = VERTEX_POINT('',#51);
#51 = CARTESIAN_POINT('',(-3.E+04,-4.5E+03,1.E+04));
#52 = SURFACE_CURVE('',#53,(#57,#69),.PCURVE_S1.);
#53 = LINE('',#54,#55);
#54 = CARTESIAN_POINT('',(-3.E+04,-4.5E+03,0.));
#55 = VECTOR('',#56,1.);
#56 = DIRECTION('',(0.,0.,1.));
#57 = PCURVE('',#58,#63);
#58 = PLANE('',#59);
#59 = AXIS2_PLACEMENT_3D('',#60,#61,#62);
#60 = CARTESIAN_POINT('',(-3.E+04,-4.5E+03,0.));
#61 = DIRECTION('',(1.,0.,0.));
#62 = DIRECTION('',(0.,0.,1.));
#63 = DEFINITIONAL_REPRESENTATION('',(#64),#68);
#64 = LINE('',#65,#66);
#65 = CARTESIAN_POINT('',(0.,0.));
#66 = VECTOR('',#67,1.);
#67 = DIRECTION('',(1.,0.));
#68 = ( GEOMETRIC_REPRESENTATION_CONTEXT(2) 
PARAMETRIC_REPRESENTATION_CONTEXT() REPRESENTATION_CONTEXT('2D SPACE',''
  ) );
#69 = PCURVE('',#70,#75);
#70 = PLANE('',#71);
#71 = AXIS2_PLACEMENT_3D('',#72,#73,#74);
#72 = CARTESIAN_POINT('',(-3.E+04,-4.5E+03,0.));
#73 = DIRECTION('',(0.,1.,0.));
#74 = DIRECTION('',(0.,0.,1.));
#75 = DEFINITIONAL_REPRESENTATION('',(#76),#80);
#76 = LINE('',#77,#78);
#77 = CARTESIAN_POINT('',(0.,0.));
#78 = VECTOR('',#79,1.);
#79 = DIRECTION('',(1.,0.));
#80 = ( GEOMETRIC_REPRESENTATION_CONTEXT(2) 
PARAMETRIC_REPRESENTATION_CONTEXT() REPRESENTATION_CONTEXT('2D SPACE',''
  ) );
#81 = ORIENTED_EDGE('',*,*,#82,.T.);
#82 = EDGE_CURVE('',#48,#83,#85,.T.);
#83 = VERTEX_POINT('',#84);
#84 = CARTESIAN_POINT('',(-3.E+04,4.5E+03,0.));
#85 = SURFACE_CURVE('',#86,(#90,#97),.PCURVE_S1.);
#86 = LINE('',#87,#88);
#87 = CARTESIAN_POINT('',(-3.E+04,-4.5E+03,0.));
#88 = VECTOR('',#89,1.);
#89 = DIRECTION('',(0.,1.,0.));
#90 = PCURVE('',#58,#91);
#91 = DEFINITIONAL_REPRESENTATION('',(#92),#96);
#92 = LINE('',#93,#94);
#93 = CARTESIAN_POINT('',(0.,0.));
#94 = VECTOR('',#95,1.);
#95 = DIRECTION('',(0.,-1.));
#96 = ( GEOMETRIC_REPRESENTATION_CONTEXT(2) 
PARAMETRIC_REPRESENTATION_CONTEXT() REPRESENTATION_CONTEXT('2D SPACE',''
  ) );
#97 = PCURVE('',#98,#103);
#98 = PLANE('',#99);
#99 = AXIS2_PLACEMENT_3D('',#100,#101,#102);
#100 = CARTESIAN_POINT('',(-3.E+04,-4.5E+03,0.));
#101 = DIRECTION('',(0.,0.,1.));
#102 = DIRECTION('',(1.,0.,0.));
#103 = DEFINITIONAL_REPRESENTATION('',(#104),#108);
#104 = LINE('',#105,#106);
#105 = CARTESIAN_POINT('',(0.,0.));
#106 = VECTOR('',#107,1.);
#107 = DIRECTION('',(0.,1.));
#108 = ( GEOMETRIC_REPRESENTATION_CONTEXT(2) 
PARAMETRIC_REPRESENTATION_CONTEXT() REPRESENTATION_CONTEXT('2D SPACE',''
  ) );
#109 = ORIENTED_EDGE('',*,*,#110,.T.);
#110 = EDGE_CURVE('',#83,#111,#113,.T.);
#111 = VERTEX_POINT('',#112);
#112 = CARTESIAN_POINT('',(-3.E+04,4.5E+03,1.E+04));
#113 = SURFACE_CURVE('',#114,(#118,#125),.PCURVE_S1.);
#114 = LINE('',#115,#116);
#115 = CARTESIAN_POINT('',(-3.E+04,4.5E+03,0.));
#116 = VECTOR('',#117,1.);
#117 = DIRECTION('',(0.,0.,1.));
#118 = PCURVE('',#58,#119);
#119 = DEFINITIONAL_REPRESENTATION('',(#120),#124);
#120 = LINE('',#121,#122);
#121 = CARTESIAN_POINT('',(0.,-9.E+03));
#122 = VECTOR('',#123,1.);
#123 = DIRECTION('',(1.,0.));
#124 = ( GEOMETRIC_REPRESENTATION_CONTEXT(2) 
PARAMETRIC_REPRESENTATION_CONTEXT() REPRESENTATION_CONTEXT('2D SPACE',''
  ) );
#125 = PCURVE('',#126,#131);
#126 = PLANE('',#127);
#127 = AXIS2_PLACEMENT_3D('',#128,#129,#130);
#128 = CARTESIAN_POINT('',(-3.E+04,4.5E+03,0.));
#129 = DIRECTION('',(0.,1.,0.));
#130 = DIRECTION('',(0.,0.,1.));
#131 = DEFINITIONAL_REPRESENTATION('',(#132),#136);
#132 = LINE('',#133,#134);
#133 = CARTESIAN_POINT('',(0.,0.));
#134 = VECTOR('',#135,1.);
#135 = DIRECTION('',(1.,0.));
#136 = ( GEOMETRIC_REPRESENTATION_CONTEXT(2) 
PARAMETRIC_REPRESENTATION_CONTEXT() REPRESENTATION_CONTEXT('2D SPACE',''
  ) );
#137 = ORIENTED_EDGE('',*,*,#138,.F.);
#138 = EDGE_CURVE('',#50,#111,#139,.T.);
#139 = SURFACE_CURVE('',#140,(#144,#151),.PCURVE_S1.);
#140 = LINE('',#141,#142);
#141 = CARTESIAN_POINT('',(-3.E+04,-4.5E+03,1.E+04));
#142 = VECTOR('',#143,1.);
#143 = DIRECTION('',(0.,1.,0.));
#144 = PCURVE('',#58,#145);
#145 = DEFINITIONAL_REPRESENTATION('',(#146),#150);
#146 = LINE('',#147,#148);
#147 = CARTESIAN_POINT('',(1.E+04,0.));
#148 = VECTOR('',#149,1.);
#149 = DIRECTION('',(0.,-1.));
#150 = ( GEOMETRIC_REPRESENTATION_CONTEXT(2) 
PARAMETRIC_REPRESENTATION_CONTEXT() REPRESENTATION_CONTEXT('2D SPACE',''
  ) );
#151 = PCURVE('',#152,#157);
#152 = PLANE('',#153);
#153 = AXIS2_PLACEMENT_3D('',#154,#155,#156);
#154 = CARTESIAN_POINT('',(-3.E+04,-4.5E+03,1.E+04));
#155 = DIRECTION('',(0.,0.,1.));
#156 = DIRECTION('',(1.,0.,0.));
#157 = DEFINITIONAL_REPRESENTATION('',(#158),#162);
#158 = LINE('',#159,#160);
#159 = CARTESIAN_POINT('',(0.,0.));
#160 = VECTOR('',#161,1.);
#161 = DIRECTION('',(0.,1.));
#162 = ( GEOMETRIC_REPRESENTATION_CONTEXT(2) 
PARAMETRIC_REPRESENTATION_CONTEXT() REPRESENTATION_CONTEXT('2D SPACE',''
  ) );
#163 = ADVANCED_FACE('',(#164),#70,.F.);
#164 = FACE_BOUND('',#165,.F.);
#165 = EDGE_LOOP('',(#166,#189,#190,#213,#242));
#166 = ORIENTED_EDGE('',*,*,#167,.F.);
#167 = EDGE_CURVE('',#48,#168,#170,.T.);
#168 = VERTEX_POINT('',#169);
#169 = CARTESIAN_POINT('',(-2.7E+04,-4.5E+03,0.));
#170 = SURFACE_CURVE('',#171,(#175,#182),.PCURVE_S1.);
#171 = LINE('',#172,#173);
#172 = CARTESIAN_POINT('',(-3.E+04,-4.5E+03,0.));
#173 = VECTOR('',#174,1.);
#174 = DIRECTION('',(1.,0.,0.));
#175 = PCURVE('',#70,#176);
#176 = DEFINITIONAL_REPRESENTATION('',(#177),#181);
#177 = LINE('',#178,#179);
#178 = CARTESIAN_POINT('',(0.,0.));
#179 = VECTOR('',#180,1.);
#180 = DIRECTION('',(0.,1.));
#181 = ( GEOMETRIC_REPRESENTATION_CONTEXT(2) 
PARAMETRIC_REPRESENTATION_CONTEXT() REPRESENTATION_CONTEXT('2D SPACE',''
  ) );
#182 = PCURVE('',#98,#183);
#183 = DEFINITIONAL_REPRESENTATION('',(#184),#188);
#184 = LINE('',#185,#186);
#185 = CARTESIAN_POINT('',(0.,0.));
#186 = VECTOR('',#187,1.);
#187 = DIRECTION('',(1.,0.));
#188 = ( GEOMETRIC_REPRESENTATION_CONTEXT(2) 
PARAMETRIC_REPRESENTATION_CONTEXT() REPRESENTATION_CONTEXT('2D SPACE',''
  ) );
#189 = ORIENTED_EDGE('',*,*,#47,.T.);
#190 = ORIENTED_EDGE('',*,*,#191,.T.);
#191 = EDGE_CURVE('',#50,#192,#194,.T.);
#192 = VERTEX_POINT('',#193);
#193 = CARTESIAN_POINT('',(-2.360555127546E+04,-4.5E+03,1.E+04));
#194 = SURFACE_CURVE('',#195,(#199,#206),.PCURVE_S1.);
#195 = LINE('',#196,#197);
#196 = CARTESIAN_POINT('',(-3.E+04,-4.5E+03,1.E+04));
#197 = VECTOR('',#198,1.);
#198 = DIRECTION('',(1.,0.,0.));
#199 = PCURVE('',#70,#200);
#200 = DEFINITIONAL_REPRESENTATION('',(#201),#205);
#201 = LINE('',#202,#203);
#202 = CARTESIAN_POINT('',(1.E+04,0.));
#203 = VECTOR('',#204,1.);
#204 = DIRECTION('',(0.,1.));
#205 = ( GEOMETRIC_REPRESENTATION_CONTEXT(2) 
PARAMETRIC_REPRESENTATION_CONTEXT() REPRESENTATION_CONTEXT('2D SPACE',''
  ) );
#206 = PCURVE('',#152,#207);
#207 = DEFINITIONAL_REPRESENTATION('',(#208),#212);
#208 = LINE('',#209,#210);
#209 = CARTESIAN_POINT('',(0.,0.));
#210 = VECTOR('',#211,1.);
#211 = DIRECTION('',(1.,0.));
#212 = ( GEOMETRIC_REPRESENTATION_CONTEXT(2) 
PARAMETRIC_REPRESENTATION_CONTEXT() REPRESENTATION_CONTEXT('2D SPACE',''
  ) );
#213 = ORIENTED_EDGE('',*,*,#214,.F.);
#214 = EDGE_CURVE('',#215,#192,#217,.T.);
#215 = VERTEX_POINT('',#216);
#216 = CARTESIAN_POINT('',(-2.7E+04,-4.5E+03,4.E+03));
#217 = SURFACE_CURVE('',#218,(#223,#230),.PCURVE_S1.);
#218 = CIRCLE('',#219,7.E+03);
#219 = AXIS2_PLACEMENT_3D('',#220,#221,#222);
#220 = CARTESIAN_POINT('',(-2.E+04,-4.5E+03,4.E+03));
#221 = DIRECTION('',(0.,1.,0.));
#222 = DIRECTION('',(-1.,0.,0.));
#223 = PCURVE('',#70,#224);
#224 = DEFINITIONAL_REPRESENTATION('',(#225),#229);
#225 = CIRCLE('',#226,7.E+03);
#226 = AXIS2_PLACEMENT_2D('',#227,#228);
#227 = CARTESIAN_POINT('',(4.E+03,1.E+04));
#228 = DIRECTION('',(0.,-1.));
#229 = ( GEOMETRIC_REPRESENTATION_CONTEXT(2) 
PARAMETRIC_REPRESENTATION_CONTEXT() REPRESENTATION_CONTEXT('2D SPACE',''
  ) );
#230 = PCURVE('',#231,#236);
#231 = CYLINDRICAL_SURFACE('',#232,7.E+03);
#232 = AXIS2_PLACEMENT_3D('',#233,#234,#235);
#233 = CARTESIAN_POINT('',(-2.E+04,4.6E+03,4.E+03));
#234 = DIRECTION('',(0.,1.,0.));
#235 = DIRECTION('',(-1.,0.,-0.));
#236 = DEFINITIONAL_REPRESENTATION('',(#237),#241);
#237 = LINE('',#238,#239);
#238 = CARTESIAN_POINT('',(0.,-9.1E+03));
#239 = VECTOR('',#240,1.);
#240 = DIRECTION('',(1.,0.));
#241 = ( GEOMETRIC_REPRESENTATION_CONTEXT(2) 
PARAMETRIC_REPRESENTATION_CONTEXT() REPRESENTATION_CONTEXT('2D SPACE',''
  ) );
#242 = ORIENTED_EDGE('',*,*,#243,.F.);
#243 = EDGE_CURVE('',#168,#215,#244,.T.);
#244 = SURFACE_CURVE('',#245,(#249,#255),.PCURVE_S1.);
#245 = LINE('',#246,#247);
#246 = CARTESIAN_POINT('',(-2.7E+04,-4.5E+03,0.));
#247 = VECTOR('',#248,1.);
#248 = DIRECTION('',(0.,-0.,1.));
#249 = PCURVE('',#70,#250);
#250 = DEFINITIONAL_REPRESENTATION('',(#251),#254);
#251 = B_SPLINE_CURVE_WITH_KNOTS('',1,(#252,#253),.UNSPECIFIED.,.F.,.F.,
  (2,2),(0.,4.E+03),.PIECEWISE_BEZIER_KNOTS.);
#252 = CARTESIAN_POINT('',(0.,3.E+03));
#253 = CARTESIAN_POINT('',(4.E+03,3.E+03));
#254 = ( GEOMETRIC_REPRESENTATION_CONTEXT(2) 
PARAMETRIC_REPRESENTATION_CONTEXT() REPRESENTATION_CONTEXT('2D SPACE',''
  ) );
#255 = PCURVE('',#256,#261);
#256 = PLANE('',#257);
#257 = AXIS2_PLACEMENT_3D('',#258,#259,#260);
#258 = CARTESIAN_POINT('',(-2.7E+04,4.6E+03,0.));
#259 = DIRECTION('',(-1.,0.,0.));
#260 = DIRECTION('',(0.,0.,1.));
#261 = DEFINITIONAL_REPRESENTATION('',(#262),#265);
#262 = B_SPLINE_CURVE_WITH_KNOTS('',1,(#263,#264),.UNSPECIFIED.,.F.,.F.,
  (2,2),(0.,4.E+03),.PIECEWISE_BEZIER_KNOTS.);
#263 = CARTESIAN_POINT('',(0.,-9.1E+03));
#264 = CARTESIAN_POINT('',(4.E+03,-9.1E+03));
#265 = ( GEOMETRIC_REPRESENTATION_CONTEXT(2) 
PARAMETRIC_REPRESENTATION_CONTEXT() REPRESENTATION_CONTEXT('2D SPACE',''
  ) );
#266 = ADVANCED_FACE('',(#267),#152,.T.);
#267 = FACE_BOUND('',#268,.T.);
#268 = EDGE_LOOP('',(#269,#292,#293,#294));
#269 = ORIENTED_EDGE('',*,*,#270,.F.);
#270 = EDGE_CURVE('',#111,#271,#273,.T.);
#271 = VERTEX_POINT('',#272);
#272 = CARTESIAN_POINT('',(-2.360555127546E+04,4.5E+03,1.E+04));
#273 = SURFACE_CURVE('',#274,(#278,#285),.PCURVE_S1.);
#274 = LINE('',#275,#276);
#275 = CARTESIAN_POINT('',(-3.E+04,4.5E+03,1.E+04));
#276 = VECTOR('',#277,1.);
#277 = DIRECTION('',(1.,0.,0.));
#278 = PCURVE('',#152,#279);
#279 = DEFINITIONAL_REPRESENTATION('',(#280),#284);
#280 = LINE('',#281,#282);
#281 = CARTESIAN_POINT('',(0.,9.E+03));
#282 = VECTOR('',#283,1.);
#283 = DIRECTION('',(1.,0.));
#284 = ( GEOMETRIC_REPRESENTATION_CONTEXT(2) 
PARAMETRIC_REPRESENTATION_CONTEXT() REPRESENTATION_CONTEXT('2D SPACE',''
  ) );
#285 = PCURVE('',#126,#286);
#286 = DEFINITIONAL_REPRESENTATION('',(#287),#291);
#287 = LINE('',#288,#289);
#288 = CARTESIAN_POINT('',(1.E+04,0.));
#289 = VECTOR('',#290,1.);
#290 = DIRECTION('',(0.,1.));
#291 = ( GEOMETRIC_REPRESENTATION_CONTEXT(2) 
PARAMETRIC_REPRESENTATION_CONTEXT() REPRESENTATION_CONTEXT('2D SPACE',''
  ) );
#292 = ORIENTED_EDGE('',*,*,#138,.F.);
#293 = ORIENTED_EDGE('',*,*,#191,.T.);
#294 = ORIENTED_EDGE('',*,*,#295,.T.);
#295 = EDGE_CURVE('',#192,#271,#296,.T.);
#296 = SURFACE_CURVE('',#297,(#301,#307),.PCURVE_S1.);
#297 = LINE('',#298,#299);
#298 = CARTESIAN_POINT('',(-2.360555127546E+04,4.6E+03,1.E+04));
#299 = VECTOR('',#300,1.);
#300 = DIRECTION('',(0.,1.,0.));
#301 = PCURVE('',#152,#302);
#302 = DEFINITIONAL_REPRESENTATION('',(#303),#306);
#303 = B_SPLINE_CURVE_WITH_KNOTS('',1,(#304,#305),.UNSPECIFIED.,.F.,.F.,
  (2,2),(-9.2000000006E+03,6.000000212225E-07),
  .PIECEWISE_BEZIER_KNOTS.);
#304 = CARTESIAN_POINT('',(6.394448724536E+03,-100.0000005999));
#305 = CARTESIAN_POINT('',(6.394448724536E+03,9.1000000006E+03));
#306 = ( GEOMETRIC_REPRESENTATION_CONTEXT(2) 
PARAMETRIC_REPRESENTATION_CONTEXT() REPRESENTATION_CONTEXT('2D SPACE',''
  ) );
#307 = PCURVE('',#231,#308);
#308 = DEFINITIONAL_REPRESENTATION('',(#309),#312);
#309 = B_SPLINE_CURVE_WITH_KNOTS('',1,(#310,#311),.UNSPECIFIED.,.F.,.F.,
  (2,2),(-9.2000000006E+03,6.000000212225E-07),
  .PIECEWISE_BEZIER_KNOTS.);
#310 = CARTESIAN_POINT('',(1.029696800838,-9.2000000006E+03));
#311 = CARTESIAN_POINT('',(1.029696800838,6.000000212225E-07));
#312 = ( GEOMETRIC_REPRESENTATION_CONTEXT(2) 
PARAMETRIC_REPRESENTATION_CONTEXT() REPRESENTATION_CONTEXT('2D SPACE',''
  ) );
#313 = ADVANCED_FACE('',(#314),#126,.T.);
#314 = FACE_BOUND('',#315,.T.);
#315 = EDGE_LOOP('',(#316,#339,#340,#341,#365));
#316 = ORIENTED_EDGE('',*,*,#317,.F.);
#317 = EDGE_CURVE('',#83,#318,#320,.T.);
#318 = VERTEX_POINT('',#319);
#319 = CARTESIAN_POINT('',(-2.7E+04,4.5E+03,0.));
#320 = SURFACE_CURVE('',#321,(#325,#332),.PCURVE_S1.);
#321 = LINE('',#322,#323);
#322 = CARTESIAN_POINT('',(-3.E+04,4.5E+03,0.));
#323 = VECTOR('',#324,1.);
#324 = DIRECTION('',(1.,0.,0.));
#325 = PCURVE('',#126,#326);
#326 = DEFINITIONAL_REPRESENTATION('',(#327),#331);
#327 = LINE('',#328,#329);
#328 = CARTESIAN_POINT('',(0.,0.));
#329 = VECTOR('',#330,1.);
#330 = DIRECTION('',(0.,1.));
#331 = ( GEOMETRIC_REPRESENTATION_CONTEXT(2) 
PARAMETRIC_REPRESENTATION_CONTEXT() REPRESENTATION_CONTEXT('2D SPACE',''
  ) );
#332 = PCURVE('',#98,#333);
#333 = DEFINITIONAL_REPRESENTATION('',(#334),#338);
#334 = LINE('',#335,#336);
#335 = CARTESIAN_POINT('',(0.,9.E+03));
#336 = VECTOR('',#337,1.);
#337 = DIRECTION('',(1.,0.));
#338 = ( GEOMETRIC_REPRESENTATION_CONTEXT(2) 
PARAMETRIC_REPRESENTATION_CONTEXT() REPRESENTATION_CONTEXT('2D SPACE',''
  ) );
#339 = ORIENTED_EDGE('',*,*,#110,.T.);
#340 = ORIENTED_EDGE('',*,*,#270,.T.);
#341 = ORIENTED_EDGE('',*,*,#342,.F.);
#342 = EDGE_CURVE('',#343,#271,#345,.T.);
#343 = VERTEX_POINT('',#344);
#344 = CARTESIAN_POINT('',(-2.7E+04,4.5E+03,4.E+03));
#345 = SURFACE_CURVE('',#346,(#351,#358),.PCURVE_S1.);
#346 = CIRCLE('',#347,7.E+03);
#347 = AXIS2_PLACEMENT_3D('',#348,#349,#350);
#348 = CARTESIAN_POINT('',(-2.E+04,4.5E+03,4.E+03));
#349 = DIRECTION('',(0.,1.,0.));
#350 = DIRECTION('',(-1.,0.,0.));
#351 = PCURVE('',#126,#352);
#352 = DEFINITIONAL_REPRESENTATION('',(#353),#357);
#353 = CIRCLE('',#354,7.E+03);
#354 = AXIS2_PLACEMENT_2D('',#355,#356);
#355 = CARTESIAN_POINT('',(4.E+03,1.E+04));
#356 = DIRECTION('',(0.,-1.));
#357 = ( GEOMETRIC_REPRESENTATION_CONTEXT(2) 
PARAMETRIC_REPRESENTATION_CONTEXT() REPRESENTATION_CONTEXT('2D SPACE',''
  ) );
#358 = PCURVE('',#231,#359);
#359 = DEFINITIONAL_REPRESENTATION('',(#360),#364);
#360 = LINE('',#361,#362);
#361 = CARTESIAN_POINT('',(0.,-100.));
#362 = VECTOR('',#363,1.);
#363 = DIRECTION('',(1.,0.));
#364 = ( GEOMETRIC_REPRESENTATION_CONTEXT(2) 
PARAMETRIC_REPRESENTATION_CONTEXT() REPRESENTATION_CONTEXT('2D SPACE',''
  ) );
#365 = ORIENTED_EDGE('',*,*,#366,.F.);
#366 = EDGE_CURVE('',#318,#343,#367,.T.);
#367 = SURFACE_CURVE('',#368,(#372,#378),.PCURVE_S1.);
#368 = LINE('',#369,#370);
#369 = CARTESIAN_POINT('',(-2.7E+04,4.5E+03,0.));
#370 = VECTOR('',#371,1.);
#371 = DIRECTION('',(0.,-0.,1.));
#372 = PCURVE('',#126,#373);
#373 = DEFINITIONAL_REPRESENTATION('',(#374),#377);
#374 = B_SPLINE_CURVE_WITH_KNOTS('',1,(#375,#376),.UNSPECIFIED.,.F.,.F.,
  (2,2),(0.,4.E+03),.PIECEWISE_BEZIER_KNOTS.);
#375 = CARTESIAN_POINT('',(0.,3.E+03));
#376 = CARTESIAN_POINT('',(4.E+03,3.E+03));
#377 = ( GEOMETRIC_REPRESENTATION_CONTEXT(2) 
PARAMETRIC_REPRESENTATION_CONTEXT() REPRESENTATION_CONTEXT('2D SPACE',''
  ) );
#378 = PCURVE('',#256,#379);
#379 = DEFINITIONAL_REPRESENTATION('',(#380),#383);
#380 = B_SPLINE_CURVE_WITH_KNOTS('',1,(#381,#382),.UNSPECIFIED.,.F.,.F.,
  (2,2),(0.,4.E+03),.PIECEWISE_BEZIER_KNOTS.);
#381 = CARTESIAN_POINT('',(0.,-100.));
#382 = CARTESIAN_POINT('',(4.E+03,-100.));
#383 = ( GEOMETRIC_REPRESENTATION_CONTEXT(2) 
PARAMETRIC_REPRESENTATION_CONTEXT() REPRESENTATION_CONTEXT('2D SPACE',''
  ) );
#384 = ADVANCED_FACE('',(#385),#98,.F.);
#385 = FACE_BOUND('',#386,.F.);
#386 = EDGE_LOOP('',(#387,#388,#389,#390));
#387 = ORIENTED_EDGE('',*,*,#317,.F.);
#388 = ORIENTED_EDGE('',*,*,#82,.F.);
#389 = ORIENTED_EDGE('',*,*,#167,.T.);
#390 = ORIENTED_EDGE('',*,*,#391,.F.);
#391 = EDGE_CURVE('',#318,#168,#392,.T.);
#392 = SURFACE_CURVE('',#393,(#397,#404),.PCURVE_S1.);
#393 = LINE('',#394,#395);
#394 = CARTESIAN_POINT('',(-2.7E+04,4.6E+03,0.));
#395 = VECTOR('',#396,1.);
#396 = DIRECTION('',(0.,-1.,0.));
#397 = PCURVE('',#98,#398);
#398 = DEFINITIONAL_REPRESENTATION('',(#399),#403);
#399 = LINE('',#400,#401);
#400 = CARTESIAN_POINT('',(3.E+03,9.1E+03));
#401 = VECTOR('',#402,1.);
#402 = DIRECTION('',(0.,-1.));
#403 = ( GEOMETRIC_REPRESENTATION_CONTEXT(2) 
PARAMETRIC_REPRESENTATION_CONTEXT() REPRESENTATION_CONTEXT('2D SPACE',''
  ) );
#404 = PCURVE('',#256,#405);
#405 = DEFINITIONAL_REPRESENTATION('',(#406),#410);
#406 = LINE('',#407,#408);
#407 = CARTESIAN_POINT('',(0.,0.));
#408 = VECTOR('',#409,1.);
#409 = DIRECTION('',(0.,-1.));
#410 = ( GEOMETRIC_REPRESENTATION_CONTEXT(2) 
PARAMETRIC_REPRESENTATION_CONTEXT() REPRESENTATION_CONTEXT('2D SPACE',''
  ) );
#411 = ADVANCED_FACE('',(#412),#256,.F.);
#412 = FACE_BOUND('',#413,.F.);
#413 = EDGE_LOOP('',(#414,#415,#416,#417));
#414 = ORIENTED_EDGE('',*,*,#366,.F.);
#415 = ORIENTED_EDGE('',*,*,#391,.T.);
#416 = ORIENTED_EDGE('',*,*,#243,.T.);
#417 = ORIENTED_EDGE('',*,*,#418,.F.);
#418 = EDGE_CURVE('',#343,#215,#419,.T.);
#419 = SURFACE_CURVE('',#420,(#424,#431),.PCURVE_S1.);
#420 = LINE('',#421,#422);
#421 = CARTESIAN_POINT('',(-2.7E+04,4.6E+03,4.E+03));
#422 = VECTOR('',#423,1.);
#423 = DIRECTION('',(0.,-1.,0.));
#424 = PCURVE('',#256,#425);
#425 = DEFINITIONAL_REPRESENTATION('',(#426),#430);
#426 = LINE('',#427,#428);
#427 = CARTESIAN_POINT('',(4.E+03,0.));
#428 = VECTOR('',#429,1.);
#429 = DIRECTION('',(0.,-1.));
#430 = ( GEOMETRIC_REPRESENTATION_CONTEXT(2) 
PARAMETRIC_REPRESENTATION_CONTEXT() REPRESENTATION_CONTEXT('2D SPACE',''
  ) );
#431 = PCURVE('',#231,#432);
#432 = DEFINITIONAL_REPRESENTATION('',(#433),#437);
#433 = LINE('',#434,#435);
#434 = CARTESIAN_POINT('',(0.,0.));
#435 = VECTOR('',#436,1.);
#436 = DIRECTION('',(0.,-1.));
#437 = ( GEOMETRIC_REPRESENTATION_CONTEXT(2) 
PARAMETRIC_REPRESENTATION_CONTEXT() REPRESENTATION_CONTEXT('2D SPACE',''
  ) );
#438 = ADVANCED_FACE('',(#439),#231,.F.);
#439 = FACE_BOUND('',#440,.F.);
#440 = EDGE_LOOP('',(#441,#442,#443,#444));
#441 = ORIENTED_EDGE('',*,*,#342,.F.);
#442 = ORIENTED_EDGE('',*,*,#418,.T.);
#443 = ORIENTED_EDGE('',*,*,#214,.T.);
#444 = ORIENTED_EDGE('',*,*,#295,.T.);
#445 = MANIFOLD_SOLID_BREP('',#446);
#446 = CLOSED_SHELL('',(#447,#621,#697,#744,#792,#839,#889,#914));
#447 = ADVANCED_FACE('',(#448),#462,.F.);
#448 = FACE_BOUND('',#449,.F.);
#449 = EDGE_LOOP('',(#450,#485,#511,#540,#568,#597));
#450 = ORIENTED_EDGE('',*,*,#451,.F.);
#451 = EDGE_CURVE('',#452,#454,#456,.T.);
#452 = VERTEX_POINT('',#453);
#453 = CARTESIAN_POINT('',(-1.3E+04,-4.5E+03,0.));
#454 = VERTEX_POINT('',#455);
#455 = CARTESIAN_POINT('',(-7.E+03,-4.5E+03,0.));
#456 = SURFACE_CURVE('',#457,(#461,#473),.PCURVE_S1.);
#457 = LINE('',#458,#459);
#458 = CARTESIAN_POINT('',(-3.E+04,-4.5E+03,0.));
#459 = VECTOR('',#460,1.);
#460 = DIRECTION('',(1.,0.,0.));
#461 = PCURVE('',#462,#467);
#462 = PLANE('',#463);
#463 = AXIS2_PLACEMENT_3D('',#464,#465,#466);
#464 = CARTESIAN_POINT('',(-3.E+04,-4.5E+03,0.));
#465 = DIRECTION('',(0.,1.,0.));
#466 = DIRECTION('',(0.,0.,1.));
#467 = DEFINITIONAL_REPRESENTATION('',(#468),#472);
#468 = LINE('',#469,#470);
#469 = CARTESIAN_POINT('',(0.,0.));
#470 = VECTOR('',#471,1.);
#471 = DIRECTION('',(0.,1.));
#472 = ( GEOMETRIC_REPRESENTATION_CONTEXT(2) 
PARAMETRIC_REPRESENTATION_CONTEXT() REPRESENTATION_CONTEXT('2D SPACE',''
  ) );
#473 = PCURVE('',#474,#479);
#474 = PLANE('',#475);
#475 = AXIS2_PLACEMENT_3D('',#476,#477,#478);
#476 = CARTESIAN_POINT('',(-3.E+04,-4.5E+03,0.));
#477 = DIRECTION('',(0.,0.,1.));
#478 = DIRECTION('',(1.,0.,0.));
#479 = DEFINITIONAL_REPRESENTATION('',(#480),#484);
#480 = LINE('',#481,#482);
#481 = CARTESIAN_POINT('',(0.,0.));
#482 = VECTOR('',#483,1.);
#483 = DIRECTION('',(1.,0.));
#484 = ( GEOMETRIC_REPRESENTATION_CONTEXT(2) 
PARAMETRIC_REPRESENTATION_CONTEXT() REPRESENTATION_CONTEXT('2D SPACE',''
  ) );
#485 = ORIENTED_EDGE('',*,*,#486,.F.);
#486 = EDGE_CURVE('',#487,#452,#489,.T.);
#487 = VERTEX_POINT('',#488);
#488 = CARTESIAN_POINT('',(-1.3E+04,-4.5E+03,4.E+03));
#489 = SURFACE_CURVE('',#490,(#494,#500),.PCURVE_S1.);
#490 = LINE('',#491,#492);
#491 = CARTESIAN_POINT('',(-1.3E+04,-4.5E+03,2.E+03));
#492 = VECTOR('',#493,1.);
#493 = DIRECTION('',(0.,0.,-1.));
#494 = PCURVE('',#462,#495);
#495 = DEFINITIONAL_REPRESENTATION('',(#496),#499);
#496 = B_SPLINE_CURVE_WITH_KNOTS('',1,(#497,#498),.UNSPECIFIED.,.F.,.F.,
  (2,2),(-2.E+03,2.E+03),.PIECEWISE_BEZIER_KNOTS.);
#497 = CARTESIAN_POINT('',(4.E+03,1.7E+04));
#498 = CARTESIAN_POINT('',(0.,1.7E+04));
#499 = ( GEOMETRIC_REPRESENTATION_CONTEXT(2) 
PARAMETRIC_REPRESENTATION_CONTEXT() REPRESENTATION_CONTEXT('2D SPACE',''
  ) );
#500 = PCURVE('',#501,#506);
#501 = PLANE('',#502);
#502 = AXIS2_PLACEMENT_3D('',#503,#504,#505);
#503 = CARTESIAN_POINT('',(-1.3E+04,4.6E+03,4.E+03));
#504 = DIRECTION('',(1.,0.,0.));
#505 = DIRECTION('',(0.,0.,-1.));
#506 = DEFINITIONAL_REPRESENTATION('',(#507),#510);
#507 = B_SPLINE_CURVE_WITH_KNOTS('',1,(#508,#509),.UNSPECIFIED.,.F.,.F.,
  (2,2),(-2.E+03,2.E+03),.PIECEWISE_BEZIER_KNOTS.);
#508 = CARTESIAN_POINT('',(0.,-9.1E+03));
#509 = CARTESIAN_POINT('',(4.E+03,-9.1E+03));
#510 = ( GEOMETRIC_REPRESENTATION_CONTEXT(2) 
PARAMETRIC_REPRESENTATION_CONTEXT() REPRESENTATION_CONTEXT('2D SPACE',''
  ) );
#511 = ORIENTED_EDGE('',*,*,#512,.F.);
#512 = EDGE_CURVE('',#513,#487,#515,.T.);
#513 = VERTEX_POINT('',#514);
#514 = CARTESIAN_POINT('',(-1.639444872454E+04,-4.5E+03,1.E+04));
#515 = SURFACE_CURVE('',#516,(#521,#528),.PCURVE_S1.);
#516 = CIRCLE('',#517,7.E+03);
#517 = AXIS2_PLACEMENT_3D('',#518,#519,#520);
#518 = CARTESIAN_POINT('',(-2.E+04,-4.5E+03,4.E+03));
#519 = DIRECTION('',(0.,1.,0.));
#520 = DIRECTION('',(-1.,0.,0.));
#521 = PCURVE('',#462,#522);
#522 = DEFINITIONAL_REPRESENTATION('',(#523),#527);
#523 = CIRCLE('',#524,7.E+03);
#524 = AXIS2_PLACEMENT_2D('',#525,#526);
#525 = CARTESIAN_POINT('',(4.E+03,1.E+04));
#526 = DIRECTION('',(0.,-1.));
#527 = ( GEOMETRIC_REPRESENTATION_CONTEXT(2) 
PARAMETRIC_REPRESENTATION_CONTEXT() REPRESENTATION_CONTEXT('2D SPACE',''
  ) );
#528 = PCURVE('',#529,#534);
#529 = CYLINDRICAL_SURFACE('',#530,7.E+03);
#530 = AXIS2_PLACEMENT_3D('',#531,#532,#533);
#531 = CARTESIAN_POINT('',(-2.E+04,4.6E+03,4.E+03));
#532 = DIRECTION('',(0.,1.,0.));
#533 = DIRECTION('',(-1.,0.,-0.));
#534 = DEFINITIONAL_REPRESENTATION('',(#535),#539);
#535 = LINE('',#536,#537);
#536 = CARTESIAN_POINT('',(0.,-9.1E+03));
#537 = VECTOR('',#538,1.);
#538 = DIRECTION('',(1.,0.));
#539 = ( GEOMETRIC_REPRESENTATION_CONTEXT(2) 
PARAMETRIC_REPRESENTATION_CONTEXT() REPRESENTATION_CONTEXT('2D SPACE',''
  ) );
#540 = ORIENTED_EDGE('',*,*,#541,.T.);
#541 = EDGE_CURVE('',#513,#542,#544,.T.);
#542 = VERTEX_POINT('',#543);
#543 = CARTESIAN_POINT('',(-3.605551275464E+03,-4.5E+03,1.E+04));
#544 = SURFACE_CURVE('',#545,(#549,#556),.PCURVE_S1.);
#545 = LINE('',#546,#547);
#546 = CARTESIAN_POINT('',(-3.E+04,-4.5E+03,1.E+04));
#547 = VECTOR('',#548,1.);
#548 = DIRECTION('',(1.,0.,0.));
#549 = PCURVE('',#462,#550);
#550 = DEFINITIONAL_REPRESENTATION('',(#551),#555);
#551 = LINE('',#552,#553);
#552 = CARTESIAN_POINT('',(1.E+04,0.));
#553 = VECTOR('',#554,1.);
#554 = DIRECTION('',(0.,1.));
#555 = ( GEOMETRIC_REPRESENTATION_CONTEXT(2) 
PARAMETRIC_REPRESENTATION_CONTEXT() REPRESENTATION_CONTEXT('2D SPACE',''
  ) );
#556 = PCURVE('',#557,#562);
#557 = PLANE('',#558);
#558 = AXIS2_PLACEMENT_3D('',#559,#560,#561);
#559 = CARTESIAN_POINT('',(-3.E+04,-4.5E+03,1.E+04));
#560 = DIRECTION('',(0.,0.,1.));
#561 = DIRECTION('',(1.,0.,0.));
#562 = DEFINITIONAL_REPRESENTATION('',(#563),#567);
#563 = LINE('',#564,#565);
#564 = CARTESIAN_POINT('',(0.,0.));
#565 = VECTOR('',#566,1.);
#566 = DIRECTION('',(1.,0.));
#567 = ( GEOMETRIC_REPRESENTATION_CONTEXT(2) 
PARAMETRIC_REPRESENTATION_CONTEXT() REPRESENTATION_CONTEXT('2D SPACE',''
  ) );
#568 = ORIENTED_EDGE('',*,*,#569,.F.);
#569 = EDGE_CURVE('',#570,#542,#572,.T.);
#570 = VERTEX_POINT('',#571);
#571 = CARTESIAN_POINT('',(-7.E+03,-4.5E+03,4.E+03));
#572 = SURFACE_CURVE('',#573,(#578,#585),.PCURVE_S1.);
#573 = CIRCLE('',#574,7.E+03);
#574 = AXIS2_PLACEMENT_3D('',#575,#576,#577);
#575 = CARTESIAN_POINT('',(0.,-4.5E+03,4.E+03));
#576 = DIRECTION('',(0.,1.,0.));
#577 = DIRECTION('',(-1.,0.,0.));
#578 = PCURVE('',#462,#579);
#579 = DEFINITIONAL_REPRESENTATION('',(#580),#584);
#580 = CIRCLE('',#581,7.E+03);
#581 = AXIS2_PLACEMENT_2D('',#582,#583);
#582 = CARTESIAN_POINT('',(4.E+03,3.E+04));
#583 = DIRECTION('',(0.,-1.));
#584 = ( GEOMETRIC_REPRESENTATION_CONTEXT(2) 
PARAMETRIC_REPRESENTATION_CONTEXT() REPRESENTATION_CONTEXT('2D SPACE',''
  ) );
#585 = PCURVE('',#586,#591);
#586 = CYLINDRICAL_SURFACE('',#587,7.E+03);
#587 = AXIS2_PLACEMENT_3D('',#588,#589,#590);
#588 = CARTESIAN_POINT('',(0.,4.6E+03,4.E+03));
#589 = DIRECTION('',(0.,1.,0.));
#590 = DIRECTION('',(-1.,0.,-0.));
#591 = DEFINITIONAL_REPRESENTATION('',(#592),#596);
#592 = LINE('',#593,#594);
#593 = CARTESIAN_POINT('',(0.,-9.1E+03));
#594 = VECTOR('',#595,1.);
#595 = DIRECTION('',(1.,0.));
#596 = ( GEOMETRIC_REPRESENTATION_CONTEXT(2) 
PARAMETRIC_REPRESENTATION_CONTEXT() REPRESENTATION_CONTEXT('2D SPACE',''
  ) );
#597 = ORIENTED_EDGE('',*,*,#598,.F.);
#598 = EDGE_CURVE('',#454,#570,#599,.T.);
#599 = SURFACE_CURVE('',#600,(#604,#610),.PCURVE_S1.);
#600 = LINE('',#601,#602);
#601 = CARTESIAN_POINT('',(-7.E+03,-4.5E+03,0.));
#602 = VECTOR('',#603,1.);
#603 = DIRECTION('',(0.,-0.,1.));
#604 = PCURVE('',#462,#605);
#605 = DEFINITIONAL_REPRESENTATION('',(#606),#609);
#606 = B_SPLINE_CURVE_WITH_KNOTS('',1,(#607,#608),.UNSPECIFIED.,.F.,.F.,
  (2,2),(0.,4.E+03),.PIECEWISE_BEZIER_KNOTS.);
#607 = CARTESIAN_POINT('',(0.,2.3E+04));
#608 = CARTESIAN_POINT('',(4.E+03,2.3E+04));
#609 = ( GEOMETRIC_REPRESENTATION_CONTEXT(2) 
PARAMETRIC_REPRESENTATION_CONTEXT() REPRESENTATION_CONTEXT('2D SPACE',''
  ) );
#610 = PCURVE('',#611,#616);
#611 = PLANE('',#612);
#612 = AXIS2_PLACEMENT_3D('',#613,#614,#615);
#613 = CARTESIAN_POINT('',(-7.E+03,4.6E+03,0.));
#614 = DIRECTION('',(-1.,0.,0.));
#615 = DIRECTION('',(0.,0.,1.));
#616 = DEFINITIONAL_REPRESENTATION('',(#617),#620);
#617 = B_SPLINE_CURVE_WITH_KNOTS('',1,(#618,#619),.UNSPECIFIED.,.F.,.F.,
  (2,2),(0.,4.E+03),.PIECEWISE_BEZIER_KNOTS.);
#618 = CARTESIAN_POINT('',(0.,-9.1E+03));
#619 = CARTESIAN_POINT('',(4.E+03,-9.1E+03));
#620 = ( GEOMETRIC_REPRESENTATION_CONTEXT(2) 
PARAMETRIC_REPRESENTATION_CONTEXT() REPRESENTATION_CONTEXT('2D SPACE',''
  ) );
#621 = ADVANCED_FACE('',(#622),#474,.F.);
#622 = FACE_BOUND('',#623,.F.);
#623 = EDGE_LOOP('',(#624,#654,#675,#676));
#624 = ORIENTED_EDGE('',*,*,#625,.F.);
#625 = EDGE_CURVE('',#626,#628,#630,.T.);
#626 = VERTEX_POINT('',#627);
#627 = CARTESIAN_POINT('',(-1.3E+04,4.5E+03,0.));
#628 = VERTEX_POINT('',#629);
#629 = CARTESIAN_POINT('',(-7.E+03,4.5E+03,0.));
#630 = SURFACE_CURVE('',#631,(#635,#642),.PCURVE_S1.);
#631 = LINE('',#632,#633);
#632 = CARTESIAN_POINT('',(-3.E+04,4.5E+03,0.));
#633 = VECTOR('',#634,1.);
#634 = DIRECTION('',(1.,0.,0.));
#635 = PCURVE('',#474,#636);
#636 = DEFINITIONAL_REPRESENTATION('',(#637),#641);
#637 = LINE('',#638,#639);
#638 = CARTESIAN_POINT('',(0.,9.E+03));
#639 = VECTOR('',#640,1.);
#640 = DIRECTION('',(1.,0.));
#641 = ( GEOMETRIC_REPRESENTATION_CONTEXT(2) 
PARAMETRIC_REPRESENTATION_CONTEXT() REPRESENTATION_CONTEXT('2D SPACE',''
  ) );
#642 = PCURVE('',#643,#648);
#643 = PLANE('',#644);
#644 = AXIS2_PLACEMENT_3D('',#645,#646,#647);
#645 = CARTESIAN_POINT('',(-3.E+04,4.5E+03,0.));
#646 = DIRECTION('',(0.,1.,0.));
#647 = DIRECTION('',(0.,0.,1.));
#648 = DEFINITIONAL_REPRESENTATION('',(#649),#653);
#649 = LINE('',#650,#651);
#650 = CARTESIAN_POINT('',(0.,0.));
#651 = VECTOR('',#652,1.);
#652 = DIRECTION('',(0.,1.));
#653 = ( GEOMETRIC_REPRESENTATION_CONTEXT(2) 
PARAMETRIC_REPRESENTATION_CONTEXT() REPRESENTATION_CONTEXT('2D SPACE',''
  ) );
#654 = ORIENTED_EDGE('',*,*,#655,.T.);
#655 = EDGE_CURVE('',#626,#452,#656,.T.);
#656 = SURFACE_CURVE('',#657,(#661,#668),.PCURVE_S1.);
#657 = LINE('',#658,#659);
#658 = CARTESIAN_POINT('',(-1.3E+04,4.6E+03,0.));
#659 = VECTOR('',#660,1.);
#660 = DIRECTION('',(0.,-1.,0.));
#661 = PCURVE('',#474,#662);
#662 = DEFINITIONAL_REPRESENTATION('',(#663),#667);
#663 = LINE('',#664,#665);
#664 = CARTESIAN_POINT('',(1.7E+04,9.1E+03));
#665 = VECTOR('',#666,1.);
#666 = DIRECTION('',(0.,-1.));
#667 = ( GEOMETRIC_REPRESENTATION_CONTEXT(2) 
PARAMETRIC_REPRESENTATION_CONTEXT() REPRESENTATION_CONTEXT('2D SPACE',''
  ) );
#668 = PCURVE('',#501,#669);
#669 = DEFINITIONAL_REPRESENTATION('',(#670),#674);
#670 = LINE('',#671,#672);
#671 = CARTESIAN_POINT('',(4.E+03,0.));
#672 = VECTOR('',#673,1.);
#673 = DIRECTION('',(0.,-1.));
#674 = ( GEOMETRIC_REPRESENTATION_CONTEXT(2) 
PARAMETRIC_REPRESENTATION_CONTEXT() REPRESENTATION_CONTEXT('2D SPACE',''
  ) );
#675 = ORIENTED_EDGE('',*,*,#451,.T.);
#676 = ORIENTED_EDGE('',*,*,#677,.F.);
#677 = EDGE_CURVE('',#628,#454,#678,.T.);
#678 = SURFACE_CURVE('',#679,(#683,#690),.PCURVE_S1.);
#679 = LINE('',#680,#681);
#680 = CARTESIAN_POINT('',(-7.E+03,4.6E+03,0.));
#681 = VECTOR('',#682,1.);
#682 = DIRECTION('',(0.,-1.,0.));
#683 = PCURVE('',#474,#684);
#684 = DEFINITIONAL_REPRESENTATION('',(#685),#689);
#685 = LINE('',#686,#687);
#686 = CARTESIAN_POINT('',(2.3E+04,9.1E+03));
#687 = VECTOR('',#688,1.);
#688 = DIRECTION('',(0.,-1.));
#689 = ( GEOMETRIC_REPRESENTATION_CONTEXT(2) 
PARAMETRIC_REPRESENTATION_CONTEXT() REPRESENTATION_CONTEXT('2D SPACE',''
  ) );
#690 = PCURVE('',#611,#691);
#691 = DEFINITIONAL_REPRESENTATION('',(#692),#696);
#692 = LINE('',#693,#694);
#693 = CARTESIAN_POINT('',(0.,0.));
#694 = VECTOR('',#695,1.);
#695 = DIRECTION('',(0.,-1.));
#696 = ( GEOMETRIC_REPRESENTATION_CONTEXT(2) 
PARAMETRIC_REPRESENTATION_CONTEXT() REPRESENTATION_CONTEXT('2D SPACE',''
  ) );
#697 = ADVANCED_FACE('',(#698),#611,.F.);
#698 = FACE_BOUND('',#699,.F.);
#699 = EDGE_LOOP('',(#700,#721,#722,#723));
#700 = ORIENTED_EDGE('',*,*,#701,.F.);
#701 = EDGE_CURVE('',#628,#702,#704,.T.);
#702 = VERTEX_POINT('',#703);
#703 = CARTESIAN_POINT('',(-7.E+03,4.5E+03,4.E+03));
#704 = SURFACE_CURVE('',#705,(#709,#715),.PCURVE_S1.);
#705 = LINE('',#706,#707);
#706 = CARTESIAN_POINT('',(-7.E+03,4.5E+03,0.));
#707 = VECTOR('',#708,1.);
#708 = DIRECTION('',(0.,-0.,1.));
#709 = PCURVE('',#611,#710);
#710 = DEFINITIONAL_REPRESENTATION('',(#711),#714);
#711 = B_SPLINE_CURVE_WITH_KNOTS('',1,(#712,#713),.UNSPECIFIED.,.F.,.F.,
  (2,2),(0.,4.E+03),.PIECEWISE_BEZIER_KNOTS.);
#712 = CARTESIAN_POINT('',(0.,-100.));
#713 = CARTESIAN_POINT('',(4.E+03,-100.));
#714 = ( GEOMETRIC_REPRESENTATION_CONTEXT(2) 
PARAMETRIC_REPRESENTATION_CONTEXT() REPRESENTATION_CONTEXT('2D SPACE',''
  ) );
#715 = PCURVE('',#643,#716);
#716 = DEFINITIONAL_REPRESENTATION('',(#717),#720);
#717 = B_SPLINE_CURVE_WITH_KNOTS('',1,(#718,#719),.UNSPECIFIED.,.F.,.F.,
  (2,2),(0.,4.E+03),.PIECEWISE_BEZIER_KNOTS.);
#718 = CARTESIAN_POINT('',(0.,2.3E+04));
#719 = CARTESIAN_POINT('',(4.E+03,2.3E+04));
#720 = ( GEOMETRIC_REPRESENTATION_CONTEXT(2) 
PARAMETRIC_REPRESENTATION_CONTEXT() REPRESENTATION_CONTEXT('2D SPACE',''
  ) );
#721 = ORIENTED_EDGE('',*,*,#677,.T.);
#722 = ORIENTED_EDGE('',*,*,#598,.T.);
#723 = ORIENTED_EDGE('',*,*,#724,.F.);
#724 = EDGE_CURVE('',#702,#570,#725,.T.);
#725 = SURFACE_CURVE('',#726,(#730,#737),.PCURVE_S1.);
#726 = LINE('',#727,#728);
#727 = CARTESIAN_POINT('',(-7.E+03,4.6E+03,4.E+03));
#728 = VECTOR('',#729,1.);
#729 = DIRECTION('',(0.,-1.,0.));
#730 = PCURVE('',#611,#731);
#731 = DEFINITIONAL_REPRESENTATION('',(#732),#736);
#732 = LINE('',#733,#734);
#733 = CARTESIAN_POINT('',(4.E+03,0.));
#734 = VECTOR('',#735,1.);
#735 = DIRECTION('',(0.,-1.));
#736 = ( GEOMETRIC_REPRESENTATION_CONTEXT(2) 
PARAMETRIC_REPRESENTATION_CONTEXT() REPRESENTATION_CONTEXT('2D SPACE',''
  ) );
#737 = PCURVE('',#586,#738);
#738 = DEFINITIONAL_REPRESENTATION('',(#739),#743);
#739 = LINE('',#740,#741);
#740 = CARTESIAN_POINT('',(0.,0.));
#741 = VECTOR('',#742,1.);
#742 = DIRECTION('',(0.,-1.));
#743 = ( GEOMETRIC_REPRESENTATION_CONTEXT(2) 
PARAMETRIC_REPRESENTATION_CONTEXT() REPRESENTATION_CONTEXT('2D SPACE',''
  ) );
#744 = ADVANCED_FACE('',(#745),#586,.F.);
#745 = FACE_BOUND('',#746,.F.);
#746 = EDGE_LOOP('',(#747,#771,#772,#773));
#747 = ORIENTED_EDGE('',*,*,#748,.F.);
#748 = EDGE_CURVE('',#702,#749,#751,.T.);
#749 = VERTEX_POINT('',#750);
#750 = CARTESIAN_POINT('',(-3.605551275464E+03,4.5E+03,1.E+04));
#751 = SURFACE_CURVE('',#752,(#757,#764),.PCURVE_S1.);
#752 = CIRCLE('',#753,7.E+03);
#753 = AXIS2_PLACEMENT_3D('',#754,#755,#756);
#754 = CARTESIAN_POINT('',(0.,4.5E+03,4.E+03));
#755 = DIRECTION('',(0.,1.,0.));
#756 = DIRECTION('',(-1.,0.,0.));
#757 = PCURVE('',#586,#758);
#758 = DEFINITIONAL_REPRESENTATION('',(#759),#763);
#759 = LINE('',#760,#761);
#760 = CARTESIAN_POINT('',(0.,-100.));
#761 = VECTOR('',#762,1.);
#762 = DIRECTION('',(1.,0.));
#763 = ( GEOMETRIC_REPRESENTATION_CONTEXT(2) 
PARAMETRIC_REPRESENTATION_CONTEXT() REPRESENTATION_CONTEXT('2D SPACE',''
  ) );
#764 = PCURVE('',#643,#765);
#765 = DEFINITIONAL_REPRESENTATION('',(#766),#770);
#766 = CIRCLE('',#767,7.E+03);
#767 = AXIS2_PLACEMENT_2D('',#768,#769);
#768 = CARTESIAN_POINT('',(4.E+03,3.E+04));
#769 = DIRECTION('',(0.,-1.));
#770 = ( GEOMETRIC_REPRESENTATION_CONTEXT(2) 
PARAMETRIC_REPRESENTATION_CONTEXT() REPRESENTATION_CONTEXT('2D SPACE',''
  ) );
#771 = ORIENTED_EDGE('',*,*,#724,.T.);
#772 = ORIENTED_EDGE('',*,*,#569,.T.);
#773 = ORIENTED_EDGE('',*,*,#774,.T.);
#774 = EDGE_CURVE('',#542,#749,#775,.T.);
#775 = SURFACE_CURVE('',#776,(#780,#786),.PCURVE_S1.);
#776 = LINE('',#777,#778);
#777 = CARTESIAN_POINT('',(-3.605551275464E+03,4.6E+03,1.E+04));
#778 = VECTOR('',#779,1.);
#779 = DIRECTION('',(0.,1.,0.));
#780 = PCURVE('',#586,#781);
#781 = DEFINITIONAL_REPRESENTATION('',(#782),#785);
#782 = B_SPLINE_CURVE_WITH_KNOTS('',1,(#783,#784),.UNSPECIFIED.,.F.,.F.,
  (2,2),(-9.2000000006E+03,6.000000212225E-07),
  .PIECEWISE_BEZIER_KNOTS.);
#783 = CARTESIAN_POINT('',(1.029696800838,-9.2000000006E+03));
#784 = CARTESIAN_POINT('',(1.029696800838,6.000000212225E-07));
#785 = ( GEOMETRIC_REPRESENTATION_CONTEXT(2) 
PARAMETRIC_REPRESENTATION_CONTEXT() REPRESENTATION_CONTEXT('2D SPACE',''
  ) );
#786 = PCURVE('',#557,#787);
#787 = DEFINITIONAL_REPRESENTATION('',(#788),#791);
#788 = B_SPLINE_CURVE_WITH_KNOTS('',1,(#789,#790),.UNSPECIFIED.,.F.,.F.,
  (2,2),(-9.2000000006E+03,6.000000212225E-07),
  .PIECEWISE_BEZIER_KNOTS.);
#789 = CARTESIAN_POINT('',(2.639444872454E+04,-100.0000005999));
#790 = CARTESIAN_POINT('',(2.639444872454E+04,9.1000000006E+03));
#791 = ( GEOMETRIC_REPRESENTATION_CONTEXT(2) 
PARAMETRIC_REPRESENTATION_CONTEXT() REPRESENTATION_CONTEXT('2D SPACE',''
  ) );
#792 = ADVANCED_FACE('',(#793),#557,.T.);
#793 = FACE_BOUND('',#794,.T.);
#794 = EDGE_LOOP('',(#795,#818,#837,#838));
#795 = ORIENTED_EDGE('',*,*,#796,.F.);
#796 = EDGE_CURVE('',#797,#749,#799,.T.);
#797 = VERTEX_POINT('',#798);
#798 = CARTESIAN_POINT('',(-1.639444872454E+04,4.5E+03,1.E+04));
#799 = SURFACE_CURVE('',#800,(#804,#811),.PCURVE_S1.);
#800 = LINE('',#801,#802);
#801 = CARTESIAN_POINT('',(-3.E+04,4.5E+03,1.E+04));
#802 = VECTOR('',#803,1.);
#803 = DIRECTION('',(1.,0.,0.));
#804 = PCURVE('',#557,#805);
#805 = DEFINITIONAL_REPRESENTATION('',(#806),#810);
#806 = LINE('',#807,#808);
#807 = CARTESIAN_POINT('',(0.,9.E+03));
#808 = VECTOR('',#809,1.);
#809 = DIRECTION('',(1.,0.));
#810 = ( GEOMETRIC_REPRESENTATION_CONTEXT(2) 
PARAMETRIC_REPRESENTATION_CONTEXT() REPRESENTATION_CONTEXT('2D SPACE',''
  ) );
#811 = PCURVE('',#643,#812);
#812 = DEFINITIONAL_REPRESENTATION('',(#813),#817);
#813 = LINE('',#814,#815);
#814 = CARTESIAN_POINT('',(1.E+04,0.));
#815 = VECTOR('',#816,1.);
#816 = DIRECTION('',(0.,1.));
#817 = ( GEOMETRIC_REPRESENTATION_CONTEXT(2) 
PARAMETRIC_REPRESENTATION_CONTEXT() REPRESENTATION_CONTEXT('2D SPACE',''
  ) );
#818 = ORIENTED_EDGE('',*,*,#819,.F.);
#819 = EDGE_CURVE('',#513,#797,#820,.T.);
#820 = SURFACE_CURVE('',#821,(#825,#831),.PCURVE_S1.);
#821 = LINE('',#822,#823);
#822 = CARTESIAN_POINT('',(-1.639444872454E+04,4.6E+03,1.E+04));
#823 = VECTOR('',#824,1.);
#824 = DIRECTION('',(0.,1.,0.));
#825 = PCURVE('',#557,#826);
#826 = DEFINITIONAL_REPRESENTATION('',(#827),#830);
#827 = B_SPLINE_CURVE_WITH_KNOTS('',1,(#828,#829),.UNSPECIFIED.,.F.,.F.,
  (2,2),(-9.2000000006E+03,6.000000212225E-07),
  .PIECEWISE_BEZIER_KNOTS.);
#828 = CARTESIAN_POINT('',(1.360555127546E+04,-100.0000005999));
#829 = CARTESIAN_POINT('',(1.360555127546E+04,9.1000000006E+03));
#830 = ( GEOMETRIC_REPRESENTATION_CONTEXT(2) 
PARAMETRIC_REPRESENTATION_CONTEXT() REPRESENTATION_CONTEXT('2D SPACE',''
  ) );
#831 = PCURVE('',#529,#832);
#832 = DEFINITIONAL_REPRESENTATION('',(#833),#836);
#833 = B_SPLINE_CURVE_WITH_KNOTS('',1,(#834,#835),.UNSPECIFIED.,.F.,.F.,
  (2,2),(-9.2000000006E+03,6.000000212225E-07),
  .PIECEWISE_BEZIER_KNOTS.);
#834 = CARTESIAN_POINT('',(2.111895852752,-9.2000000006E+03));
#835 = CARTESIAN_POINT('',(2.111895852752,6.000000212225E-07));
#836 = ( GEOMETRIC_REPRESENTATION_CONTEXT(2) 
PARAMETRIC_REPRESENTATION_CONTEXT() REPRESENTATION_CONTEXT('2D SPACE',''
  ) );
#837 = ORIENTED_EDGE('',*,*,#541,.T.);
#838 = ORIENTED_EDGE('',*,*,#774,.T.);
#839 = ADVANCED_FACE('',(#840),#529,.F.);
#840 = FACE_BOUND('',#841,.F.);
#841 = EDGE_LOOP('',(#842,#865,#887,#888));
#842 = ORIENTED_EDGE('',*,*,#843,.F.);
#843 = EDGE_CURVE('',#844,#487,#846,.T.);
#844 = VERTEX_POINT('',#845);
#845 = CARTESIAN_POINT('',(-1.3E+04,4.5E+03,4.E+03));
#846 = SURFACE_CURVE('',#847,(#851,#858),.PCURVE_S1.);
#847 = LINE('',#848,#849);
#848 = CARTESIAN_POINT('',(-1.3E+04,4.6E+03,4.E+03));
#849 = VECTOR('',#850,1.);
#850 = DIRECTION('',(0.,-1.,0.));
#851 = PCURVE('',#529,#852);
#852 = DEFINITIONAL_REPRESENTATION('',(#853),#857);
#853 = LINE('',#854,#855);
#854 = CARTESIAN_POINT('',(3.14159265359,0.));
#855 = VECTOR('',#856,1.);
#856 = DIRECTION('',(0.,-1.));
#857 = ( GEOMETRIC_REPRESENTATION_CONTEXT(2) 
PARAMETRIC_REPRESENTATION_CONTEXT() REPRESENTATION_CONTEXT('2D SPACE',''
  ) );
#858 = PCURVE('',#501,#859);
#859 = DEFINITIONAL_REPRESENTATION('',(#860),#864);
#860 = LINE('',#861,#862);
#861 = CARTESIAN_POINT('',(0.,0.));
#862 = VECTOR('',#863,1.);
#863 = DIRECTION('',(0.,-1.));
#864 = ( GEOMETRIC_REPRESENTATION_CONTEXT(2) 
PARAMETRIC_REPRESENTATION_CONTEXT() REPRESENTATION_CONTEXT('2D SPACE',''
  ) );
#865 = ORIENTED_EDGE('',*,*,#866,.F.);
#866 = EDGE_CURVE('',#797,#844,#867,.T.);
#867 = SURFACE_CURVE('',#868,(#873,#880),.PCURVE_S1.);
#868 = CIRCLE('',#869,7.E+03);
#869 = AXIS2_PLACEMENT_3D('',#870,#871,#872);
#870 = CARTESIAN_POINT('',(-2.E+04,4.5E+03,4.E+03));
#871 = DIRECTION('',(0.,1.,0.));
#872 = DIRECTION('',(-1.,0.,0.));
#873 = PCURVE('',#529,#874);
#874 = DEFINITIONAL_REPRESENTATION('',(#875),#879);
#875 = LINE('',#876,#877);
#876 = CARTESIAN_POINT('',(0.,-100.));
#877 = VECTOR('',#878,1.);
#878 = DIRECTION('',(1.,0.));
#879 = ( GEOMETRIC_REPRESENTATION_CONTEXT(2) 
PARAMETRIC_REPRESENTATION_CONTEXT() REPRESENTATION_CONTEXT('2D SPACE',''
  ) );
#880 = PCURVE('',#643,#881);
#881 = DEFINITIONAL_REPRESENTATION('',(#882),#886);
#882 = CIRCLE('',#883,7.E+03);
#883 = AXIS2_PLACEMENT_2D('',#884,#885);
#884 = CARTESIAN_POINT('',(4.E+03,1.E+04));
#885 = DIRECTION('',(0.,-1.));
#886 = ( GEOMETRIC_REPRESENTATION_CONTEXT(2) 
PARAMETRIC_REPRESENTATION_CONTEXT() REPRESENTATION_CONTEXT('2D SPACE',''
  ) );
#887 = ORIENTED_EDGE('',*,*,#819,.F.);
#888 = ORIENTED_EDGE('',*,*,#512,.T.);
#889 = ADVANCED_FACE('',(#890),#501,.F.);
#890 = FACE_BOUND('',#891,.F.);
#891 = EDGE_LOOP('',(#892,#911,#912,#913));
#892 = ORIENTED_EDGE('',*,*,#893,.F.);
#893 = EDGE_CURVE('',#844,#626,#894,.T.);
#894 = SURFACE_CURVE('',#895,(#899,#905),.PCURVE_S1.);
#895 = LINE('',#896,#897);
#896 = CARTESIAN_POINT('',(-1.3E+04,4.5E+03,2.E+03));
#897 = VECTOR('',#898,1.);
#898 = DIRECTION('',(0.,0.,-1.));
#899 = PCURVE('',#501,#900);
#900 = DEFINITIONAL_REPRESENTATION('',(#901),#904);
#901 = B_SPLINE_CURVE_WITH_KNOTS('',1,(#902,#903),.UNSPECIFIED.,.F.,.F.,
  (2,2),(-2.E+03,2.E+03),.PIECEWISE_BEZIER_KNOTS.);
#902 = CARTESIAN_POINT('',(0.,-100.));
#903 = CARTESIAN_POINT('',(4.E+03,-100.));
#904 = ( GEOMETRIC_REPRESENTATION_CONTEXT(2) 
PARAMETRIC_REPRESENTATION_CONTEXT() REPRESENTATION_CONTEXT('2D SPACE',''
  ) );
#905 = PCURVE('',#643,#906);
#906 = DEFINITIONAL_REPRESENTATION('',(#907),#910);
#907 = B_SPLINE_CURVE_WITH_KNOTS('',1,(#908,#909),.UNSPECIFIED.,.F.,.F.,
  (2,2),(-2.E+03,2.E+03),.PIECEWISE_BEZIER_KNOTS.);
#908 = CARTESIAN_POINT('',(4.E+03,1.7E+04));
#909 = CARTESIAN_POINT('',(0.,1.7E+04));
#910 = ( GEOMETRIC_REPRESENTATION_CONTEXT(2) 
PARAMETRIC_REPRESENTATION_CONTEXT() REPRESENTATION_CONTEXT('2D SPACE',''
  ) );
#911 = ORIENTED_EDGE('',*,*,#843,.T.);
#912 = ORIENTED_EDGE('',*,*,#486,.T.);
#913 = ORIENTED_EDGE('',*,*,#655,.F.);
#914 = ADVANCED_FACE('',(#915),#643,.T.);
#915 = FACE_BOUND('',#916,.T.);
#916 = EDGE_LOOP('',(#917,#918,#919,#920,#921,#922));
#917 = ORIENTED_EDGE('',*,*,#625,.F.);
#918 = ORIENTED_EDGE('',*,*,#893,.F.);
#919 = ORIENTED_EDGE('',*,*,#866,.F.);
#920 = ORIENTED_EDGE('',*,*,#796,.T.);
#921 = ORIENTED_EDGE('',*,*,#748,.F.);
#922 = ORIENTED_EDGE('',*,*,#701,.F.);
#923 = MANIFOLD_SOLID_BREP('',#924);
#924 = CLOSED_SHELL('',(#925,#1099,#1175,#1222,#1270,#1317,#1367,#1392)
  );
#925 = ADVANCED_FACE('',(#926),#940,.F.);
#926 = FACE_BOUND('',#927,.F.);
#927 = EDGE_LOOP('',(#928,#963,#989,#1018,#1046,#1075));
#928 = ORIENTED_EDGE('',*,*,#929,.F.);
#929 = EDGE_CURVE('',#930,#932,#934,.T.);
#930 = VERTEX_POINT('',#931);
#931 = CARTESIAN_POINT('',(7.E+03,-4.5E+03,0.));
#932 = VERTEX_POINT('',#933);
#933 = CARTESIAN_POINT('',(1.3E+04,-4.5E+03,0.));
#934 = SURFACE_CURVE('',#935,(#939,#951),.PCURVE_S1.);
#935 = LINE('',#936,#937);
#936 = CARTESIAN_POINT('',(-3.E+04,-4.5E+03,0.));
#937 = VECTOR('',#938,1.);
#938 = DIRECTION('',(1.,0.,0.));
#939 = PCURVE('',#940,#945);
#940 = PLANE('',#941);
#941 = AXIS2_PLACEMENT_3D('',#942,#943,#944);
#942 = CARTESIAN_POINT('',(-3.E+04,-4.5E+03,0.));
#943 = DIRECTION('',(0.,1.,0.));
#944 = DIRECTION('',(0.,0.,1.));
#945 = DEFINITIONAL_REPRESENTATION('',(#946),#950);
#946 = LINE('',#947,#948);
#947 = CARTESIAN_POINT('',(0.,0.));
#948 = VECTOR('',#949,1.);
#949 = DIRECTION('',(0.,1.));
#950 = ( GEOMETRIC_REPRESENTATION_CONTEXT(2) 
PARAMETRIC_REPRESENTATION_CONTEXT() REPRESENTATION_CONTEXT('2D SPACE',''
  ) );
#951 = PCURVE('',#952,#957);
#952 = PLANE('',#953);
#953 = AXIS2_PLACEMENT_3D('',#954,#955,#956);
#954 = CARTESIAN_POINT('',(-3.E+04,-4.5E+03,0.));
#955 = DIRECTION('',(0.,0.,1.));
#956 = DIRECTION('',(1.,0.,0.));
#957 = DEFINITIONAL_REPRESENTATION('',(#958),#962);
#958 = LINE('',#959,#960);
#959 = CARTESIAN_POINT('',(0.,0.));
#960 = VECTOR('',#961,1.);
#961 = DIRECTION('',(1.,0.));
#962 = ( GEOMETRIC_REPRESENTATION_CONTEXT(2) 
PARAMETRIC_REPRESENTATION_CONTEXT() REPRESENTATION_CONTEXT('2D SPACE',''
  ) );
#963 = ORIENTED_EDGE('',*,*,#964,.F.);
#964 = EDGE_CURVE('',#965,#930,#967,.T.);
#965 = VERTEX_POINT('',#966);
#966 = CARTESIAN_POINT('',(7.E+03,-4.5E+03,4.E+03));
#967 = SURFACE_CURVE('',#968,(#972,#978),.PCURVE_S1.);
#968 = LINE('',#969,#970);
#969 = CARTESIAN_POINT('',(7.E+03,-4.5E+03,2.E+03));
#970 = VECTOR('',#971,1.);
#971 = DIRECTION('',(0.,0.,-1.));
#972 = PCURVE('',#940,#973);
#973 = DEFINITIONAL_REPRESENTATION('',(#974),#977);
#974 = B_SPLINE_CURVE_WITH_KNOTS('',1,(#975,#976),.UNSPECIFIED.,.F.,.F.,
  (2,2),(-2.E+03,2.E+03),.PIECEWISE_BEZIER_KNOTS.);
#975 = CARTESIAN_POINT('',(4.E+03,3.7E+04));
#976 = CARTESIAN_POINT('',(0.,3.7E+04));
#977 = ( GEOMETRIC_REPRESENTATION_CONTEXT(2) 
PARAMETRIC_REPRESENTATION_CONTEXT() REPRESENTATION_CONTEXT('2D SPACE',''
  ) );
#978 = PCURVE('',#979,#984);
#979 = PLANE('',#980);
#980 = AXIS2_PLACEMENT_3D('',#981,#982,#983);
#981 = CARTESIAN_POINT('',(7.E+03,4.6E+03,4.E+03));
#982 = DIRECTION('',(1.,0.,0.));
#983 = DIRECTION('',(0.,0.,-1.));
#984 = DEFINITIONAL_REPRESENTATION('',(#985),#988);
#985 = B_SPLINE_CURVE_WITH_KNOTS('',1,(#986,#987),.UNSPECIFIED.,.F.,.F.,
  (2,2),(-2.E+03,2.E+03),.PIECEWISE_BEZIER_KNOTS.);
#986 = CARTESIAN_POINT('',(0.,-9.1E+03));
#987 = CARTESIAN_POINT('',(4.E+03,-9.1E+03));
#988 = ( GEOMETRIC_REPRESENTATION_CONTEXT(2) 
PARAMETRIC_REPRESENTATION_CONTEXT() REPRESENTATION_CONTEXT('2D SPACE',''
  ) );
#989 = ORIENTED_EDGE('',*,*,#990,.F.);
#990 = EDGE_CURVE('',#991,#965,#993,.T.);
#991 = VERTEX_POINT('',#992);
#992 = CARTESIAN_POINT('',(3.605551275464E+03,-4.5E+03,1.E+04));
#993 = SURFACE_CURVE('',#994,(#999,#1006),.PCURVE_S1.);
#994 = CIRCLE('',#995,7.E+03);
#995 = AXIS2_PLACEMENT_3D('',#996,#997,#998);
#996 = CARTESIAN_POINT('',(0.,-4.5E+03,4.E+03));
#997 = DIRECTION('',(0.,1.,0.));
#998 = DIRECTION('',(-1.,0.,0.));
#999 = PCURVE('',#940,#1000);
#1000 = DEFINITIONAL_REPRESENTATION('',(#1001),#1005);
#1001 = CIRCLE('',#1002,7.E+03);
#1002 = AXIS2_PLACEMENT_2D('',#1003,#1004);
#1003 = CARTESIAN_POINT('',(4.E+03,3.E+04));
#1004 = DIRECTION('',(0.,-1.));
#1005 = ( GEOMETRIC_REPRESENTATION_CONTEXT(2) 
PARAMETRIC_REPRESENTATION_CONTEXT() REPRESENTATION_CONTEXT('2D SPACE',''
  ) );
#1006 = PCURVE('',#1007,#1012);
#1007 = CYLINDRICAL_SURFACE('',#1008,7.E+03);
#1008 = AXIS2_PLACEMENT_3D('',#1009,#1010,#1011);
#1009 = CARTESIAN_POINT('',(0.,4.6E+03,4.E+03));
#1010 = DIRECTION('',(0.,1.,0.));
#1011 = DIRECTION('',(-1.,0.,-0.));
#1012 = DEFINITIONAL_REPRESENTATION('',(#1013),#1017);
#1013 = LINE('',#1014,#1015);
#1014 = CARTESIAN_POINT('',(0.,-9.1E+03));
#1015 = VECTOR('',#1016,1.);
#1016 = DIRECTION('',(1.,0.));
#1017 = ( GEOMETRIC_REPRESENTATION_CONTEXT(2) 
PARAMETRIC_REPRESENTATION_CONTEXT() REPRESENTATION_CONTEXT('2D SPACE',''
  ) );
#1018 = ORIENTED_EDGE('',*,*,#1019,.T.);
#1019 = EDGE_CURVE('',#991,#1020,#1022,.T.);
#1020 = VERTEX_POINT('',#1021);
#1021 = CARTESIAN_POINT('',(1.639444872454E+04,-4.5E+03,1.E+04));
#1022 = SURFACE_CURVE('',#1023,(#1027,#1034),.PCURVE_S1.);
#1023 = LINE('',#1024,#1025);
#1024 = CARTESIAN_POINT('',(-3.E+04,-4.5E+03,1.E+04));
#1025 = VECTOR('',#1026,1.);
#1026 = DIRECTION('',(1.,0.,0.));
#1027 = PCURVE('',#940,#1028);
#1028 = DEFINITIONAL_REPRESENTATION('',(#1029),#1033);
#1029 = LINE('',#1030,#1031);
#1030 = CARTESIAN_POINT('',(1.E+04,0.));
#1031 = VECTOR('',#1032,1.);
#1032 = DIRECTION('',(0.,1.));
#1033 = ( GEOMETRIC_REPRESENTATION_CONTEXT(2) 
PARAMETRIC_REPRESENTATION_CONTEXT() REPRESENTATION_CONTEXT('2D SPACE',''
  ) );
#1034 = PCURVE('',#1035,#1040);
#1035 = PLANE('',#1036);
#1036 = AXIS2_PLACEMENT_3D('',#1037,#1038,#1039);
#1037 = CARTESIAN_POINT('',(-3.E+04,-4.5E+03,1.E+04));
#1038 = DIRECTION('',(0.,0.,1.));
#1039 = DIRECTION('',(1.,0.,0.));
#1040 = DEFINITIONAL_REPRESENTATION('',(#1041),#1045);
#1041 = LINE('',#1042,#1043);
#1042 = CARTESIAN_POINT('',(0.,0.));
#1043 = VECTOR('',#1044,1.);
#1044 = DIRECTION('',(1.,0.));
#1045 = ( GEOMETRIC_REPRESENTATION_CONTEXT(2) 
PARAMETRIC_REPRESENTATION_CONTEXT() REPRESENTATION_CONTEXT('2D SPACE',''
  ) );
#1046 = ORIENTED_EDGE('',*,*,#1047,.F.);
#1047 = EDGE_CURVE('',#1048,#1020,#1050,.T.);
#1048 = VERTEX_POINT('',#1049);
#1049 = CARTESIAN_POINT('',(1.3E+04,-4.5E+03,4.E+03));
#1050 = SURFACE_CURVE('',#1051,(#1056,#1063),.PCURVE_S1.);
#1051 = CIRCLE('',#1052,7.E+03);
#1052 = AXIS2_PLACEMENT_3D('',#1053,#1054,#1055);
#1053 = CARTESIAN_POINT('',(2.E+04,-4.5E+03,4.E+03));
#1054 = DIRECTION('',(0.,1.,0.));
#1055 = DIRECTION('',(-1.,0.,0.));
#1056 = PCURVE('',#940,#1057);
#1057 = DEFINITIONAL_REPRESENTATION('',(#1058),#1062);
#1058 = CIRCLE('',#1059,7.E+03);
#1059 = AXIS2_PLACEMENT_2D('',#1060,#1061);
#1060 = CARTESIAN_POINT('',(4.E+03,5.E+04));
#1061 = DIRECTION('',(0.,-1.));
#1062 = ( GEOMETRIC_REPRESENTATION_CONTEXT(2) 
PARAMETRIC_REPRESENTATION_CONTEXT() REPRESENTATION_CONTEXT('2D SPACE',''
  ) );
#1063 = PCURVE('',#1064,#1069);
#1064 = CYLINDRICAL_SURFACE('',#1065,7.E+03);
#1065 = AXIS2_PLACEMENT_3D('',#1066,#1067,#1068);
#1066 = CARTESIAN_POINT('',(2.E+04,4.6E+03,4.E+03));
#1067 = DIRECTION('',(0.,1.,0.));
#1068 = DIRECTION('',(-1.,0.,-0.));
#1069 = DEFINITIONAL_REPRESENTATION('',(#1070),#1074);
#1070 = LINE('',#1071,#1072);
#1071 = CARTESIAN_POINT('',(0.,-9.1E+03));
#1072 = VECTOR('',#1073,1.);
#1073 = DIRECTION('',(1.,0.));
#1074 = ( GEOMETRIC_REPRESENTATION_CONTEXT(2) 
PARAMETRIC_REPRESENTATION_CONTEXT() REPRESENTATION_CONTEXT('2D SPACE',''
  ) );
#1075 = ORIENTED_EDGE('',*,*,#1076,.F.);
#1076 = EDGE_CURVE('',#932,#1048,#1077,.T.);
#1077 = SURFACE_CURVE('',#1078,(#1082,#1088),.PCURVE_S1.);
#1078 = LINE('',#1079,#1080);
#1079 = CARTESIAN_POINT('',(1.3E+04,-4.5E+03,0.));
#1080 = VECTOR('',#1081,1.);
#1081 = DIRECTION('',(0.,-0.,1.));
#1082 = PCURVE('',#940,#1083);
#1083 = DEFINITIONAL_REPRESENTATION('',(#1084),#1087);
#1084 = B_SPLINE_CURVE_WITH_KNOTS('',1,(#1085,#1086),.UNSPECIFIED.,.F.,
  .F.,(2,2),(0.,4.E+03),.PIECEWISE_BEZIER_KNOTS.);
#1085 = CARTESIAN_POINT('',(0.,4.3E+04));
#1086 = CARTESIAN_POINT('',(4.E+03,4.3E+04));
#1087 = ( GEOMETRIC_REPRESENTATION_CONTEXT(2) 
PARAMETRIC_REPRESENTATION_CONTEXT() REPRESENTATION_CONTEXT('2D SPACE',''
  ) );
#1088 = PCURVE('',#1089,#1094);
#1089 = PLANE('',#1090);
#1090 = AXIS2_PLACEMENT_3D('',#1091,#1092,#1093);
#1091 = CARTESIAN_POINT('',(1.3E+04,4.6E+03,0.));
#1092 = DIRECTION('',(-1.,0.,0.));
#1093 = DIRECTION('',(0.,0.,1.));
#1094 = DEFINITIONAL_REPRESENTATION('',(#1095),#1098);
#1095 = B_SPLINE_CURVE_WITH_KNOTS('',1,(#1096,#1097),.UNSPECIFIED.,.F.,
  .F.,(2,2),(0.,4.E+03),.PIECEWISE_BEZIER_KNOTS.);
#1096 = CARTESIAN_POINT('',(0.,-9.1E+03));
#1097 = CARTESIAN_POINT('',(4.E+03,-9.1E+03));
#1098 = ( GEOMETRIC_REPRESENTATION_CONTEXT(2) 
PARAMETRIC_REPRESENTATION_CONTEXT() REPRESENTATION_CONTEXT('2D SPACE',''
  ) );
#1099 = ADVANCED_FACE('',(#1100),#952,.F.);
#1100 = FACE_BOUND('',#1101,.F.);
#1101 = EDGE_LOOP('',(#1102,#1132,#1153,#1154));
#1102 = ORIENTED_EDGE('',*,*,#1103,.F.);
#1103 = EDGE_CURVE('',#1104,#1106,#1108,.T.);
#1104 = VERTEX_POINT('',#1105);
#1105 = CARTESIAN_POINT('',(7.E+03,4.5E+03,0.));
#1106 = VERTEX_POINT('',#1107);
#1107 = CARTESIAN_POINT('',(1.3E+04,4.5E+03,0.));
#1108 = SURFACE_CURVE('',#1109,(#1113,#1120),.PCURVE_S1.);
#1109 = LINE('',#1110,#1111);
#1110 = CARTESIAN_POINT('',(-3.E+04,4.5E+03,0.));
#1111 = VECTOR('',#1112,1.);
#1112 = DIRECTION('',(1.,0.,0.));
#1113 = PCURVE('',#952,#1114);
#1114 = DEFINITIONAL_REPRESENTATION('',(#1115),#1119);
#1115 = LINE('',#1116,#1117);
#1116 = CARTESIAN_POINT('',(0.,9.E+03));
#1117 = VECTOR('',#1118,1.);
#1118 = DIRECTION('',(1.,0.));
#1119 = ( GEOMETRIC_REPRESENTATION_CONTEXT(2) 
PARAMETRIC_REPRESENTATION_CONTEXT() REPRESENTATION_CONTEXT('2D SPACE',''
  ) );
#1120 = PCURVE('',#1121,#1126);
#1121 = PLANE('',#1122);
#1122 = AXIS2_PLACEMENT_3D('',#1123,#1124,#1125);
#1123 = CARTESIAN_POINT('',(-3.E+04,4.5E+03,0.));
#1124 = DIRECTION('',(0.,1.,0.));
#1125 = DIRECTION('',(0.,0.,1.));
#1126 = DEFINITIONAL_REPRESENTATION('',(#1127),#1131);
#1127 = LINE('',#1128,#1129);
#1128 = CARTESIAN_POINT('',(0.,0.));
#1129 = VECTOR('',#1130,1.);
#1130 = DIRECTION('',(0.,1.));
#1131 = ( GEOMETRIC_REPRESENTATION_CONTEXT(2) 
PARAMETRIC_REPRESENTATION_CONTEXT() REPRESENTATION_CONTEXT('2D SPACE',''
  ) );
#1132 = ORIENTED_EDGE('',*,*,#1133,.T.);
#1133 = EDGE_CURVE('',#1104,#930,#1134,.T.);
#1134 = SURFACE_CURVE('',#1135,(#1139,#1146),.PCURVE_S1.);
#1135 = LINE('',#1136,#1137);
#1136 = CARTESIAN_POINT('',(7.E+03,4.6E+03,0.));
#1137 = VECTOR('',#1138,1.);
#1138 = DIRECTION('',(0.,-1.,0.));
#1139 = PCURVE('',#952,#1140);
#1140 = DEFINITIONAL_REPRESENTATION('',(#1141),#1145);
#1141 = LINE('',#1142,#1143);
#1142 = CARTESIAN_POINT('',(3.7E+04,9.1E+03));
#1143 = VECTOR('',#1144,1.);
#1144 = DIRECTION('',(0.,-1.));
#1145 = ( GEOMETRIC_REPRESENTATION_CONTEXT(2) 
PARAMETRIC_REPRESENTATION_CONTEXT() REPRESENTATION_CONTEXT('2D SPACE',''
  ) );
#1146 = PCURVE('',#979,#1147);
#1147 = DEFINITIONAL_REPRESENTATION('',(#1148),#1152);
#1148 = LINE('',#1149,#1150);
#1149 = CARTESIAN_POINT('',(4.E+03,0.));
#1150 = VECTOR('',#1151,1.);
#1151 = DIRECTION('',(0.,-1.));
#1152 = ( GEOMETRIC_REPRESENTATION_CONTEXT(2) 
PARAMETRIC_REPRESENTATION_CONTEXT() REPRESENTATION_CONTEXT('2D SPACE',''
  ) );
#1153 = ORIENTED_EDGE('',*,*,#929,.T.);
#1154 = ORIENTED_EDGE('',*,*,#1155,.F.);
#1155 = EDGE_CURVE('',#1106,#932,#1156,.T.);
#1156 = SURFACE_CURVE('',#1157,(#1161,#1168),.PCURVE_S1.);
#1157 = LINE('',#1158,#1159);
#1158 = CARTESIAN_POINT('',(1.3E+04,4.6E+03,0.));
#1159 = VECTOR('',#1160,1.);
#1160 = DIRECTION('',(0.,-1.,0.));
#1161 = PCURVE('',#952,#1162);
#1162 = DEFINITIONAL_REPRESENTATION('',(#1163),#1167);
#1163 = LINE('',#1164,#1165);
#1164 = CARTESIAN_POINT('',(4.3E+04,9.1E+03));
#1165 = VECTOR('',#1166,1.);
#1166 = DIRECTION('',(0.,-1.));
#1167 = ( GEOMETRIC_REPRESENTATION_CONTEXT(2) 
PARAMETRIC_REPRESENTATION_CONTEXT() REPRESENTATION_CONTEXT('2D SPACE',''
  ) );
#1168 = PCURVE('',#1089,#1169);
#1169 = DEFINITIONAL_REPRESENTATION('',(#1170),#1174);
#1170 = LINE('',#1171,#1172);
#1171 = CARTESIAN_POINT('',(0.,0.));
#1172 = VECTOR('',#1173,1.);
#1173 = DIRECTION('',(0.,-1.));
#1174 = ( GEOMETRIC_REPRESENTATION_CONTEXT(2) 
PARAMETRIC_REPRESENTATION_CONTEXT() REPRESENTATION_CONTEXT('2D SPACE',''
  ) );
#1175 = ADVANCED_FACE('',(#1176),#1089,.F.);
#1176 = FACE_BOUND('',#1177,.F.);
#1177 = EDGE_LOOP('',(#1178,#1199,#1200,#1201));
#1178 = ORIENTED_EDGE('',*,*,#1179,.F.);
#1179 = EDGE_CURVE('',#1106,#1180,#1182,.T.);
#1180 = VERTEX_POINT('',#1181);
#1181 = CARTESIAN_POINT('',(1.3E+04,4.5E+03,4.E+03));
#1182 = SURFACE_CURVE('',#1183,(#1187,#1193),.PCURVE_S1.);
#1183 = LINE('',#1184,#1185);
#1184 = CARTESIAN_POINT('',(1.3E+04,4.5E+03,0.));
#1185 = VECTOR('',#1186,1.);
#1186 = DIRECTION('',(0.,-0.,1.));
#1187 = PCURVE('',#1089,#1188);
#1188 = DEFINITIONAL_REPRESENTATION('',(#1189),#1192);
#1189 = B_SPLINE_CURVE_WITH_KNOTS('',1,(#1190,#1191),.UNSPECIFIED.,.F.,
  .F.,(2,2),(0.,4.E+03),.PIECEWISE_BEZIER_KNOTS.);
#1190 = CARTESIAN_POINT('',(0.,-100.));
#1191 = CARTESIAN_POINT('',(4.E+03,-100.));
#1192 = ( GEOMETRIC_REPRESENTATION_CONTEXT(2) 
PARAMETRIC_REPRESENTATION_CONTEXT() REPRESENTATION_CONTEXT('2D SPACE',''
  ) );
#1193 = PCURVE('',#1121,#1194);
#1194 = DEFINITIONAL_REPRESENTATION('',(#1195),#1198);
#1195 = B_SPLINE_CURVE_WITH_KNOTS('',1,(#1196,#1197),.UNSPECIFIED.,.F.,
  .F.,(2,2),(0.,4.E+03),.PIECEWISE_BEZIER_KNOTS.);
#1196 = CARTESIAN_POINT('',(0.,4.3E+04));
#1197 = CARTESIAN_POINT('',(4.E+03,4.3E+04));
#1198 = ( GEOMETRIC_REPRESENTATION_CONTEXT(2) 
PARAMETRIC_REPRESENTATION_CONTEXT() REPRESENTATION_CONTEXT('2D SPACE',''
  ) );
#1199 = ORIENTED_EDGE('',*,*,#1155,.T.);
#1200 = ORIENTED_EDGE('',*,*,#1076,.T.);
#1201 = ORIENTED_EDGE('',*,*,#1202,.F.);
#1202 = EDGE_CURVE('',#1180,#1048,#1203,.T.);
#1203 = SURFACE_CURVE('',#1204,(#1208,#1215),.PCURVE_S1.);
#1204 = LINE('',#1205,#1206);
#1205 = CARTESIAN_POINT('',(1.3E+04,4.6E+03,4.E+03));
#1206 = VECTOR('',#1207,1.);
#1207 = DIRECTION('',(0.,-1.,0.));
#1208 = PCURVE('',#1089,#1209);
#1209 = DEFINITIONAL_REPRESENTATION('',(#1210),#1214);
#1210 = LINE('',#1211,#1212);
#1211 = CARTESIAN_POINT('',(4.E+03,0.));
#1212 = VECTOR('',#1213,1.);
#1213 = DIRECTION('',(0.,-1.));
#1214 = ( GEOMETRIC_REPRESENTATION_CONTEXT(2) 
PARAMETRIC_REPRESENTATION_CONTEXT() REPRESENTATION_CONTEXT('2D SPACE',''
  ) );
#1215 = PCURVE('',#1064,#1216);
#1216 = DEFINITIONAL_REPRESENTATION('',(#1217),#1221);
#1217 = LINE('',#1218,#1219);
#1218 = CARTESIAN_POINT('',(0.,0.));
#1219 = VECTOR('',#1220,1.);
#1220 = DIRECTION('',(0.,-1.));
#1221 = ( GEOMETRIC_REPRESENTATION_CONTEXT(2) 
PARAMETRIC_REPRESENTATION_CONTEXT() REPRESENTATION_CONTEXT('2D SPACE',''
  ) );
#1222 = ADVANCED_FACE('',(#1223),#1064,.F.);
#1223 = FACE_BOUND('',#1224,.F.);
#1224 = EDGE_LOOP('',(#1225,#1249,#1250,#1251));
#1225 = ORIENTED_EDGE('',*,*,#1226,.F.);
#1226 = EDGE_CURVE('',#1180,#1227,#1229,.T.);
#1227 = VERTEX_POINT('',#1228);
#1228 = CARTESIAN_POINT('',(1.639444872454E+04,4.5E+03,1.E+04));
#1229 = SURFACE_CURVE('',#1230,(#1235,#1242),.PCURVE_S1.);
#1230 = CIRCLE('',#1231,7.E+03);
#1231 = AXIS2_PLACEMENT_3D('',#1232,#1233,#1234);
#1232 = CARTESIAN_POINT('',(2.E+04,4.5E+03,4.E+03));
#1233 = DIRECTION('',(0.,1.,0.));
#1234 = DIRECTION('',(-1.,0.,0.));
#1235 = PCURVE('',#1064,#1236);
#1236 = DEFINITIONAL_REPRESENTATION('',(#1237),#1241);
#1237 = LINE('',#1238,#1239);
#1238 = CARTESIAN_POINT('',(0.,-100.));
#1239 = VECTOR('',#1240,1.);
#1240 = DIRECTION('',(1.,0.));
#1241 = ( GEOMETRIC_REPRESENTATION_CONTEXT(2) 
PARAMETRIC_REPRESENTATION_CONTEXT() REPRESENTATION_CONTEXT('2D SPACE',''
  ) );
#1242 = PCURVE('',#1121,#1243);
#1243 = DEFINITIONAL_REPRESENTATION('',(#1244),#1248);
#1244 = CIRCLE('',#1245,7.E+03);
#1245 = AXIS2_PLACEMENT_2D('',#1246,#1247);
#1246 = CARTESIAN_POINT('',(4.E+03,5.E+04));
#1247 = DIRECTION('',(0.,-1.));
#1248 = ( GEOMETRIC_REPRESENTATION_CONTEXT(2) 
PARAMETRIC_REPRESENTATION_CONTEXT() REPRESENTATION_CONTEXT('2D SPACE',''
  ) );
#1249 = ORIENTED_EDGE('',*,*,#1202,.T.);
#1250 = ORIENTED_EDGE('',*,*,#1047,.T.);
#1251 = ORIENTED_EDGE('',*,*,#1252,.T.);
#1252 = EDGE_CURVE('',#1020,#1227,#1253,.T.);
#1253 = SURFACE_CURVE('',#1254,(#1258,#1264),.PCURVE_S1.);
#1254 = LINE('',#1255,#1256);
#1255 = CARTESIAN_POINT('',(1.639444872454E+04,4.6E+03,1.E+04));
#1256 = VECTOR('',#1257,1.);
#1257 = DIRECTION('',(0.,1.,0.));
#1258 = PCURVE('',#1064,#1259);
#1259 = DEFINITIONAL_REPRESENTATION('',(#1260),#1263);
#1260 = B_SPLINE_CURVE_WITH_KNOTS('',1,(#1261,#1262),.UNSPECIFIED.,.F.,
  .F.,(2,2),(-9.2000000006E+03,6.000000212225E-07),
  .PIECEWISE_BEZIER_KNOTS.);
#1261 = CARTESIAN_POINT('',(1.029696800838,-9.2000000006E+03));
#1262 = CARTESIAN_POINT('',(1.029696800838,6.000000212225E-07));
#1263 = ( GEOMETRIC_REPRESENTATION_CONTEXT(2) 
PARAMETRIC_REPRESENTATION_CONTEXT() REPRESENTATION_CONTEXT('2D SPACE',''
  ) );
#1264 = PCURVE('',#1035,#1265);
#1265 = DEFINITIONAL_REPRESENTATION('',(#1266),#1269);
#1266 = B_SPLINE_CURVE_WITH_KNOTS('',1,(#1267,#1268),.UNSPECIFIED.,.F.,
  .F.,(2,2),(-9.2000000006E+03,6.000000212225E-07),
  .PIECEWISE_BEZIER_KNOTS.);
#1267 = CARTESIAN_POINT('',(4.639444872454E+04,-100.0000005999));
#1268 = CARTESIAN_POINT('',(4.639444872454E+04,9.1000000006E+03));
#1269 = ( GEOMETRIC_REPRESENTATION_CONTEXT(2) 
PARAMETRIC_REPRESENTATION_CONTEXT() REPRESENTATION_CONTEXT('2D SPACE',''
  ) );
#1270 = ADVANCED_FACE('',(#1271),#1035,.T.);
#1271 = FACE_BOUND('',#1272,.T.);
#1272 = EDGE_LOOP('',(#1273,#1296,#1315,#1316));
#1273 = ORIENTED_EDGE('',*,*,#1274,.F.);
#1274 = EDGE_CURVE('',#1275,#1227,#1277,.T.);
#1275 = VERTEX_POINT('',#1276);
#1276 = CARTESIAN_POINT('',(3.605551275464E+03,4.5E+03,1.E+04));
#1277 = SURFACE_CURVE('',#1278,(#1282,#1289),.PCURVE_S1.);
#1278 = LINE('',#1279,#1280);
#1279 = CARTESIAN_POINT('',(-3.E+04,4.5E+03,1.E+04));
#1280 = VECTOR('',#1281,1.);
#1281 = DIRECTION('',(1.,0.,0.));
#1282 = PCURVE('',#1035,#1283);
#1283 = DEFINITIONAL_REPRESENTATION('',(#1284),#1288);
#1284 = LINE('',#1285,#1286);
#1285 = CARTESIAN_POINT('',(0.,9.E+03));
#1286 = VECTOR('',#1287,1.);
#1287 = DIRECTION('',(1.,0.));
#1288 = ( GEOMETRIC_REPRESENTATION_CONTEXT(2) 
PARAMETRIC_REPRESENTATION_CONTEXT() REPRESENTATION_CONTEXT('2D SPACE',''
  ) );
#1289 = PCURVE('',#1121,#1290);
#1290 = DEFINITIONAL_REPRESENTATION('',(#1291),#1295);
#1291 = LINE('',#1292,#1293);
#1292 = CARTESIAN_POINT('',(1.E+04,0.));
#1293 = VECTOR('',#1294,1.);
#1294 = DIRECTION('',(0.,1.));
#1295 = ( GEOMETRIC_REPRESENTATION_CONTEXT(2) 
PARAMETRIC_REPRESENTATION_CONTEXT() REPRESENTATION_CONTEXT('2D SPACE',''
  ) );
#1296 = ORIENTED_EDGE('',*,*,#1297,.F.);
#1297 = EDGE_CURVE('',#991,#1275,#1298,.T.);
#1298 = SURFACE_CURVE('',#1299,(#1303,#1309),.PCURVE_S1.);
#1299 = LINE('',#1300,#1301);
#1300 = CARTESIAN_POINT('',(3.605551275464E+03,4.6E+03,1.E+04));
#1301 = VECTOR('',#1302,1.);
#1302 = DIRECTION('',(0.,1.,0.));
#1303 = PCURVE('',#1035,#1304);
#1304 = DEFINITIONAL_REPRESENTATION('',(#1305),#1308);
#1305 = B_SPLINE_CURVE_WITH_KNOTS('',1,(#1306,#1307),.UNSPECIFIED.,.F.,
  .F.,(2,2),(-9.2000000006E+03,6.000000212225E-07),
  .PIECEWISE_BEZIER_KNOTS.);
#1306 = CARTESIAN_POINT('',(3.360555127546E+04,-100.0000005999));
#1307 = CARTESIAN_POINT('',(3.360555127546E+04,9.1000000006E+03));
#1308 = ( GEOMETRIC_REPRESENTATION_CONTEXT(2) 
PARAMETRIC_REPRESENTATION_CONTEXT() REPRESENTATION_CONTEXT('2D SPACE',''
  ) );
#1309 = PCURVE('',#1007,#1310);
#1310 = DEFINITIONAL_REPRESENTATION('',(#1311),#1314);
#1311 = B_SPLINE_CURVE_WITH_KNOTS('',1,(#1312,#1313),.UNSPECIFIED.,.F.,
  .F.,(2,2),(-9.2000000006E+03,6.000000212225E-07),
  .PIECEWISE_BEZIER_KNOTS.);
#1312 = CARTESIAN_POINT('',(2.111895852752,-9.2000000006E+03));
#1313 = CARTESIAN_POINT('',(2.111895852752,6.000000212225E-07));
#1314 = ( GEOMETRIC_REPRESENTATION_CONTEXT(2) 
PARAMETRIC_REPRESENTATION_CONTEXT() REPRESENTATION_CONTEXT('2D SPACE',''
  ) );
#1315 = ORIENTED_EDGE('',*,*,#1019,.T.);
#1316 = ORIENTED_EDGE('',*,*,#1252,.T.);
#1317 = ADVANCED_FACE('',(#1318),#1007,.F.);
#1318 = FACE_BOUND('',#1319,.F.);
#1319 = EDGE_LOOP('',(#1320,#1343,#1365,#1366));
#1320 = ORIENTED_EDGE('',*,*,#1321,.F.);
#1321 = EDGE_CURVE('',#1322,#965,#1324,.T.);
#1322 = VERTEX_POINT('',#1323);
#1323 = CARTESIAN_POINT('',(7.E+03,4.5E+03,4.E+03));
#1324 = SURFACE_CURVE('',#1325,(#1329,#1336),.PCURVE_S1.);
#1325 = LINE('',#1326,#1327);
#1326 = CARTESIAN_POINT('',(7.E+03,4.6E+03,4.E+03));
#1327 = VECTOR('',#1328,1.);
#1328 = DIRECTION('',(0.,-1.,0.));
#1329 = PCURVE('',#1007,#1330);
#1330 = DEFINITIONAL_REPRESENTATION('',(#1331),#1335);
#1331 = LINE('',#1332,#1333);
#1332 = CARTESIAN_POINT('',(3.14159265359,0.));
#1333 = VECTOR('',#1334,1.);
#1334 = DIRECTION('',(0.,-1.));
#1335 = ( GEOMETRIC_REPRESENTATION_CONTEXT(2) 
PARAMETRIC_REPRESENTATION_CONTEXT() REPRESENTATION_CONTEXT('2D SPACE',''
  ) );
#1336 = PCURVE('',#979,#1337);
#1337 = DEFINITIONAL_REPRESENTATION('',(#1338),#1342);
#1338 = LINE('',#1339,#1340);
#1339 = CARTESIAN_POINT('',(0.,0.));
#1340 = VECTOR('',#1341,1.);
#1341 = DIRECTION('',(0.,-1.));
#1342 = ( GEOMETRIC_REPRESENTATION_CONTEXT(2) 
PARAMETRIC_REPRESENTATION_CONTEXT() REPRESENTATION_CONTEXT('2D SPACE',''
  ) );
#1343 = ORIENTED_EDGE('',*,*,#1344,.F.);
#1344 = EDGE_CURVE('',#1275,#1322,#1345,.T.);
#1345 = SURFACE_CURVE('',#1346,(#1351,#1358),.PCURVE_S1.);
#1346 = CIRCLE('',#1347,7.E+03);
#1347 = AXIS2_PLACEMENT_3D('',#1348,#1349,#1350);
#1348 = CARTESIAN_POINT('',(0.,4.5E+03,4.E+03));
#1349 = DIRECTION('',(0.,1.,0.));
#1350 = DIRECTION('',(-1.,0.,0.));
#1351 = PCURVE('',#1007,#1352);
#1352 = DEFINITIONAL_REPRESENTATION('',(#1353),#1357);
#1353 = LINE('',#1354,#1355);
#1354 = CARTESIAN_POINT('',(0.,-100.));
#1355 = VECTOR('',#1356,1.);
#1356 = DIRECTION('',(1.,0.));
#1357 = ( GEOMETRIC_REPRESENTATION_CONTEXT(2) 
PARAMETRIC_REPRESENTATION_CONTEXT() REPRESENTATION_CONTEXT('2D SPACE',''
  ) );
#1358 = PCURVE('',#1121,#1359);
#1359 = DEFINITIONAL_REPRESENTATION('',(#1360),#1364);
#1360 = CIRCLE('',#1361,7.E+03);
#1361 = AXIS2_PLACEMENT_2D('',#1362,#1363);
#1362 = CARTESIAN_POINT('',(4.E+03,3.E+04));
#1363 = DIRECTION('',(0.,-1.));
#1364 = ( GEOMETRIC_REPRESENTATION_CONTEXT(2) 
PARAMETRIC_REPRESENTATION_CONTEXT() REPRESENTATION_CONTEXT('2D SPACE',''
  ) );
#1365 = ORIENTED_EDGE('',*,*,#1297,.F.);
#1366 = ORIENTED_EDGE('',*,*,#990,.T.);
#1367 = ADVANCED_FACE('',(#1368),#979,.F.);
#1368 = FACE_BOUND('',#1369,.F.);
#1369 = EDGE_LOOP('',(#1370,#1389,#1390,#1391));
#1370 = ORIENTED_EDGE('',*,*,#1371,.F.);
#1371 = EDGE_CURVE('',#1322,#1104,#1372,.T.);
#1372 = SURFACE_CURVE('',#1373,(#1377,#1383),.PCURVE_S1.);
#1373 = LINE('',#1374,#1375);
#1374 = CARTESIAN_POINT('',(7.E+03,4.5E+03,2.E+03));
#1375 = VECTOR('',#1376,1.);
#1376 = DIRECTION('',(0.,0.,-1.));
#1377 = PCURVE('',#979,#1378);
#1378 = DEFINITIONAL_REPRESENTATION('',(#1379),#1382);
#1379 = B_SPLINE_CURVE_WITH_KNOTS('',1,(#1380,#1381),.UNSPECIFIED.,.F.,
  .F.,(2,2),(-2.E+03,2.E+03),.PIECEWISE_BEZIER_KNOTS.);
#1380 = CARTESIAN_POINT('',(0.,-100.));
#1381 = CARTESIAN_POINT('',(4.E+03,-100.));
#1382 = ( GEOMETRIC_REPRESENTATION_CONTEXT(2) 
PARAMETRIC_REPRESENTATION_CONTEXT() REPRESENTATION_CONTEXT('2D SPACE',''
  ) );
#1383 = PCURVE('',#1121,#1384);
#1384 = DEFINITIONAL_REPRESENTATION('',(#1385),#1388);
#1385 = B_SPLINE_CURVE_WITH_KNOTS('',1,(#1386,#1387),.UNSPECIFIED.,.F.,
  .F.,(2,2),(-2.E+03,2.E+03),.PIECEWISE_BEZIER_KNOTS.);
#1386 = CARTESIAN_POINT('',(4.E+03,3.7E+04));
#1387 = CARTESIAN_POINT('',(0.,3.7E+04));
#1388 = ( GEOMETRIC_REPRESENTATION_CONTEXT(2) 
PARAMETRIC_REPRESENTATION_CONTEXT() REPRESENTATION_CONTEXT('2D SPACE',''
  ) );
#1389 = ORIENTED_EDGE('',*,*,#1321,.T.);
#1390 = ORIENTED_EDGE('',*,*,#964,.T.);
#1391 = ORIENTED_EDGE('',*,*,#1133,.F.);
#1392 = ADVANCED_FACE('',(#1393),#1121,.T.);
#1393 = FACE_BOUND('',#1394,.T.);
#1394 = EDGE_LOOP('',(#1395,#1396,#1397,#1398,#1399,#1400));
#1395 = ORIENTED_EDGE('',*,*,#1103,.F.);
#1396 = ORIENTED_EDGE('',*,*,#1371,.F.);
#1397 = ORIENTED_EDGE('',*,*,#1344,.F.);
#1398 = ORIENTED_EDGE('',*,*,#1274,.T.);
#1399 = ORIENTED_EDGE('',*,*,#1226,.F.);
#1400 = ORIENTED_EDGE('',*,*,#1179,.F.);
#1401 = MANIFOLD_SOLID_BREP('',#1402);
#1402 = CLOSED_SHELL('',(#1403,#1550,#1626,#1675,#1722,#1772,#1797));
#1403 = ADVANCED_FACE('',(#1404),#1418,.F.);
#1404 = FACE_BOUND('',#1405,.F.);
#1405 = EDGE_LOOP('',(#1406,#1441,#1467,#1496,#1524));
#1406 = ORIENTED_EDGE('',*,*,#1407,.F.);
#1407 = EDGE_CURVE('',#1408,#1410,#1412,.T.);
#1408 = VERTEX_POINT('',#1409);
#1409 = CARTESIAN_POINT('',(2.7E+04,-4.5E+03,0.));
#1410 = VERTEX_POINT('',#1411);
#1411 = CARTESIAN_POINT('',(3.E+04,-4.5E+03,0.));
#1412 = SURFACE_CURVE('',#1413,(#1417,#1429),.PCURVE_S1.);
#1413 = LINE('',#1414,#1415);
#1414 = CARTESIAN_POINT('',(-3.E+04,-4.5E+03,0.));
#1415 = VECTOR('',#1416,1.);
#1416 = DIRECTION('',(1.,0.,0.));
#1417 = PCURVE('',#1418,#1423);
#1418 = PLANE('',#1419);
#1419 = AXIS2_PLACEMENT_3D('',#1420,#1421,#1422);
#1420 = CARTESIAN_POINT('',(-3.E+04,-4.5E+03,0.));
#1421 = DIRECTION('',(0.,1.,0.));
#1422 = DIRECTION('',(0.,0.,1.));
#1423 = DEFINITIONAL_REPRESENTATION('',(#1424),#1428);
#1424 = LINE('',#1425,#1426);
#1425 = CARTESIAN_POINT('',(0.,0.));
#1426 = VECTOR('',#1427,1.);
#1427 = DIRECTION('',(0.,1.));
#1428 = ( GEOMETRIC_REPRESENTATION_CONTEXT(2) 
PARAMETRIC_REPRESENTATION_CONTEXT() REPRESENTATION_CONTEXT('2D SPACE',''
  ) );
#1429 = PCURVE('',#1430,#1435);
#1430 = PLANE('',#1431);
#1431 = AXIS2_PLACEMENT_3D('',#1432,#1433,#1434);
#1432 = CARTESIAN_POINT('',(-3.E+04,-4.5E+03,0.));
#1433 = DIRECTION('',(0.,0.,1.));
#1434 = DIRECTION('',(1.,0.,0.));
#1435 = DEFINITIONAL_REPRESENTATION('',(#1436),#1440);
#1436 = LINE('',#1437,#1438);
#1437 = CARTESIAN_POINT('',(0.,0.));
#1438 = VECTOR('',#1439,1.);
#1439 = DIRECTION('',(1.,0.));
#1440 = ( GEOMETRIC_REPRESENTATION_CONTEXT(2) 
PARAMETRIC_REPRESENTATION_CONTEXT() REPRESENTATION_CONTEXT('2D SPACE',''
  ) );
#1441 = ORIENTED_EDGE('',*,*,#1442,.F.);
#1442 = EDGE_CURVE('',#1443,#1408,#1445,.T.);
#1443 = VERTEX_POINT('',#1444);
#1444 = CARTESIAN_POINT('',(2.7E+04,-4.5E+03,4.E+03));
#1445 = SURFACE_CURVE('',#1446,(#1450,#1456),.PCURVE_S1.);
#1446 = LINE('',#1447,#1448);
#1447 = CARTESIAN_POINT('',(2.7E+04,-4.5E+03,2.E+03));
#1448 = VECTOR('',#1449,1.);
#1449 = DIRECTION('',(0.,0.,-1.));
#1450 = PCURVE('',#1418,#1451);
#1451 = DEFINITIONAL_REPRESENTATION('',(#1452),#1455);
#1452 = B_SPLINE_CURVE_WITH_KNOTS('',1,(#1453,#1454),.UNSPECIFIED.,.F.,
  .F.,(2,2),(-2.E+03,2.E+03),.PIECEWISE_BEZIER_KNOTS.);
#1453 = CARTESIAN_POINT('',(4.E+03,5.7E+04));
#1454 = CARTESIAN_POINT('',(0.,5.7E+04));
#1455 = ( GEOMETRIC_REPRESENTATION_CONTEXT(2) 
PARAMETRIC_REPRESENTATION_CONTEXT() REPRESENTATION_CONTEXT('2D SPACE',''
  ) );
#1456 = PCURVE('',#1457,#1462);
#1457 = PLANE('',#1458);
#1458 = AXIS2_PLACEMENT_3D('',#1459,#1460,#1461);
#1459 = CARTESIAN_POINT('',(2.7E+04,4.6E+03,4.E+03));
#1460 = DIRECTION('',(1.,0.,0.));
#1461 = DIRECTION('',(0.,0.,-1.));
#1462 = DEFINITIONAL_REPRESENTATION('',(#1463),#1466);
#1463 = B_SPLINE_CURVE_WITH_KNOTS('',1,(#1464,#1465),.UNSPECIFIED.,.F.,
  .F.,(2,2),(-2.E+03,2.E+03),.PIECEWISE_BEZIER_KNOTS.);
#1464 = CARTESIAN_POINT('',(0.,-9.1E+03));
#1465 = CARTESIAN_POINT('',(4.E+03,-9.1E+03));
#1466 = ( GEOMETRIC_REPRESENTATION_CONTEXT(2) 
PARAMETRIC_REPRESENTATION_CONTEXT() REPRESENTATION_CONTEXT('2D SPACE',''
  ) );
#1467 = ORIENTED_EDGE('',*,*,#1468,.F.);
#1468 = EDGE_CURVE('',#1469,#1443,#1471,.T.);
#1469 = VERTEX_POINT('',#1470);
#1470 = CARTESIAN_POINT('',(2.360555127546E+04,-4.5E+03,1.E+04));
#1471 = SURFACE_CURVE('',#1472,(#1477,#1484),.PCURVE_S1.);
#1472 = CIRCLE('',#1473,7.E+03);
#1473 = AXIS2_PLACEMENT_3D('',#1474,#1475,#1476);
#1474 = CARTESIAN_POINT('',(2.E+04,-4.5E+03,4.E+03));
#1475 = DIRECTION('',(0.,1.,0.));
#1476 = DIRECTION('',(-1.,0.,0.));
#1477 = PCURVE('',#1418,#1478);
#1478 = DEFINITIONAL_REPRESENTATION('',(#1479),#1483);
#1479 = CIRCLE('',#1480,7.E+03);
#1480 = AXIS2_PLACEMENT_2D('',#1481,#1482);
#1481 = CARTESIAN_POINT('',(4.E+03,5.E+04));
#1482 = DIRECTION('',(0.,-1.));
#1483 = ( GEOMETRIC_REPRESENTATION_CONTEXT(2) 
PARAMETRIC_REPRESENTATION_CONTEXT() REPRESENTATION_CONTEXT('2D SPACE',''
  ) );
#1484 = PCURVE('',#1485,#1490);
#1485 = CYLINDRICAL_SURFACE('',#1486,7.E+03);
#1486 = AXIS2_PLACEMENT_3D('',#1487,#1488,#1489);
#1487 = CARTESIAN_POINT('',(2.E+04,4.6E+03,4.E+03));
#1488 = DIRECTION('',(0.,1.,0.));
#1489 = DIRECTION('',(-1.,0.,-0.));
#1490 = DEFINITIONAL_REPRESENTATION('',(#1491),#1495);
#1491 = LINE('',#1492,#1493);
#1492 = CARTESIAN_POINT('',(0.,-9.1E+03));
#1493 = VECTOR('',#1494,1.);
#1494 = DIRECTION('',(1.,0.));
#1495 = ( GEOMETRIC_REPRESENTATION_CONTEXT(2) 
PARAMETRIC_REPRESENTATION_CONTEXT() REPRESENTATION_CONTEXT('2D SPACE',''
  ) );
#1496 = ORIENTED_EDGE('',*,*,#1497,.T.);
#1497 = EDGE_CURVE('',#1469,#1498,#1500,.T.);
#1498 = VERTEX_POINT('',#1499);
#1499 = CARTESIAN_POINT('',(3.E+04,-4.5E+03,1.E+04));
#1500 = SURFACE_CURVE('',#1501,(#1505,#1512),.PCURVE_S1.);
#1501 = LINE('',#1502,#1503);
#1502 = CARTESIAN_POINT('',(-3.E+04,-4.5E+03,1.E+04));
#1503 = VECTOR('',#1504,1.);
#1504 = DIRECTION('',(1.,0.,0.));
#1505 = PCURVE('',#1418,#1506);
#1506 = DEFINITIONAL_REPRESENTATION('',(#1507),#1511);
#1507 = LINE('',#1508,#1509);
#1508 = CARTESIAN_POINT('',(1.E+04,0.));
#1509 = VECTOR('',#1510,1.);
#1510 = DIRECTION('',(0.,1.));
#1511 = ( GEOMETRIC_REPRESENTATION_CONTEXT(2) 
PARAMETRIC_REPRESENTATION_CONTEXT() REPRESENTATION_CONTEXT('2D SPACE',''
  ) );
#1512 = PCURVE('',#1513,#1518);
#1513 = PLANE('',#1514);
#1514 = AXIS2_PLACEMENT_3D('',#1515,#1516,#1517);
#1515 = CARTESIAN_POINT('',(-3.E+04,-4.5E+03,1.E+04));
#1516 = DIRECTION('',(0.,0.,1.));
#1517 = DIRECTION('',(1.,0.,0.));
#1518 = DEFINITIONAL_REPRESENTATION('',(#1519),#1523);
#1519 = LINE('',#1520,#1521);
#1520 = CARTESIAN_POINT('',(0.,0.));
#1521 = VECTOR('',#1522,1.);
#1522 = DIRECTION('',(1.,0.));
#1523 = ( GEOMETRIC_REPRESENTATION_CONTEXT(2) 
PARAMETRIC_REPRESENTATION_CONTEXT() REPRESENTATION_CONTEXT('2D SPACE',''
  ) );
#1524 = ORIENTED_EDGE('',*,*,#1525,.F.);
#1525 = EDGE_CURVE('',#1410,#1498,#1526,.T.);
#1526 = SURFACE_CURVE('',#1527,(#1531,#1538),.PCURVE_S1.);
#1527 = LINE('',#1528,#1529);
#1528 = CARTESIAN_POINT('',(3.E+04,-4.5E+03,0.));
#1529 = VECTOR('',#1530,1.);
#1530 = DIRECTION('',(0.,0.,1.));
#1531 = PCURVE('',#1418,#1532);
#1532 = DEFINITIONAL_REPRESENTATION('',(#1533),#1537);
#1533 = LINE('',#1534,#1535);
#1534 = CARTESIAN_POINT('',(0.,6.E+04));
#1535 = VECTOR('',#1536,1.);
#1536 = DIRECTION('',(1.,0.));
#1537 = ( GEOMETRIC_REPRESENTATION_CONTEXT(2) 
PARAMETRIC_REPRESENTATION_CONTEXT() REPRESENTATION_CONTEXT('2D SPACE',''
  ) );
#1538 = PCURVE('',#1539,#1544);
#1539 = PLANE('',#1540);
#1540 = AXIS2_PLACEMENT_3D('',#1541,#1542,#1543);
#1541 = CARTESIAN_POINT('',(3.E+04,-4.5E+03,0.));
#1542 = DIRECTION('',(1.,0.,0.));
#1543 = DIRECTION('',(0.,0.,1.));
#1544 = DEFINITIONAL_REPRESENTATION('',(#1545),#1549);
#1545 = LINE('',#1546,#1547);
#1546 = CARTESIAN_POINT('',(0.,0.));
#1547 = VECTOR('',#1548,1.);
#1548 = DIRECTION('',(1.,0.));
#1549 = ( GEOMETRIC_REPRESENTATION_CONTEXT(2) 
PARAMETRIC_REPRESENTATION_CONTEXT() REPRESENTATION_CONTEXT('2D SPACE',''
  ) );
#1550 = ADVANCED_FACE('',(#1551),#1430,.F.);
#1551 = FACE_BOUND('',#1552,.F.);
#1552 = EDGE_LOOP('',(#1553,#1583,#1604,#1605));
#1553 = ORIENTED_EDGE('',*,*,#1554,.F.);
#1554 = EDGE_CURVE('',#1555,#1557,#1559,.T.);
#1555 = VERTEX_POINT('',#1556);
#1556 = CARTESIAN_POINT('',(2.7E+04,4.5E+03,0.));
#1557 = VERTEX_POINT('',#1558);
#1558 = CARTESIAN_POINT('',(3.E+04,4.5E+03,0.));
#1559 = SURFACE_CURVE('',#1560,(#1564,#1571),.PCURVE_S1.);
#1560 = LINE('',#1561,#1562);
#1561 = CARTESIAN_POINT('',(-3.E+04,4.5E+03,0.));
#1562 = VECTOR('',#1563,1.);
#1563 = DIRECTION('',(1.,0.,0.));
#1564 = PCURVE('',#1430,#1565);
#1565 = DEFINITIONAL_REPRESENTATION('',(#1566),#1570);
#1566 = LINE('',#1567,#1568);
#1567 = CARTESIAN_POINT('',(0.,9.E+03));
#1568 = VECTOR('',#1569,1.);
#1569 = DIRECTION('',(1.,0.));
#1570 = ( GEOMETRIC_REPRESENTATION_CONTEXT(2) 
PARAMETRIC_REPRESENTATION_CONTEXT() REPRESENTATION_CONTEXT('2D SPACE',''
  ) );
#1571 = PCURVE('',#1572,#1577);
#1572 = PLANE('',#1573);
#1573 = AXIS2_PLACEMENT_3D('',#1574,#1575,#1576);
#1574 = CARTESIAN_POINT('',(-3.E+04,4.5E+03,0.));
#1575 = DIRECTION('',(0.,1.,0.));
#1576 = DIRECTION('',(0.,0.,1.));
#1577 = DEFINITIONAL_REPRESENTATION('',(#1578),#1582);
#1578 = LINE('',#1579,#1580);
#1579 = CARTESIAN_POINT('',(0.,0.));
#1580 = VECTOR('',#1581,1.);
#1581 = DIRECTION('',(0.,1.));
#1582 = ( GEOMETRIC_REPRESENTATION_CONTEXT(2) 
PARAMETRIC_REPRESENTATION_CONTEXT() REPRESENTATION_CONTEXT('2D SPACE',''
  ) );
#1583 = ORIENTED_EDGE('',*,*,#1584,.T.);
#1584 = EDGE_CURVE('',#1555,#1408,#1585,.T.);
#1585 = SURFACE_CURVE('',#1586,(#1590,#1597),.PCURVE_S1.);
#1586 = LINE('',#1587,#1588);
#1587 = CARTESIAN_POINT('',(2.7E+04,4.6E+03,0.));
#1588 = VECTOR('',#1589,1.);
#1589 = DIRECTION('',(0.,-1.,0.));
#1590 = PCURVE('',#1430,#1591);
#1591 = DEFINITIONAL_REPRESENTATION('',(#1592),#1596);
#1592 = LINE('',#1593,#1594);
#1593 = CARTESIAN_POINT('',(5.7E+04,9.1E+03));
#1594 = VECTOR('',#1595,1.);
#1595 = DIRECTION('',(0.,-1.));
#1596 = ( GEOMETRIC_REPRESENTATION_CONTEXT(2) 
PARAMETRIC_REPRESENTATION_CONTEXT() REPRESENTATION_CONTEXT('2D SPACE',''
  ) );
#1597 = PCURVE('',#1457,#1598);
#1598 = DEFINITIONAL_REPRESENTATION('',(#1599),#1603);
#1599 = LINE('',#1600,#1601);
#1600 = CARTESIAN_POINT('',(4.E+03,0.));
#1601 = VECTOR('',#1602,1.);
#1602 = DIRECTION('',(0.,-1.));
#1603 = ( GEOMETRIC_REPRESENTATION_CONTEXT(2) 
PARAMETRIC_REPRESENTATION_CONTEXT() REPRESENTATION_CONTEXT('2D SPACE',''
  ) );
#1604 = ORIENTED_EDGE('',*,*,#1407,.T.);
#1605 = ORIENTED_EDGE('',*,*,#1606,.T.);
#1606 = EDGE_CURVE('',#1410,#1557,#1607,.T.);
#1607 = SURFACE_CURVE('',#1608,(#1612,#1619),.PCURVE_S1.);
#1608 = LINE('',#1609,#1610);
#1609 = CARTESIAN_POINT('',(3.E+04,-4.5E+03,0.));
#1610 = VECTOR('',#1611,1.);
#1611 = DIRECTION('',(0.,1.,0.));
#1612 = PCURVE('',#1430,#1613);
#1613 = DEFINITIONAL_REPRESENTATION('',(#1614),#1618);
#1614 = LINE('',#1615,#1616);
#1615 = CARTESIAN_POINT('',(6.E+04,0.));
#1616 = VECTOR('',#1617,1.);
#1617 = DIRECTION('',(0.,1.));
#1618 = ( GEOMETRIC_REPRESENTATION_CONTEXT(2) 
PARAMETRIC_REPRESENTATION_CONTEXT() REPRESENTATION_CONTEXT('2D SPACE',''
  ) );
#1619 = PCURVE('',#1539,#1620);
#1620 = DEFINITIONAL_REPRESENTATION('',(#1621),#1625);
#1621 = LINE('',#1622,#1623);
#1622 = CARTESIAN_POINT('',(0.,0.));
#1623 = VECTOR('',#1624,1.);
#1624 = DIRECTION('',(0.,-1.));
#1625 = ( GEOMETRIC_REPRESENTATION_CONTEXT(2) 
PARAMETRIC_REPRESENTATION_CONTEXT() REPRESENTATION_CONTEXT('2D SPACE',''
  ) );
#1626 = ADVANCED_FACE('',(#1627),#1539,.T.);
#1627 = FACE_BOUND('',#1628,.T.);
#1628 = EDGE_LOOP('',(#1629,#1630,#1631,#1654));
#1629 = ORIENTED_EDGE('',*,*,#1525,.F.);
#1630 = ORIENTED_EDGE('',*,*,#1606,.T.);
#1631 = ORIENTED_EDGE('',*,*,#1632,.T.);
#1632 = EDGE_CURVE('',#1557,#1633,#1635,.T.);
#1633 = VERTEX_POINT('',#1634);
#1634 = CARTESIAN_POINT('',(3.E+04,4.5E+03,1.E+04));
#1635 = SURFACE_CURVE('',#1636,(#1640,#1647),.PCURVE_S1.);
#1636 = LINE('',#1637,#1638);
#1637 = CARTESIAN_POINT('',(3.E+04,4.5E+03,0.));
#1638 = VECTOR('',#1639,1.);
#1639 = DIRECTION('',(0.,0.,1.));
#1640 = PCURVE('',#1539,#1641);
#1641 = DEFINITIONAL_REPRESENTATION('',(#1642),#1646);
#1642 = LINE('',#1643,#1644);
#1643 = CARTESIAN_POINT('',(0.,-9.E+03));
#1644 = VECTOR('',#1645,1.);
#1645 = DIRECTION('',(1.,0.));
#1646 = ( GEOMETRIC_REPRESENTATION_CONTEXT(2) 
PARAMETRIC_REPRESENTATION_CONTEXT() REPRESENTATION_CONTEXT('2D SPACE',''
  ) );
#1647 = PCURVE('',#1572,#1648);
#1648 = DEFINITIONAL_REPRESENTATION('',(#1649),#1653);
#1649 = LINE('',#1650,#1651);
#1650 = CARTESIAN_POINT('',(0.,6.E+04));
#1651 = VECTOR('',#1652,1.);
#1652 = DIRECTION('',(1.,0.));
#1653 = ( GEOMETRIC_REPRESENTATION_CONTEXT(2) 
PARAMETRIC_REPRESENTATION_CONTEXT() REPRESENTATION_CONTEXT('2D SPACE',''
  ) );
#1654 = ORIENTED_EDGE('',*,*,#1655,.F.);
#1655 = EDGE_CURVE('',#1498,#1633,#1656,.T.);
#1656 = SURFACE_CURVE('',#1657,(#1661,#1668),.PCURVE_S1.);
#1657 = LINE('',#1658,#1659);
#1658 = CARTESIAN_POINT('',(3.E+04,-4.5E+03,1.E+04));
#1659 = VECTOR('',#1660,1.);
#1660 = DIRECTION('',(0.,1.,0.));
#1661 = PCURVE('',#1539,#1662);
#1662 = DEFINITIONAL_REPRESENTATION('',(#1663),#1667);
#1663 = LINE('',#1664,#1665);
#1664 = CARTESIAN_POINT('',(1.E+04,0.));
#1665 = VECTOR('',#1666,1.);
#1666 = DIRECTION('',(0.,-1.));
#1667 = ( GEOMETRIC_REPRESENTATION_CONTEXT(2) 
PARAMETRIC_REPRESENTATION_CONTEXT() REPRESENTATION_CONTEXT('2D SPACE',''
  ) );
#1668 = PCURVE('',#1513,#1669);
#1669 = DEFINITIONAL_REPRESENTATION('',(#1670),#1674);
#1670 = LINE('',#1671,#1672);
#1671 = CARTESIAN_POINT('',(6.E+04,0.));
#1672 = VECTOR('',#1673,1.);
#1673 = DIRECTION('',(0.,1.));
#1674 = ( GEOMETRIC_REPRESENTATION_CONTEXT(2) 
PARAMETRIC_REPRESENTATION_CONTEXT() REPRESENTATION_CONTEXT('2D SPACE',''
  ) );
#1675 = ADVANCED_FACE('',(#1676),#1513,.T.);
#1676 = FACE_BOUND('',#1677,.T.);
#1677 = EDGE_LOOP('',(#1678,#1701,#1720,#1721));
#1678 = ORIENTED_EDGE('',*,*,#1679,.F.);
#1679 = EDGE_CURVE('',#1680,#1633,#1682,.T.);
#1680 = VERTEX_POINT('',#1681);
#1681 = CARTESIAN_POINT('',(2.360555127546E+04,4.5E+03,1.E+04));
#1682 = SURFACE_CURVE('',#1683,(#1687,#1694),.PCURVE_S1.);
#1683 = LINE('',#1684,#1685);
#1684 = CARTESIAN_POINT('',(-3.E+04,4.5E+03,1.E+04));
#1685 = VECTOR('',#1686,1.);
#1686 = DIRECTION('',(1.,0.,0.));
#1687 = PCURVE('',#1513,#1688);
#1688 = DEFINITIONAL_REPRESENTATION('',(#1689),#1693);
#1689 = LINE('',#1690,#1691);
#1690 = CARTESIAN_POINT('',(0.,9.E+03));
#1691 = VECTOR('',#1692,1.);
#1692 = DIRECTION('',(1.,0.));
#1693 = ( GEOMETRIC_REPRESENTATION_CONTEXT(2) 
PARAMETRIC_REPRESENTATION_CONTEXT() REPRESENTATION_CONTEXT('2D SPACE',''
  ) );
#1694 = PCURVE('',#1572,#1695);
#1695 = DEFINITIONAL_REPRESENTATION('',(#1696),#1700);
#1696 = LINE('',#1697,#1698);
#1697 = CARTESIAN_POINT('',(1.E+04,0.));
#1698 = VECTOR('',#1699,1.);
#1699 = DIRECTION('',(0.,1.));
#1700 = ( GEOMETRIC_REPRESENTATION_CONTEXT(2) 
PARAMETRIC_REPRESENTATION_CONTEXT() REPRESENTATION_CONTEXT('2D SPACE',''
  ) );
#1701 = ORIENTED_EDGE('',*,*,#1702,.F.);
#1702 = EDGE_CURVE('',#1469,#1680,#1703,.T.);
#1703 = SURFACE_CURVE('',#1704,(#1708,#1714),.PCURVE_S1.);
#1704 = LINE('',#1705,#1706);
#1705 = CARTESIAN_POINT('',(2.360555127546E+04,4.6E+03,1.E+04));
#1706 = VECTOR('',#1707,1.);
#1707 = DIRECTION('',(0.,1.,0.));
#1708 = PCURVE('',#1513,#1709);
#1709 = DEFINITIONAL_REPRESENTATION('',(#1710),#1713);
#1710 = B_SPLINE_CURVE_WITH_KNOTS('',1,(#1711,#1712),.UNSPECIFIED.,.F.,
  .F.,(2,2),(-9.2000000006E+03,6.000000212225E-07),
  .PIECEWISE_BEZIER_KNOTS.);
#1711 = CARTESIAN_POINT('',(5.360555127546E+04,-100.0000005999));
#1712 = CARTESIAN_POINT('',(5.360555127546E+04,9.1000000006E+03));
#1713 = ( GEOMETRIC_REPRESENTATION_CONTEXT(2) 
PARAMETRIC_REPRESENTATION_CONTEXT() REPRESENTATION_CONTEXT('2D SPACE',''
  ) );
#1714 = PCURVE('',#1485,#1715);
#1715 = DEFINITIONAL_REPRESENTATION('',(#1716),#1719);
#1716 = B_SPLINE_CURVE_WITH_KNOTS('',1,(#1717,#1718),.UNSPECIFIED.,.F.,
  .F.,(2,2),(-9.2000000006E+03,6.000000212225E-07),
  .PIECEWISE_BEZIER_KNOTS.);
#1717 = CARTESIAN_POINT('',(2.111895852752,-9.2000000006E+03));
#1718 = CARTESIAN_POINT('',(2.111895852752,6.000000212225E-07));
#1719 = ( GEOMETRIC_REPRESENTATION_CONTEXT(2) 
PARAMETRIC_REPRESENTATION_CONTEXT() REPRESENTATION_CONTEXT('2D SPACE',''
  ) );
#1720 = ORIENTED_EDGE('',*,*,#1497,.T.);
#1721 = ORIENTED_EDGE('',*,*,#1655,.T.);
#1722 = ADVANCED_FACE('',(#1723),#1485,.F.);
#1723 = FACE_BOUND('',#1724,.F.);
#1724 = EDGE_LOOP('',(#1725,#1748,#1770,#1771));
#1725 = ORIENTED_EDGE('',*,*,#1726,.F.);
#1726 = EDGE_CURVE('',#1727,#1443,#1729,.T.);
#1727 = VERTEX_POINT('',#1728);
#1728 = CARTESIAN_POINT('',(2.7E+04,4.5E+03,4.E+03));
#1729 = SURFACE_CURVE('',#1730,(#1734,#1741),.PCURVE_S1.);
#1730 = LINE('',#1731,#1732);
#1731 = CARTESIAN_POINT('',(2.7E+04,4.6E+03,4.E+03));
#1732 = VECTOR('',#1733,1.);
#1733 = DIRECTION('',(0.,-1.,0.));
#1734 = PCURVE('',#1485,#1735);
#1735 = DEFINITIONAL_REPRESENTATION('',(#1736),#1740);
#1736 = LINE('',#1737,#1738);
#1737 = CARTESIAN_POINT('',(3.14159265359,0.));
#1738 = VECTOR('',#1739,1.);
#1739 = DIRECTION('',(0.,-1.));
#1740 = ( GEOMETRIC_REPRESENTATION_CONTEXT(2) 
PARAMETRIC_REPRESENTATION_CONTEXT() REPRESENTATION_CONTEXT('2D SPACE',''
  ) );
#1741 = PCURVE('',#1457,#1742);
#1742 = DEFINITIONAL_REPRESENTATION('',(#1743),#1747);
#1743 = LINE('',#1744,#1745);
#1744 = CARTESIAN_POINT('',(0.,0.));
#1745 = VECTOR('',#1746,1.);
#1746 = DIRECTION('',(0.,-1.));
#1747 = ( GEOMETRIC_REPRESENTATION_CONTEXT(2) 
PARAMETRIC_REPRESENTATION_CONTEXT() REPRESENTATION_CONTEXT('2D SPACE',''
  ) );
#1748 = ORIENTED_EDGE('',*,*,#1749,.F.);
#1749 = EDGE_CURVE('',#1680,#1727,#1750,.T.);
#1750 = SURFACE_CURVE('',#1751,(#1756,#1763),.PCURVE_S1.);
#1751 = CIRCLE('',#1752,7.E+03);
#1752 = AXIS2_PLACEMENT_3D('',#1753,#1754,#1755);
#1753 = CARTESIAN_POINT('',(2.E+04,4.5E+03,4.E+03));
#1754 = DIRECTION('',(0.,1.,0.));
#1755 = DIRECTION('',(-1.,0.,0.));
#1756 = PCURVE('',#1485,#1757);
#1757 = DEFINITIONAL_REPRESENTATION('',(#1758),#1762);
#1758 = LINE('',#1759,#1760);
#1759 = CARTESIAN_POINT('',(0.,-100.));
#1760 = VECTOR('',#1761,1.);
#1761 = DIRECTION('',(1.,0.));
#1762 = ( GEOMETRIC_REPRESENTATION_CONTEXT(2) 
PARAMETRIC_REPRESENTATION_CONTEXT() REPRESENTATION_CONTEXT('2D SPACE',''
  ) );
#1763 = PCURVE('',#1572,#1764);
#1764 = DEFINITIONAL_REPRESENTATION('',(#1765),#1769);
#1765 = CIRCLE('',#1766,7.E+03);
#1766 = AXIS2_PLACEMENT_2D('',#1767,#1768);
#1767 = CARTESIAN_POINT('',(4.E+03,5.E+04));
#1768 = DIRECTION('',(0.,-1.));
#1769 = ( GEOMETRIC_REPRESENTATION_CONTEXT(2) 
PARAMETRIC_REPRESENTATION_CONTEXT() REPRESENTATION_CONTEXT('2D SPACE',''
  ) );
#1770 = ORIENTED_EDGE('',*,*,#1702,.F.);
#1771 = ORIENTED_EDGE('',*,*,#1468,.T.);
#1772 = ADVANCED_FACE('',(#1773),#1457,.F.);
#1773 = FACE_BOUND('',#1774,.F.);
#1774 = EDGE_LOOP('',(#1775,#1794,#1795,#1796));
#1775 = ORIENTED_EDGE('',*,*,#1776,.F.);
#1776 = EDGE_CURVE('',#1727,#1555,#1777,.T.);
#1777 = SURFACE_CURVE('',#1778,(#1782,#1788),.PCURVE_S1.);
#1778 = LINE('',#1779,#1780);
#1779 = CARTESIAN_POINT('',(2.7E+04,4.5E+03,2.E+03));
#1780 = VECTOR('',#1781,1.);
#1781 = DIRECTION('',(0.,0.,-1.));
#1782 = PCURVE('',#1457,#1783);
#1783 = DEFINITIONAL_REPRESENTATION('',(#1784),#1787);
#1784 = B_SPLINE_CURVE_WITH_KNOTS('',1,(#1785,#1786),.UNSPECIFIED.,.F.,
  .F.,(2,2),(-2.E+03,2.E+03),.PIECEWISE_BEZIER_KNOTS.);
#1785 = CARTESIAN_POINT('',(0.,-100.));
#1786 = CARTESIAN_POINT('',(4.E+03,-100.));
#1787 = ( GEOMETRIC_REPRESENTATION_CONTEXT(2) 
PARAMETRIC_REPRESENTATION_CONTEXT() REPRESENTATION_CONTEXT('2D SPACE',''
  ) );
#1788 = PCURVE('',#1572,#1789);
#1789 = DEFINITIONAL_REPRESENTATION('',(#1790),#1793);
#1790 = B_SPLINE_CURVE_WITH_KNOTS('',1,(#1791,#1792),.UNSPECIFIED.,.F.,
  .F.,(2,2),(-2.E+03,2.E+03),.PIECEWISE_BEZIER_KNOTS.);
#1791 = CARTESIAN_POINT('',(4.E+03,5.7E+04));
#1792 = CARTESIAN_POINT('',(0.,5.7E+04));
#1793 = ( GEOMETRIC_REPRESENTATION_CONTEXT(2) 
PARAMETRIC_REPRESENTATION_CONTEXT() REPRESENTATION_CONTEXT('2D SPACE',''
  ) );
#1794 = ORIENTED_EDGE('',*,*,#1726,.T.);
#1795 = ORIENTED_EDGE('',*,*,#1442,.T.);
#1796 = ORIENTED_EDGE('',*,*,#1584,.F.);
#1797 = ADVANCED_FACE('',(#1798),#1572,.T.);
#1798 = FACE_BOUND('',#1799,.T.);
#1799 = EDGE_LOOP('',(#1800,#1801,#1802,#1803,#1804));
#1800 = ORIENTED_EDGE('',*,*,#1554,.F.);
#1801 = ORIENTED_EDGE('',*,*,#1776,.F.);
#1802 = ORIENTED_EDGE('',*,*,#1749,.F.);
#1803 = ORIENTED_EDGE('',*,*,#1679,.T.);
#1804 = ORIENTED_EDGE('',*,*,#1632,.F.);
#1805 = ( GEOMETRIC_REPRESENTATION_CONTEXT(3) 
GLOBAL_UNCERTAINTY_ASSIGNED_CONTEXT((#1809)) 
GLOBAL_UNIT_ASSIGNED_CONTEXT((#1806,#1807,#1808)) REPRESENTATION_CONTEXT
('Context #1','3D Context with UNIT and UNCERTAINTY') );
#1806 = ( LENGTH_UNIT() NAMED_UNIT(*) SI_UNIT(.MILLI.,.METRE.) );
#1807 = ( NAMED_UNIT(*) PLANE_ANGLE_UNIT() SI_UNIT($,.RADIAN.) );
#1808 = ( NAMED_UNIT(*) SI_UNIT($,.STERADIAN.) SOLID_ANGLE_UNIT() );
#1809 = UNCERTAINTY_MEASURE_WITH_UNIT(LENGTH_MEASURE(1.E-07),#1806,
  'distance_accuracy_value','confusion accuracy');
#1810 = CONTEXT_DEPENDENT_SHAPE_REPRESENTATION(#1811,#1813);
#1811 = ( REPRESENTATION_RELATIONSHIP('','',#40,#10) 
REPRESENTATION_RELATIONSHIP_WITH_TRANSFORMATION(#1812) 
SHAPE_REPRESENTATION_RELATIONSHIP() );
#1812 = ITEM_DEFINED_TRANSFORMATION('','',#11,#15);
#1813 = PRODUCT_DEFINITION_SHAPE('Placement','Placement of an item',
  #1814);
#1814 = NEXT_ASSEMBLY_USAGE_OCCURRENCE('65','part0','',#5,#35,$);
#1815 = PRODUCT_RELATED_PRODUCT_CATEGORY('part',$,(#37));
#1816 = SHAPE_DEFINITION_REPRESENTATION(#1817,#1823);
#1817 = PRODUCT_DEFINITION_SHAPE('','',#1818);
#1818 = PRODUCT_DEFINITION('design','',#1819,#1822);
#1819 = PRODUCT_DEFINITION_FORMATION('','',#1820);
#1820 = PRODUCT('part1','part1','',(#1821));
#1821 = PRODUCT_CONTEXT('',#2,'mechanical');
#1822 = PRODUCT_DEFINITION_CONTEXT('part definition',#2,'design');
#1823 = SHAPE_REPRESENTATION('',(#11,#1824,#2088,#2352),#2616);
#1824 = MANIFOLD_SOLID_BREP('',#1825);
#1825 = CLOSED_SHELL('',(#1826,#1948,#2029,#2076,#2082));
#1826 = ADVANCED_FACE('',(#1827),#1841,.T.);
#1827 = FACE_BOUND('',#1828,.T.);
#1828 = EDGE_LOOP('',(#1829,#1864,#1893,#1921));
#1829 = ORIENTED_EDGE('',*,*,#1830,.T.);
#1830 = EDGE_CURVE('',#1831,#1833,#1835,.T.);
#1831 = VERTEX_POINT('',#1832);
#1832 = CARTESIAN_POINT('',(-2.73E+04,4.63E+03,3.8E+03));
#1833 = VERTEX_POINT('',#1834);
#1834 = CARTESIAN_POINT('',(-2.73E+04,-4.63E+03,3.8E+03));
#1835 = SURFACE_CURVE('',#1836,(#1840,#1852),.PCURVE_S1.);
#1836 = LINE('',#1837,#1838);
#1837 = CARTESIAN_POINT('',(-2.73E+04,4.63E+03,3.8E+03));
#1838 = VECTOR('',#1839,1.);
#1839 = DIRECTION('',(0.,-1.,0.));
#1840 = PCURVE('',#1841,#1846);
#1841 = CYLINDRICAL_SURFACE('',#1842,7.302666666667E+03);
#1842 = AXIS2_PLACEMENT_3D('',#1843,#1844,#1845);
#1843 = CARTESIAN_POINT('',(-2.E+04,4.63E+03,3.997333333333E+03));
#1844 = DIRECTION('',(0.,1.,0.));
#1845 = DIRECTION('',(-0.999634836589,0.,-2.702209238634E-02));
#1846 = DEFINITIONAL_REPRESENTATION('',(#1847),#1851);
#1847 = LINE('',#1848,#1849);
#1848 = CARTESIAN_POINT('',(0.,0.));
#1849 = VECTOR('',#1850,1.);
#1850 = DIRECTION('',(0.,-1.));
#1851 = ( GEOMETRIC_REPRESENTATION_CONTEXT(2) 
PARAMETRIC_REPRESENTATION_CONTEXT() REPRESENTATION_CONTEXT('2D SPACE',''
  ) );
#1852 = PCURVE('',#1853,#1858);
#1853 = PLANE('',#1854);
#1854 = AXIS2_PLACEMENT_3D('',#1855,#1856,#1857);
#1855 = CARTESIAN_POINT('',(-2.67E+04,4.63E+03,3.8E+03));
#1856 = DIRECTION('',(3.789561257387E-15,0.,-1.));
#1857 = DIRECTION('',(-1.,0.,-3.789561257387E-15));
#1858 = DEFINITIONAL_REPRESENTATION('',(#1859),#1863);
#1859 = LINE('',#1860,#1861);
#1860 = CARTESIAN_POINT('',(600.,0.));
#1861 = VECTOR('',#1862,1.);
#1862 = DIRECTION('',(-0.,-1.));
#1863 = ( GEOMETRIC_REPRESENTATION_CONTEXT(2) 
PARAMETRIC_REPRESENTATION_CONTEXT() REPRESENTATION_CONTEXT('2D SPACE',''
  ) );
#1864 = ORIENTED_EDGE('',*,*,#1865,.T.);
#1865 = EDGE_CURVE('',#1833,#1866,#1868,.T.);
#1866 = VERTEX_POINT('',#1867);
#1867 = CARTESIAN_POINT('',(-1.27E+04,-4.63E+03,3.8E+03));
#1868 = SURFACE_CURVE('',#1869,(#1874,#1881),.PCURVE_S1.);
#1869 = CIRCLE('',#1870,7.302666666667E+03);
#1870 = AXIS2_PLACEMENT_3D('',#1871,#1872,#1873);
#1871 = CARTESIAN_POINT('',(-2.E+04,-4.63E+03,3.997333333333E+03));
#1872 = DIRECTION('',(0.,1.,0.));
#1873 = DIRECTION('',(-0.999634836589,0.,-2.702209238634E-02));
#1874 = PCURVE('',#1841,#1875);
#1875 = DEFINITIONAL_REPRESENTATION('',(#1876),#1880);
#1876 = LINE('',#1877,#1878);
#1877 = CARTESIAN_POINT('',(0.,-9.26E+03));
#1878 = VECTOR('',#1879,1.);
#1879 = DIRECTION('',(1.,0.));
#1880 = ( GEOMETRIC_REPRESENTATION_CONTEXT(2) 
PARAMETRIC_REPRESENTATION_CONTEXT() REPRESENTATION_CONTEXT('2D SPACE',''
  ) );
#1881 = PCURVE('',#1882,#1887);
#1882 = PLANE('',#1883);
#1883 = AXIS2_PLACEMENT_3D('',#1884,#1885,#1886);
#1884 = CARTESIAN_POINT('',(-1.995304015277E+04,-4.63E+03,
    7.905875361189E+03));
#1885 = DIRECTION('',(0.,1.,0.));
#1886 = DIRECTION('',(0.,-0.,1.));
#1887 = DEFINITIONAL_REPRESENTATION('',(#1888),#1892);
#1888 = CIRCLE('',#1889,7.302666666667E+03);
#1889 = AXIS2_PLACEMENT_2D('',#1890,#1891);
#1890 = CARTESIAN_POINT('',(-3.908542027856E+03,-46.95984722655));
#1891 = DIRECTION('',(-2.702209238634E-02,-0.999634836589));
#1892 = ( GEOMETRIC_REPRESENTATION_CONTEXT(2) 
PARAMETRIC_REPRESENTATION_CONTEXT() REPRESENTATION_CONTEXT('2D SPACE',''
  ) );
#1893 = ORIENTED_EDGE('',*,*,#1894,.F.);
#1894 = EDGE_CURVE('',#1895,#1866,#1897,.T.);
#1895 = VERTEX_POINT('',#1896);
#1896 = CARTESIAN_POINT('',(-1.27E+04,4.63E+03,3.8E+03));
#1897 = SURFACE_CURVE('',#1898,(#1902,#1909),.PCURVE_S1.);
#1898 = LINE('',#1899,#1900);
#1899 = CARTESIAN_POINT('',(-1.27E+04,4.63E+03,3.8E+03));
#1900 = VECTOR('',#1901,1.);
#1901 = DIRECTION('',(0.,-1.,0.));
#1902 = PCURVE('',#1841,#1903);
#1903 = DEFINITIONAL_REPRESENTATION('',(#1904),#1908);
#1904 = LINE('',#1905,#1906);
#1905 = CARTESIAN_POINT('',(3.195643417643,0.));
#1906 = VECTOR('',#1907,1.);
#1907 = DIRECTION('',(0.,-1.));
#1908 = ( GEOMETRIC_REPRESENTATION_CONTEXT(2) 
PARAMETRIC_REPRESENTATION_CONTEXT() REPRESENTATION_CONTEXT('2D SPACE',''
  ) );
#1909 = PCURVE('',#1910,#1915);
#1910 = CYLINDRICAL_SURFACE('',#1911,7.000633841739E+03);
#1911 = AXIS2_PLACEMENT_3D('',#1912,#1913,#1914);
#1912 = CARTESIAN_POINT('',(-1.97E+04,4.63E+03,3.705797101449E+03));
#1913 = DIRECTION('',(-0.,1.,-0.));
#1914 = DIRECTION('',(0.999909459379,0.,1.345633848025E-02));
#1915 = DEFINITIONAL_REPRESENTATION('',(#1916),#1920);
#1916 = LINE('',#1917,#1918);
#1917 = CARTESIAN_POINT('',(-0.,0.));
#1918 = VECTOR('',#1919,1.);
#1919 = DIRECTION('',(-0.,-1.));
#1920 = ( GEOMETRIC_REPRESENTATION_CONTEXT(2) 
PARAMETRIC_REPRESENTATION_CONTEXT() REPRESENTATION_CONTEXT('2D SPACE',''
  ) );
#1921 = ORIENTED_EDGE('',*,*,#1922,.F.);
#1922 = EDGE_CURVE('',#1831,#1895,#1923,.T.);
#1923 = SURFACE_CURVE('',#1924,(#1929,#1936),.PCURVE_S1.);
#1924 = CIRCLE('',#1925,7.302666666667E+03);
#1925 = AXIS2_PLACEMENT_3D('',#1926,#1927,#1928);
#1926 = CARTESIAN_POINT('',(-2.E+04,4.63E+03,3.997333333333E+03));
#1927 = DIRECTION('',(0.,1.,0.));
#1928 = DIRECTION('',(-0.999634836589,0.,-2.702209238634E-02));
#1929 = PCURVE('',#1841,#1930);
#1930 = DEFINITIONAL_REPRESENTATION('',(#1931),#1935);
#1931 = LINE('',#1932,#1933);
#1932 = CARTESIAN_POINT('',(0.,0.));
#1933 = VECTOR('',#1934,1.);
#1934 = DIRECTION('',(1.,0.));
#1935 = ( GEOMETRIC_REPRESENTATION_CONTEXT(2) 
PARAMETRIC_REPRESENTATION_CONTEXT() REPRESENTATION_CONTEXT('2D SPACE',''
  ) );
#1936 = PCURVE('',#1937,#1942);
#1937 = PLANE('',#1938);
#1938 = AXIS2_PLACEMENT_3D('',#1939,#1940,#1941);
#1939 = CARTESIAN_POINT('',(-1.995304015277E+04,4.63E+03,
    7.905875361189E+03));
#1940 = DIRECTION('',(0.,1.,0.));
#1941 = DIRECTION('',(0.,-0.,1.));
#1942 = DEFINITIONAL_REPRESENTATION('',(#1943),#1947);
#1943 = CIRCLE('',#1944,7.302666666667E+03);
#1944 = AXIS2_PLACEMENT_2D('',#1945,#1946);
#1945 = CARTESIAN_POINT('',(-3.908542027856E+03,-46.95984722655));
#1946 = DIRECTION('',(-2.702209238634E-02,-0.999634836589));
#1947 = ( GEOMETRIC_REPRESENTATION_CONTEXT(2) 
PARAMETRIC_REPRESENTATION_CONTEXT() REPRESENTATION_CONTEXT('2D SPACE',''
  ) );
#1948 = ADVANCED_FACE('',(#1949),#1910,.F.);
#1949 = FACE_BOUND('',#1950,.T.);
#1950 = EDGE_LOOP('',(#1951,#1952,#1980,#2003));
#1951 = ORIENTED_EDGE('',*,*,#1894,.T.);
#1952 = ORIENTED_EDGE('',*,*,#1953,.T.);
#1953 = EDGE_CURVE('',#1866,#1954,#1956,.T.);
#1954 = VERTEX_POINT('',#1955);
#1955 = CARTESIAN_POINT('',(-2.67E+04,-4.63E+03,3.8E+03));
#1956 = SURFACE_CURVE('',#1957,(#1962,#1969),.PCURVE_S1.);
#1957 = CIRCLE('',#1958,7.000633841739E+03);
#1958 = AXIS2_PLACEMENT_3D('',#1959,#1960,#1961);
#1959 = CARTESIAN_POINT('',(-1.97E+04,-4.63E+03,3.705797101449E+03));
#1960 = DIRECTION('',(0.,-1.,0.));
#1961 = DIRECTION('',(0.999909459379,0.,1.345633848025E-02));
#1962 = PCURVE('',#1910,#1963);
#1963 = DEFINITIONAL_REPRESENTATION('',(#1964),#1968);
#1964 = LINE('',#1965,#1966);
#1965 = CARTESIAN_POINT('',(-0.,-9.26E+03));
#1966 = VECTOR('',#1967,1.);
#1967 = DIRECTION('',(-1.,0.));
#1968 = ( GEOMETRIC_REPRESENTATION_CONTEXT(2) 
PARAMETRIC_REPRESENTATION_CONTEXT() REPRESENTATION_CONTEXT('2D SPACE',''
  ) );
#1969 = PCURVE('',#1882,#1970);
#1970 = DEFINITIONAL_REPRESENTATION('',(#1971),#1979);
#1971 = ( BOUNDED_CURVE() B_SPLINE_CURVE(2,(#1972,#1973,#1974,#1975,
#1976,#1977,#1978),.UNSPECIFIED.,.T.,.F.) B_SPLINE_CURVE_WITH_KNOTS((1,2
    ,2,2,2,1),(-2.094395102393,0.,2.094395102393,4.188790204786,
6.28318530718,8.377580409573),.UNSPECIFIED.) CURVE() 
GEOMETRIC_REPRESENTATION_ITEM() RATIONAL_B_SPLINE_CURVE((1.,0.5,1.,0.5,
1.,0.5,1.)) REPRESENTATION_ITEM('') );
#1972 = CARTESIAN_POINT('',(-4.105875361189E+03,7.253040152773E+03));
#1973 = CARTESIAN_POINT('',(8.018480291793E+03,7.089875946263E+03));
#1974 = CARTESIAN_POINT('',(1.814998117476E+03,-3.328541950482E+03));
#1975 = CARTESIAN_POINT('',(-4.388484056841E+03,-1.374695984723E+04));
#1976 = CARTESIAN_POINT('',(-1.030935753551E+04,-3.165377743972E+03));
#1977 = CARTESIAN_POINT('',(-1.623023101417E+04,7.416204359284E+03));
#1978 = CARTESIAN_POINT('',(-4.105875361189E+03,7.253040152773E+03));
#1979 = ( GEOMETRIC_REPRESENTATION_CONTEXT(2) 
PARAMETRIC_REPRESENTATION_CONTEXT() REPRESENTATION_CONTEXT('2D SPACE',''
  ) );
#1980 = ORIENTED_EDGE('',*,*,#1981,.F.);
#1981 = EDGE_CURVE('',#1982,#1954,#1984,.T.);
#1982 = VERTEX_POINT('',#1983);
#1983 = CARTESIAN_POINT('',(-2.67E+04,4.63E+03,3.8E+03));
#1984 = SURFACE_CURVE('',#1985,(#1989,#1996),.PCURVE_S1.);
#1985 = LINE('',#1986,#1987);
#1986 = CARTESIAN_POINT('',(-2.67E+04,4.63E+03,3.8E+03));
#1987 = VECTOR('',#1988,1.);
#1988 = DIRECTION('',(0.,-1.,0.));
#1989 = PCURVE('',#1910,#1990);
#1990 = DEFINITIONAL_REPRESENTATION('',(#1991),#1995);
#1991 = LINE('',#1992,#1993);
#1992 = CARTESIAN_POINT('',(-3.11467916437,0.));
#1993 = VECTOR('',#1994,1.);
#1994 = DIRECTION('',(-0.,-1.));
#1995 = ( GEOMETRIC_REPRESENTATION_CONTEXT(2) 
PARAMETRIC_REPRESENTATION_CONTEXT() REPRESENTATION_CONTEXT('2D SPACE',''
  ) );
#1996 = PCURVE('',#1853,#1997);
#1997 = DEFINITIONAL_REPRESENTATION('',(#1998),#2002);
#1998 = LINE('',#1999,#2000);
#1999 = CARTESIAN_POINT('',(0.,0.));
#2000 = VECTOR('',#2001,1.);
#2001 = DIRECTION('',(-0.,-1.));
#2002 = ( GEOMETRIC_REPRESENTATION_CONTEXT(2) 
PARAMETRIC_REPRESENTATION_CONTEXT() REPRESENTATION_CONTEXT('2D SPACE',''
  ) );
#2003 = ORIENTED_EDGE('',*,*,#2004,.F.);
#2004 = EDGE_CURVE('',#1895,#1982,#2005,.T.);
#2005 = SURFACE_CURVE('',#2006,(#2011,#2018),.PCURVE_S1.);
#2006 = CIRCLE('',#2007,7.000633841739E+03);
#2007 = AXIS2_PLACEMENT_3D('',#2008,#2009,#2010);
#2008 = CARTESIAN_POINT('',(-1.97E+04,4.63E+03,3.705797101449E+03));
#2009 = DIRECTION('',(0.,-1.,0.));
#2010 = DIRECTION('',(0.999909459379,0.,1.345633848025E-02));
#2011 = PCURVE('',#1910,#2012);
#2012 = DEFINITIONAL_REPRESENTATION('',(#2013),#2017);
#2013 = LINE('',#2014,#2015);
#2014 = CARTESIAN_POINT('',(-0.,0.));
#2015 = VECTOR('',#2016,1.);
#2016 = DIRECTION('',(-1.,0.));
#2017 = ( GEOMETRIC_REPRESENTATION_CONTEXT(2) 
PARAMETRIC_REPRESENTATION_CONTEXT() REPRESENTATION_CONTEXT('2D SPACE',''
  ) );
#2018 = PCURVE('',#1937,#2019);
#2019 = DEFINITIONAL_REPRESENTATION('',(#2020),#2028);
#2020 = ( BOUNDED_CURVE() B_SPLINE_CURVE(2,(#2021,#2022,#2023,#2024,
#2025,#2026,#2027),.UNSPECIFIED.,.T.,.F.) B_SPLINE_CURVE_WITH_KNOTS((1,2
    ,2,2,2,1),(-2.094395102393,0.,2.094395102393,4.188790204786,
6.28318530718,8.377580409573),.UNSPECIFIED.) CURVE() 
GEOMETRIC_REPRESENTATION_ITEM() RATIONAL_B_SPLINE_CURVE((1.,0.5,1.,0.5,
1.,0.5,1.)) REPRESENTATION_ITEM('') );
#2021 = CARTESIAN_POINT('',(-4.105875361189E+03,7.253040152773E+03));
#2022 = CARTESIAN_POINT('',(8.018480291793E+03,7.089875946263E+03));
#2023 = CARTESIAN_POINT('',(1.814998117476E+03,-3.328541950482E+03));
#2024 = CARTESIAN_POINT('',(-4.388484056841E+03,-1.374695984723E+04));
#2025 = CARTESIAN_POINT('',(-1.030935753551E+04,-3.165377743972E+03));
#2026 = CARTESIAN_POINT('',(-1.623023101417E+04,7.416204359284E+03));
#2027 = CARTESIAN_POINT('',(-4.105875361189E+03,7.253040152773E+03));
#2028 = ( GEOMETRIC_REPRESENTATION_CONTEXT(2) 
PARAMETRIC_REPRESENTATION_CONTEXT() REPRESENTATION_CONTEXT('2D SPACE',''
  ) );
#2029 = ADVANCED_FACE('',(#2030),#1853,.T.);
#2030 = FACE_BOUND('',#2031,.T.);
#2031 = EDGE_LOOP('',(#2032,#2033,#2054,#2055));
#2032 = ORIENTED_EDGE('',*,*,#1981,.T.);
#2033 = ORIENTED_EDGE('',*,*,#2034,.T.);
#2034 = EDGE_CURVE('',#1954,#1833,#2035,.T.);
#2035 = SURFACE_CURVE('',#2036,(#2040,#2047),.PCURVE_S1.);
#2036 = LINE('',#2037,#2038);
#2037 = CARTESIAN_POINT('',(-2.67E+04,-4.63E+03,3.8E+03));
#2038 = VECTOR('',#2039,1.);
#2039 = DIRECTION('',(-1.,0.,-3.789561257387E-15));
#2040 = PCURVE('',#1853,#2041);
#2041 = DEFINITIONAL_REPRESENTATION('',(#2042),#2046);
#2042 = LINE('',#2043,#2044);
#2043 = CARTESIAN_POINT('',(-0.,-9.26E+03));
#2044 = VECTOR('',#2045,1.);
#2045 = DIRECTION('',(1.,0.));
#2046 = ( GEOMETRIC_REPRESENTATION_CONTEXT(2) 
PARAMETRIC_REPRESENTATION_CONTEXT() REPRESENTATION_CONTEXT('2D SPACE',''
  ) );
#2047 = PCURVE('',#1882,#2048);
#2048 = DEFINITIONAL_REPRESENTATION('',(#2049),#2053);
#2049 = LINE('',#2050,#2051);
#2050 = CARTESIAN_POINT('',(-4.105875361189E+03,-6.746959847227E+03));
#2051 = VECTOR('',#2052,1.);
#2052 = DIRECTION('',(-3.789561257387E-15,-1.));
#2053 = ( GEOMETRIC_REPRESENTATION_CONTEXT(2) 
PARAMETRIC_REPRESENTATION_CONTEXT() REPRESENTATION_CONTEXT('2D SPACE',''
  ) );
#2054 = ORIENTED_EDGE('',*,*,#1830,.F.);
#2055 = ORIENTED_EDGE('',*,*,#2056,.F.);
#2056 = EDGE_CURVE('',#1982,#1831,#2057,.T.);
#2057 = SURFACE_CURVE('',#2058,(#2062,#2069),.PCURVE_S1.);
#2058 = LINE('',#2059,#2060);
#2059 = CARTESIAN_POINT('',(-2.67E+04,4.63E+03,3.8E+03));
#2060 = VECTOR('',#2061,1.);
#2061 = DIRECTION('',(-1.,0.,-3.789561257387E-15));
#2062 = PCURVE('',#1853,#2063);
#2063 = DEFINITIONAL_REPRESENTATION('',(#2064),#2068);
#2064 = LINE('',#2065,#2066);
#2065 = CARTESIAN_POINT('',(0.,0.));
#2066 = VECTOR('',#2067,1.);
#2067 = DIRECTION('',(1.,0.));
#2068 = ( GEOMETRIC_REPRESENTATION_CONTEXT(2) 
PARAMETRIC_REPRESENTATION_CONTEXT() REPRESENTATION_CONTEXT('2D SPACE',''
  ) );
#2069 = PCURVE('',#1937,#2070);
#2070 = DEFINITIONAL_REPRESENTATION('',(#2071),#2075);
#2071 = LINE('',#2072,#2073);
#2072 = CARTESIAN_POINT('',(-4.105875361189E+03,-6.746959847227E+03));
#2073 = VECTOR('',#2074,1.);
#2074 = DIRECTION('',(-3.789561257387E-15,-1.));
#2075 = ( GEOMETRIC_REPRESENTATION_CONTEXT(2) 
PARAMETRIC_REPRESENTATION_CONTEXT() REPRESENTATION_CONTEXT('2D SPACE',''
  ) );
#2076 = ADVANCED_FACE('',(#2077),#1937,.T.);
#2077 = FACE_BOUND('',#2078,.T.);
#2078 = EDGE_LOOP('',(#2079,#2080,#2081));
#2079 = ORIENTED_EDGE('',*,*,#1922,.T.);
#2080 = ORIENTED_EDGE('',*,*,#2004,.T.);
#2081 = ORIENTED_EDGE('',*,*,#2056,.T.);
#2082 = ADVANCED_FACE('',(#2083),#1882,.F.);
#2083 = FACE_BOUND('',#2084,.F.);
#2084 = EDGE_LOOP('',(#2085,#2086,#2087));
#2085 = ORIENTED_EDGE('',*,*,#1865,.T.);
#2086 = ORIENTED_EDGE('',*,*,#1953,.T.);
#2087 = ORIENTED_EDGE('',*,*,#2034,.T.);
#2088 = MANIFOLD_SOLID_BREP('',#2089);
#2089 = CLOSED_SHELL('',(#2090,#2212,#2293,#2340,#2346));
#2090 = ADVANCED_FACE('',(#2091),#2105,.T.);
#2091 = FACE_BOUND('',#2092,.T.);
#2092 = EDGE_LOOP('',(#2093,#2128,#2157,#2185));
#2093 = ORIENTED_EDGE('',*,*,#2094,.T.);
#2094 = EDGE_CURVE('',#2095,#2097,#2099,.T.);
#2095 = VERTEX_POINT('',#2096);
#2096 = CARTESIAN_POINT('',(-7.3E+03,4.63E+03,3.8E+03));
#2097 = VERTEX_POINT('',#2098);
#2098 = CARTESIAN_POINT('',(-7.3E+03,-4.63E+03,3.8E+03));
#2099 = SURFACE_CURVE('',#2100,(#2104,#2116),.PCURVE_S1.);
#2100 = LINE('',#2101,#2102);
#2101 = CARTESIAN_POINT('',(-7.3E+03,4.63E+03,3.8E+03));
#2102 = VECTOR('',#2103,1.);
#2103 = DIRECTION('',(0.,-1.,0.));
#2104 = PCURVE('',#2105,#2110);
#2105 = CYLINDRICAL_SURFACE('',#2106,7.302666666667E+03);
#2106 = AXIS2_PLACEMENT_3D('',#2107,#2108,#2109);
#2107 = CARTESIAN_POINT('',(6.821210263297E-13,4.63E+03,
    3.997333333333E+03));
#2108 = DIRECTION('',(0.,1.,0.));
#2109 = DIRECTION('',(-0.999634836589,0.,-2.702209238634E-02));
#2110 = DEFINITIONAL_REPRESENTATION('',(#2111),#2115);
#2111 = LINE('',#2112,#2113);
#2112 = CARTESIAN_POINT('',(0.,0.));
#2113 = VECTOR('',#2114,1.);
#2114 = DIRECTION('',(0.,-1.));
#2115 = ( GEOMETRIC_REPRESENTATION_CONTEXT(2) 
PARAMETRIC_REPRESENTATION_CONTEXT() REPRESENTATION_CONTEXT('2D SPACE',''
  ) );
#2116 = PCURVE('',#2117,#2122);
#2117 = PLANE('',#2118);
#2118 = AXIS2_PLACEMENT_3D('',#2119,#2120,#2121);
#2119 = CARTESIAN_POINT('',(-6.7E+03,4.63E+03,3.8E+03));
#2120 = DIRECTION('',(7.579122514774E-16,0.,-1.));
#2121 = DIRECTION('',(-1.,0.,-7.579122514774E-16));
#2122 = DEFINITIONAL_REPRESENTATION('',(#2123),#2127);
#2123 = LINE('',#2124,#2125);
#2124 = CARTESIAN_POINT('',(599.99999999999,0.));
#2125 = VECTOR('',#2126,1.);
#2126 = DIRECTION('',(-0.,-1.));
#2127 = ( GEOMETRIC_REPRESENTATION_CONTEXT(2) 
PARAMETRIC_REPRESENTATION_CONTEXT() REPRESENTATION_CONTEXT('2D SPACE',''
  ) );
#2128 = ORIENTED_EDGE('',*,*,#2129,.T.);
#2129 = EDGE_CURVE('',#2097,#2130,#2132,.T.);
#2130 = VERTEX_POINT('',#2131);
#2131 = CARTESIAN_POINT('',(7.3E+03,-4.63E+03,3.8E+03));
#2132 = SURFACE_CURVE('',#2133,(#2138,#2145),.PCURVE_S1.);
#2133 = CIRCLE('',#2134,7.302666666667E+03);
#2134 = AXIS2_PLACEMENT_3D('',#2135,#2136,#2137);
#2135 = CARTESIAN_POINT('',(6.821210263297E-13,-4.63E+03,
    3.997333333333E+03));
#2136 = DIRECTION('',(0.,1.,0.));
#2137 = DIRECTION('',(-0.999634836589,0.,-2.702209238634E-02));
#2138 = PCURVE('',#2105,#2139);
#2139 = DEFINITIONAL_REPRESENTATION('',(#2140),#2144);
#2140 = LINE('',#2141,#2142);
#2141 = CARTESIAN_POINT('',(0.,-9.26E+03));
#2142 = VECTOR('',#2143,1.);
#2143 = DIRECTION('',(1.,0.));
#2144 = ( GEOMETRIC_REPRESENTATION_CONTEXT(2) 
PARAMETRIC_REPRESENTATION_CONTEXT() REPRESENTATION_CONTEXT('2D SPACE',''
  ) );
#2145 = PCURVE('',#2146,#2151);
#2146 = PLANE('',#2147);
#2147 = AXIS2_PLACEMENT_3D('',#2148,#2149,#2150);
#2148 = CARTESIAN_POINT('',(46.95984722656,-4.63E+03,7.905875361189E+03)
  );
#2149 = DIRECTION('',(0.,1.,0.));
#2150 = DIRECTION('',(0.,-0.,1.));
#2151 = DEFINITIONAL_REPRESENTATION('',(#2152),#2156);
#2152 = CIRCLE('',#2153,7.302666666667E+03);
#2153 = AXIS2_PLACEMENT_2D('',#2154,#2155);
#2154 = CARTESIAN_POINT('',(-3.908542027856E+03,-46.95984722655));
#2155 = DIRECTION('',(-2.702209238634E-02,-0.999634836589));
#2156 = ( GEOMETRIC_REPRESENTATION_CONTEXT(2) 
PARAMETRIC_REPRESENTATION_CONTEXT() REPRESENTATION_CONTEXT('2D SPACE',''
  ) );
#2157 = ORIENTED_EDGE('',*,*,#2158,.F.);
#2158 = EDGE_CURVE('',#2159,#2130,#2161,.T.);
#2159 = VERTEX_POINT('',#2160);
#2160 = CARTESIAN_POINT('',(7.3E+03,4.63E+03,3.8E+03));
#2161 = SURFACE_CURVE('',#2162,(#2166,#2173),.PCURVE_S1.);
#2162 = LINE('',#2163,#2164);
#2163 = CARTESIAN_POINT('',(7.3E+03,4.63E+03,3.8E+03));
#2164 = VECTOR('',#2165,1.);
#2165 = DIRECTION('',(0.,-1.,0.));
#2166 = PCURVE('',#2105,#2167);
#2167 = DEFINITIONAL_REPRESENTATION('',(#2168),#2172);
#2168 = LINE('',#2169,#2170);
#2169 = CARTESIAN_POINT('',(3.195643417643,0.));
#2170 = VECTOR('',#2171,1.);
#2171 = DIRECTION('',(0.,-1.));
#2172 = ( GEOMETRIC_REPRESENTATION_CONTEXT(2) 
PARAMETRIC_REPRESENTATION_CONTEXT() REPRESENTATION_CONTEXT('2D SPACE',''
  ) );
#2173 = PCURVE('',#2174,#2179);
#2174 = CYLINDRICAL_SURFACE('',#2175,7.000633841739E+03);
#2175 = AXIS2_PLACEMENT_3D('',#2176,#2177,#2178);
#2176 = CARTESIAN_POINT('',(300.,4.63E+03,3.705797101449E+03));
#2177 = DIRECTION('',(-0.,1.,-0.));
#2178 = DIRECTION('',(0.999909459379,0.,1.345633848025E-02));
#2179 = DEFINITIONAL_REPRESENTATION('',(#2180),#2184);
#2180 = LINE('',#2181,#2182);
#2181 = CARTESIAN_POINT('',(-0.,0.));
#2182 = VECTOR('',#2183,1.);
#2183 = DIRECTION('',(-0.,-1.));
#2184 = ( GEOMETRIC_REPRESENTATION_CONTEXT(2) 
PARAMETRIC_REPRESENTATION_CONTEXT() REPRESENTATION_CONTEXT('2D SPACE',''
  ) );
#2185 = ORIENTED_EDGE('',*,*,#2186,.F.);
#2186 = EDGE_CURVE('',#2095,#2159,#2187,.T.);
#2187 = SURFACE_CURVE('',#2188,(#2193,#2200),.PCURVE_S1.);
#2188 = CIRCLE('',#2189,7.302666666667E+03);
#2189 = AXIS2_PLACEMENT_3D('',#2190,#2191,#2192);
#2190 = CARTESIAN_POINT('',(6.821210263297E-13,4.63E+03,
    3.997333333333E+03));
#2191 = DIRECTION('',(0.,1.,0.));
#2192 = DIRECTION('',(-0.999634836589,0.,-2.702209238634E-02));
#2193 = PCURVE('',#2105,#2194);
#2194 = DEFINITIONAL_REPRESENTATION('',(#2195),#2199);
#2195 = LINE('',#2196,#2197);
#2196 = CARTESIAN_POINT('',(0.,0.));
#2197 = VECTOR('',#2198,1.);
#2198 = DIRECTION('',(1.,0.));
#2199 = ( GEOMETRIC_REPRESENTATION_CONTEXT(2) 
PARAMETRIC_REPRESENTATION_CONTEXT() REPRESENTATION_CONTEXT('2D SPACE',''
  ) );
#2200 = PCURVE('',#2201,#2206);
#2201 = PLANE('',#2202);
#2202 = AXIS2_PLACEMENT_3D('',#2203,#2204,#2205);
#2203 = CARTESIAN_POINT('',(46.95984722656,4.63E+03,7.905875361189E+03)
  );
#2204 = DIRECTION('',(0.,1.,0.));
#2205 = DIRECTION('',(0.,-0.,1.));
#2206 = DEFINITIONAL_REPRESENTATION('',(#2207),#2211);
#2207 = CIRCLE('',#2208,7.302666666667E+03);
#2208 = AXIS2_PLACEMENT_2D('',#2209,#2210);
#2209 = CARTESIAN_POINT('',(-3.908542027856E+03,-46.95984722655));
#2210 = DIRECTION('',(-2.702209238634E-02,-0.999634836589));
#2211 = ( GEOMETRIC_REPRESENTATION_CONTEXT(2) 
PARAMETRIC_REPRESENTATION_CONTEXT() REPRESENTATION_CONTEXT('2D SPACE',''
  ) );
#2212 = ADVANCED_FACE('',(#2213),#2174,.F.);
#2213 = FACE_BOUND('',#2214,.T.);
#2214 = EDGE_LOOP('',(#2215,#2216,#2244,#2267));
#2215 = ORIENTED_EDGE('',*,*,#2158,.T.);
#2216 = ORIENTED_EDGE('',*,*,#2217,.T.);
#2217 = EDGE_CURVE('',#2130,#2218,#2220,.T.);
#2218 = VERTEX_POINT('',#2219);
#2219 = CARTESIAN_POINT('',(-6.7E+03,-4.63E+03,3.8E+03));
#2220 = SURFACE_CURVE('',#2221,(#2226,#2233),.PCURVE_S1.);
#2221 = CIRCLE('',#2222,7.000633841739E+03);
#2222 = AXIS2_PLACEMENT_3D('',#2223,#2224,#2225);
#2223 = CARTESIAN_POINT('',(300.,-4.63E+03,3.705797101449E+03));
#2224 = DIRECTION('',(0.,-1.,0.));
#2225 = DIRECTION('',(0.999909459379,0.,1.345633848025E-02));
#2226 = PCURVE('',#2174,#2227);
#2227 = DEFINITIONAL_REPRESENTATION('',(#2228),#2232);
#2228 = LINE('',#2229,#2230);
#2229 = CARTESIAN_POINT('',(-0.,-9.26E+03));
#2230 = VECTOR('',#2231,1.);
#2231 = DIRECTION('',(-1.,0.));
#2232 = ( GEOMETRIC_REPRESENTATION_CONTEXT(2) 
PARAMETRIC_REPRESENTATION_CONTEXT() REPRESENTATION_CONTEXT('2D SPACE',''
  ) );
#2233 = PCURVE('',#2146,#2234);
#2234 = DEFINITIONAL_REPRESENTATION('',(#2235),#2243);
#2235 = ( BOUNDED_CURVE() B_SPLINE_CURVE(2,(#2236,#2237,#2238,#2239,
#2240,#2241,#2242),.UNSPECIFIED.,.T.,.F.) B_SPLINE_CURVE_WITH_KNOTS((1,2
    ,2,2,2,1),(-2.094395102393,0.,2.094395102393,4.188790204786,
6.28318530718,8.377580409573),.UNSPECIFIED.) CURVE() 
GEOMETRIC_REPRESENTATION_ITEM() RATIONAL_B_SPLINE_CURVE((1.,0.5,1.,0.5,
1.,0.5,1.)) REPRESENTATION_ITEM('') );
#2236 = CARTESIAN_POINT('',(-4.105875361189E+03,7.253040152773E+03));
#2237 = CARTESIAN_POINT('',(8.018480291793E+03,7.089875946263E+03));
#2238 = CARTESIAN_POINT('',(1.814998117476E+03,-3.328541950482E+03));
#2239 = CARTESIAN_POINT('',(-4.388484056841E+03,-1.374695984723E+04));
#2240 = CARTESIAN_POINT('',(-1.030935753551E+04,-3.165377743972E+03));
#2241 = CARTESIAN_POINT('',(-1.623023101417E+04,7.416204359284E+03));
#2242 = CARTESIAN_POINT('',(-4.105875361189E+03,7.253040152773E+03));
#2243 = ( GEOMETRIC_REPRESENTATION_CONTEXT(2) 
PARAMETRIC_REPRESENTATION_CONTEXT() REPRESENTATION_CONTEXT('2D SPACE',''
  ) );
#2244 = ORIENTED_EDGE('',*,*,#2245,.F.);
#2245 = EDGE_CURVE('',#2246,#2218,#2248,.T.);
#2246 = VERTEX_POINT('',#2247);
#2247 = CARTESIAN_POINT('',(-6.7E+03,4.63E+03,3.8E+03));
#2248 = SURFACE_CURVE('',#2249,(#2253,#2260),.PCURVE_S1.);
#2249 = LINE('',#2250,#2251);
#2250 = CARTESIAN_POINT('',(-6.7E+03,4.63E+03,3.8E+03));
#2251 = VECTOR('',#2252,1.);
#2252 = DIRECTION('',(0.,-1.,0.));
#2253 = PCURVE('',#2174,#2254);
#2254 = DEFINITIONAL_REPRESENTATION('',(#2255),#2259);
#2255 = LINE('',#2256,#2257);
#2256 = CARTESIAN_POINT('',(-3.11467916437,0.));
#2257 = VECTOR('',#2258,1.);
#2258 = DIRECTION('',(-0.,-1.));
#2259 = ( GEOMETRIC_REPRESENTATION_CONTEXT(2) 
PARAMETRIC_REPRESENTATION_CONTEXT() REPRESENTATION_CONTEXT('2D SPACE',''
  ) );
#2260 = PCURVE('',#2117,#2261);
#2261 = DEFINITIONAL_REPRESENTATION('',(#2262),#2266);
#2262 = LINE('',#2263,#2264);
#2263 = CARTESIAN_POINT('',(0.,0.));
#2264 = VECTOR('',#2265,1.);
#2265 = DIRECTION('',(-0.,-1.));
#2266 = ( GEOMETRIC_REPRESENTATION_CONTEXT(2) 
PARAMETRIC_REPRESENTATION_CONTEXT() REPRESENTATION_CONTEXT('2D SPACE',''
  ) );
#2267 = ORIENTED_EDGE('',*,*,#2268,.F.);
#2268 = EDGE_CURVE('',#2159,#2246,#2269,.T.);
#2269 = SURFACE_CURVE('',#2270,(#2275,#2282),.PCURVE_S1.);
#2270 = CIRCLE('',#2271,7.000633841739E+03);
#2271 = AXIS2_PLACEMENT_3D('',#2272,#2273,#2274);
#2272 = CARTESIAN_POINT('',(300.,4.63E+03,3.705797101449E+03));
#2273 = DIRECTION('',(0.,-1.,0.));
#2274 = DIRECTION('',(0.999909459379,0.,1.345633848025E-02));
#2275 = PCURVE('',#2174,#2276);
#2276 = DEFINITIONAL_REPRESENTATION('',(#2277),#2281);
#2277 = LINE('',#2278,#2279);
#2278 = CARTESIAN_POINT('',(-0.,0.));
#2279 = VECTOR('',#2280,1.);
#2280 = DIRECTION('',(-1.,0.));
#2281 = ( GEOMETRIC_REPRESENTATION_CONTEXT(2) 
PARAMETRIC_REPRESENTATION_CONTEXT() REPRESENTATION_CONTEXT('2D SPACE',''
  ) );
#2282 = PCURVE('',#2201,#2283);
#2283 = DEFINITIONAL_REPRESENTATION('',(#2284),#2292);
#2284 = ( BOUNDED_CURVE() B_SPLINE_CURVE(2,(#2285,#2286,#2287,#2288,
#2289,#2290,#2291),.UNSPECIFIED.,.T.,.F.) B_SPLINE_CURVE_WITH_KNOTS((1,2
    ,2,2,2,1),(-2.094395102393,0.,2.094395102393,4.188790204786,
6.28318530718,8.377580409573),.UNSPECIFIED.) CURVE() 
GEOMETRIC_REPRESENTATION_ITEM() RATIONAL_B_SPLINE_CURVE((1.,0.5,1.,0.5,
1.,0.5,1.)) REPRESENTATION_ITEM('') );
#2285 = CARTESIAN_POINT('',(-4.105875361189E+03,7.253040152773E+03));
#2286 = CARTESIAN_POINT('',(8.018480291793E+03,7.089875946263E+03));
#2287 = CARTESIAN_POINT('',(1.814998117476E+03,-3.328541950482E+03));
#2288 = CARTESIAN_POINT('',(-4.388484056841E+03,-1.374695984723E+04));
#2289 = CARTESIAN_POINT('',(-1.030935753551E+04,-3.165377743972E+03));
#2290 = CARTESIAN_POINT('',(-1.623023101417E+04,7.416204359284E+03));
#2291 = CARTESIAN_POINT('',(-4.105875361189E+03,7.253040152773E+03));
#2292 = ( GEOMETRIC_REPRESENTATION_CONTEXT(2) 
PARAMETRIC_REPRESENTATION_CONTEXT() REPRESENTATION_CONTEXT('2D SPACE',''
  ) );
#2293 = ADVANCED_FACE('',(#2294),#2117,.T.);
#2294 = FACE_BOUND('',#2295,.T.);
#2295 = EDGE_LOOP('',(#2296,#2297,#2318,#2319));
#2296 = ORIENTED_EDGE('',*,*,#2245,.T.);
#2297 = ORIENTED_EDGE('',*,*,#2298,.T.);
#2298 = EDGE_CURVE('',#2218,#2097,#2299,.T.);
#2299 = SURFACE_CURVE('',#2300,(#2304,#2311),.PCURVE_S1.);
#2300 = LINE('',#2301,#2302);
#2301 = CARTESIAN_POINT('',(-6.7E+03,-4.63E+03,3.8E+03));
#2302 = VECTOR('',#2303,1.);
#2303 = DIRECTION('',(-1.,0.,-7.579122514774E-16));
#2304 = PCURVE('',#2117,#2305);
#2305 = DEFINITIONAL_REPRESENTATION('',(#2306),#2310);
#2306 = LINE('',#2307,#2308);
#2307 = CARTESIAN_POINT('',(-0.,-9.26E+03));
#2308 = VECTOR('',#2309,1.);
#2309 = DIRECTION('',(1.,0.));
#2310 = ( GEOMETRIC_REPRESENTATION_CONTEXT(2) 
PARAMETRIC_REPRESENTATION_CONTEXT() REPRESENTATION_CONTEXT('2D SPACE',''
  ) );
#2311 = PCURVE('',#2146,#2312);
#2312 = DEFINITIONAL_REPRESENTATION('',(#2313),#2317);
#2313 = LINE('',#2314,#2315);
#2314 = CARTESIAN_POINT('',(-4.105875361189E+03,-6.746959847227E+03));
#2315 = VECTOR('',#2316,1.);
#2316 = DIRECTION('',(-7.579122514774E-16,-1.));
#2317 = ( GEOMETRIC_REPRESENTATION_CONTEXT(2) 
PARAMETRIC_REPRESENTATION_CONTEXT() REPRESENTATION_CONTEXT('2D SPACE',''
  ) );
#2318 = ORIENTED_EDGE('',*,*,#2094,.F.);
#2319 = ORIENTED_EDGE('',*,*,#2320,.F.);
#2320 = EDGE_CURVE('',#2246,#2095,#2321,.T.);
#2321 = SURFACE_CURVE('',#2322,(#2326,#2333),.PCURVE_S1.);
#2322 = LINE('',#2323,#2324);
#2323 = CARTESIAN_POINT('',(-6.7E+03,4.63E+03,3.8E+03));
#2324 = VECTOR('',#2325,1.);
#2325 = DIRECTION('',(-1.,0.,-7.579122514774E-16));
#2326 = PCURVE('',#2117,#2327);
#2327 = DEFINITIONAL_REPRESENTATION('',(#2328),#2332);
#2328 = LINE('',#2329,#2330);
#2329 = CARTESIAN_POINT('',(0.,0.));
#2330 = VECTOR('',#2331,1.);
#2331 = DIRECTION('',(1.,0.));
#2332 = ( GEOMETRIC_REPRESENTATION_CONTEXT(2) 
PARAMETRIC_REPRESENTATION_CONTEXT() REPRESENTATION_CONTEXT('2D SPACE',''
  ) );
#2333 = PCURVE('',#2201,#2334);
#2334 = DEFINITIONAL_REPRESENTATION('',(#2335),#2339);
#2335 = LINE('',#2336,#2337);
#2336 = CARTESIAN_POINT('',(-4.105875361189E+03,-6.746959847227E+03));
#2337 = VECTOR('',#2338,1.);
#2338 = DIRECTION('',(-7.579122514774E-16,-1.));
#2339 = ( GEOMETRIC_REPRESENTATION_CONTEXT(2) 
PARAMETRIC_REPRESENTATION_CONTEXT() REPRESENTATION_CONTEXT('2D SPACE',''
  ) );
#2340 = ADVANCED_FACE('',(#2341),#2201,.T.);
#2341 = FACE_BOUND('',#2342,.T.);
#2342 = EDGE_LOOP('',(#2343,#2344,#2345));
#2343 = ORIENTED_EDGE('',*,*,#2186,.T.);
#2344 = ORIENTED_EDGE('',*,*,#2268,.T.);
#2345 = ORIENTED_EDGE('',*,*,#2320,.T.);
#2346 = ADVANCED_FACE('',(#2347),#2146,.F.);
#2347 = FACE_BOUND('',#2348,.F.);
#2348 = EDGE_LOOP('',(#2349,#2350,#2351));
#2349 = ORIENTED_EDGE('',*,*,#2129,.T.);
#2350 = ORIENTED_EDGE('',*,*,#2217,.T.);
#2351 = ORIENTED_EDGE('',*,*,#2298,.T.);
#2352 = MANIFOLD_SOLID_BREP('',#2353);
#2353 = CLOSED_SHELL('',(#2354,#2476,#2557,#2604,#2610));
#2354 = ADVANCED_FACE('',(#2355),#2369,.T.);
#2355 = FACE_BOUND('',#2356,.T.);
#2356 = EDGE_LOOP('',(#2357,#2392,#2421,#2449));
#2357 = ORIENTED_EDGE('',*,*,#2358,.T.);
#2358 = EDGE_CURVE('',#2359,#2361,#2363,.T.);
#2359 = VERTEX_POINT('',#2360);
#2360 = CARTESIAN_POINT('',(1.27E+04,4.63E+03,3.8E+03));
#2361 = VERTEX_POINT('',#2362);
#2362 = CARTESIAN_POINT('',(1.27E+04,-4.63E+03,3.8E+03));
#2363 = SURFACE_CURVE('',#2364,(#2368,#2380),.PCURVE_S1.);
#2364 = LINE('',#2365,#2366);
#2365 = CARTESIAN_POINT('',(1.27E+04,4.63E+03,3.8E+03));
#2366 = VECTOR('',#2367,1.);
#2367 = DIRECTION('',(0.,-1.,0.));
#2368 = PCURVE('',#2369,#2374);
#2369 = CYLINDRICAL_SURFACE('',#2370,7.302666666667E+03);
#2370 = AXIS2_PLACEMENT_3D('',#2371,#2372,#2373);
#2371 = CARTESIAN_POINT('',(2.E+04,4.63E+03,3.997333333333E+03));
#2372 = DIRECTION('',(0.,1.,0.));
#2373 = DIRECTION('',(-0.999634836589,0.,-2.702209238634E-02));
#2374 = DEFINITIONAL_REPRESENTATION('',(#2375),#2379);
#2375 = LINE('',#2376,#2377);
#2376 = CARTESIAN_POINT('',(0.,0.));
#2377 = VECTOR('',#2378,1.);
#2378 = DIRECTION('',(0.,-1.));
#2379 = ( GEOMETRIC_REPRESENTATION_CONTEXT(2) 
PARAMETRIC_REPRESENTATION_CONTEXT() REPRESENTATION_CONTEXT('2D SPACE',''
  ) );
#2380 = PCURVE('',#2381,#2386);
#2381 = PLANE('',#2382);
#2382 = AXIS2_PLACEMENT_3D('',#2383,#2384,#2385);
#2383 = CARTESIAN_POINT('',(1.33E+04,4.63E+03,3.8E+03));
#2384 = DIRECTION('',(3.789561257387E-15,0.,-1.));
#2385 = DIRECTION('',(-1.,0.,-3.789561257387E-15));
#2386 = DEFINITIONAL_REPRESENTATION('',(#2387),#2391);
#2387 = LINE('',#2388,#2389);
#2388 = CARTESIAN_POINT('',(599.99999999999,0.));
#2389 = VECTOR('',#2390,1.);
#2390 = DIRECTION('',(-0.,-1.));
#2391 = ( GEOMETRIC_REPRESENTATION_CONTEXT(2) 
PARAMETRIC_REPRESENTATION_CONTEXT() REPRESENTATION_CONTEXT('2D SPACE',''
  ) );
#2392 = ORIENTED_EDGE('',*,*,#2393,.T.);
#2393 = EDGE_CURVE('',#2361,#2394,#2396,.T.);
#2394 = VERTEX_POINT('',#2395);
#2395 = CARTESIAN_POINT('',(2.73E+04,-4.63E+03,3.8E+03));
#2396 = SURFACE_CURVE('',#2397,(#2402,#2409),.PCURVE_S1.);
#2397 = CIRCLE('',#2398,7.302666666667E+03);
#2398 = AXIS2_PLACEMENT_3D('',#2399,#2400,#2401);
#2399 = CARTESIAN_POINT('',(2.E+04,-4.63E+03,3.997333333333E+03));
#2400 = DIRECTION('',(0.,1.,0.));
#2401 = DIRECTION('',(-0.999634836589,0.,-2.702209238634E-02));
#2402 = PCURVE('',#2369,#2403);
#2403 = DEFINITIONAL_REPRESENTATION('',(#2404),#2408);
#2404 = LINE('',#2405,#2406);
#2405 = CARTESIAN_POINT('',(0.,-9.26E+03));
#2406 = VECTOR('',#2407,1.);
#2407 = DIRECTION('',(1.,0.));
#2408 = ( GEOMETRIC_REPRESENTATION_CONTEXT(2) 
PARAMETRIC_REPRESENTATION_CONTEXT() REPRESENTATION_CONTEXT('2D SPACE',''
  ) );
#2409 = PCURVE('',#2410,#2415);
#2410 = PLANE('',#2411);
#2411 = AXIS2_PLACEMENT_3D('',#2412,#2413,#2414);
#2412 = CARTESIAN_POINT('',(2.004695984723E+04,-4.63E+03,
    7.905875361189E+03));
#2413 = DIRECTION('',(0.,1.,0.));
#2414 = DIRECTION('',(0.,-0.,1.));
#2415 = DEFINITIONAL_REPRESENTATION('',(#2416),#2420);
#2416 = CIRCLE('',#2417,7.302666666667E+03);
#2417 = AXIS2_PLACEMENT_2D('',#2418,#2419);
#2418 = CARTESIAN_POINT('',(-3.908542027856E+03,-46.95984722655));
#2419 = DIRECTION('',(-2.702209238634E-02,-0.999634836589));
#2420 = ( GEOMETRIC_REPRESENTATION_CONTEXT(2) 
PARAMETRIC_REPRESENTATION_CONTEXT() REPRESENTATION_CONTEXT('2D SPACE',''
  ) );
#2421 = ORIENTED_EDGE('',*,*,#2422,.F.);
#2422 = EDGE_CURVE('',#2423,#2394,#2425,.T.);
#2423 = VERTEX_POINT('',#2424);
#2424 = CARTESIAN_POINT('',(2.73E+04,4.63E+03,3.8E+03));
#2425 = SURFACE_CURVE('',#2426,(#2430,#2437),.PCURVE_S1.);
#2426 = LINE('',#2427,#2428);
#2427 = CARTESIAN_POINT('',(2.73E+04,4.63E+03,3.8E+03));
#2428 = VECTOR('',#2429,1.);
#2429 = DIRECTION('',(0.,-1.,0.));
#2430 = PCURVE('',#2369,#2431);
#2431 = DEFINITIONAL_REPRESENTATION('',(#2432),#2436);
#2432 = LINE('',#2433,#2434);
#2433 = CARTESIAN_POINT('',(3.195643417643,0.));
#2434 = VECTOR('',#2435,1.);
#2435 = DIRECTION('',(0.,-1.));
#2436 = ( GEOMETRIC_REPRESENTATION_CONTEXT(2) 
PARAMETRIC_REPRESENTATION_CONTEXT() REPRESENTATION_CONTEXT('2D SPACE',''
  ) );
#2437 = PCURVE('',#2438,#2443);
#2438 = CYLINDRICAL_SURFACE('',#2439,7.000633841739E+03);
#2439 = AXIS2_PLACEMENT_3D('',#2440,#2441,#2442);
#2440 = CARTESIAN_POINT('',(2.03E+04,4.63E+03,3.705797101449E+03));
#2441 = DIRECTION('',(-0.,1.,-0.));
#2442 = DIRECTION('',(0.999909459379,0.,1.345633848025E-02));
#2443 = DEFINITIONAL_REPRESENTATION('',(#2444),#2448);
#2444 = LINE('',#2445,#2446);
#2445 = CARTESIAN_POINT('',(-0.,0.));
#2446 = VECTOR('',#2447,1.);
#2447 = DIRECTION('',(-0.,-1.));
#2448 = ( GEOMETRIC_REPRESENTATION_CONTEXT(2) 
PARAMETRIC_REPRESENTATION_CONTEXT() REPRESENTATION_CONTEXT('2D SPACE',''
  ) );
#2449 = ORIENTED_EDGE('',*,*,#2450,.F.);
#2450 = EDGE_CURVE('',#2359,#2423,#2451,.T.);
#2451 = SURFACE_CURVE('',#2452,(#2457,#2464),.PCURVE_S1.);
#2452 = CIRCLE('',#2453,7.302666666667E+03);
#2453 = AXIS2_PLACEMENT_3D('',#2454,#2455,#2456);
#2454 = CARTESIAN_POINT('',(2.E+04,4.63E+03,3.997333333333E+03));
#2455 = DIRECTION('',(0.,1.,0.));
#2456 = DIRECTION('',(-0.999634836589,0.,-2.702209238634E-02));
#2457 = PCURVE('',#2369,#2458);
#2458 = DEFINITIONAL_REPRESENTATION('',(#2459),#2463);
#2459 = LINE('',#2460,#2461);
#2460 = CARTESIAN_POINT('',(0.,0.));
#2461 = VECTOR('',#2462,1.);
#2462 = DIRECTION('',(1.,0.));
#2463 = ( GEOMETRIC_REPRESENTATION_CONTEXT(2) 
PARAMETRIC_REPRESENTATION_CONTEXT() REPRESENTATION_CONTEXT('2D SPACE',''
  ) );
#2464 = PCURVE('',#2465,#2470);
#2465 = PLANE('',#2466);
#2466 = AXIS2_PLACEMENT_3D('',#2467,#2468,#2469);
#2467 = CARTESIAN_POINT('',(2.004695984723E+04,4.63E+03,
    7.905875361189E+03));
#2468 = DIRECTION('',(0.,1.,0.));
#2469 = DIRECTION('',(0.,-0.,1.));
#2470 = DEFINITIONAL_REPRESENTATION('',(#2471),#2475);
#2471 = CIRCLE('',#2472,7.302666666667E+03);
#2472 = AXIS2_PLACEMENT_2D('',#2473,#2474);
#2473 = CARTESIAN_POINT('',(-3.908542027856E+03,-46.95984722655));
#2474 = DIRECTION('',(-2.702209238634E-02,-0.999634836589));
#2475 = ( GEOMETRIC_REPRESENTATION_CONTEXT(2) 
PARAMETRIC_REPRESENTATION_CONTEXT() REPRESENTATION_CONTEXT('2D SPACE',''
  ) );
#2476 = ADVANCED_FACE('',(#2477),#2438,.F.);
#2477 = FACE_BOUND('',#2478,.T.);
#2478 = EDGE_LOOP('',(#2479,#2480,#2508,#2531));
#2479 = ORIENTED_EDGE('',*,*,#2422,.T.);
#2480 = ORIENTED_EDGE('',*,*,#2481,.T.);
#2481 = EDGE_CURVE('',#2394,#2482,#2484,.T.);
#2482 = VERTEX_POINT('',#2483);
#2483 = CARTESIAN_POINT('',(1.33E+04,-4.63E+03,3.8E+03));
#2484 = SURFACE_CURVE('',#2485,(#2490,#2497),.PCURVE_S1.);
#2485 = CIRCLE('',#2486,7.000633841739E+03);
#2486 = AXIS2_PLACEMENT_3D('',#2487,#2488,#2489);
#2487 = CARTESIAN_POINT('',(2.03E+04,-4.63E+03,3.705797101449E+03));
#2488 = DIRECTION('',(0.,-1.,0.));
#2489 = DIRECTION('',(0.999909459379,0.,1.345633848025E-02));
#2490 = PCURVE('',#2438,#2491);
#2491 = DEFINITIONAL_REPRESENTATION('',(#2492),#2496);
#2492 = LINE('',#2493,#2494);
#2493 = CARTESIAN_POINT('',(-0.,-9.26E+03));
#2494 = VECTOR('',#2495,1.);
#2495 = DIRECTION('',(-1.,0.));
#2496 = ( GEOMETRIC_REPRESENTATION_CONTEXT(2) 
PARAMETRIC_REPRESENTATION_CONTEXT() REPRESENTATION_CONTEXT('2D SPACE',''
  ) );
#2497 = PCURVE('',#2410,#2498);
#2498 = DEFINITIONAL_REPRESENTATION('',(#2499),#2507);
#2499 = ( BOUNDED_CURVE() B_SPLINE_CURVE(2,(#2500,#2501,#2502,#2503,
#2504,#2505,#2506),.UNSPECIFIED.,.T.,.F.) B_SPLINE_CURVE_WITH_KNOTS((1,2
    ,2,2,2,1),(-2.094395102393,0.,2.094395102393,4.188790204786,
6.28318530718,8.377580409573),.UNSPECIFIED.) CURVE() 
GEOMETRIC_REPRESENTATION_ITEM() RATIONAL_B_SPLINE_CURVE((1.,0.5,1.,0.5,
1.,0.5,1.)) REPRESENTATION_ITEM('') );
#2500 = CARTESIAN_POINT('',(-4.105875361189E+03,7.253040152773E+03));
#2501 = CARTESIAN_POINT('',(8.018480291793E+03,7.089875946263E+03));
#2502 = CARTESIAN_POINT('',(1.814998117476E+03,-3.328541950482E+03));
#2503 = CARTESIAN_POINT('',(-4.388484056841E+03,-1.374695984723E+04));
#2504 = CARTESIAN_POINT('',(-1.030935753551E+04,-3.165377743972E+03));
#2505 = CARTESIAN_POINT('',(-1.623023101417E+04,7.416204359284E+03));
#2506 = CARTESIAN_POINT('',(-4.105875361189E+03,7.253040152773E+03));
#2507 = ( GEOMETRIC_REPRESENTATION_CONTEXT(2) 
PARAMETRIC_REPRESENTATION_CONTEXT() REPRESENTATION_CONTEXT('2D SPACE',''
  ) );
#2508 = ORIENTED_EDGE('',*,*,#2509,.F.);
#2509 = EDGE_CURVE('',#2510,#2482,#2512,.T.);
#2510 = VERTEX_POINT('',#2511);
#2511 = CARTESIAN_POINT('',(1.33E+04,4.63E+03,3.8E+03));
#2512 = SURFACE_CURVE('',#2513,(#2517,#2524),.PCURVE_S1.);
#2513 = LINE('',#2514,#2515);
#2514 = CARTESIAN_POINT('',(1.33E+04,4.63E+03,3.8E+03));
#2515 = VECTOR('',#2516,1.);
#2516 = DIRECTION('',(0.,-1.,0.));
#2517 = PCURVE('',#2438,#2518);
#2518 = DEFINITIONAL_REPRESENTATION('',(#2519),#2523);
#2519 = LINE('',#2520,#2521);
#2520 = CARTESIAN_POINT('',(-3.11467916437,0.));
#2521 = VECTOR('',#2522,1.);
#2522 = DIRECTION('',(-0.,-1.));
#2523 = ( GEOMETRIC_REPRESENTATION_CONTEXT(2) 
PARAMETRIC_REPRESENTATION_CONTEXT() REPRESENTATION_CONTEXT('2D SPACE',''
  ) );
#2524 = PCURVE('',#2381,#2525);
#2525 = DEFINITIONAL_REPRESENTATION('',(#2526),#2530);
#2526 = LINE('',#2527,#2528);
#2527 = CARTESIAN_POINT('',(0.,0.));
#2528 = VECTOR('',#2529,1.);
#2529 = DIRECTION('',(-0.,-1.));
#2530 = ( GEOMETRIC_REPRESENTATION_CONTEXT(2) 
PARAMETRIC_REPRESENTATION_CONTEXT() REPRESENTATION_CONTEXT('2D SPACE',''
  ) );
#2531 = ORIENTED_EDGE('',*,*,#2532,.F.);
#2532 = EDGE_CURVE('',#2423,#2510,#2533,.T.);
#2533 = SURFACE_CURVE('',#2534,(#2539,#2546),.PCURVE_S1.);
#2534 = CIRCLE('',#2535,7.000633841739E+03);
#2535 = AXIS2_PLACEMENT_3D('',#2536,#2537,#2538);
#2536 = CARTESIAN_POINT('',(2.03E+04,4.63E+03,3.705797101449E+03));
#2537 = DIRECTION('',(0.,-1.,0.));
#2538 = DIRECTION('',(0.999909459379,0.,1.345633848025E-02));
#2539 = PCURVE('',#2438,#2540);
#2540 = DEFINITIONAL_REPRESENTATION('',(#2541),#2545);
#2541 = LINE('',#2542,#2543);
#2542 = CARTESIAN_POINT('',(-0.,0.));
#2543 = VECTOR('',#2544,1.);
#2544 = DIRECTION('',(-1.,0.));
#2545 = ( GEOMETRIC_REPRESENTATION_CONTEXT(2) 
PARAMETRIC_REPRESENTATION_CONTEXT() REPRESENTATION_CONTEXT('2D SPACE',''
  ) );
#2546 = PCURVE('',#2465,#2547);
#2547 = DEFINITIONAL_REPRESENTATION('',(#2548),#2556);
#2548 = ( BOUNDED_CURVE() B_SPLINE_CURVE(2,(#2549,#2550,#2551,#2552,
#2553,#2554,#2555),.UNSPECIFIED.,.T.,.F.) B_SPLINE_CURVE_WITH_KNOTS((1,2
    ,2,2,2,1),(-2.094395102393,0.,2.094395102393,4.188790204786,
6.28318530718,8.377580409573),.UNSPECIFIED.) CURVE() 
GEOMETRIC_REPRESENTATION_ITEM() RATIONAL_B_SPLINE_CURVE((1.,0.5,1.,0.5,
1.,0.5,1.)) REPRESENTATION_ITEM('') );
#2549 = CARTESIAN_POINT('',(-4.105875361189E+03,7.253040152773E+03));
#2550 = CARTESIAN_POINT('',(8.018480291793E+03,7.089875946263E+03));
#2551 = CARTESIAN_POINT('',(1.814998117476E+03,-3.328541950482E+03));
#2552 = CARTESIAN_POINT('',(-4.388484056841E+03,-1.374695984723E+04));
#2553 = CARTESIAN_POINT('',(-1.030935753551E+04,-3.165377743972E+03));
#2554 = CARTESIAN_POINT('',(-1.623023101417E+04,7.416204359284E+03));
#2555 = CARTESIAN_POINT('',(-4.105875361189E+03,7.253040152773E+03));
#2556 = ( GEOMETRIC_REPRESENTATION_CONTEXT(2) 
PARAMETRIC_REPRESENTATION_CONTEXT() REPRESENTATION_CONTEXT('2D SPACE',''
  ) );
#2557 = ADVANCED_FACE('',(#2558),#2381,.T.);
#2558 = FACE_BOUND('',#2559,.T.);
#2559 = EDGE_LOOP('',(#2560,#2561,#2582,#2583));
#2560 = ORIENTED_EDGE('',*,*,#2509,.T.);
#2561 = ORIENTED_EDGE('',*,*,#2562,.T.);
#2562 = EDGE_CURVE('',#2482,#2361,#2563,.T.);
#2563 = SURFACE_CURVE('',#2564,(#2568,#2575),.PCURVE_S1.);
#2564 = LINE('',#2565,#2566);
#2565 = CARTESIAN_POINT('',(1.33E+04,-4.63E+03,3.8E+03));
#2566 = VECTOR('',#2567,1.);
#2567 = DIRECTION('',(-1.,0.,-3.789561257387E-15));
#2568 = PCURVE('',#2381,#2569);
#2569 = DEFINITIONAL_REPRESENTATION('',(#2570),#2574);
#2570 = LINE('',#2571,#2572);
#2571 = CARTESIAN_POINT('',(-0.,-9.26E+03));
#2572 = VECTOR('',#2573,1.);
#2573 = DIRECTION('',(1.,0.));
#2574 = ( GEOMETRIC_REPRESENTATION_CONTEXT(2) 
PARAMETRIC_REPRESENTATION_CONTEXT() REPRESENTATION_CONTEXT('2D SPACE',''
  ) );
#2575 = PCURVE('',#2410,#2576);
#2576 = DEFINITIONAL_REPRESENTATION('',(#2577),#2581);
#2577 = LINE('',#2578,#2579);
#2578 = CARTESIAN_POINT('',(-4.105875361189E+03,-6.746959847227E+03));
#2579 = VECTOR('',#2580,1.);
#2580 = DIRECTION('',(-3.789561257387E-15,-1.));
#2581 = ( GEOMETRIC_REPRESENTATION_CONTEXT(2) 
PARAMETRIC_REPRESENTATION_CONTEXT() REPRESENTATION_CONTEXT('2D SPACE',''
  ) );
#2582 = ORIENTED_EDGE('',*,*,#2358,.F.);
#2583 = ORIENTED_EDGE('',*,*,#2584,.F.);
#2584 = EDGE_CURVE('',#2510,#2359,#2585,.T.);
#2585 = SURFACE_CURVE('',#2586,(#2590,#2597),.PCURVE_S1.);
#2586 = LINE('',#2587,#2588);
#2587 = CARTESIAN_POINT('',(1.33E+04,4.63E+03,3.8E+03));
#2588 = VECTOR('',#2589,1.);
#2589 = DIRECTION('',(-1.,0.,-3.789561257387E-15));
#2590 = PCURVE('',#2381,#2591);
#2591 = DEFINITIONAL_REPRESENTATION('',(#2592),#2596);
#2592 = LINE('',#2593,#2594);
#2593 = CARTESIAN_POINT('',(0.,0.));
#2594 = VECTOR('',#2595,1.);
#2595 = DIRECTION('',(1.,0.));
#2596 = ( GEOMETRIC_REPRESENTATION_CONTEXT(2) 
PARAMETRIC_REPRESENTATION_CONTEXT() REPRESENTATION_CONTEXT('2D SPACE',''
  ) );
#2597 = PCURVE('',#2465,#2598);
#2598 = DEFINITIONAL_REPRESENTATION('',(#2599),#2603);
#2599 = LINE('',#2600,#2601);
#2600 = CARTESIAN_POINT('',(-4.105875361189E+03,-6.746959847227E+03));
#2601 = VECTOR('',#2602,1.);
#2602 = DIRECTION('',(-3.789561257387E-15,-1.));
#2603 = ( GEOMETRIC_REPRESENTATION_CONTEXT(2) 
PARAMETRIC_REPRESENTATION_CONTEXT() REPRESENTATION_CONTEXT('2D SPACE',''
  ) );
#2604 = ADVANCED_FACE('',(#2605),#2465,.T.);
#2605 = FACE_BOUND('',#2606,.T.);
#2606 = EDGE_LOOP('',(#2607,#2608,#2609));
#2607 = ORIENTED_EDGE('',*,*,#2450,.T.);
#2608 = ORIENTED_EDGE('',*,*,#2532,.T.);
#2609 = ORIENTED_EDGE('',*,*,#2584,.T.);
#2610 = ADVANCED_FACE('',(#2611),#2410,.F.);
#2611 = FACE_BOUND('',#2612,.F.);
#2612 = EDGE_LOOP('',(#2613,#2614,#2615));
#2613 = ORIENTED_EDGE('',*,*,#2393,.T.);
#2614 = ORIENTED_EDGE('',*,*,#2481,.T.);
#2615 = ORIENTED_EDGE('',*,*,#2562,.T.);
#2616 = ( GEOMETRIC_REPRESENTATION_CONTEXT(3) 
GLOBAL_UNCERTAINTY_ASSIGNED_CONTEXT((#2620)) 
GLOBAL_UNIT_ASSIGNED_CONTEXT((#2617,#2618,#2619)) REPRESENTATION_CONTEXT
('Context #1','3D Context with UNIT and UNCERTAINTY') );
#2617 = ( LENGTH_UNIT() NAMED_UNIT(*) SI_UNIT(.MILLI.,.METRE.) );
#2618 = ( NAMED_UNIT(*) PLANE_ANGLE_UNIT() SI_UNIT($,.RADIAN.) );
#2619 = ( NAMED_UNIT(*) SI_UNIT($,.STERADIAN.) SOLID_ANGLE_UNIT() );
#2620 = UNCERTAINTY_MEASURE_WITH_UNIT(LENGTH_MEASURE(1.E-07),#2617,
  'distance_accuracy_value','confusion accuracy');
#2621 = CONTEXT_DEPENDENT_SHAPE_REPRESENTATION(#2622,#2624);
#2622 = ( REPRESENTATION_RELATIONSHIP('','',#1823,#10) 
REPRESENTATION_RELATIONSHIP_WITH_TRANSFORMATION(#2623) 
SHAPE_REPRESENTATION_RELATIONSHIP() );
#2623 = ITEM_DEFINED_TRANSFORMATION('','',#11,#19);
#2624 = PRODUCT_DEFINITION_SHAPE('Placement','Placement of an item',
  #2625);
#2625 = NEXT_ASSEMBLY_USAGE_OCCURRENCE('66','part1','',#5,#1818,$);
#2626 = PRODUCT_RELATED_PRODUCT_CATEGORY('part',$,(#1820));
#2627 = SHAPE_DEFINITION_REPRESENTATION(#2628,#2634);
#2628 = PRODUCT_DEFINITION_SHAPE('','',#2629);
#2629 = PRODUCT_DEFINITION('design','',#2630,#2633);
#2630 = PRODUCT_DEFINITION_FORMATION('','',#2631);
#2631 = PRODUCT('part2','part2','',(#2632));
#2632 = PRODUCT_CONTEXT('',#2,'mechanical');
#2633 = PRODUCT_DEFINITION_CONTEXT('part definition',#2,'design');
#2634 = SHAPE_REPRESENTATION('',(#11,#2635,#2965),#3295);
#2635 = MANIFOLD_SOLID_BREP('',#2636);
#2636 = CLOSED_SHELL('',(#2637,#2757,#2833,#2882,#2931,#2958));
#2637 = ADVANCED_FACE('',(#2638),#2652,.F.);
#2638 = FACE_BOUND('',#2639,.F.);
#2639 = EDGE_LOOP('',(#2640,#2675,#2703,#2731));
#2640 = ORIENTED_EDGE('',*,*,#2641,.F.);
#2641 = EDGE_CURVE('',#2642,#2644,#2646,.T.);
#2642 = VERTEX_POINT('',#2643);
#2643 = CARTESIAN_POINT('',(-3.E+04,-4.5E+03,1.12E+04));
#2644 = VERTEX_POINT('',#2645);
#2645 = CARTESIAN_POINT('',(-3.E+04,-3.7E+03,1.12E+04));
#2646 = SURFACE_CURVE('',#2647,(#2651,#2663),.PCURVE_S1.);
#2647 = LINE('',#2648,#2649);
#2648 = CARTESIAN_POINT('',(-3.E+04,-4.5E+03,1.12E+04));
#2649 = VECTOR('',#2650,1.);
#2650 = DIRECTION('',(0.,1.,0.));
#2651 = PCURVE('',#2652,#2657);
#2652 = PLANE('',#2653);
#2653 = AXIS2_PLACEMENT_3D('',#2654,#2655,#2656);
#2654 = CARTESIAN_POINT('',(-3.E+04,-4.5E+03,1.E+04));
#2655 = DIRECTION('',(1.,0.,0.));
#2656 = DIRECTION('',(0.,0.,1.));
#2657 = DEFINITIONAL_REPRESENTATION('',(#2658),#2662);
#2658 = LINE('',#2659,#2660);
#2659 = CARTESIAN_POINT('',(1.2E+03,0.));
#2660 = VECTOR('',#2661,1.);
#2661 = DIRECTION('',(0.,-1.));
#2662 = ( GEOMETRIC_REPRESENTATION_CONTEXT(2) 
PARAMETRIC_REPRESENTATION_CONTEXT() REPRESENTATION_CONTEXT('2D SPACE',''
  ) );
#2663 = PCURVE('',#2664,#2669);
#2664 = PLANE('',#2665);
#2665 = AXIS2_PLACEMENT_3D('',#2666,#2667,#2668);
#2666 = CARTESIAN_POINT('',(-3.E+04,-4.5E+03,1.12E+04));
#2667 = DIRECTION('',(0.,0.,1.));
#2668 = DIRECTION('',(1.,0.,0.));
#2669 = DEFINITIONAL_REPRESENTATION('',(#2670),#2674);
#2670 = LINE('',#2671,#2672);
#2671 = CARTESIAN_POINT('',(0.,0.));
#2672 = VECTOR('',#2673,1.);
#2673 = DIRECTION('',(0.,1.));
#2674 = ( GEOMETRIC_REPRESENTATION_CONTEXT(2) 
PARAMETRIC_REPRESENTATION_CONTEXT() REPRESENTATION_CONTEXT('2D SPACE',''
  ) );
#2675 = ORIENTED_EDGE('',*,*,#2676,.F.);
#2676 = EDGE_CURVE('',#2677,#2642,#2679,.T.);
#2677 = VERTEX_POINT('',#2678);
#2678 = CARTESIAN_POINT('',(-3.E+04,-4.5E+03,1.E+04));
#2679 = SURFACE_CURVE('',#2680,(#2684,#2691),.PCURVE_S1.);
#2680 = LINE('',#2681,#2682);
#2681 = CARTESIAN_POINT('',(-3.E+04,-4.5E+03,1.E+04));
#2682 = VECTOR('',#2683,1.);
#2683 = DIRECTION('',(0.,0.,1.));
#2684 = PCURVE('',#2652,#2685);
#2685 = DEFINITIONAL_REPRESENTATION('',(#2686),#2690);
#2686 = LINE('',#2687,#2688);
#2687 = CARTESIAN_POINT('',(0.,0.));
#2688 = VECTOR('',#2689,1.);
#2689 = DIRECTION('',(1.,0.));
#2690 = ( GEOMETRIC_REPRESENTATION_CONTEXT(2) 
PARAMETRIC_REPRESENTATION_CONTEXT() REPRESENTATION_CONTEXT('2D SPACE',''
  ) );
#2691 = PCURVE('',#2692,#2697);
#2692 = PLANE('',#2693);
#2693 = AXIS2_PLACEMENT_3D('',#2694,#2695,#2696);
#2694 = CARTESIAN_POINT('',(-3.E+04,-4.5E+03,1.E+04));
#2695 = DIRECTION('',(0.,1.,0.));
#2696 = DIRECTION('',(0.,0.,1.));
#2697 = DEFINITIONAL_REPRESENTATION('',(#2698),#2702);
#2698 = LINE('',#2699,#2700);
#2699 = CARTESIAN_POINT('',(0.,0.));
#2700 = VECTOR('',#2701,1.);
#2701 = DIRECTION('',(1.,0.));
#2702 = ( GEOMETRIC_REPRESENTATION_CONTEXT(2) 
PARAMETRIC_REPRESENTATION_CONTEXT() REPRESENTATION_CONTEXT('2D SPACE',''
  ) );
#2703 = ORIENTED_EDGE('',*,*,#2704,.T.);
#2704 = EDGE_CURVE('',#2677,#2705,#2707,.T.);
#2705 = VERTEX_POINT('',#2706);
#2706 = CARTESIAN_POINT('',(-3.E+04,-3.7E+03,1.E+04));
#2707 = SURFACE_CURVE('',#2708,(#2712,#2719),.PCURVE_S1.);
#2708 = LINE('',#2709,#2710);
#2709 = CARTESIAN_POINT('',(-3.E+04,-4.5E+03,1.E+04));
#2710 = VECTOR('',#2711,1.);
#2711 = DIRECTION('',(0.,1.,0.));
#2712 = PCURVE('',#2652,#2713);
#2713 = DEFINITIONAL_REPRESENTATION('',(#2714),#2718);
#2714 = LINE('',#2715,#2716);
#2715 = CARTESIAN_POINT('',(0.,0.));
#2716 = VECTOR('',#2717,1.);
#2717 = DIRECTION('',(0.,-1.));
#2718 = ( GEOMETRIC_REPRESENTATION_CONTEXT(2) 
PARAMETRIC_REPRESENTATION_CONTEXT() REPRESENTATION_CONTEXT('2D SPACE',''
  ) );
#2719 = PCURVE('',#2720,#2725);
#2720 = PLANE('',#2721);
#2721 = AXIS2_PLACEMENT_3D('',#2722,#2723,#2724);
#2722 = CARTESIAN_POINT('',(-3.E+04,-4.5E+03,1.E+04));
#2723 = DIRECTION('',(0.,0.,1.));
#2724 = DIRECTION('',(1.,0.,0.));
#2725 = DEFINITIONAL_REPRESENTATION('',(#2726),#2730);
#2726 = LINE('',#2727,#2728);
#2727 = CARTESIAN_POINT('',(0.,0.));
#2728 = VECTOR('',#2729,1.);
#2729 = DIRECTION('',(0.,1.));
#2730 = ( GEOMETRIC_REPRESENTATION_CONTEXT(2) 
PARAMETRIC_REPRESENTATION_CONTEXT() REPRESENTATION_CONTEXT('2D SPACE',''
  ) );
#2731 = ORIENTED_EDGE('',*,*,#2732,.T.);
#2732 = EDGE_CURVE('',#2705,#2644,#2733,.T.);
#2733 = SURFACE_CURVE('',#2734,(#2738,#2745),.PCURVE_S1.);
#2734 = LINE('',#2735,#2736);
#2735 = CARTESIAN_POINT('',(-3.E+04,-3.7E+03,1.E+04));
#2736 = VECTOR('',#2737,1.);
#2737 = DIRECTION('',(0.,0.,1.));
#2738 = PCURVE('',#2652,#2739);
#2739 = DEFINITIONAL_REPRESENTATION('',(#2740),#2744);
#2740 = LINE('',#2741,#2742);
#2741 = CARTESIAN_POINT('',(0.,-800.));
#2742 = VECTOR('',#2743,1.);
#2743 = DIRECTION('',(1.,0.));
#2744 = ( GEOMETRIC_REPRESENTATION_CONTEXT(2) 
PARAMETRIC_REPRESENTATION_CONTEXT() REPRESENTATION_CONTEXT('2D SPACE',''
  ) );
#2745 = PCURVE('',#2746,#2751);
#2746 = PLANE('',#2747);
#2747 = AXIS2_PLACEMENT_3D('',#2748,#2749,#2750);
#2748 = CARTESIAN_POINT('',(-3.E+04,-3.7E+03,1.E+04));
#2749 = DIRECTION('',(0.,1.,0.));
#2750 = DIRECTION('',(0.,0.,1.));
#2751 = DEFINITIONAL_REPRESENTATION('',(#2752),#2756);
#2752 = LINE('',#2753,#2754);
#2753 = CARTESIAN_POINT('',(0.,0.));
#2754 = VECTOR('',#2755,1.);
#2755 = DIRECTION('',(1.,0.));
#2756 = ( GEOMETRIC_REPRESENTATION_CONTEXT(2) 
PARAMETRIC_REPRESENTATION_CONTEXT() REPRESENTATION_CONTEXT('2D SPACE',''
  ) );
#2757 = ADVANCED_FACE('',(#2758),#2664,.T.);
#2758 = FACE_BOUND('',#2759,.T.);
#2759 = EDGE_LOOP('',(#2760,#2761,#2784,#2812));
#2760 = ORIENTED_EDGE('',*,*,#2641,.F.);
#2761 = ORIENTED_EDGE('',*,*,#2762,.T.);
#2762 = EDGE_CURVE('',#2642,#2763,#2765,.T.);
#2763 = VERTEX_POINT('',#2764);
#2764 = CARTESIAN_POINT('',(3.E+04,-4.5E+03,1.12E+04));
#2765 = SURFACE_CURVE('',#2766,(#2770,#2777),.PCURVE_S1.);
#2766 = LINE('',#2767,#2768);
#2767 = CARTESIAN_POINT('',(-3.E+04,-4.5E+03,1.12E+04));
#2768 = VECTOR('',#2769,1.);
#2769 = DIRECTION('',(1.,0.,0.));
#2770 = PCURVE('',#2664,#2771);
#2771 = DEFINITIONAL_REPRESENTATION('',(#2772),#2776);
#2772 = LINE('',#2773,#2774);
#2773 = CARTESIAN_POINT('',(0.,0.));
#2774 = VECTOR('',#2775,1.);
#2775 = DIRECTION('',(1.,0.));
#2776 = ( GEOMETRIC_REPRESENTATION_CONTEXT(2) 
PARAMETRIC_REPRESENTATION_CONTEXT() REPRESENTATION_CONTEXT('2D SPACE',''
  ) );
#2777 = PCURVE('',#2692,#2778);
#2778 = DEFINITIONAL_REPRESENTATION('',(#2779),#2783);
#2779 = LINE('',#2780,#2781);
#2780 = CARTESIAN_POINT('',(1.2E+03,0.));
#2781 = VECTOR('',#2782,1.);
#2782 = DIRECTION('',(0.,1.));
#2783 = ( GEOMETRIC_REPRESENTATION_CONTEXT(2) 
PARAMETRIC_REPRESENTATION_CONTEXT() REPRESENTATION_CONTEXT('2D SPACE',''
  ) );
#2784 = ORIENTED_EDGE('',*,*,#2785,.T.);
#2785 = EDGE_CURVE('',#2763,#2786,#2788,.T.);
#2786 = VERTEX_POINT('',#2787);
#2787 = CARTESIAN_POINT('',(3.E+04,-3.7E+03,1.12E+04));
#2788 = SURFACE_CURVE('',#2789,(#2793,#2800),.PCURVE_S1.);
#2789 = LINE('',#2790,#2791);
#2790 = CARTESIAN_POINT('',(3.E+04,-4.5E+03,1.12E+04));
#2791 = VECTOR('',#2792,1.);
#2792 = DIRECTION('',(0.,1.,0.));
#2793 = PCURVE('',#2664,#2794);
#2794 = DEFINITIONAL_REPRESENTATION('',(#2795),#2799);
#2795 = LINE('',#2796,#2797);
#2796 = CARTESIAN_POINT('',(6.E+04,0.));
#2797 = VECTOR('',#2798,1.);
#2798 = DIRECTION('',(0.,1.));
#2799 = ( GEOMETRIC_REPRESENTATION_CONTEXT(2) 
PARAMETRIC_REPRESENTATION_CONTEXT() REPRESENTATION_CONTEXT('2D SPACE',''
  ) );
#2800 = PCURVE('',#2801,#2806);
#2801 = PLANE('',#2802);
#2802 = AXIS2_PLACEMENT_3D('',#2803,#2804,#2805);
#2803 = CARTESIAN_POINT('',(3.E+04,-4.5E+03,1.E+04));
#2804 = DIRECTION('',(1.,0.,0.));
#2805 = DIRECTION('',(0.,0.,1.));
#2806 = DEFINITIONAL_REPRESENTATION('',(#2807),#2811);
#2807 = LINE('',#2808,#2809);
#2808 = CARTESIAN_POINT('',(1.2E+03,0.));
#2809 = VECTOR('',#2810,1.);
#2810 = DIRECTION('',(0.,-1.));
#2811 = ( GEOMETRIC_REPRESENTATION_CONTEXT(2) 
PARAMETRIC_REPRESENTATION_CONTEXT() REPRESENTATION_CONTEXT('2D SPACE',''
  ) );
#2812 = ORIENTED_EDGE('',*,*,#2813,.F.);
#2813 = EDGE_CURVE('',#2644,#2786,#2814,.T.);
#2814 = SURFACE_CURVE('',#2815,(#2819,#2826),.PCURVE_S1.);
#2815 = LINE('',#2816,#2817);
#2816 = CARTESIAN_POINT('',(-3.E+04,-3.7E+03,1.12E+04));
#2817 = VECTOR('',#2818,1.);
#2818 = DIRECTION('',(1.,0.,0.));
#2819 = PCURVE('',#2664,#2820);
#2820 = DEFINITIONAL_REPRESENTATION('',(#2821),#2825);
#2821 = LINE('',#2822,#2823);
#2822 = CARTESIAN_POINT('',(0.,800.));
#2823 = VECTOR('',#2824,1.);
#2824 = DIRECTION('',(1.,0.));
#2825 = ( GEOMETRIC_REPRESENTATION_CONTEXT(2) 
PARAMETRIC_REPRESENTATION_CONTEXT() REPRESENTATION_CONTEXT('2D SPACE',''
  ) );
#2826 = PCURVE('',#2746,#2827);
#2827 = DEFINITIONAL_REPRESENTATION('',(#2828),#2832);
#2828 = LINE('',#2829,#2830);
#2829 = CARTESIAN_POINT('',(1.2E+03,0.));
#2830 = VECTOR('',#2831,1.);
#2831 = DIRECTION('',(0.,1.));
#2832 = ( GEOMETRIC_REPRESENTATION_CONTEXT(2) 
PARAMETRIC_REPRESENTATION_CONTEXT() REPRESENTATION_CONTEXT('2D SPACE',''
  ) );
#2833 = ADVANCED_FACE('',(#2834),#2746,.T.);
#2834 = FACE_BOUND('',#2835,.T.);
#2835 = EDGE_LOOP('',(#2836,#2859,#2860,#2861));
#2836 = ORIENTED_EDGE('',*,*,#2837,.F.);
#2837 = EDGE_CURVE('',#2705,#2838,#2840,.T.);
#2838 = VERTEX_POINT('',#2839);
#2839 = CARTESIAN_POINT('',(3.E+04,-3.7E+03,1.E+04));
#2840 = SURFACE_CURVE('',#2841,(#2845,#2852),.PCURVE_S1.);
#2841 = LINE('',#2842,#2843);
#2842 = CARTESIAN_POINT('',(-3.E+04,-3.7E+03,1.E+04));
#2843 = VECTOR('',#2844,1.);
#2844 = DIRECTION('',(1.,0.,0.));
#2845 = PCURVE('',#2746,#2846);
#2846 = DEFINITIONAL_REPRESENTATION('',(#2847),#2851);
#2847 = LINE('',#2848,#2849);
#2848 = CARTESIAN_POINT('',(0.,0.));
#2849 = VECTOR('',#2850,1.);
#2850 = DIRECTION('',(0.,1.));
#2851 = ( GEOMETRIC_REPRESENTATION_CONTEXT(2) 
PARAMETRIC_REPRESENTATION_CONTEXT() REPRESENTATION_CONTEXT('2D SPACE',''
  ) );
#2852 = PCURVE('',#2720,#2853);
#2853 = DEFINITIONAL_REPRESENTATION('',(#2854),#2858);
#2854 = LINE('',#2855,#2856);
#2855 = CARTESIAN_POINT('',(0.,800.));
#2856 = VECTOR('',#2857,1.);
#2857 = DIRECTION('',(1.,0.));
#2858 = ( GEOMETRIC_REPRESENTATION_CONTEXT(2) 
PARAMETRIC_REPRESENTATION_CONTEXT() REPRESENTATION_CONTEXT('2D SPACE',''
  ) );
#2859 = ORIENTED_EDGE('',*,*,#2732,.T.);
#2860 = ORIENTED_EDGE('',*,*,#2813,.T.);
#2861 = ORIENTED_EDGE('',*,*,#2862,.F.);
#2862 = EDGE_CURVE('',#2838,#2786,#2863,.T.);
#2863 = SURFACE_CURVE('',#2864,(#2868,#2875),.PCURVE_S1.);
#2864 = LINE('',#2865,#2866);
#2865 = CARTESIAN_POINT('',(3.E+04,-3.7E+03,1.E+04));
#2866 = VECTOR('',#2867,1.);
#2867 = DIRECTION('',(0.,0.,1.));
#2868 = PCURVE('',#2746,#2869);
#2869 = DEFINITIONAL_REPRESENTATION('',(#2870),#2874);
#2870 = LINE('',#2871,#2872);
#2871 = CARTESIAN_POINT('',(0.,6.E+04));
#2872 = VECTOR('',#2873,1.);
#2873 = DIRECTION('',(1.,0.));
#2874 = ( GEOMETRIC_REPRESENTATION_CONTEXT(2) 
PARAMETRIC_REPRESENTATION_CONTEXT() REPRESENTATION_CONTEXT('2D SPACE',''
  ) );
#2875 = PCURVE('',#2801,#2876);
#2876 = DEFINITIONAL_REPRESENTATION('',(#2877),#2881);
#2877 = LINE('',#2878,#2879);
#2878 = CARTESIAN_POINT('',(0.,-800.));
#2879 = VECTOR('',#2880,1.);
#2880 = DIRECTION('',(1.,0.));
#2881 = ( GEOMETRIC_REPRESENTATION_CONTEXT(2) 
PARAMETRIC_REPRESENTATION_CONTEXT() REPRESENTATION_CONTEXT('2D SPACE',''
  ) );
#2882 = ADVANCED_FACE('',(#2883),#2720,.F.);
#2883 = FACE_BOUND('',#2884,.F.);
#2884 = EDGE_LOOP('',(#2885,#2886,#2909,#2930));
#2885 = ORIENTED_EDGE('',*,*,#2704,.F.);
#2886 = ORIENTED_EDGE('',*,*,#2887,.T.);
#2887 = EDGE_CURVE('',#2677,#2888,#2890,.T.);
#2888 = VERTEX_POINT('',#2889);
#2889 = CARTESIAN_POINT('',(3.E+04,-4.5E+03,1.E+04));
#2890 = SURFACE_CURVE('',#2891,(#2895,#2902),.PCURVE_S1.);
#2891 = LINE('',#2892,#2893);
#2892 = CARTESIAN_POINT('',(-3.E+04,-4.5E+03,1.E+04));
#2893 = VECTOR('',#2894,1.);
#2894 = DIRECTION('',(1.,0.,0.));
#2895 = PCURVE('',#2720,#2896);
#2896 = DEFINITIONAL_REPRESENTATION('',(#2897),#2901);
#2897 = LINE('',#2898,#2899);
#2898 = CARTESIAN_POINT('',(0.,0.));
#2899 = VECTOR('',#2900,1.);
#2900 = DIRECTION('',(1.,0.));
#2901 = ( GEOMETRIC_REPRESENTATION_CONTEXT(2) 
PARAMETRIC_REPRESENTATION_CONTEXT() REPRESENTATION_CONTEXT('2D SPACE',''
  ) );
#2902 = PCURVE('',#2692,#2903);
#2903 = DEFINITIONAL_REPRESENTATION('',(#2904),#2908);
#2904 = LINE('',#2905,#2906);
#2905 = CARTESIAN_POINT('',(0.,0.));
#2906 = VECTOR('',#2907,1.);
#2907 = DIRECTION('',(0.,1.));
#2908 = ( GEOMETRIC_REPRESENTATION_CONTEXT(2) 
PARAMETRIC_REPRESENTATION_CONTEXT() REPRESENTATION_CONTEXT('2D SPACE',''
  ) );
#2909 = ORIENTED_EDGE('',*,*,#2910,.T.);
#2910 = EDGE_CURVE('',#2888,#2838,#2911,.T.);
#2911 = SURFACE_CURVE('',#2912,(#2916,#2923),.PCURVE_S1.);
#2912 = LINE('',#2913,#2914);
#2913 = CARTESIAN_POINT('',(3.E+04,-4.5E+03,1.E+04));
#2914 = VECTOR('',#2915,1.);
#2915 = DIRECTION('',(0.,1.,0.));
#2916 = PCURVE('',#2720,#2917);
#2917 = DEFINITIONAL_REPRESENTATION('',(#2918),#2922);
#2918 = LINE('',#2919,#2920);
#2919 = CARTESIAN_POINT('',(6.E+04,0.));
#2920 = VECTOR('',#2921,1.);
#2921 = DIRECTION('',(0.,1.));
#2922 = ( GEOMETRIC_REPRESENTATION_CONTEXT(2) 
PARAMETRIC_REPRESENTATION_CONTEXT() REPRESENTATION_CONTEXT('2D SPACE',''
  ) );
#2923 = PCURVE('',#2801,#2924);
#2924 = DEFINITIONAL_REPRESENTATION('',(#2925),#2929);
#2925 = LINE('',#2926,#2927);
#2926 = CARTESIAN_POINT('',(0.,0.));
#2927 = VECTOR('',#2928,1.);
#2928 = DIRECTION('',(0.,-1.));
#2929 = ( GEOMETRIC_REPRESENTATION_CONTEXT(2) 
PARAMETRIC_REPRESENTATION_CONTEXT() REPRESENTATION_CONTEXT('2D SPACE',''
  ) );
#2930 = ORIENTED_EDGE('',*,*,#2837,.F.);
#2931 = ADVANCED_FACE('',(#2932),#2692,.F.);
#2932 = FACE_BOUND('',#2933,.F.);
#2933 = EDGE_LOOP('',(#2934,#2935,#2936,#2937));
#2934 = ORIENTED_EDGE('',*,*,#2887,.F.);
#2935 = ORIENTED_EDGE('',*,*,#2676,.T.);
#2936 = ORIENTED_EDGE('',*,*,#2762,.T.);
#2937 = ORIENTED_EDGE('',*,*,#2938,.F.);
#2938 = EDGE_CURVE('',#2888,#2763,#2939,.T.);
#2939 = SURFACE_CURVE('',#2940,(#2944,#2951),.PCURVE_S1.);
#2940 = LINE('',#2941,#2942);
#2941 = CARTESIAN_POINT('',(3.E+04,-4.5E+03,1.E+04));
#2942 = VECTOR('',#2943,1.);
#2943 = DIRECTION('',(0.,0.,1.));
#2944 = PCURVE('',#2692,#2945);
#2945 = DEFINITIONAL_REPRESENTATION('',(#2946),#2950);
#2946 = LINE('',#2947,#2948);
#2947 = CARTESIAN_POINT('',(0.,6.E+04));
#2948 = VECTOR('',#2949,1.);
#2949 = DIRECTION('',(1.,0.));
#2950 = ( GEOMETRIC_REPRESENTATION_CONTEXT(2) 
PARAMETRIC_REPRESENTATION_CONTEXT() REPRESENTATION_CONTEXT('2D SPACE',''
  ) );
#2951 = PCURVE('',#2801,#2952);
#2952 = DEFINITIONAL_REPRESENTATION('',(#2953),#2957);
#2953 = LINE('',#2954,#2955);
#2954 = CARTESIAN_POINT('',(0.,0.));
#2955 = VECTOR('',#2956,1.);
#2956 = DIRECTION('',(1.,0.));
#2957 = ( GEOMETRIC_REPRESENTATION_CONTEXT(2) 
PARAMETRIC_REPRESENTATION_CONTEXT() REPRESENTATION_CONTEXT('2D SPACE',''
  ) );
#2958 = ADVANCED_FACE('',(#2959),#2801,.T.);
#2959 = FACE_BOUND('',#2960,.T.);
#2960 = EDGE_LOOP('',(#2961,#2962,#2963,#2964));
#2961 = ORIENTED_EDGE('',*,*,#2785,.F.);
#2962 = ORIENTED_EDGE('',*,*,#2938,.F.);
#2963 = ORIENTED_EDGE('',*,*,#2910,.T.);
#2964 = ORIENTED_EDGE('',*,*,#2862,.T.);
#2965 = MANIFOLD_SOLID_BREP('',#2966);
#2966 = CLOSED_SHELL('',(#2967,#3087,#3163,#3212,#3261,#3288));
#2967 = ADVANCED_FACE('',(#2968),#2982,.F.);
#2968 = FACE_BOUND('',#2969,.F.);
#2969 = EDGE_LOOP('',(#2970,#3005,#3033,#3061));
#2970 = ORIENTED_EDGE('',*,*,#2971,.F.);
#2971 = EDGE_CURVE('',#2972,#2974,#2976,.T.);
#2972 = VERTEX_POINT('',#2973);
#2973 = CARTESIAN_POINT('',(-3.E+04,3.7E+03,1.12E+04));
#2974 = VERTEX_POINT('',#2975);
#2975 = CARTESIAN_POINT('',(-3.E+04,4.5E+03,1.12E+04));
#2976 = SURFACE_CURVE('',#2977,(#2981,#2993),.PCURVE_S1.);
#2977 = LINE('',#2978,#2979);
#2978 = CARTESIAN_POINT('',(-3.E+04,-4.5E+03,1.12E+04));
#2979 = VECTOR('',#2980,1.);
#2980 = DIRECTION('',(0.,1.,0.));
#2981 = PCURVE('',#2982,#2987);
#2982 = PLANE('',#2983);
#2983 = AXIS2_PLACEMENT_3D('',#2984,#2985,#2986);
#2984 = CARTESIAN_POINT('',(-3.E+04,-4.5E+03,1.E+04));
#2985 = DIRECTION('',(1.,0.,0.));
#2986 = DIRECTION('',(0.,0.,1.));
#2987 = DEFINITIONAL_REPRESENTATION('',(#2988),#2992);
#2988 = LINE('',#2989,#2990);
#2989 = CARTESIAN_POINT('',(1.2E+03,0.));
#2990 = VECTOR('',#2991,1.);
#2991 = DIRECTION('',(0.,-1.));
#2992 = ( GEOMETRIC_REPRESENTATION_CONTEXT(2) 
PARAMETRIC_REPRESENTATION_CONTEXT() REPRESENTATION_CONTEXT('2D SPACE',''
  ) );
#2993 = PCURVE('',#2994,#2999);
#2994 = PLANE('',#2995);
#2995 = AXIS2_PLACEMENT_3D('',#2996,#2997,#2998);
#2996 = CARTESIAN_POINT('',(-3.E+04,-4.5E+03,1.12E+04));
#2997 = DIRECTION('',(0.,0.,1.));
#2998 = DIRECTION('',(1.,0.,0.));
#2999 = DEFINITIONAL_REPRESENTATION('',(#3000),#3004);
#3000 = LINE('',#3001,#3002);
#3001 = CARTESIAN_POINT('',(0.,0.));
#3002 = VECTOR('',#3003,1.);
#3003 = DIRECTION('',(0.,1.));
#3004 = ( GEOMETRIC_REPRESENTATION_CONTEXT(2) 
PARAMETRIC_REPRESENTATION_CONTEXT() REPRESENTATION_CONTEXT('2D SPACE',''
  ) );
#3005 = ORIENTED_EDGE('',*,*,#3006,.F.);
#3006 = EDGE_CURVE('',#3007,#2972,#3009,.T.);
#3007 = VERTEX_POINT('',#3008);
#3008 = CARTESIAN_POINT('',(-3.E+04,3.7E+03,1.E+04));
#3009 = SURFACE_CURVE('',#3010,(#3014,#3021),.PCURVE_S1.);
#3010 = LINE('',#3011,#3012);
#3011 = CARTESIAN_POINT('',(-3.E+04,3.7E+03,1.E+04));
#3012 = VECTOR('',#3013,1.);
#3013 = DIRECTION('',(0.,0.,1.));
#3014 = PCURVE('',#2982,#3015);
#3015 = DEFINITIONAL_REPRESENTATION('',(#3016),#3020);
#3016 = LINE('',#3017,#3018);
#3017 = CARTESIAN_POINT('',(0.,-8.2E+03));
#3018 = VECTOR('',#3019,1.);
#3019 = DIRECTION('',(1.,0.));
#3020 = ( GEOMETRIC_REPRESENTATION_CONTEXT(2) 
PARAMETRIC_REPRESENTATION_CONTEXT() REPRESENTATION_CONTEXT('2D SPACE',''
  ) );
#3021 = PCURVE('',#3022,#3027);
#3022 = PLANE('',#3023);
#3023 = AXIS2_PLACEMENT_3D('',#3024,#3025,#3026);
#3024 = CARTESIAN_POINT('',(-3.E+04,3.7E+03,1.E+04));
#3025 = DIRECTION('',(0.,1.,0.));
#3026 = DIRECTION('',(0.,0.,1.));
#3027 = DEFINITIONAL_REPRESENTATION('',(#3028),#3032);
#3028 = LINE('',#3029,#3030);
#3029 = CARTESIAN_POINT('',(0.,0.));
#3030 = VECTOR('',#3031,1.);
#3031 = DIRECTION('',(1.,0.));
#3032 = ( GEOMETRIC_REPRESENTATION_CONTEXT(2) 
PARAMETRIC_REPRESENTATION_CONTEXT() REPRESENTATION_CONTEXT('2D SPACE',''
  ) );
#3033 = ORIENTED_EDGE('',*,*,#3034,.T.);
#3034 = EDGE_CURVE('',#3007,#3035,#3037,.T.);
#3035 = VERTEX_POINT('',#3036);
#3036 = CARTESIAN_POINT('',(-3.E+04,4.5E+03,1.E+04));
#3037 = SURFACE_CURVE('',#3038,(#3042,#3049),.PCURVE_S1.);
#3038 = LINE('',#3039,#3040);
#3039 = CARTESIAN_POINT('',(-3.E+04,-4.5E+03,1.E+04));
#3040 = VECTOR('',#3041,1.);
#3041 = DIRECTION('',(0.,1.,0.));
#3042 = PCURVE('',#2982,#3043);
#3043 = DEFINITIONAL_REPRESENTATION('',(#3044),#3048);
#3044 = LINE('',#3045,#3046);
#3045 = CARTESIAN_POINT('',(0.,0.));
#3046 = VECTOR('',#3047,1.);
#3047 = DIRECTION('',(0.,-1.));
#3048 = ( GEOMETRIC_REPRESENTATION_CONTEXT(2) 
PARAMETRIC_REPRESENTATION_CONTEXT() REPRESENTATION_CONTEXT('2D SPACE',''
  ) );
#3049 = PCURVE('',#3050,#3055);
#3050 = PLANE('',#3051);
#3051 = AXIS2_PLACEMENT_3D('',#3052,#3053,#3054);
#3052 = CARTESIAN_POINT('',(-3.E+04,-4.5E+03,1.E+04));
#3053 = DIRECTION('',(0.,0.,1.));
#3054 = DIRECTION('',(1.,0.,0.));
#3055 = DEFINITIONAL_REPRESENTATION('',(#3056),#3060);
#3056 = LINE('',#3057,#3058);
#3057 = CARTESIAN_POINT('',(0.,0.));
#3058 = VECTOR('',#3059,1.);
#3059 = DIRECTION('',(0.,1.));
#3060 = ( GEOMETRIC_REPRESENTATION_CONTEXT(2) 
PARAMETRIC_REPRESENTATION_CONTEXT() REPRESENTATION_CONTEXT('2D SPACE',''
  ) );
#3061 = ORIENTED_EDGE('',*,*,#3062,.T.);
#3062 = EDGE_CURVE('',#3035,#2974,#3063,.T.);
#3063 = SURFACE_CURVE('',#3064,(#3068,#3075),.PCURVE_S1.);
#3064 = LINE('',#3065,#3066);
#3065 = CARTESIAN_POINT('',(-3.E+04,4.5E+03,1.E+04));
#3066 = VECTOR('',#3067,1.);
#3067 = DIRECTION('',(0.,0.,1.));
#3068 = PCURVE('',#2982,#3069);
#3069 = DEFINITIONAL_REPRESENTATION('',(#3070),#3074);
#3070 = LINE('',#3071,#3072);
#3071 = CARTESIAN_POINT('',(0.,-9.E+03));
#3072 = VECTOR('',#3073,1.);
#3073 = DIRECTION('',(1.,0.));
#3074 = ( GEOMETRIC_REPRESENTATION_CONTEXT(2) 
PARAMETRIC_REPRESENTATION_CONTEXT() REPRESENTATION_CONTEXT('2D SPACE',''
  ) );
#3075 = PCURVE('',#3076,#3081);
#3076 = PLANE('',#3077);
#3077 = AXIS2_PLACEMENT_3D('',#3078,#3079,#3080);
#3078 = CARTESIAN_POINT('',(-3.E+04,4.5E+03,1.E+04));
#3079 = DIRECTION('',(0.,1.,0.));
#3080 = DIRECTION('',(0.,0.,1.));
#3081 = DEFINITIONAL_REPRESENTATION('',(#3082),#3086);
#3082 = LINE('',#3083,#3084);
#3083 = CARTESIAN_POINT('',(0.,0.));
#3084 = VECTOR('',#3085,1.);
#3085 = DIRECTION('',(1.,0.));
#3086 = ( GEOMETRIC_REPRESENTATION_CONTEXT(2) 
PARAMETRIC_REPRESENTATION_CONTEXT() REPRESENTATION_CONTEXT('2D SPACE',''
  ) );
#3087 = ADVANCED_FACE('',(#3088),#2994,.T.);
#3088 = FACE_BOUND('',#3089,.T.);
#3089 = EDGE_LOOP('',(#3090,#3091,#3114,#3142));
#3090 = ORIENTED_EDGE('',*,*,#2971,.F.);
#3091 = ORIENTED_EDGE('',*,*,#3092,.T.);
#3092 = EDGE_CURVE('',#2972,#3093,#3095,.T.);
#3093 = VERTEX_POINT('',#3094);
#3094 = CARTESIAN_POINT('',(3.E+04,3.7E+03,1.12E+04));
#3095 = SURFACE_CURVE('',#3096,(#3100,#3107),.PCURVE_S1.);
#3096 = LINE('',#3097,#3098);
#3097 = CARTESIAN_POINT('',(-3.E+04,3.7E+03,1.12E+04));
#3098 = VECTOR('',#3099,1.);
#3099 = DIRECTION('',(1.,0.,0.));
#3100 = PCURVE('',#2994,#3101);
#3101 = DEFINITIONAL_REPRESENTATION('',(#3102),#3106);
#3102 = LINE('',#3103,#3104);
#3103 = CARTESIAN_POINT('',(0.,8.2E+03));
#3104 = VECTOR('',#3105,1.);
#3105 = DIRECTION('',(1.,0.));
#3106 = ( GEOMETRIC_REPRESENTATION_CONTEXT(2) 
PARAMETRIC_REPRESENTATION_CONTEXT() REPRESENTATION_CONTEXT('2D SPACE',''
  ) );
#3107 = PCURVE('',#3022,#3108);
#3108 = DEFINITIONAL_REPRESENTATION('',(#3109),#3113);
#3109 = LINE('',#3110,#3111);
#3110 = CARTESIAN_POINT('',(1.2E+03,0.));
#3111 = VECTOR('',#3112,1.);
#3112 = DIRECTION('',(0.,1.));
#3113 = ( GEOMETRIC_REPRESENTATION_CONTEXT(2) 
PARAMETRIC_REPRESENTATION_CONTEXT() REPRESENTATION_CONTEXT('2D SPACE',''
  ) );
#3114 = ORIENTED_EDGE('',*,*,#3115,.T.);
#3115 = EDGE_CURVE('',#3093,#3116,#3118,.T.);
#3116 = VERTEX_POINT('',#3117);
#3117 = CARTESIAN_POINT('',(3.E+04,4.5E+03,1.12E+04));
#3118 = SURFACE_CURVE('',#3119,(#3123,#3130),.PCURVE_S1.);
#3119 = LINE('',#3120,#3121);
#3120 = CARTESIAN_POINT('',(3.E+04,-4.5E+03,1.12E+04));
#3121 = VECTOR('',#3122,1.);
#3122 = DIRECTION('',(0.,1.,0.));
#3123 = PCURVE('',#2994,#3124);
#3124 = DEFINITIONAL_REPRESENTATION('',(#3125),#3129);
#3125 = LINE('',#3126,#3127);
#3126 = CARTESIAN_POINT('',(6.E+04,0.));
#3127 = VECTOR('',#3128,1.);
#3128 = DIRECTION('',(0.,1.));
#3129 = ( GEOMETRIC_REPRESENTATION_CONTEXT(2) 
PARAMETRIC_REPRESENTATION_CONTEXT() REPRESENTATION_CONTEXT('2D SPACE',''
  ) );
#3130 = PCURVE('',#3131,#3136);
#3131 = PLANE('',#3132);
#3132 = AXIS2_PLACEMENT_3D('',#3133,#3134,#3135);
#3133 = CARTESIAN_POINT('',(3.E+04,-4.5E+03,1.E+04));
#3134 = DIRECTION('',(1.,0.,0.));
#3135 = DIRECTION('',(0.,0.,1.));
#3136 = DEFINITIONAL_REPRESENTATION('',(#3137),#3141);
#3137 = LINE('',#3138,#3139);
#3138 = CARTESIAN_POINT('',(1.2E+03,0.));
#3139 = VECTOR('',#3140,1.);
#3140 = DIRECTION('',(0.,-1.));
#3141 = ( GEOMETRIC_REPRESENTATION_CONTEXT(2) 
PARAMETRIC_REPRESENTATION_CONTEXT() REPRESENTATION_CONTEXT('2D SPACE',''
  ) );
#3142 = ORIENTED_EDGE('',*,*,#3143,.F.);
#3143 = EDGE_CURVE('',#2974,#3116,#3144,.T.);
#3144 = SURFACE_CURVE('',#3145,(#3149,#3156),.PCURVE_S1.);
#3145 = LINE('',#3146,#3147);
#3146 = CARTESIAN_POINT('',(-3.E+04,4.5E+03,1.12E+04));
#3147 = VECTOR('',#3148,1.);
#3148 = DIRECTION('',(1.,0.,0.));
#3149 = PCURVE('',#2994,#3150);
#3150 = DEFINITIONAL_REPRESENTATION('',(#3151),#3155);
#3151 = LINE('',#3152,#3153);
#3152 = CARTESIAN_POINT('',(0.,9.E+03));
#3153 = VECTOR('',#3154,1.);
#3154 = DIRECTION('',(1.,0.));
#3155 = ( GEOMETRIC_REPRESENTATION_CONTEXT(2) 
PARAMETRIC_REPRESENTATION_CONTEXT() REPRESENTATION_CONTEXT('2D SPACE',''
  ) );
#3156 = PCURVE('',#3076,#3157);
#3157 = DEFINITIONAL_REPRESENTATION('',(#3158),#3162);
#3158 = LINE('',#3159,#3160);
#3159 = CARTESIAN_POINT('',(1.2E+03,0.));
#3160 = VECTOR('',#3161,1.);
#3161 = DIRECTION('',(0.,1.));
#3162 = ( GEOMETRIC_REPRESENTATION_CONTEXT(2) 
PARAMETRIC_REPRESENTATION_CONTEXT() REPRESENTATION_CONTEXT('2D SPACE',''
  ) );
#3163 = ADVANCED_FACE('',(#3164),#3076,.T.);
#3164 = FACE_BOUND('',#3165,.T.);
#3165 = EDGE_LOOP('',(#3166,#3189,#3190,#3191));
#3166 = ORIENTED_EDGE('',*,*,#3167,.F.);
#3167 = EDGE_CURVE('',#3035,#3168,#3170,.T.);
#3168 = VERTEX_POINT('',#3169);
#3169 = CARTESIAN_POINT('',(3.E+04,4.5E+03,1.E+04));
#3170 = SURFACE_CURVE('',#3171,(#3175,#3182),.PCURVE_S1.);
#3171 = LINE('',#3172,#3173);
#3172 = CARTESIAN_POINT('',(-3.E+04,4.5E+03,1.E+04));
#3173 = VECTOR('',#3174,1.);
#3174 = DIRECTION('',(1.,0.,0.));
#3175 = PCURVE('',#3076,#3176);
#3176 = DEFINITIONAL_REPRESENTATION('',(#3177),#3181);
#3177 = LINE('',#3178,#3179);
#3178 = CARTESIAN_POINT('',(0.,0.));
#3179 = VECTOR('',#3180,1.);
#3180 = DIRECTION('',(0.,1.));
#3181 = ( GEOMETRIC_REPRESENTATION_CONTEXT(2) 
PARAMETRIC_REPRESENTATION_CONTEXT() REPRESENTATION_CONTEXT('2D SPACE',''
  ) );
#3182 = PCURVE('',#3050,#3183);
#3183 = DEFINITIONAL_REPRESENTATION('',(#3184),#3188);
#3184 = LINE('',#3185,#3186);
#3185 = CARTESIAN_POINT('',(0.,9.E+03));
#3186 = VECTOR('',#3187,1.);
#3187 = DIRECTION('',(1.,0.));
#3188 = ( GEOMETRIC_REPRESENTATION_CONTEXT(2) 
PARAMETRIC_REPRESENTATION_CONTEXT() REPRESENTATION_CONTEXT('2D SPACE',''
  ) );
#3189 = ORIENTED_EDGE('',*,*,#3062,.T.);
#3190 = ORIENTED_EDGE('',*,*,#3143,.T.);
#3191 = ORIENTED_EDGE('',*,*,#3192,.F.);
#3192 = EDGE_CURVE('',#3168,#3116,#3193,.T.);
#3193 = SURFACE_CURVE('',#3194,(#3198,#3205),.PCURVE_S1.);
#3194 = LINE('',#3195,#3196);
#3195 = CARTESIAN_POINT('',(3.E+04,4.5E+03,1.E+04));
#3196 = VECTOR('',#3197,1.);
#3197 = DIRECTION('',(0.,0.,1.));
#3198 = PCURVE('',#3076,#3199);
#3199 = DEFINITIONAL_REPRESENTATION('',(#3200),#3204);
#3200 = LINE('',#3201,#3202);
#3201 = CARTESIAN_POINT('',(0.,6.E+04));
#3202 = VECTOR('',#3203,1.);
#3203 = DIRECTION('',(1.,0.));
#3204 = ( GEOMETRIC_REPRESENTATION_CONTEXT(2) 
PARAMETRIC_REPRESENTATION_CONTEXT() REPRESENTATION_CONTEXT('2D SPACE',''
  ) );
#3205 = PCURVE('',#3131,#3206);
#3206 = DEFINITIONAL_REPRESENTATION('',(#3207),#3211);
#3207 = LINE('',#3208,#3209);
#3208 = CARTESIAN_POINT('',(0.,-9.E+03));
#3209 = VECTOR('',#3210,1.);
#3210 = DIRECTION('',(1.,0.));
#3211 = ( GEOMETRIC_REPRESENTATION_CONTEXT(2) 
PARAMETRIC_REPRESENTATION_CONTEXT() REPRESENTATION_CONTEXT('2D SPACE',''
  ) );
#3212 = ADVANCED_FACE('',(#3213),#3050,.F.);
#3213 = FACE_BOUND('',#3214,.F.);
#3214 = EDGE_LOOP('',(#3215,#3216,#3239,#3260));
#3215 = ORIENTED_EDGE('',*,*,#3034,.F.);
#3216 = ORIENTED_EDGE('',*,*,#3217,.T.);
#3217 = EDGE_CURVE('',#3007,#3218,#3220,.T.);
#3218 = VERTEX_POINT('',#3219);
#3219 = CARTESIAN_POINT('',(3.E+04,3.7E+03,1.E+04));
#3220 = SURFACE_CURVE('',#3221,(#3225,#3232),.PCURVE_S1.);
#3221 = LINE('',#3222,#3223);
#3222 = CARTESIAN_POINT('',(-3.E+04,3.7E+03,1.E+04));
#3223 = VECTOR('',#3224,1.);
#3224 = DIRECTION('',(1.,0.,0.));
#3225 = PCURVE('',#3050,#3226);
#3226 = DEFINITIONAL_REPRESENTATION('',(#3227),#3231);
#3227 = LINE('',#3228,#3229);
#3228 = CARTESIAN_POINT('',(0.,8.2E+03));
#3229 = VECTOR('',#3230,1.);
#3230 = DIRECTION('',(1.,0.));
#3231 = ( GEOMETRIC_REPRESENTATION_CONTEXT(2) 
PARAMETRIC_REPRESENTATION_CONTEXT() REPRESENTATION_CONTEXT('2D SPACE',''
  ) );
#3232 = PCURVE('',#3022,#3233);
#3233 = DEFINITIONAL_REPRESENTATION('',(#3234),#3238);
#3234 = LINE('',#3235,#3236);
#3235 = CARTESIAN_POINT('',(0.,0.));
#3236 = VECTOR('',#3237,1.);
#3237 = DIRECTION('',(0.,1.));
#3238 = ( GEOMETRIC_REPRESENTATION_CONTEXT(2) 
PARAMETRIC_REPRESENTATION_CONTEXT() REPRESENTATION_CONTEXT('2D SPACE',''
  ) );
#3239 = ORIENTED_EDGE('',*,*,#3240,.T.);
#3240 = EDGE_CURVE('',#3218,#3168,#3241,.T.);
#3241 = SURFACE_CURVE('',#3242,(#3246,#3253),.PCURVE_S1.);
#3242 = LINE('',#3243,#3244);
#3243 = CARTESIAN_POINT('',(3.E+04,-4.5E+03,1.E+04));
#3244 = VECTOR('',#3245,1.);
#3245 = DIRECTION('',(0.,1.,0.));
#3246 = PCURVE('',#3050,#3247);
#3247 = DEFINITIONAL_REPRESENTATION('',(#3248),#3252);
#3248 = LINE('',#3249,#3250);
#3249 = CARTESIAN_POINT('',(6.E+04,0.));
#3250 = VECTOR('',#3251,1.);
#3251 = DIRECTION('',(0.,1.));
#3252 = ( GEOMETRIC_REPRESENTATION_CONTEXT(2) 
PARAMETRIC_REPRESENTATION_CONTEXT() REPRESENTATION_CONTEXT('2D SPACE',''
  ) );
#3253 = PCURVE('',#3131,#3254);
#3254 = DEFINITIONAL_REPRESENTATION('',(#3255),#3259);
#3255 = LINE('',#3256,#3257);
#3256 = CARTESIAN_POINT('',(0.,0.));
#3257 = VECTOR('',#3258,1.);
#3258 = DIRECTION('',(0.,-1.));
#3259 = ( GEOMETRIC_REPRESENTATION_CONTEXT(2) 
PARAMETRIC_REPRESENTATION_CONTEXT() REPRESENTATION_CONTEXT('2D SPACE',''
  ) );
#3260 = ORIENTED_EDGE('',*,*,#3167,.F.);
#3261 = ADVANCED_FACE('',(#3262),#3022,.F.);
#3262 = FACE_BOUND('',#3263,.F.);
#3263 = EDGE_LOOP('',(#3264,#3265,#3266,#3267));
#3264 = ORIENTED_EDGE('',*,*,#3217,.F.);
#3265 = ORIENTED_EDGE('',*,*,#3006,.T.);
#3266 = ORIENTED_EDGE('',*,*,#3092,.T.);
#3267 = ORIENTED_EDGE('',*,*,#3268,.F.);
#3268 = EDGE_CURVE('',#3218,#3093,#3269,.T.);
#3269 = SURFACE_CURVE('',#3270,(#3274,#3281),.PCURVE_S1.);
#3270 = LINE('',#3271,#3272);
#3271 = CARTESIAN_POINT('',(3.E+04,3.7E+03,1.E+04));
#3272 = VECTOR('',#3273,1.);
#3273 = DIRECTION('',(0.,0.,1.));
#3274 = PCURVE('',#3022,#3275);
#3275 = DEFINITIONAL_REPRESENTATION('',(#3276),#3280);
#3276 = LINE('',#3277,#3278);
#3277 = CARTESIAN_POINT('',(0.,6.E+04));
#3278 = VECTOR('',#3279,1.);
#3279 = DIRECTION('',(1.,0.));
#3280 = ( GEOMETRIC_REPRESENTATION_CONTEXT(2) 
PARAMETRIC_REPRESENTATION_CONTEXT() REPRESENTATION_CONTEXT('2D SPACE',''
  ) );
#3281 = PCURVE('',#3131,#3282);
#3282 = DEFINITIONAL_REPRESENTATION('',(#3283),#3287);
#3283 = LINE('',#3284,#3285);
#3284 = CARTESIAN_POINT('',(0.,-8.2E+03));
#3285 = VECTOR('',#3286,1.);
#3286 = DIRECTION('',(1.,0.));
#3287 = ( GEOMETRIC_REPRESENTATION_CONTEXT(2) 
PARAMETRIC_REPRESENTATION_CONTEXT() REPRESENTATION_CONTEXT('2D SPACE',''
  ) );
#3288 = ADVANCED_FACE('',(#3289),#3131,.T.);
#3289 = FACE_BOUND('',#3290,.T.);
#3290 = EDGE_LOOP('',(#3291,#3292,#3293,#3294));
#3291 = ORIENTED_EDGE('',*,*,#3115,.F.);
#3292 = ORIENTED_EDGE('',*,*,#3268,.F.);
#3293 = ORIENTED_EDGE('',*,*,#3240,.T.);
#3294 = ORIENTED_EDGE('',*,*,#3192,.T.);
#3295 = ( GEOMETRIC_REPRESENTATION_CONTEXT(3) 
GLOBAL_UNCERTAINTY_ASSIGNED_CONTEXT((#3299)) 
GLOBAL_UNIT_ASSIGNED_CONTEXT((#3296,#3297,#3298)) REPRESENTATION_CONTEXT
('Context #1','3D Context with UNIT and UNCERTAINTY') );
#3296 = ( LENGTH_UNIT() NAMED_UNIT(*) SI_UNIT(.MILLI.,.METRE.) );
#3297 = ( NAMED_UNIT(*) PLANE_ANGLE_UNIT() SI_UNIT($,.RADIAN.) );
#3298 = ( NAMED_UNIT(*) SI_UNIT($,.STERADIAN.) SOLID_ANGLE_UNIT() );
#3299 = UNCERTAINTY_MEASURE_WITH_UNIT(LENGTH_MEASURE(1.E-07),#3296,
  'distance_accuracy_value','confusion accuracy');
#3300 = CONTEXT_DEPENDENT_SHAPE_REPRESENTATION(#3301,#3303);
#3301 = ( REPRESENTATION_RELATIONSHIP('','',#2634,#10) 
REPRESENTATION_RELATIONSHIP_WITH_TRANSFORMATION(#3302) 
SHAPE_REPRESENTATION_RELATIONSHIP() );
#3302 = ITEM_DEFINED_TRANSFORMATION('','',#11,#23);
#3303 = PRODUCT_DEFINITION_SHAPE('Placement','Placement of an item',
  #3304);
#3304 = NEXT_ASSEMBLY_USAGE_OCCURRENCE('67','part2','',#5,#2629,$);
#3305 = PRODUCT_RELATED_PRODUCT_CATEGORY('part',$,(#2631));
#3306 = MECHANICAL_DESIGN_GEOMETRIC_PRESENTATION_REPRESENTATION('',(
    #3307,#3315,#3322,#3329),#1805);
#3307 = STYLED_ITEM('color',(#3308),#41);
#3308 = PRESENTATION_STYLE_ASSIGNMENT((#3309));
#3309 = SURFACE_STYLE_USAGE(.BOTH.,#3310);
#3310 = SURFACE_SIDE_STYLE('',(#3311));
#3311 = SURFACE_STYLE_FILL_AREA(#3312);
#3312 = FILL_AREA_STYLE('',(#3313));
#3313 = FILL_AREA_STYLE_COLOUR('',#3314);
#3314 = COLOUR_RGB('',0.654901957162,0.619607835287,0.55686275255);
#3315 = STYLED_ITEM('color',(#3316),#445);
#3316 = PRESENTATION_STYLE_ASSIGNMENT((#3317));
#3317 = SURFACE_STYLE_USAGE(.BOTH.,#3318);
#3318 = SURFACE_SIDE_STYLE('',(#3319));
#3319 = SURFACE_STYLE_FILL_AREA(#3320);
#3320 = FILL_AREA_STYLE('',(#3321));
#3321 = FILL_AREA_STYLE_COLOUR('',#3314);
#3322 = STYLED_ITEM('color',(#3323),#923);
#3323 = PRESENTATION_STYLE_ASSIGNMENT((#3324));
#3324 = SURFACE_STYLE_USAGE(.BOTH.,#3325);
#3325 = SURFACE_SIDE_STYLE('',(#3326));
#3326 = SURFACE_STYLE_FILL_AREA(#3327);
#3327 = FILL_AREA_STYLE('',(#3328));
#3328 = FILL_AREA_STYLE_COLOUR('',#3314);
#3329 = STYLED_ITEM('color',(#3330),#1401);
#3330 = PRESENTATION_STYLE_ASSIGNMENT((#3331));
#3331 = SURFACE_STYLE_USAGE(.BOTH.,#3332);
#3332 = SURFACE_SIDE_STYLE('',(#3333));
#3333 = SURFACE_STYLE_FILL_AREA(#3334);
#3334 = FILL_AREA_STYLE('',(#3335));
#3335 = FILL_AREA_STYLE_COLOUR('',#3314);
#3336 = MECHANICAL_DESIGN_GEOMETRIC_PRESENTATION_REPRESENTATION('',(
    #3337,#3345,#3352),#2616);
#3337 = STYLED_ITEM('color',(#3338),#1824);
#3338 = PRESENTATION_STYLE_ASSIGNMENT((#3339));
#3339 = SURFACE_STYLE_USAGE(.BOTH.,#3340);
#3340 = SURFACE_SIDE_STYLE('',(#3341));
#3341 = SURFACE_STYLE_FILL_AREA(#3342);
#3342 = FILL_AREA_STYLE('',(#3343));
#3343 = FILL_AREA_STYLE_COLOUR('',#3344);
#3344 = COLOUR_RGB('',0.55686275255,0.521568625629,0.466666661095);
#3345 = STYLED_ITEM('color',(#3346),#2088);
#3346 = PRESENTATION_STYLE_ASSIGNMENT((#3347));
#3347 = SURFACE_STYLE_USAGE(.BOTH.,#3348);
#3348 = SURFACE_SIDE_STYLE('',(#3349));
#3349 = SURFACE_STYLE_FILL_AREA(#3350);
#3350 = FILL_AREA_STYLE('',(#3351));
#3351 = FILL_AREA_STYLE_COLOUR('',#3344);
#3352 = STYLED_ITEM('color',(#3353),#2352);
#3353 = PRESENTATION_STYLE_ASSIGNMENT((#3354));
#3354 = SURFACE_STYLE_USAGE(.BOTH.,#3355);
#3355 = SURFACE_SIDE_STYLE('',(#3356));
#3356 = SURFACE_STYLE_FILL_AREA(#3357);
#3357 = FILL_AREA_STYLE('',(#3358));
#3358 = FILL_AREA_STYLE_COLOUR('',#3344);
#3359 = MECHANICAL_DESIGN_GEOMETRIC_PRESENTATION_REPRESENTATION('',(
    #3360,#3368),#3295);
#3360 = STYLED_ITEM('color',(#3361),#2635);
#3361 = PRESENTATION_STYLE_ASSIGNMENT((#3362));
#3362 = SURFACE_STYLE_USAGE(.BOTH.,#3363);
#3363 = SURFACE_SIDE_STYLE('',(#3364));
#3364 = SURFACE_STYLE_FILL_AREA(#3365);
#3365 = FILL_AREA_STYLE('',(#3366));
#3366 = FILL_AREA_STYLE_COLOUR('',#3367);
#3367 = COLOUR_RGB('',0.721568617591,0.690196085623,0.627450987486);
#3368 = STYLED_ITEM('color',(#3369),#2965);
#3369 = PRESENTATION_STYLE_ASSIGNMENT((#3370));
#3370 = SURFACE_STYLE_USAGE(.BOTH.,#3371);
#3371 = SURFACE_SIDE_STYLE('',(#3372));
#3372 = SURFACE_STYLE_FILL_AREA(#3373);
#3373 = FILL_AREA_STYLE('',(#3374));
#3374 = FILL_AREA_STYLE_COLOUR('',#3367);
ENDSEC;
END-ISO-10303-21;
