ISO-10303-21;
HEADER;
FILE_DESCRIPTION(('Open CASCADE Model'),'2;1');
FILE_NAME('Open CASCADE Shape Model','2026-09-14T11:11:41',('Author'),(
    'Open CASCADE'),'Open CASCADE STEP processor 7.9','Open CASCADE 7.9'
  ,'Unknown');
FILE_SCHEMA(('AUTOMOTIVE_DESIGN { 1 0 10303 214 1 1 1 1 }'));
ENDSEC;
DATA;
#1 = APPLICATION_PROTOCOL_DEFINITION('international standard',
  'automotive_design',2000,#2);
#2 = APPLICATION_CONTEXT(
  'core data for automotive mechanical design processes');
#3 = SHAPE_DEFINITION_REPRESENTATION(#4,#10);
#4 = PRODUCT_DEFINITION_SHAPE('','',#5);
#5 = PRODUCT_DEFINITION('design','',#6,#9);
#6 = PRODUCT_DEFINITION_FORMATION('','',#7);
#7 = PRODUCT('ae4b8bbc-b024-11f1-9772-3c9c0f4bdafb',
  'ae4b8bbc-b024-11f1-9772-3c9c0f4bdafb','',(#8));
#8 = PRODUCT_CONTEXT('',#2,'mechanical');
#9 = PRODUCT_DEFINITION_CONTEXT('part definition',#2,'design');
#10 = SHAPE_REPRESENTATION('',(#11,#15,#19,#23,#27,#31,#35,#39,#43,#47,
    #51,#55,#59,#63,#67,#71,#75,#79,#83,#87,#91,#95,#99,#103,#107),#111
  );
#11 = AXIS2_PLACEMENT_3D('',#12,#13,#14);
#12 = CARTESIAN_POINT('',(0.,0.,0.));
#13 = DIRECTION('',(0.,0.,1.));
#14 = DIRECTION('',(1.,0.,-0.));
#15 = AXIS2_PLACEMENT_3D('',#16,#17,#18);
#16 = CARTESIAN_POINT('',(0.,0.,0.));
#17 = DIRECTION('',(0.,0.,1.));
#18 = DIRECTION('',(1.,0.,-0.));
#19 = AXIS2_PLACEMENT_3D('',#20,#21,#22);
#20 = CARTESIAN_POINT('',(0.,0.,0.));
#21 = DIRECTION('',(0.,0.,1.));
#22 = DIRECTION('',(1.,0.,-0.));
#23 = AXIS2_PLACEMENT_3D('',#24,#25,#26);
#24 = CARTESIAN_POINT('',(0.,0.,0.));
#25 = DIRECTION('',(0.,0.,1.));
#26 = DIRECTION('',(1.,0.,-0.));
#27 = AXIS2_PLACEMENT_3D('',#28,#29,#30);
#28 = CARTESIAN_POINT('',(0.,0.,0.));
#29 = DIRECTION('',(0.,0.,1.));
#30 = DIRECTION('',(1.,0.,-0.));
#31 = AXIS2_PLACEMENT_3D('',#32,#33,#34);
#32 = CARTESIAN_POINT('',(0.,0.,0.));
#33 = DIRECTION('',(0.,0.,1.));
#34 = DIRECTION('',(1.,0.,-0.));
#35 = AXIS2_PLACEMENT_3D('',#36,#37,#38);
#36 = CARTESIAN_POINT('',(0.,0.,0.));
#37 = DIRECTION('',(0.,0.,1.));
#38 = DIRECTION('',(1.,0.,-0.));
#39 = AXIS2_PLACEMENT_3D('',#40,#41,#42);
#40 = CARTESIAN_POINT('',(0.,0.,0.));
#41 = DIRECTION('',(0.,0.,1.));
#42 = DIRECTION('',(1.,0.,-0.));
#43 = AXIS2_PLACEMENT_3D('',#44,#45,#46);
#44 = CARTESIAN_POINT('',(0.,0.,0.));
#45 = DIRECTION('',(0.,0.,1.));
#46 = DIRECTION('',(1.,0.,-0.));
#47 = AXIS2_PLACEMENT_3D('',#48,#49,#50);
#48 = CARTESIAN_POINT('',(0.,0.,0.));
#49 = DIRECTION('',(0.,0.,1.));
#50 = DIRECTION('',(1.,0.,-0.));
#51 = AXIS2_PLACEMENT_3D('',#52,#53,#54);
#52 = CARTESIAN_POINT('',(0.,0.,0.));
#53 = DIRECTION('',(0.,0.,1.));
#54 = DIRECTION('',(1.,0.,-0.));
#55 = AXIS2_PLACEMENT_3D('',#56,#57,#58);
#56 = CARTESIAN_POINT('',(0.,0.,0.));
#57 = DIRECTION('',(0.,0.,1.));
#58 = DIRECTION('',(1.,0.,-0.));
#59 = AXIS2_PLACEMENT_3D('',#60,#61,#62);
#60 = CARTESIAN_POINT('',(0.,0.,0.));
#61 = DIRECTION('',(0.,0.,1.));
#62 = DIRECTION('',(1.,0.,-0.));
#63 = AXIS2_PLACEMENT_3D('',#64,#65,#66);
#64 = CARTESIAN_POINT('',(0.,0.,0.));
#65 = DIRECTION('',(0.,0.,1.));
#66 = DIRECTION('',(1.,0.,-0.));
#67 = AXIS2_PLACEMENT_3D('',#68,#69,#70);
#68 = CARTESIAN_POINT('',(0.,0.,0.));
#69 = DIRECTION('',(0.,0.,1.));
#70 = DIRECTION('',(1.,0.,-0.));
#71 = AXIS2_PLACEMENT_3D('',#72,#73,#74);
#72 = CARTESIAN_POINT('',(0.,0.,0.));
#73 = DIRECTION('',(0.,0.,1.));
#74 = DIRECTION('',(1.,0.,-0.));
#75 = AXIS2_PLACEMENT_3D('',#76,#77,#78);
#76 = CARTESIAN_POINT('',(0.,0.,0.));
#77 = DIRECTION('',(0.,0.,1.));
#78 = DIRECTION('',(1.,0.,-0.));
#79 = AXIS2_PLACEMENT_3D('',#80,#81,#82);
#80 = CARTESIAN_POINT('',(0.,0.,0.));
#81 = DIRECTION('',(0.,0.,1.));
#82 = DIRECTION('',(1.,0.,-0.));
#83 = AXIS2_PLACEMENT_3D('',#84,#85,#86);
#84 = CARTESIAN_POINT('',(0.,0.,0.));
#85 = DIRECTION('',(0.,0.,1.));
#86 = DIRECTION('',(1.,0.,-0.));
#87 = AXIS2_PLACEMENT_3D('',#88,#89,#90);
#88 = CARTESIAN_POINT('',(0.,0.,0.));
#89 = DIRECTION('',(0.,0.,1.));
#90 = DIRECTION('',(1.,0.,-0.));
#91 = AXIS2_PLACEMENT_3D('',#92,#93,#94);
#92 = CARTESIAN_POINT('',(0.,0.,0.));
#93 = DIRECTION('',(0.,0.,1.));
#94 = DIRECTION('',(1.,0.,-0.));
#95 = AXIS2_PLACEMENT_3D('',#96,#97,#98);
#96 = CARTESIAN_POINT('',(0.,0.,0.));
#97 = DIRECTION('',(0.,0.,1.));
#98 = DIRECTION('',(1.,0.,-0.));
#99 = AXIS2_PLACEMENT_3D('',#100,#101,#102);
#100 = CARTESIAN_POINT('',(0.,0.,0.));
#101 = DIRECTION('',(0.,0.,1.));
#102 = DIRECTION('',(1.,0.,-0.));
#103 = AXIS2_PLACEMENT_3D('',#104,#105,#106);
#104 = CARTESIAN_POINT('',(0.,0.,0.));
#105 = DIRECTION('',(0.,0.,1.));
#106 = DIRECTION('',(1.,0.,-0.));
#107 = AXIS2_PLACEMENT_3D('',#108,#109,#110);
#108 = CARTESIAN_POINT('',(0.,0.,0.));
#109 = DIRECTION('',(0.,0.,1.));
#110 = DIRECTION('',(1.,0.,-0.));
#111 = ( GEOMETRIC_REPRESENTATION_CONTEXT(3) 
GLOBAL_UNCERTAINTY_ASSIGNED_CONTEXT((#115)) GLOBAL_UNIT_ASSIGNED_CONTEXT
((#112,#113,#114)) REPRESENTATION_CONTEXT('Context #1',
  '3D Context with UNIT and UNCERTAINTY') );
#112 = ( LENGTH_UNIT() NAMED_UNIT(*) SI_UNIT(.MILLI.,.METRE.) );
#113 = ( NAMED_UNIT(*) PLANE_ANGLE_UNIT() SI_UNIT($,.RADIAN.) );
#114 = ( NAMED_UNIT(*) SI_UNIT($,.STERADIAN.) SOLID_ANGLE_UNIT() );
#115 = UNCERTAINTY_MEASURE_WITH_UNIT(LENGTH_MEASURE(1.E-07),#112,
  'distance_accuracy_value','confusion accuracy');
#116 = PRODUCT_RELATED_PRODUCT_CATEGORY('part',$,(#7));
#117 = SHAPE_DEFINITION_REPRESENTATION(#118,#124);
#118 = PRODUCT_DEFINITION_SHAPE('','',#119);
#119 = PRODUCT_DEFINITION('design','',#120,#123);
#120 = PRODUCT_DEFINITION_FORMATION('','',#121);
#121 = PRODUCT('part0','part0','',(#122));
#122 = PRODUCT_CONTEXT('',#2,'mechanical');
#123 = PRODUCT_DEFINITION_CONTEXT('part definition',#2,'design');
#124 = ADVANCED_BREP_SHAPE_REPRESENTATION('',(#11,#125),#455);
#125 = MANIFOLD_SOLID_BREP('',#126);
#126 = CLOSED_SHELL('',(#127,#247,#347,#394,#441,#448));
#127 = ADVANCED_FACE('',(#128),#142,.F.);
#128 = FACE_BOUND('',#129,.F.);
#129 = EDGE_LOOP('',(#130,#165,#193,#221));
#130 = ORIENTED_EDGE('',*,*,#131,.F.);
#131 = EDGE_CURVE('',#132,#134,#136,.T.);
#132 = VERTEX_POINT('',#133);
#133 = CARTESIAN_POINT('',(-1.4E+04,-8.E+03,0.));
#134 = VERTEX_POINT('',#135);
#135 = CARTESIAN_POINT('',(-1.4E+04,-8.E+03,1.5E+04));
#136 = SURFACE_CURVE('',#137,(#141,#153),.PCURVE_S1.);
#137 = LINE('',#138,#139);
#138 = CARTESIAN_POINT('',(-1.4E+04,-8.E+03,0.));
#139 = VECTOR('',#140,1.);
#140 = DIRECTION('',(0.,0.,1.));
#141 = PCURVE('',#142,#147);
#142 = PLANE('',#143);
#143 = AXIS2_PLACEMENT_3D('',#144,#145,#146);
#144 = CARTESIAN_POINT('',(-1.4E+04,-8.E+03,0.));
#145 = DIRECTION('',(1.,0.,0.));
#146 = DIRECTION('',(0.,0.,1.));
#147 = DEFINITIONAL_REPRESENTATION('',(#148),#152);
#148 = LINE('',#149,#150);
#149 = CARTESIAN_POINT('',(0.,0.));
#150 = VECTOR('',#151,1.);
#151 = DIRECTION('',(1.,0.));
#152 = ( GEOMETRIC_REPRESENTATION_CONTEXT(2) 
PARAMETRIC_REPRESENTATION_CONTEXT() REPRESENTATION_CONTEXT('2D SPACE',''
  ) );
#153 = PCURVE('',#154,#159);
#154 = PLANE('',#155);
#155 = AXIS2_PLACEMENT_3D('',#156,#157,#158);
#156 = CARTESIAN_POINT('',(-1.4E+04,-8.E+03,0.));
#157 = DIRECTION('',(0.,1.,0.));
#158 = DIRECTION('',(0.,0.,1.));
#159 = DEFINITIONAL_REPRESENTATION('',(#160),#164);
#160 = LINE('',#161,#162);
#161 = CARTESIAN_POINT('',(0.,0.));
#162 = VECTOR('',#163,1.);
#163 = DIRECTION('',(1.,0.));
#164 = ( GEOMETRIC_REPRESENTATION_CONTEXT(2) 
PARAMETRIC_REPRESENTATION_CONTEXT() REPRESENTATION_CONTEXT('2D SPACE',''
  ) );
#165 = ORIENTED_EDGE('',*,*,#166,.T.);
#166 = EDGE_CURVE('',#132,#167,#169,.T.);
#167 = VERTEX_POINT('',#168);
#168 = CARTESIAN_POINT('',(-1.4E+04,8.E+03,0.));
#169 = SURFACE_CURVE('',#170,(#174,#181),.PCURVE_S1.);
#170 = LINE('',#171,#172);
#171 = CARTESIAN_POINT('',(-1.4E+04,-8.E+03,0.));
#172 = VECTOR('',#173,1.);
#173 = DIRECTION('',(0.,1.,0.));
#174 = PCURVE('',#142,#175);
#175 = DEFINITIONAL_REPRESENTATION('',(#176),#180);
#176 = LINE('',#177,#178);
#177 = CARTESIAN_POINT('',(0.,0.));
#178 = VECTOR('',#179,1.);
#179 = DIRECTION('',(0.,-1.));
#180 = ( GEOMETRIC_REPRESENTATION_CONTEXT(2) 
PARAMETRIC_REPRESENTATION_CONTEXT() REPRESENTATION_CONTEXT('2D SPACE',''
  ) );
#181 = PCURVE('',#182,#187);
#182 = PLANE('',#183);
#183 = AXIS2_PLACEMENT_3D('',#184,#185,#186);
#184 = CARTESIAN_POINT('',(-1.4E+04,-8.E+03,0.));
#185 = DIRECTION('',(0.,0.,1.));
#186 = DIRECTION('',(1.,0.,0.));
#187 = DEFINITIONAL_REPRESENTATION('',(#188),#192);
#188 = LINE('',#189,#190);
#189 = CARTESIAN_POINT('',(0.,0.));
#190 = VECTOR('',#191,1.);
#191 = DIRECTION('',(0.,1.));
#192 = ( GEOMETRIC_REPRESENTATION_CONTEXT(2) 
PARAMETRIC_REPRESENTATION_CONTEXT() REPRESENTATION_CONTEXT('2D SPACE',''
  ) );
#193 = ORIENTED_EDGE('',*,*,#194,.T.);
#194 = EDGE_CURVE('',#167,#195,#197,.T.);
#195 = VERTEX_POINT('',#196);
#196 = CARTESIAN_POINT('',(-1.4E+04,8.E+03,1.5E+04));
#197 = SURFACE_CURVE('',#198,(#202,#209),.PCURVE_S1.);
#198 = LINE('',#199,#200);
#199 = CARTESIAN_POINT('',(-1.4E+04,8.E+03,0.));
#200 = VECTOR('',#201,1.);
#201 = DIRECTION('',(0.,0.,1.));
#202 = PCURVE('',#142,#203);
#203 = DEFINITIONAL_REPRESENTATION('',(#204),#208);
#204 = LINE('',#205,#206);
#205 = CARTESIAN_POINT('',(0.,-1.6E+04));
#206 = VECTOR('',#207,1.);
#207 = DIRECTION('',(1.,0.));
#208 = ( GEOMETRIC_REPRESENTATION_CONTEXT(2) 
PARAMETRIC_REPRESENTATION_CONTEXT() REPRESENTATION_CONTEXT('2D SPACE',''
  ) );
#209 = PCURVE('',#210,#215);
#210 = PLANE('',#211);
#211 = AXIS2_PLACEMENT_3D('',#212,#213,#214);
#212 = CARTESIAN_POINT('',(-1.4E+04,8.E+03,0.));
#213 = DIRECTION('',(0.,1.,0.));
#214 = DIRECTION('',(0.,0.,1.));
#215 = DEFINITIONAL_REPRESENTATION('',(#216),#220);
#216 = LINE('',#217,#218);
#217 = CARTESIAN_POINT('',(0.,0.));
#218 = VECTOR('',#219,1.);
#219 = DIRECTION('',(1.,0.));
#220 = ( GEOMETRIC_REPRESENTATION_CONTEXT(2) 
PARAMETRIC_REPRESENTATION_CONTEXT() REPRESENTATION_CONTEXT('2D SPACE',''
  ) );
#221 = ORIENTED_EDGE('',*,*,#222,.F.);
#222 = EDGE_CURVE('',#134,#195,#223,.T.);
#223 = SURFACE_CURVE('',#224,(#228,#235),.PCURVE_S1.);
#224 = LINE('',#225,#226);
#225 = CARTESIAN_POINT('',(-1.4E+04,-8.E+03,1.5E+04));
#226 = VECTOR('',#227,1.);
#227 = DIRECTION('',(0.,1.,0.));
#228 = PCURVE('',#142,#229);
#229 = DEFINITIONAL_REPRESENTATION('',(#230),#234);
#230 = LINE('',#231,#232);
#231 = CARTESIAN_POINT('',(1.5E+04,0.));
#232 = VECTOR('',#233,1.);
#233 = DIRECTION('',(0.,-1.));
#234 = ( GEOMETRIC_REPRESENTATION_CONTEXT(2) 
PARAMETRIC_REPRESENTATION_CONTEXT() REPRESENTATION_CONTEXT('2D SPACE',''
  ) );
#235 = PCURVE('',#236,#241);
#236 = PLANE('',#237);
#237 = AXIS2_PLACEMENT_3D('',#238,#239,#240);
#238 = CARTESIAN_POINT('',(-1.4E+04,-8.E+03,1.5E+04));
#239 = DIRECTION('',(0.,0.,1.));
#240 = DIRECTION('',(1.,0.,0.));
#241 = DEFINITIONAL_REPRESENTATION('',(#242),#246);
#242 = LINE('',#243,#244);
#243 = CARTESIAN_POINT('',(0.,0.));
#244 = VECTOR('',#245,1.);
#245 = DIRECTION('',(0.,1.));
#246 = ( GEOMETRIC_REPRESENTATION_CONTEXT(2) 
PARAMETRIC_REPRESENTATION_CONTEXT() REPRESENTATION_CONTEXT('2D SPACE',''
  ) );
#247 = ADVANCED_FACE('',(#248),#262,.T.);
#248 = FACE_BOUND('',#249,.T.);
#249 = EDGE_LOOP('',(#250,#280,#303,#326));
#250 = ORIENTED_EDGE('',*,*,#251,.F.);
#251 = EDGE_CURVE('',#252,#254,#256,.T.);
#252 = VERTEX_POINT('',#253);
#253 = CARTESIAN_POINT('',(1.4E+04,-8.E+03,0.));
#254 = VERTEX_POINT('',#255);
#255 = CARTESIAN_POINT('',(1.4E+04,-8.E+03,1.5E+04));
#256 = SURFACE_CURVE('',#257,(#261,#273),.PCURVE_S1.);
#257 = LINE('',#258,#259);
#258 = CARTESIAN_POINT('',(1.4E+04,-8.E+03,0.));
#259 = VECTOR('',#260,1.);
#260 = DIRECTION('',(0.,0.,1.));
#261 = PCURVE('',#262,#267);
#262 = PLANE('',#263);
#263 = AXIS2_PLACEMENT_3D('',#264,#265,#266);
#264 = CARTESIAN_POINT('',(1.4E+04,-8.E+03,0.));
#265 = DIRECTION('',(1.,0.,0.));
#266 = DIRECTION('',(0.,0.,1.));
#267 = DEFINITIONAL_REPRESENTATION('',(#268),#272);
#268 = LINE('',#269,#270);
#269 = CARTESIAN_POINT('',(0.,0.));
#270 = VECTOR('',#271,1.);
#271 = DIRECTION('',(1.,0.));
#272 = ( GEOMETRIC_REPRESENTATION_CONTEXT(2) 
PARAMETRIC_REPRESENTATION_CONTEXT() REPRESENTATION_CONTEXT('2D SPACE',''
  ) );
#273 = PCURVE('',#154,#274);
#274 = DEFINITIONAL_REPRESENTATION('',(#275),#279);
#275 = LINE('',#276,#277);
#276 = CARTESIAN_POINT('',(0.,2.8E+04));
#277 = VECTOR('',#278,1.);
#278 = DIRECTION('',(1.,0.));
#279 = ( GEOMETRIC_REPRESENTATION_CONTEXT(2) 
PARAMETRIC_REPRESENTATION_CONTEXT() REPRESENTATION_CONTEXT('2D SPACE',''
  ) );
#280 = ORIENTED_EDGE('',*,*,#281,.T.);
#281 = EDGE_CURVE('',#252,#282,#284,.T.);
#282 = VERTEX_POINT('',#283);
#283 = CARTESIAN_POINT('',(1.4E+04,8.E+03,0.));
#284 = SURFACE_CURVE('',#285,(#289,#296),.PCURVE_S1.);
#285 = LINE('',#286,#287);
#286 = CARTESIAN_POINT('',(1.4E+04,-8.E+03,0.));
#287 = VECTOR('',#288,1.);
#288 = DIRECTION('',(0.,1.,0.));
#289 = PCURVE('',#262,#290);
#290 = DEFINITIONAL_REPRESENTATION('',(#291),#295);
#291 = LINE('',#292,#293);
#292 = CARTESIAN_POINT('',(0.,0.));
#293 = VECTOR('',#294,1.);
#294 = DIRECTION('',(0.,-1.));
#295 = ( GEOMETRIC_REPRESENTATION_CONTEXT(2) 
PARAMETRIC_REPRESENTATION_CONTEXT() REPRESENTATION_CONTEXT('2D SPACE',''
  ) );
#296 = PCURVE('',#182,#297);
#297 = DEFINITIONAL_REPRESENTATION('',(#298),#302);
#298 = LINE('',#299,#300);
#299 = CARTESIAN_POINT('',(2.8E+04,0.));
#300 = VECTOR('',#301,1.);
#301 = DIRECTION('',(0.,1.));
#302 = ( GEOMETRIC_REPRESENTATION_CONTEXT(2) 
PARAMETRIC_REPRESENTATION_CONTEXT() REPRESENTATION_CONTEXT('2D SPACE',''
  ) );
#303 = ORIENTED_EDGE('',*,*,#304,.T.);
#304 = EDGE_CURVE('',#282,#305,#307,.T.);
#305 = VERTEX_POINT('',#306);
#306 = CARTESIAN_POINT('',(1.4E+04,8.E+03,1.5E+04));
#307 = SURFACE_CURVE('',#308,(#312,#319),.PCURVE_S1.);
#308 = LINE('',#309,#310);
#309 = CARTESIAN_POINT('',(1.4E+04,8.E+03,0.));
#310 = VECTOR('',#311,1.);
#311 = DIRECTION('',(0.,0.,1.));
#312 = PCURVE('',#262,#313);
#313 = DEFINITIONAL_REPRESENTATION('',(#314),#318);
#314 = LINE('',#315,#316);
#315 = CARTESIAN_POINT('',(0.,-1.6E+04));
#316 = VECTOR('',#317,1.);
#317 = DIRECTION('',(1.,0.));
#318 = ( GEOMETRIC_REPRESENTATION_CONTEXT(2) 
PARAMETRIC_REPRESENTATION_CONTEXT() REPRESENTATION_CONTEXT('2D SPACE',''
  ) );
#319 = PCURVE('',#210,#320);
#320 = DEFINITIONAL_REPRESENTATION('',(#321),#325);
#321 = LINE('',#322,#323);
#322 = CARTESIAN_POINT('',(0.,2.8E+04));
#323 = VECTOR('',#324,1.);
#324 = DIRECTION('',(1.,0.));
#325 = ( GEOMETRIC_REPRESENTATION_CONTEXT(2) 
PARAMETRIC_REPRESENTATION_CONTEXT() REPRESENTATION_CONTEXT('2D SPACE',''
  ) );
#326 = ORIENTED_EDGE('',*,*,#327,.F.);
#327 = EDGE_CURVE('',#254,#305,#328,.T.);
#328 = SURFACE_CURVE('',#329,(#333,#340),.PCURVE_S1.);
#329 = LINE('',#330,#331);
#330 = CARTESIAN_POINT('',(1.4E+04,-8.E+03,1.5E+04));
#331 = VECTOR('',#332,1.);
#332 = DIRECTION('',(0.,1.,0.));
#333 = PCURVE('',#262,#334);
#334 = DEFINITIONAL_REPRESENTATION('',(#335),#339);
#335 = LINE('',#336,#337);
#336 = CARTESIAN_POINT('',(1.5E+04,0.));
#337 = VECTOR('',#338,1.);
#338 = DIRECTION('',(0.,-1.));
#339 = ( GEOMETRIC_REPRESENTATION_CONTEXT(2) 
PARAMETRIC_REPRESENTATION_CONTEXT() REPRESENTATION_CONTEXT('2D SPACE',''
  ) );
#340 = PCURVE('',#236,#341);
#341 = DEFINITIONAL_REPRESENTATION('',(#342),#346);
#342 = LINE('',#343,#344);
#343 = CARTESIAN_POINT('',(2.8E+04,0.));
#344 = VECTOR('',#345,1.);
#345 = DIRECTION('',(0.,1.));
#346 = ( GEOMETRIC_REPRESENTATION_CONTEXT(2) 
PARAMETRIC_REPRESENTATION_CONTEXT() REPRESENTATION_CONTEXT('2D SPACE',''
  ) );
#347 = ADVANCED_FACE('',(#348),#154,.F.);
#348 = FACE_BOUND('',#349,.F.);
#349 = EDGE_LOOP('',(#350,#371,#372,#393));
#350 = ORIENTED_EDGE('',*,*,#351,.F.);
#351 = EDGE_CURVE('',#132,#252,#352,.T.);
#352 = SURFACE_CURVE('',#353,(#357,#364),.PCURVE_S1.);
#353 = LINE('',#354,#355);
#354 = CARTESIAN_POINT('',(-1.4E+04,-8.E+03,0.));
#355 = VECTOR('',#356,1.);
#356 = DIRECTION('',(1.,0.,0.));
#357 = PCURVE('',#154,#358);
#358 = DEFINITIONAL_REPRESENTATION('',(#359),#363);
#359 = LINE('',#360,#361);
#360 = CARTESIAN_POINT('',(0.,0.));
#361 = VECTOR('',#362,1.);
#362 = DIRECTION('',(0.,1.));
#363 = ( GEOMETRIC_REPRESENTATION_CONTEXT(2) 
PARAMETRIC_REPRESENTATION_CONTEXT() REPRESENTATION_CONTEXT('2D SPACE',''
  ) );
#364 = PCURVE('',#182,#365);
#365 = DEFINITIONAL_REPRESENTATION('',(#366),#370);
#366 = LINE('',#367,#368);
#367 = CARTESIAN_POINT('',(0.,0.));
#368 = VECTOR('',#369,1.);
#369 = DIRECTION('',(1.,0.));
#370 = ( GEOMETRIC_REPRESENTATION_CONTEXT(2) 
PARAMETRIC_REPRESENTATION_CONTEXT() REPRESENTATION_CONTEXT('2D SPACE',''
  ) );
#371 = ORIENTED_EDGE('',*,*,#131,.T.);
#372 = ORIENTED_EDGE('',*,*,#373,.T.);
#373 = EDGE_CURVE('',#134,#254,#374,.T.);
#374 = SURFACE_CURVE('',#375,(#379,#386),.PCURVE_S1.);
#375 = LINE('',#376,#377);
#376 = CARTESIAN_POINT('',(-1.4E+04,-8.E+03,1.5E+04));
#377 = VECTOR('',#378,1.);
#378 = DIRECTION('',(1.,0.,0.));
#379 = PCURVE('',#154,#380);
#380 = DEFINITIONAL_REPRESENTATION('',(#381),#385);
#381 = LINE('',#382,#383);
#382 = CARTESIAN_POINT('',(1.5E+04,0.));
#383 = VECTOR('',#384,1.);
#384 = DIRECTION('',(0.,1.));
#385 = ( GEOMETRIC_REPRESENTATION_CONTEXT(2) 
PARAMETRIC_REPRESENTATION_CONTEXT() REPRESENTATION_CONTEXT('2D SPACE',''
  ) );
#386 = PCURVE('',#236,#387);
#387 = DEFINITIONAL_REPRESENTATION('',(#388),#392);
#388 = LINE('',#389,#390);
#389 = CARTESIAN_POINT('',(0.,0.));
#390 = VECTOR('',#391,1.);
#391 = DIRECTION('',(1.,0.));
#392 = ( GEOMETRIC_REPRESENTATION_CONTEXT(2) 
PARAMETRIC_REPRESENTATION_CONTEXT() REPRESENTATION_CONTEXT('2D SPACE',''
  ) );
#393 = ORIENTED_EDGE('',*,*,#251,.F.);
#394 = ADVANCED_FACE('',(#395),#210,.T.);
#395 = FACE_BOUND('',#396,.T.);
#396 = EDGE_LOOP('',(#397,#418,#419,#440));
#397 = ORIENTED_EDGE('',*,*,#398,.F.);
#398 = EDGE_CURVE('',#167,#282,#399,.T.);
#399 = SURFACE_CURVE('',#400,(#404,#411),.PCURVE_S1.);
#400 = LINE('',#401,#402);
#401 = CARTESIAN_POINT('',(-1.4E+04,8.E+03,0.));
#402 = VECTOR('',#403,1.);
#403 = DIRECTION('',(1.,0.,0.));
#404 = PCURVE('',#210,#405);
#405 = DEFINITIONAL_REPRESENTATION('',(#406),#410);
#406 = LINE('',#407,#408);
#407 = CARTESIAN_POINT('',(0.,0.));
#408 = VECTOR('',#409,1.);
#409 = DIRECTION('',(0.,1.));
#410 = ( GEOMETRIC_REPRESENTATION_CONTEXT(2) 
PARAMETRIC_REPRESENTATION_CONTEXT() REPRESENTATION_CONTEXT('2D SPACE',''
  ) );
#411 = PCURVE('',#182,#412);
#412 = DEFINITIONAL_REPRESENTATION('',(#413),#417);
#413 = LINE('',#414,#415);
#414 = CARTESIAN_POINT('',(0.,1.6E+04));
#415 = VECTOR('',#416,1.);
#416 = DIRECTION('',(1.,0.));
#417 = ( GEOMETRIC_REPRESENTATION_CONTEXT(2) 
PARAMETRIC_REPRESENTATION_CONTEXT() REPRESENTATION_CONTEXT('2D SPACE',''
  ) );
#418 = ORIENTED_EDGE('',*,*,#194,.T.);
#419 = ORIENTED_EDGE('',*,*,#420,.T.);
#420 = EDGE_CURVE('',#195,#305,#421,.T.);
#421 = SURFACE_CURVE('',#422,(#426,#433),.PCURVE_S1.);
#422 = LINE('',#423,#424);
#423 = CARTESIAN_POINT('',(-1.4E+04,8.E+03,1.5E+04));
#424 = VECTOR('',#425,1.);
#425 = DIRECTION('',(1.,0.,0.));
#426 = PCURVE('',#210,#427);
#427 = DEFINITIONAL_REPRESENTATION('',(#428),#432);
#428 = LINE('',#429,#430);
#429 = CARTESIAN_POINT('',(1.5E+04,0.));
#430 = VECTOR('',#431,1.);
#431 = DIRECTION('',(0.,1.));
#432 = ( GEOMETRIC_REPRESENTATION_CONTEXT(2) 
PARAMETRIC_REPRESENTATION_CONTEXT() REPRESENTATION_CONTEXT('2D SPACE',''
  ) );
#433 = PCURVE('',#236,#434);
#434 = DEFINITIONAL_REPRESENTATION('',(#435),#439);
#435 = LINE('',#436,#437);
#436 = CARTESIAN_POINT('',(0.,1.6E+04));
#437 = VECTOR('',#438,1.);
#438 = DIRECTION('',(1.,0.));
#439 = ( GEOMETRIC_REPRESENTATION_CONTEXT(2) 
PARAMETRIC_REPRESENTATION_CONTEXT() REPRESENTATION_CONTEXT('2D SPACE',''
  ) );
#440 = ORIENTED_EDGE('',*,*,#304,.F.);
#441 = ADVANCED_FACE('',(#442),#182,.F.);
#442 = FACE_BOUND('',#443,.F.);
#443 = EDGE_LOOP('',(#444,#445,#446,#447));
#444 = ORIENTED_EDGE('',*,*,#166,.F.);
#445 = ORIENTED_EDGE('',*,*,#351,.T.);
#446 = ORIENTED_EDGE('',*,*,#281,.T.);
#447 = ORIENTED_EDGE('',*,*,#398,.F.);
#448 = ADVANCED_FACE('',(#449),#236,.T.);
#449 = FACE_BOUND('',#450,.T.);
#450 = EDGE_LOOP('',(#451,#452,#453,#454));
#451 = ORIENTED_EDGE('',*,*,#222,.F.);
#452 = ORIENTED_EDGE('',*,*,#373,.T.);
#453 = ORIENTED_EDGE('',*,*,#327,.T.);
#454 = ORIENTED_EDGE('',*,*,#420,.F.);
#455 = ( GEOMETRIC_REPRESENTATION_CONTEXT(3) 
GLOBAL_UNCERTAINTY_ASSIGNED_CONTEXT((#459)) GLOBAL_UNIT_ASSIGNED_CONTEXT
((#456,#457,#458)) REPRESENTATION_CONTEXT('Context #1',
  '3D Context with UNIT and UNCERTAINTY') );
#456 = ( LENGTH_UNIT() NAMED_UNIT(*) SI_UNIT(.MILLI.,.METRE.) );
#457 = ( NAMED_UNIT(*) PLANE_ANGLE_UNIT() SI_UNIT($,.RADIAN.) );
#458 = ( NAMED_UNIT(*) SI_UNIT($,.STERADIAN.) SOLID_ANGLE_UNIT() );
#459 = UNCERTAINTY_MEASURE_WITH_UNIT(LENGTH_MEASURE(1.E-07),#456,
  'distance_accuracy_value','confusion accuracy');
#460 = CONTEXT_DEPENDENT_SHAPE_REPRESENTATION(#461,#463);
#461 = ( REPRESENTATION_RELATIONSHIP('','',#124,#10) 
REPRESENTATION_RELATIONSHIP_WITH_TRANSFORMATION(#462) 
SHAPE_REPRESENTATION_RELATIONSHIP() );
#462 = ITEM_DEFINED_TRANSFORMATION('','',#11,#15);
#463 = PRODUCT_DEFINITION_SHAPE('Placement','Placement of an item',#464
  );
#464 = NEXT_ASSEMBLY_USAGE_OCCURRENCE('38','part0','',#5,#119,$);
#465 = PRODUCT_RELATED_PRODUCT_CATEGORY('part',$,(#121));
#466 = SHAPE_DEFINITION_REPRESENTATION(#467,#473);
#467 = PRODUCT_DEFINITION_SHAPE('','',#468);
#468 = PRODUCT_DEFINITION('design','',#469,#472);
#469 = PRODUCT_DEFINITION_FORMATION('','',#470);
#470 = PRODUCT('part1','part1','',(#471));
#471 = PRODUCT_CONTEXT('',#2,'mechanical');
#472 = PRODUCT_DEFINITION_CONTEXT('part definition',#2,'design');
#473 = ADVANCED_BREP_SHAPE_REPRESENTATION('',(#11,#474),#726);
#474 = MANIFOLD_SOLID_BREP('',#475);
#475 = CLOSED_SHELL('',(#476,#596,#667,#714,#720));
#476 = ADVANCED_FACE('',(#477),#491,.T.);
#477 = FACE_BOUND('',#478,.T.);
#478 = EDGE_LOOP('',(#479,#514,#542,#570));
#479 = ORIENTED_EDGE('',*,*,#480,.T.);
#480 = EDGE_CURVE('',#481,#483,#485,.T.);
#481 = VERTEX_POINT('',#482);
#482 = CARTESIAN_POINT('',(-1.4E+04,8.E+03,1.5E+04));
#483 = VERTEX_POINT('',#484);
#484 = CARTESIAN_POINT('',(-1.4E+04,-8.E+03,1.5E+04));
#485 = SURFACE_CURVE('',#486,(#490,#502),.PCURVE_S1.);
#486 = LINE('',#487,#488);
#487 = CARTESIAN_POINT('',(-1.4E+04,8.E+03,1.5E+04));
#488 = VECTOR('',#489,1.);
#489 = DIRECTION('',(0.,-1.,0.));
#490 = PCURVE('',#491,#496);
#491 = PLANE('',#492);
#492 = AXIS2_PLACEMENT_3D('',#493,#494,#495);
#493 = CARTESIAN_POINT('',(-1.4E+04,8.E+03,1.5E+04));
#494 = DIRECTION('',(-0.106533123634,0.,0.99430915392));
#495 = DIRECTION('',(0.99430915392,0.,0.106533123634));
#496 = DEFINITIONAL_REPRESENTATION('',(#497),#501);
#497 = LINE('',#498,#499);
#498 = CARTESIAN_POINT('',(0.,0.));
#499 = VECTOR('',#500,1.);
#500 = DIRECTION('',(0.,-1.));
#501 = ( GEOMETRIC_REPRESENTATION_CONTEXT(2) 
PARAMETRIC_REPRESENTATION_CONTEXT() REPRESENTATION_CONTEXT('2D SPACE',''
  ) );
#502 = PCURVE('',#503,#508);
#503 = PLANE('',#504);
#504 = AXIS2_PLACEMENT_3D('',#505,#506,#507);
#505 = CARTESIAN_POINT('',(1.4E+04,8.E+03,1.5E+04));
#506 = DIRECTION('',(-0.,-0.,-1.));
#507 = DIRECTION('',(-1.,0.,0.));
#508 = DEFINITIONAL_REPRESENTATION('',(#509),#513);
#509 = LINE('',#510,#511);
#510 = CARTESIAN_POINT('',(2.8E+04,0.));
#511 = VECTOR('',#512,1.);
#512 = DIRECTION('',(0.,-1.));
#513 = ( GEOMETRIC_REPRESENTATION_CONTEXT(2) 
PARAMETRIC_REPRESENTATION_CONTEXT() REPRESENTATION_CONTEXT('2D SPACE',''
  ) );
#514 = ORIENTED_EDGE('',*,*,#515,.T.);
#515 = EDGE_CURVE('',#483,#516,#518,.T.);
#516 = VERTEX_POINT('',#517);
#517 = CARTESIAN_POINT('',(0.,-8.E+03,1.65E+04));
#518 = SURFACE_CURVE('',#519,(#523,#530),.PCURVE_S1.);
#519 = LINE('',#520,#521);
#520 = CARTESIAN_POINT('',(-1.4E+04,-8.E+03,1.5E+04));
#521 = VECTOR('',#522,1.);
#522 = DIRECTION('',(0.99430915392,0.,0.106533123634));
#523 = PCURVE('',#491,#524);
#524 = DEFINITIONAL_REPRESENTATION('',(#525),#529);
#525 = LINE('',#526,#527);
#526 = CARTESIAN_POINT('',(0.,-1.6E+04));
#527 = VECTOR('',#528,1.);
#528 = DIRECTION('',(1.,0.));
#529 = ( GEOMETRIC_REPRESENTATION_CONTEXT(2) 
PARAMETRIC_REPRESENTATION_CONTEXT() REPRESENTATION_CONTEXT('2D SPACE',''
  ) );
#530 = PCURVE('',#531,#536);
#531 = PLANE('',#532);
#532 = AXIS2_PLACEMENT_3D('',#533,#534,#535);
#533 = CARTESIAN_POINT('',(0.,-8.E+03,1.537607007847E+04));
#534 = DIRECTION('',(0.,1.,0.));
#535 = DIRECTION('',(0.,-0.,1.));
#536 = DEFINITIONAL_REPRESENTATION('',(#537),#541);
#537 = LINE('',#538,#539);
#538 = CARTESIAN_POINT('',(-376.0700784659,-1.4E+04));
#539 = VECTOR('',#540,1.);
#540 = DIRECTION('',(0.106533123634,0.99430915392));
#541 = ( GEOMETRIC_REPRESENTATION_CONTEXT(2) 
PARAMETRIC_REPRESENTATION_CONTEXT() REPRESENTATION_CONTEXT('2D SPACE',''
  ) );
#542 = ORIENTED_EDGE('',*,*,#543,.F.);
#543 = EDGE_CURVE('',#544,#516,#546,.T.);
#544 = VERTEX_POINT('',#545);
#545 = CARTESIAN_POINT('',(0.,8.E+03,1.65E+04));
#546 = SURFACE_CURVE('',#547,(#551,#558),.PCURVE_S1.);
#547 = LINE('',#548,#549);
#548 = CARTESIAN_POINT('',(0.,8.E+03,1.65E+04));
#549 = VECTOR('',#550,1.);
#550 = DIRECTION('',(0.,-1.,0.));
#551 = PCURVE('',#491,#552);
#552 = DEFINITIONAL_REPRESENTATION('',(#553),#557);
#553 = LINE('',#554,#555);
#554 = CARTESIAN_POINT('',(1.408012784033E+04,0.));
#555 = VECTOR('',#556,1.);
#556 = DIRECTION('',(0.,-1.));
#557 = ( GEOMETRIC_REPRESENTATION_CONTEXT(2) 
PARAMETRIC_REPRESENTATION_CONTEXT() REPRESENTATION_CONTEXT('2D SPACE',''
  ) );
#558 = PCURVE('',#559,#564);
#559 = PLANE('',#560);
#560 = AXIS2_PLACEMENT_3D('',#561,#562,#563);
#561 = CARTESIAN_POINT('',(0.,8.E+03,1.65E+04));
#562 = DIRECTION('',(0.106533123634,0.,0.99430915392));
#563 = DIRECTION('',(0.99430915392,0.,-0.106533123634));
#564 = DEFINITIONAL_REPRESENTATION('',(#565),#569);
#565 = LINE('',#566,#567);
#566 = CARTESIAN_POINT('',(0.,0.));
#567 = VECTOR('',#568,1.);
#568 = DIRECTION('',(0.,-1.));
#569 = ( GEOMETRIC_REPRESENTATION_CONTEXT(2) 
PARAMETRIC_REPRESENTATION_CONTEXT() REPRESENTATION_CONTEXT('2D SPACE',''
  ) );
#570 = ORIENTED_EDGE('',*,*,#571,.F.);
#571 = EDGE_CURVE('',#481,#544,#572,.T.);
#572 = SURFACE_CURVE('',#573,(#577,#584),.PCURVE_S1.);
#573 = LINE('',#574,#575);
#574 = CARTESIAN_POINT('',(-1.4E+04,8.E+03,1.5E+04));
#575 = VECTOR('',#576,1.);
#576 = DIRECTION('',(0.99430915392,0.,0.106533123634));
#577 = PCURVE('',#491,#578);
#578 = DEFINITIONAL_REPRESENTATION('',(#579),#583);
#579 = LINE('',#580,#581);
#580 = CARTESIAN_POINT('',(0.,0.));
#581 = VECTOR('',#582,1.);
#582 = DIRECTION('',(1.,0.));
#583 = ( GEOMETRIC_REPRESENTATION_CONTEXT(2) 
PARAMETRIC_REPRESENTATION_CONTEXT() REPRESENTATION_CONTEXT('2D SPACE',''
  ) );
#584 = PCURVE('',#585,#590);
#585 = PLANE('',#586);
#586 = AXIS2_PLACEMENT_3D('',#587,#588,#589);
#587 = CARTESIAN_POINT('',(0.,8.E+03,1.537607007847E+04));
#588 = DIRECTION('',(0.,1.,0.));
#589 = DIRECTION('',(0.,-0.,1.));
#590 = DEFINITIONAL_REPRESENTATION('',(#591),#595);
#591 = LINE('',#592,#593);
#592 = CARTESIAN_POINT('',(-376.0700784659,-1.4E+04));
#593 = VECTOR('',#594,1.);
#594 = DIRECTION('',(0.106533123634,0.99430915392));
#595 = ( GEOMETRIC_REPRESENTATION_CONTEXT(2) 
PARAMETRIC_REPRESENTATION_CONTEXT() REPRESENTATION_CONTEXT('2D SPACE',''
  ) );
#596 = ADVANCED_FACE('',(#597),#559,.T.);
#597 = FACE_BOUND('',#598,.T.);
#598 = EDGE_LOOP('',(#599,#600,#623,#646));
#599 = ORIENTED_EDGE('',*,*,#543,.T.);
#600 = ORIENTED_EDGE('',*,*,#601,.T.);
#601 = EDGE_CURVE('',#516,#602,#604,.T.);
#602 = VERTEX_POINT('',#603);
#603 = CARTESIAN_POINT('',(1.4E+04,-8.E+03,1.5E+04));
#604 = SURFACE_CURVE('',#605,(#609,#616),.PCURVE_S1.);
#605 = LINE('',#606,#607);
#606 = CARTESIAN_POINT('',(0.,-8.E+03,1.65E+04));
#607 = VECTOR('',#608,1.);
#608 = DIRECTION('',(0.99430915392,0.,-0.106533123634));
#609 = PCURVE('',#559,#610);
#610 = DEFINITIONAL_REPRESENTATION('',(#611),#615);
#611 = LINE('',#612,#613);
#612 = CARTESIAN_POINT('',(0.,-1.6E+04));
#613 = VECTOR('',#614,1.);
#614 = DIRECTION('',(1.,0.));
#615 = ( GEOMETRIC_REPRESENTATION_CONTEXT(2) 
PARAMETRIC_REPRESENTATION_CONTEXT() REPRESENTATION_CONTEXT('2D SPACE',''
  ) );
#616 = PCURVE('',#531,#617);
#617 = DEFINITIONAL_REPRESENTATION('',(#618),#622);
#618 = LINE('',#619,#620);
#619 = CARTESIAN_POINT('',(1.123929921534E+03,0.));
#620 = VECTOR('',#621,1.);
#621 = DIRECTION('',(-0.106533123634,0.99430915392));
#622 = ( GEOMETRIC_REPRESENTATION_CONTEXT(2) 
PARAMETRIC_REPRESENTATION_CONTEXT() REPRESENTATION_CONTEXT('2D SPACE',''
  ) );
#623 = ORIENTED_EDGE('',*,*,#624,.F.);
#624 = EDGE_CURVE('',#625,#602,#627,.T.);
#625 = VERTEX_POINT('',#626);
#626 = CARTESIAN_POINT('',(1.4E+04,8.E+03,1.5E+04));
#627 = SURFACE_CURVE('',#628,(#632,#639),.PCURVE_S1.);
#628 = LINE('',#629,#630);
#629 = CARTESIAN_POINT('',(1.4E+04,8.E+03,1.5E+04));
#630 = VECTOR('',#631,1.);
#631 = DIRECTION('',(0.,-1.,0.));
#632 = PCURVE('',#559,#633);
#633 = DEFINITIONAL_REPRESENTATION('',(#634),#638);
#634 = LINE('',#635,#636);
#635 = CARTESIAN_POINT('',(1.408012784033E+04,0.));
#636 = VECTOR('',#637,1.);
#637 = DIRECTION('',(0.,-1.));
#638 = ( GEOMETRIC_REPRESENTATION_CONTEXT(2) 
PARAMETRIC_REPRESENTATION_CONTEXT() REPRESENTATION_CONTEXT('2D SPACE',''
  ) );
#639 = PCURVE('',#503,#640);
#640 = DEFINITIONAL_REPRESENTATION('',(#641),#645);
#641 = LINE('',#642,#643);
#642 = CARTESIAN_POINT('',(0.,0.));
#643 = VECTOR('',#644,1.);
#644 = DIRECTION('',(0.,-1.));
#645 = ( GEOMETRIC_REPRESENTATION_CONTEXT(2) 
PARAMETRIC_REPRESENTATION_CONTEXT() REPRESENTATION_CONTEXT('2D SPACE',''
  ) );
#646 = ORIENTED_EDGE('',*,*,#647,.F.);
#647 = EDGE_CURVE('',#544,#625,#648,.T.);
#648 = SURFACE_CURVE('',#649,(#653,#660),.PCURVE_S1.);
#649 = LINE('',#650,#651);
#650 = CARTESIAN_POINT('',(0.,8.E+03,1.65E+04));
#651 = VECTOR('',#652,1.);
#652 = DIRECTION('',(0.99430915392,0.,-0.106533123634));
#653 = PCURVE('',#559,#654);
#654 = DEFINITIONAL_REPRESENTATION('',(#655),#659);
#655 = LINE('',#656,#657);
#656 = CARTESIAN_POINT('',(0.,0.));
#657 = VECTOR('',#658,1.);
#658 = DIRECTION('',(1.,0.));
#659 = ( GEOMETRIC_REPRESENTATION_CONTEXT(2) 
PARAMETRIC_REPRESENTATION_CONTEXT() REPRESENTATION_CONTEXT('2D SPACE',''
  ) );
#660 = PCURVE('',#585,#661);
#661 = DEFINITIONAL_REPRESENTATION('',(#662),#666);
#662 = LINE('',#663,#664);
#663 = CARTESIAN_POINT('',(1.123929921534E+03,0.));
#664 = VECTOR('',#665,1.);
#665 = DIRECTION('',(-0.106533123634,0.99430915392));
#666 = ( GEOMETRIC_REPRESENTATION_CONTEXT(2) 
PARAMETRIC_REPRESENTATION_CONTEXT() REPRESENTATION_CONTEXT('2D SPACE',''
  ) );
#667 = ADVANCED_FACE('',(#668),#503,.T.);
#668 = FACE_BOUND('',#669,.T.);
#669 = EDGE_LOOP('',(#670,#671,#692,#693));
#670 = ORIENTED_EDGE('',*,*,#624,.T.);
#671 = ORIENTED_EDGE('',*,*,#672,.T.);
#672 = EDGE_CURVE('',#602,#483,#673,.T.);
#673 = SURFACE_CURVE('',#674,(#678,#685),.PCURVE_S1.);
#674 = LINE('',#675,#676);
#675 = CARTESIAN_POINT('',(1.4E+04,-8.E+03,1.5E+04));
#676 = VECTOR('',#677,1.);
#677 = DIRECTION('',(-1.,0.,0.));
#678 = PCURVE('',#503,#679);
#679 = DEFINITIONAL_REPRESENTATION('',(#680),#684);
#680 = LINE('',#681,#682);
#681 = CARTESIAN_POINT('',(0.,-1.6E+04));
#682 = VECTOR('',#683,1.);
#683 = DIRECTION('',(1.,0.));
#684 = ( GEOMETRIC_REPRESENTATION_CONTEXT(2) 
PARAMETRIC_REPRESENTATION_CONTEXT() REPRESENTATION_CONTEXT('2D SPACE',''
  ) );
#685 = PCURVE('',#531,#686);
#686 = DEFINITIONAL_REPRESENTATION('',(#687),#691);
#687 = LINE('',#688,#689);
#688 = CARTESIAN_POINT('',(-376.0700784659,1.4E+04));
#689 = VECTOR('',#690,1.);
#690 = DIRECTION('',(0.,-1.));
#691 = ( GEOMETRIC_REPRESENTATION_CONTEXT(2) 
PARAMETRIC_REPRESENTATION_CONTEXT() REPRESENTATION_CONTEXT('2D SPACE',''
  ) );
#692 = ORIENTED_EDGE('',*,*,#480,.F.);
#693 = ORIENTED_EDGE('',*,*,#694,.F.);
#694 = EDGE_CURVE('',#625,#481,#695,.T.);
#695 = SURFACE_CURVE('',#696,(#700,#707),.PCURVE_S1.);
#696 = LINE('',#697,#698);
#697 = CARTESIAN_POINT('',(1.4E+04,8.E+03,1.5E+04));
#698 = VECTOR('',#699,1.);
#699 = DIRECTION('',(-1.,0.,0.));
#700 = PCURVE('',#503,#701);
#701 = DEFINITIONAL_REPRESENTATION('',(#702),#706);
#702 = LINE('',#703,#704);
#703 = CARTESIAN_POINT('',(0.,0.));
#704 = VECTOR('',#705,1.);
#705 = DIRECTION('',(1.,0.));
#706 = ( GEOMETRIC_REPRESENTATION_CONTEXT(2) 
PARAMETRIC_REPRESENTATION_CONTEXT() REPRESENTATION_CONTEXT('2D SPACE',''
  ) );
#707 = PCURVE('',#585,#708);
#708 = DEFINITIONAL_REPRESENTATION('',(#709),#713);
#709 = LINE('',#710,#711);
#710 = CARTESIAN_POINT('',(-376.0700784659,1.4E+04));
#711 = VECTOR('',#712,1.);
#712 = DIRECTION('',(0.,-1.));
#713 = ( GEOMETRIC_REPRESENTATION_CONTEXT(2) 
PARAMETRIC_REPRESENTATION_CONTEXT() REPRESENTATION_CONTEXT('2D SPACE',''
  ) );
#714 = ADVANCED_FACE('',(#715),#585,.T.);
#715 = FACE_BOUND('',#716,.T.);
#716 = EDGE_LOOP('',(#717,#718,#719));
#717 = ORIENTED_EDGE('',*,*,#571,.T.);
#718 = ORIENTED_EDGE('',*,*,#647,.T.);
#719 = ORIENTED_EDGE('',*,*,#694,.T.);
#720 = ADVANCED_FACE('',(#721),#531,.F.);
#721 = FACE_BOUND('',#722,.F.);
#722 = EDGE_LOOP('',(#723,#724,#725));
#723 = ORIENTED_EDGE('',*,*,#515,.T.);
#724 = ORIENTED_EDGE('',*,*,#601,.T.);
#725 = ORIENTED_EDGE('',*,*,#672,.T.);
#726 = ( GEOMETRIC_REPRESENTATION_CONTEXT(3) 
GLOBAL_UNCERTAINTY_ASSIGNED_CONTEXT((#730)) GLOBAL_UNIT_ASSIGNED_CONTEXT
((#727,#728,#729)) REPRESENTATION_CONTEXT('Context #1',
  '3D Context with UNIT and UNCERTAINTY') );
#727 = ( LENGTH_UNIT() NAMED_UNIT(*) SI_UNIT(.MILLI.,.METRE.) );
#728 = ( NAMED_UNIT(*) PLANE_ANGLE_UNIT() SI_UNIT($,.RADIAN.) );
#729 = ( NAMED_UNIT(*) SI_UNIT($,.STERADIAN.) SOLID_ANGLE_UNIT() );
#730 = UNCERTAINTY_MEASURE_WITH_UNIT(LENGTH_MEASURE(1.E-07),#727,
  'distance_accuracy_value','confusion accuracy');
#731 = CONTEXT_DEPENDENT_SHAPE_REPRESENTATION(#732,#734);
#732 = ( REPRESENTATION_RELATIONSHIP('','',#473,#10) 
REPRESENTATION_RELATIONSHIP_WITH_TRANSFORMATION(#733) 
SHAPE_REPRESENTATION_RELATIONSHIP() );
#733 = ITEM_DEFINED_TRANSFORMATION('','',#11,#19);
#734 = PRODUCT_DEFINITION_SHAPE('Placement','Placement of an item',#735
  );
#735 = NEXT_ASSEMBLY_USAGE_OCCURRENCE('39','part1','',#5,#468,$);
#736 = PRODUCT_RELATED_PRODUCT_CATEGORY('part',$,(#470));
#737 = SHAPE_DEFINITION_REPRESENTATION(#738,#744);
#738 = PRODUCT_DEFINITION_SHAPE('','',#739);
#739 = PRODUCT_DEFINITION('design','',#740,#743);
#740 = PRODUCT_DEFINITION_FORMATION('','',#741);
#741 = PRODUCT('part2','part2','',(#742));
#742 = PRODUCT_CONTEXT('',#2,'mechanical');
#743 = PRODUCT_DEFINITION_CONTEXT('part definition',#2,'design');
#744 = ADVANCED_BREP_SHAPE_REPRESENTATION('',(#11,#745),#1075);
#745 = MANIFOLD_SOLID_BREP('',#746);
#746 = CLOSED_SHELL('',(#747,#867,#967,#1014,#1061,#1068));
#747 = ADVANCED_FACE('',(#748),#762,.F.);
#748 = FACE_BOUND('',#749,.F.);
#749 = EDGE_LOOP('',(#750,#785,#813,#841));
#750 = ORIENTED_EDGE('',*,*,#751,.F.);
#751 = EDGE_CURVE('',#752,#754,#756,.T.);
#752 = VERTEX_POINT('',#753);
#753 = CARTESIAN_POINT('',(-1.3E+03,7.85E+03,700.));
#754 = VERTEX_POINT('',#755);
#755 = CARTESIAN_POINT('',(-1.3E+03,7.85E+03,3.7E+03));
#756 = SURFACE_CURVE('',#757,(#761,#773),.PCURVE_S1.);
#757 = LINE('',#758,#759);
#758 = CARTESIAN_POINT('',(-1.3E+03,7.85E+03,700.));
#759 = VECTOR('',#760,1.);
#760 = DIRECTION('',(0.,0.,1.));
#761 = PCURVE('',#762,#767);
#762 = PLANE('',#763);
#763 = AXIS2_PLACEMENT_3D('',#764,#765,#766);
#764 = CARTESIAN_POINT('',(-1.3E+03,7.85E+03,700.));
#765 = DIRECTION('',(1.,0.,0.));
#766 = DIRECTION('',(0.,0.,1.));
#767 = DEFINITIONAL_REPRESENTATION('',(#768),#772);
#768 = LINE('',#769,#770);
#769 = CARTESIAN_POINT('',(0.,0.));
#770 = VECTOR('',#771,1.);
#771 = DIRECTION('',(1.,0.));
#772 = ( GEOMETRIC_REPRESENTATION_CONTEXT(2) 
PARAMETRIC_REPRESENTATION_CONTEXT() REPRESENTATION_CONTEXT('2D SPACE',''
  ) );
#773 = PCURVE('',#774,#779);
#774 = PLANE('',#775);
#775 = AXIS2_PLACEMENT_3D('',#776,#777,#778);
#776 = CARTESIAN_POINT('',(-1.3E+03,7.85E+03,700.));
#777 = DIRECTION('',(0.,1.,0.));
#778 = DIRECTION('',(0.,0.,1.));
#779 = DEFINITIONAL_REPRESENTATION('',(#780),#784);
#780 = LINE('',#781,#782);
#781 = CARTESIAN_POINT('',(0.,0.));
#782 = VECTOR('',#783,1.);
#783 = DIRECTION('',(1.,0.));
#784 = ( GEOMETRIC_REPRESENTATION_CONTEXT(2) 
PARAMETRIC_REPRESENTATION_CONTEXT() REPRESENTATION_CONTEXT('2D SPACE',''
  ) );
#785 = ORIENTED_EDGE('',*,*,#786,.T.);
#786 = EDGE_CURVE('',#752,#787,#789,.T.);
#787 = VERTEX_POINT('',#788);
#788 = CARTESIAN_POINT('',(-1.3E+03,8.15E+03,700.));
#789 = SURFACE_CURVE('',#790,(#794,#801),.PCURVE_S1.);
#790 = LINE('',#791,#792);
#791 = CARTESIAN_POINT('',(-1.3E+03,7.85E+03,700.));
#792 = VECTOR('',#793,1.);
#793 = DIRECTION('',(0.,1.,0.));
#794 = PCURVE('',#762,#795);
#795 = DEFINITIONAL_REPRESENTATION('',(#796),#800);
#796 = LINE('',#797,#798);
#797 = CARTESIAN_POINT('',(0.,0.));
#798 = VECTOR('',#799,1.);
#799 = DIRECTION('',(0.,-1.));
#800 = ( GEOMETRIC_REPRESENTATION_CONTEXT(2) 
PARAMETRIC_REPRESENTATION_CONTEXT() REPRESENTATION_CONTEXT('2D SPACE',''
  ) );
#801 = PCURVE('',#802,#807);
#802 = PLANE('',#803);
#803 = AXIS2_PLACEMENT_3D('',#804,#805,#806);
#804 = CARTESIAN_POINT('',(-1.3E+03,7.85E+03,700.));
#805 = DIRECTION('',(0.,0.,1.));
#806 = DIRECTION('',(1.,0.,0.));
#807 = DEFINITIONAL_REPRESENTATION('',(#808),#812);
#808 = LINE('',#809,#810);
#809 = CARTESIAN_POINT('',(0.,0.));
#810 = VECTOR('',#811,1.);
#811 = DIRECTION('',(0.,1.));
#812 = ( GEOMETRIC_REPRESENTATION_CONTEXT(2) 
PARAMETRIC_REPRESENTATION_CONTEXT() REPRESENTATION_CONTEXT('2D SPACE',''
  ) );
#813 = ORIENTED_EDGE('',*,*,#814,.T.);
#814 = EDGE_CURVE('',#787,#815,#817,.T.);
#815 = VERTEX_POINT('',#816);
#816 = CARTESIAN_POINT('',(-1.3E+03,8.15E+03,3.7E+03));
#817 = SURFACE_CURVE('',#818,(#822,#829),.PCURVE_S1.);
#818 = LINE('',#819,#820);
#819 = CARTESIAN_POINT('',(-1.3E+03,8.15E+03,700.));
#820 = VECTOR('',#821,1.);
#821 = DIRECTION('',(0.,0.,1.));
#822 = PCURVE('',#762,#823);
#823 = DEFINITIONAL_REPRESENTATION('',(#824),#828);
#824 = LINE('',#825,#826);
#825 = CARTESIAN_POINT('',(0.,-300.));
#826 = VECTOR('',#827,1.);
#827 = DIRECTION('',(1.,0.));
#828 = ( GEOMETRIC_REPRESENTATION_CONTEXT(2) 
PARAMETRIC_REPRESENTATION_CONTEXT() REPRESENTATION_CONTEXT('2D SPACE',''
  ) );
#829 = PCURVE('',#830,#835);
#830 = PLANE('',#831);
#831 = AXIS2_PLACEMENT_3D('',#832,#833,#834);
#832 = CARTESIAN_POINT('',(-1.3E+03,8.15E+03,700.));
#833 = DIRECTION('',(0.,1.,0.));
#834 = DIRECTION('',(0.,0.,1.));
#835 = DEFINITIONAL_REPRESENTATION('',(#836),#840);
#836 = LINE('',#837,#838);
#837 = CARTESIAN_POINT('',(0.,0.));
#838 = VECTOR('',#839,1.);
#839 = DIRECTION('',(1.,0.));
#840 = ( GEOMETRIC_REPRESENTATION_CONTEXT(2) 
PARAMETRIC_REPRESENTATION_CONTEXT() REPRESENTATION_CONTEXT('2D SPACE',''
  ) );
#841 = ORIENTED_EDGE('',*,*,#842,.F.);
#842 = EDGE_CURVE('',#754,#815,#843,.T.);
#843 = SURFACE_CURVE('',#844,(#848,#855),.PCURVE_S1.);
#844 = LINE('',#845,#846);
#845 = CARTESIAN_POINT('',(-1.3E+03,7.85E+03,3.7E+03));
#846 = VECTOR('',#847,1.);
#847 = DIRECTION('',(0.,1.,0.));
#848 = PCURVE('',#762,#849);
#849 = DEFINITIONAL_REPRESENTATION('',(#850),#854);
#850 = LINE('',#851,#852);
#851 = CARTESIAN_POINT('',(3.E+03,0.));
#852 = VECTOR('',#853,1.);
#853 = DIRECTION('',(0.,-1.));
#854 = ( GEOMETRIC_REPRESENTATION_CONTEXT(2) 
PARAMETRIC_REPRESENTATION_CONTEXT() REPRESENTATION_CONTEXT('2D SPACE',''
  ) );
#855 = PCURVE('',#856,#861);
#856 = PLANE('',#857);
#857 = AXIS2_PLACEMENT_3D('',#858,#859,#860);
#858 = CARTESIAN_POINT('',(-1.3E+03,7.85E+03,3.7E+03));
#859 = DIRECTION('',(0.,0.,1.));
#860 = DIRECTION('',(1.,0.,0.));
#861 = DEFINITIONAL_REPRESENTATION('',(#862),#866);
#862 = LINE('',#863,#864);
#863 = CARTESIAN_POINT('',(0.,0.));
#864 = VECTOR('',#865,1.);
#865 = DIRECTION('',(0.,1.));
#866 = ( GEOMETRIC_REPRESENTATION_CONTEXT(2) 
PARAMETRIC_REPRESENTATION_CONTEXT() REPRESENTATION_CONTEXT('2D SPACE',''
  ) );
#867 = ADVANCED_FACE('',(#868),#882,.T.);
#868 = FACE_BOUND('',#869,.T.);
#869 = EDGE_LOOP('',(#870,#900,#923,#946));
#870 = ORIENTED_EDGE('',*,*,#871,.F.);
#871 = EDGE_CURVE('',#872,#874,#876,.T.);
#872 = VERTEX_POINT('',#873);
#873 = CARTESIAN_POINT('',(1.3E+03,7.85E+03,700.));
#874 = VERTEX_POINT('',#875);
#875 = CARTESIAN_POINT('',(1.3E+03,7.85E+03,3.7E+03));
#876 = SURFACE_CURVE('',#877,(#881,#893),.PCURVE_S1.);
#877 = LINE('',#878,#879);
#878 = CARTESIAN_POINT('',(1.3E+03,7.85E+03,700.));
#879 = VECTOR('',#880,1.);
#880 = DIRECTION('',(0.,0.,1.));
#881 = PCURVE('',#882,#887);
#882 = PLANE('',#883);
#883 = AXIS2_PLACEMENT_3D('',#884,#885,#886);
#884 = CARTESIAN_POINT('',(1.3E+03,7.85E+03,700.));
#885 = DIRECTION('',(1.,0.,0.));
#886 = DIRECTION('',(0.,0.,1.));
#887 = DEFINITIONAL_REPRESENTATION('',(#888),#892);
#888 = LINE('',#889,#890);
#889 = CARTESIAN_POINT('',(0.,0.));
#890 = VECTOR('',#891,1.);
#891 = DIRECTION('',(1.,0.));
#892 = ( GEOMETRIC_REPRESENTATION_CONTEXT(2) 
PARAMETRIC_REPRESENTATION_CONTEXT() REPRESENTATION_CONTEXT('2D SPACE',''
  ) );
#893 = PCURVE('',#774,#894);
#894 = DEFINITIONAL_REPRESENTATION('',(#895),#899);
#895 = LINE('',#896,#897);
#896 = CARTESIAN_POINT('',(0.,2.6E+03));
#897 = VECTOR('',#898,1.);
#898 = DIRECTION('',(1.,0.));
#899 = ( GEOMETRIC_REPRESENTATION_CONTEXT(2) 
PARAMETRIC_REPRESENTATION_CONTEXT() REPRESENTATION_CONTEXT('2D SPACE',''
  ) );
#900 = ORIENTED_EDGE('',*,*,#901,.T.);
#901 = EDGE_CURVE('',#872,#902,#904,.T.);
#902 = VERTEX_POINT('',#903);
#903 = CARTESIAN_POINT('',(1.3E+03,8.15E+03,700.));
#904 = SURFACE_CURVE('',#905,(#909,#916),.PCURVE_S1.);
#905 = LINE('',#906,#907);
#906 = CARTESIAN_POINT('',(1.3E+03,7.85E+03,700.));
#907 = VECTOR('',#908,1.);
#908 = DIRECTION('',(0.,1.,0.));
#909 = PCURVE('',#882,#910);
#910 = DEFINITIONAL_REPRESENTATION('',(#911),#915);
#911 = LINE('',#912,#913);
#912 = CARTESIAN_POINT('',(0.,0.));
#913 = VECTOR('',#914,1.);
#914 = DIRECTION('',(0.,-1.));
#915 = ( GEOMETRIC_REPRESENTATION_CONTEXT(2) 
PARAMETRIC_REPRESENTATION_CONTEXT() REPRESENTATION_CONTEXT('2D SPACE',''
  ) );
#916 = PCURVE('',#802,#917);
#917 = DEFINITIONAL_REPRESENTATION('',(#918),#922);
#918 = LINE('',#919,#920);
#919 = CARTESIAN_POINT('',(2.6E+03,0.));
#920 = VECTOR('',#921,1.);
#921 = DIRECTION('',(0.,1.));
#922 = ( GEOMETRIC_REPRESENTATION_CONTEXT(2) 
PARAMETRIC_REPRESENTATION_CONTEXT() REPRESENTATION_CONTEXT('2D SPACE',''
  ) );
#923 = ORIENTED_EDGE('',*,*,#924,.T.);
#924 = EDGE_CURVE('',#902,#925,#927,.T.);
#925 = VERTEX_POINT('',#926);
#926 = CARTESIAN_POINT('',(1.3E+03,8.15E+03,3.7E+03));
#927 = SURFACE_CURVE('',#928,(#932,#939),.PCURVE_S1.);
#928 = LINE('',#929,#930);
#929 = CARTESIAN_POINT('',(1.3E+03,8.15E+03,700.));
#930 = VECTOR('',#931,1.);
#931 = DIRECTION('',(0.,0.,1.));
#932 = PCURVE('',#882,#933);
#933 = DEFINITIONAL_REPRESENTATION('',(#934),#938);
#934 = LINE('',#935,#936);
#935 = CARTESIAN_POINT('',(0.,-300.));
#936 = VECTOR('',#937,1.);
#937 = DIRECTION('',(1.,0.));
#938 = ( GEOMETRIC_REPRESENTATION_CONTEXT(2) 
PARAMETRIC_REPRESENTATION_CONTEXT() REPRESENTATION_CONTEXT('2D SPACE',''
  ) );
#939 = PCURVE('',#830,#940);
#940 = DEFINITIONAL_REPRESENTATION('',(#941),#945);
#941 = LINE('',#942,#943);
#942 = CARTESIAN_POINT('',(0.,2.6E+03));
#943 = VECTOR('',#944,1.);
#944 = DIRECTION('',(1.,0.));
#945 = ( GEOMETRIC_REPRESENTATION_CONTEXT(2) 
PARAMETRIC_REPRESENTATION_CONTEXT() REPRESENTATION_CONTEXT('2D SPACE',''
  ) );
#946 = ORIENTED_EDGE('',*,*,#947,.F.);
#947 = EDGE_CURVE('',#874,#925,#948,.T.);
#948 = SURFACE_CURVE('',#949,(#953,#960),.PCURVE_S1.);
#949 = LINE('',#950,#951);
#950 = CARTESIAN_POINT('',(1.3E+03,7.85E+03,3.7E+03));
#951 = VECTOR('',#952,1.);
#952 = DIRECTION('',(0.,1.,0.));
#953 = PCURVE('',#882,#954);
#954 = DEFINITIONAL_REPRESENTATION('',(#955),#959);
#955 = LINE('',#956,#957);
#956 = CARTESIAN_POINT('',(3.E+03,0.));
#957 = VECTOR('',#958,1.);
#958 = DIRECTION('',(0.,-1.));
#959 = ( GEOMETRIC_REPRESENTATION_CONTEXT(2) 
PARAMETRIC_REPRESENTATION_CONTEXT() REPRESENTATION_CONTEXT('2D SPACE',''
  ) );
#960 = PCURVE('',#856,#961);
#961 = DEFINITIONAL_REPRESENTATION('',(#962),#966);
#962 = LINE('',#963,#964);
#963 = CARTESIAN_POINT('',(2.6E+03,0.));
#964 = VECTOR('',#965,1.);
#965 = DIRECTION('',(0.,1.));
#966 = ( GEOMETRIC_REPRESENTATION_CONTEXT(2) 
PARAMETRIC_REPRESENTATION_CONTEXT() REPRESENTATION_CONTEXT('2D SPACE',''
  ) );
#967 = ADVANCED_FACE('',(#968),#774,.F.);
#968 = FACE_BOUND('',#969,.F.);
#969 = EDGE_LOOP('',(#970,#991,#992,#1013));
#970 = ORIENTED_EDGE('',*,*,#971,.F.);
#971 = EDGE_CURVE('',#752,#872,#972,.T.);
#972 = SURFACE_CURVE('',#973,(#977,#984),.PCURVE_S1.);
#973 = LINE('',#974,#975);
#974 = CARTESIAN_POINT('',(-1.3E+03,7.85E+03,700.));
#975 = VECTOR('',#976,1.);
#976 = DIRECTION('',(1.,0.,0.));
#977 = PCURVE('',#774,#978);
#978 = DEFINITIONAL_REPRESENTATION('',(#979),#983);
#979 = LINE('',#980,#981);
#980 = CARTESIAN_POINT('',(0.,0.));
#981 = VECTOR('',#982,1.);
#982 = DIRECTION('',(0.,1.));
#983 = ( GEOMETRIC_REPRESENTATION_CONTEXT(2) 
PARAMETRIC_REPRESENTATION_CONTEXT() REPRESENTATION_CONTEXT('2D SPACE',''
  ) );
#984 = PCURVE('',#802,#985);
#985 = DEFINITIONAL_REPRESENTATION('',(#986),#990);
#986 = LINE('',#987,#988);
#987 = CARTESIAN_POINT('',(0.,0.));
#988 = VECTOR('',#989,1.);
#989 = DIRECTION('',(1.,0.));
#990 = ( GEOMETRIC_REPRESENTATION_CONTEXT(2) 
PARAMETRIC_REPRESENTATION_CONTEXT() REPRESENTATION_CONTEXT('2D SPACE',''
  ) );
#991 = ORIENTED_EDGE('',*,*,#751,.T.);
#992 = ORIENTED_EDGE('',*,*,#993,.T.);
#993 = EDGE_CURVE('',#754,#874,#994,.T.);
#994 = SURFACE_CURVE('',#995,(#999,#1006),.PCURVE_S1.);
#995 = LINE('',#996,#997);
#996 = CARTESIAN_POINT('',(-1.3E+03,7.85E+03,3.7E+03));
#997 = VECTOR('',#998,1.);
#998 = DIRECTION('',(1.,0.,0.));
#999 = PCURVE('',#774,#1000);
#1000 = DEFINITIONAL_REPRESENTATION('',(#1001),#1005);
#1001 = LINE('',#1002,#1003);
#1002 = CARTESIAN_POINT('',(3.E+03,0.));
#1003 = VECTOR('',#1004,1.);
#1004 = DIRECTION('',(0.,1.));
#1005 = ( GEOMETRIC_REPRESENTATION_CONTEXT(2) 
PARAMETRIC_REPRESENTATION_CONTEXT() REPRESENTATION_CONTEXT('2D SPACE',''
  ) );
#1006 = PCURVE('',#856,#1007);
#1007 = DEFINITIONAL_REPRESENTATION('',(#1008),#1012);
#1008 = LINE('',#1009,#1010);
#1009 = CARTESIAN_POINT('',(0.,0.));
#1010 = VECTOR('',#1011,1.);
#1011 = DIRECTION('',(1.,0.));
#1012 = ( GEOMETRIC_REPRESENTATION_CONTEXT(2) 
PARAMETRIC_REPRESENTATION_CONTEXT() REPRESENTATION_CONTEXT('2D SPACE',''
  ) );
#1013 = ORIENTED_EDGE('',*,*,#871,.F.);
#1014 = ADVANCED_FACE('',(#1015),#830,.T.);
#1015 = FACE_BOUND('',#1016,.T.);
#1016 = EDGE_LOOP('',(#1017,#1038,#1039,#1060));
#1017 = ORIENTED_EDGE('',*,*,#1018,.F.);
#1018 = EDGE_CURVE('',#787,#902,#1019,.T.);
#1019 = SURFACE_CURVE('',#1020,(#1024,#1031),.PCURVE_S1.);
#1020 = LINE('',#1021,#1022);
#1021 = CARTESIAN_POINT('',(-1.3E+03,8.15E+03,700.));
#1022 = VECTOR('',#1023,1.);
#1023 = DIRECTION('',(1.,0.,0.));
#1024 = PCURVE('',#830,#1025);
#1025 = DEFINITIONAL_REPRESENTATION('',(#1026),#1030);
#1026 = LINE('',#1027,#1028);
#1027 = CARTESIAN_POINT('',(0.,0.));
#1028 = VECTOR('',#1029,1.);
#1029 = DIRECTION('',(0.,1.));
#1030 = ( GEOMETRIC_REPRESENTATION_CONTEXT(2) 
PARAMETRIC_REPRESENTATION_CONTEXT() REPRESENTATION_CONTEXT('2D SPACE',''
  ) );
#1031 = PCURVE('',#802,#1032);
#1032 = DEFINITIONAL_REPRESENTATION('',(#1033),#1037);
#1033 = LINE('',#1034,#1035);
#1034 = CARTESIAN_POINT('',(0.,300.));
#1035 = VECTOR('',#1036,1.);
#1036 = DIRECTION('',(1.,0.));
#1037 = ( GEOMETRIC_REPRESENTATION_CONTEXT(2) 
PARAMETRIC_REPRESENTATION_CONTEXT() REPRESENTATION_CONTEXT('2D SPACE',''
  ) );
#1038 = ORIENTED_EDGE('',*,*,#814,.T.);
#1039 = ORIENTED_EDGE('',*,*,#1040,.T.);
#1040 = EDGE_CURVE('',#815,#925,#1041,.T.);
#1041 = SURFACE_CURVE('',#1042,(#1046,#1053),.PCURVE_S1.);
#1042 = LINE('',#1043,#1044);
#1043 = CARTESIAN_POINT('',(-1.3E+03,8.15E+03,3.7E+03));
#1044 = VECTOR('',#1045,1.);
#1045 = DIRECTION('',(1.,0.,0.));
#1046 = PCURVE('',#830,#1047);
#1047 = DEFINITIONAL_REPRESENTATION('',(#1048),#1052);
#1048 = LINE('',#1049,#1050);
#1049 = CARTESIAN_POINT('',(3.E+03,0.));
#1050 = VECTOR('',#1051,1.);
#1051 = DIRECTION('',(0.,1.));
#1052 = ( GEOMETRIC_REPRESENTATION_CONTEXT(2) 
PARAMETRIC_REPRESENTATION_CONTEXT() REPRESENTATION_CONTEXT('2D SPACE',''
  ) );
#1053 = PCURVE('',#856,#1054);
#1054 = DEFINITIONAL_REPRESENTATION('',(#1055),#1059);
#1055 = LINE('',#1056,#1057);
#1056 = CARTESIAN_POINT('',(0.,300.));
#1057 = VECTOR('',#1058,1.);
#1058 = DIRECTION('',(1.,0.));
#1059 = ( GEOMETRIC_REPRESENTATION_CONTEXT(2) 
PARAMETRIC_REPRESENTATION_CONTEXT() REPRESENTATION_CONTEXT('2D SPACE',''
  ) );
#1060 = ORIENTED_EDGE('',*,*,#924,.F.);
#1061 = ADVANCED_FACE('',(#1062),#802,.F.);
#1062 = FACE_BOUND('',#1063,.F.);
#1063 = EDGE_LOOP('',(#1064,#1065,#1066,#1067));
#1064 = ORIENTED_EDGE('',*,*,#786,.F.);
#1065 = ORIENTED_EDGE('',*,*,#971,.T.);
#1066 = ORIENTED_EDGE('',*,*,#901,.T.);
#1067 = ORIENTED_EDGE('',*,*,#1018,.F.);
#1068 = ADVANCED_FACE('',(#1069),#856,.T.);
#1069 = FACE_BOUND('',#1070,.T.);
#1070 = EDGE_LOOP('',(#1071,#1072,#1073,#1074));
#1071 = ORIENTED_EDGE('',*,*,#842,.F.);
#1072 = ORIENTED_EDGE('',*,*,#993,.T.);
#1073 = ORIENTED_EDGE('',*,*,#947,.T.);
#1074 = ORIENTED_EDGE('',*,*,#1040,.F.);
#1075 = ( GEOMETRIC_REPRESENTATION_CONTEXT(3) 
GLOBAL_UNCERTAINTY_ASSIGNED_CONTEXT((#1079)) 
GLOBAL_UNIT_ASSIGNED_CONTEXT((#1076,#1077,#1078)) REPRESENTATION_CONTEXT
('Context #1','3D Context with UNIT and UNCERTAINTY') );
#1076 = ( LENGTH_UNIT() NAMED_UNIT(*) SI_UNIT(.MILLI.,.METRE.) );
#1077 = ( NAMED_UNIT(*) PLANE_ANGLE_UNIT() SI_UNIT($,.RADIAN.) );
#1078 = ( NAMED_UNIT(*) SI_UNIT($,.STERADIAN.) SOLID_ANGLE_UNIT() );
#1079 = UNCERTAINTY_MEASURE_WITH_UNIT(LENGTH_MEASURE(1.E-07),#1076,
  'distance_accuracy_value','confusion accuracy');
#1080 = CONTEXT_DEPENDENT_SHAPE_REPRESENTATION(#1081,#1083);
#1081 = ( REPRESENTATION_RELATIONSHIP('','',#744,#10) 
REPRESENTATION_RELATIONSHIP_WITH_TRANSFORMATION(#1082) 
SHAPE_REPRESENTATION_RELATIONSHIP() );
#1082 = ITEM_DEFINED_TRANSFORMATION('','',#11,#23);
#1083 = PRODUCT_DEFINITION_SHAPE('Placement','Placement of an item',
  #1084);
#1084 = NEXT_ASSEMBLY_USAGE_OCCURRENCE('40','part2','',#5,#739,$);
#1085 = PRODUCT_RELATED_PRODUCT_CATEGORY('part',$,(#741));
#1086 = SHAPE_DEFINITION_REPRESENTATION(#1087,#1093);
#1087 = PRODUCT_DEFINITION_SHAPE('','',#1088);
#1088 = PRODUCT_DEFINITION('design','',#1089,#1092);
#1089 = PRODUCT_DEFINITION_FORMATION('','',#1090);
#1090 = PRODUCT('part3','part3','',(#1091));
#1091 = PRODUCT_CONTEXT('',#2,'mechanical');
#1092 = PRODUCT_DEFINITION_CONTEXT('part definition',#2,'design');
#1093 = ADVANCED_BREP_SHAPE_REPRESENTATION('',(#11,#1094),#1424);
#1094 = MANIFOLD_SOLID_BREP('',#1095);
#1095 = CLOSED_SHELL('',(#1096,#1216,#1316,#1363,#1410,#1417));
#1096 = ADVANCED_FACE('',(#1097),#1111,.F.);
#1097 = FACE_BOUND('',#1098,.F.);
#1098 = EDGE_LOOP('',(#1099,#1134,#1162,#1190));
#1099 = ORIENTED_EDGE('',*,*,#1100,.F.);
#1100 = EDGE_CURVE('',#1101,#1103,#1105,.T.);
#1101 = VERTEX_POINT('',#1102);
#1102 = CARTESIAN_POINT('',(-9.7E+03,7.96E+03,1.3E+03));
#1103 = VERTEX_POINT('',#1104);
#1104 = CARTESIAN_POINT('',(-9.7E+03,7.96E+03,3.1E+03));
#1105 = SURFACE_CURVE('',#1106,(#1110,#1122),.PCURVE_S1.);
#1106 = LINE('',#1107,#1108);
#1107 = CARTESIAN_POINT('',(-9.7E+03,7.96E+03,1.3E+03));
#1108 = VECTOR('',#1109,1.);
#1109 = DIRECTION('',(0.,0.,1.));
#1110 = PCURVE('',#1111,#1116);
#1111 = PLANE('',#1112);
#1112 = AXIS2_PLACEMENT_3D('',#1113,#1114,#1115);
#1113 = CARTESIAN_POINT('',(-9.7E+03,7.96E+03,1.3E+03));
#1114 = DIRECTION('',(1.,0.,0.));
#1115 = DIRECTION('',(0.,0.,1.));
#1116 = DEFINITIONAL_REPRESENTATION('',(#1117),#1121);
#1117 = LINE('',#1118,#1119);
#1118 = CARTESIAN_POINT('',(0.,0.));
#1119 = VECTOR('',#1120,1.);
#1120 = DIRECTION('',(1.,0.));
#1121 = ( GEOMETRIC_REPRESENTATION_CONTEXT(2) 
PARAMETRIC_REPRESENTATION_CONTEXT() REPRESENTATION_CONTEXT('2D SPACE',''
  ) );
#1122 = PCURVE('',#1123,#1128);
#1123 = PLANE('',#1124);
#1124 = AXIS2_PLACEMENT_3D('',#1125,#1126,#1127);
#1125 = CARTESIAN_POINT('',(-9.7E+03,7.96E+03,1.3E+03));
#1126 = DIRECTION('',(0.,1.,0.));
#1127 = DIRECTION('',(0.,0.,1.));
#1128 = DEFINITIONAL_REPRESENTATION('',(#1129),#1133);
#1129 = LINE('',#1130,#1131);
#1130 = CARTESIAN_POINT('',(0.,0.));
#1131 = VECTOR('',#1132,1.);
#1132 = DIRECTION('',(1.,0.));
#1133 = ( GEOMETRIC_REPRESENTATION_CONTEXT(2) 
PARAMETRIC_REPRESENTATION_CONTEXT() REPRESENTATION_CONTEXT('2D SPACE',''
  ) );
#1134 = ORIENTED_EDGE('',*,*,#1135,.T.);
#1135 = EDGE_CURVE('',#1101,#1136,#1138,.T.);
#1136 = VERTEX_POINT('',#1137);
#1137 = CARTESIAN_POINT('',(-9.7E+03,8.08E+03,1.3E+03));
#1138 = SURFACE_CURVE('',#1139,(#1143,#1150),.PCURVE_S1.);
#1139 = LINE('',#1140,#1141);
#1140 = CARTESIAN_POINT('',(-9.7E+03,7.96E+03,1.3E+03));
#1141 = VECTOR('',#1142,1.);
#1142 = DIRECTION('',(0.,1.,0.));
#1143 = PCURVE('',#1111,#1144);
#1144 = DEFINITIONAL_REPRESENTATION('',(#1145),#1149);
#1145 = LINE('',#1146,#1147);
#1146 = CARTESIAN_POINT('',(0.,0.));
#1147 = VECTOR('',#1148,1.);
#1148 = DIRECTION('',(0.,-1.));
#1149 = ( GEOMETRIC_REPRESENTATION_CONTEXT(2) 
PARAMETRIC_REPRESENTATION_CONTEXT() REPRESENTATION_CONTEXT('2D SPACE',''
  ) );
#1150 = PCURVE('',#1151,#1156);
#1151 = PLANE('',#1152);
#1152 = AXIS2_PLACEMENT_3D('',#1153,#1154,#1155);
#1153 = CARTESIAN_POINT('',(-9.7E+03,7.96E+03,1.3E+03));
#1154 = DIRECTION('',(0.,0.,1.));
#1155 = DIRECTION('',(1.,0.,0.));
#1156 = DEFINITIONAL_REPRESENTATION('',(#1157),#1161);
#1157 = LINE('',#1158,#1159);
#1158 = CARTESIAN_POINT('',(0.,0.));
#1159 = VECTOR('',#1160,1.);
#1160 = DIRECTION('',(0.,1.));
#1161 = ( GEOMETRIC_REPRESENTATION_CONTEXT(2) 
PARAMETRIC_REPRESENTATION_CONTEXT() REPRESENTATION_CONTEXT('2D SPACE',''
  ) );
#1162 = ORIENTED_EDGE('',*,*,#1163,.T.);
#1163 = EDGE_CURVE('',#1136,#1164,#1166,.T.);
#1164 = VERTEX_POINT('',#1165);
#1165 = CARTESIAN_POINT('',(-9.7E+03,8.08E+03,3.1E+03));
#1166 = SURFACE_CURVE('',#1167,(#1171,#1178),.PCURVE_S1.);
#1167 = LINE('',#1168,#1169);
#1168 = CARTESIAN_POINT('',(-9.7E+03,8.08E+03,1.3E+03));
#1169 = VECTOR('',#1170,1.);
#1170 = DIRECTION('',(0.,0.,1.));
#1171 = PCURVE('',#1111,#1172);
#1172 = DEFINITIONAL_REPRESENTATION('',(#1173),#1177);
#1173 = LINE('',#1174,#1175);
#1174 = CARTESIAN_POINT('',(0.,-120.));
#1175 = VECTOR('',#1176,1.);
#1176 = DIRECTION('',(1.,0.));
#1177 = ( GEOMETRIC_REPRESENTATION_CONTEXT(2) 
PARAMETRIC_REPRESENTATION_CONTEXT() REPRESENTATION_CONTEXT('2D SPACE',''
  ) );
#1178 = PCURVE('',#1179,#1184);
#1179 = PLANE('',#1180);
#1180 = AXIS2_PLACEMENT_3D('',#1181,#1182,#1183);
#1181 = CARTESIAN_POINT('',(-9.7E+03,8.08E+03,1.3E+03));
#1182 = DIRECTION('',(0.,1.,0.));
#1183 = DIRECTION('',(0.,0.,1.));
#1184 = DEFINITIONAL_REPRESENTATION('',(#1185),#1189);
#1185 = LINE('',#1186,#1187);
#1186 = CARTESIAN_POINT('',(0.,0.));
#1187 = VECTOR('',#1188,1.);
#1188 = DIRECTION('',(1.,0.));
#1189 = ( GEOMETRIC_REPRESENTATION_CONTEXT(2) 
PARAMETRIC_REPRESENTATION_CONTEXT() REPRESENTATION_CONTEXT('2D SPACE',''
  ) );
#1190 = ORIENTED_EDGE('',*,*,#1191,.F.);
#1191 = EDGE_CURVE('',#1103,#1164,#1192,.T.);
#1192 = SURFACE_CURVE('',#1193,(#1197,#1204),.PCURVE_S1.);
#1193 = LINE('',#1194,#1195);
#1194 = CARTESIAN_POINT('',(-9.7E+03,7.96E+03,3.1E+03));
#1195 = VECTOR('',#1196,1.);
#1196 = DIRECTION('',(0.,1.,0.));
#1197 = PCURVE('',#1111,#1198);
#1198 = DEFINITIONAL_REPRESENTATION('',(#1199),#1203);
#1199 = LINE('',#1200,#1201);
#1200 = CARTESIAN_POINT('',(1.8E+03,0.));
#1201 = VECTOR('',#1202,1.);
#1202 = DIRECTION('',(0.,-1.));
#1203 = ( GEOMETRIC_REPRESENTATION_CONTEXT(2) 
PARAMETRIC_REPRESENTATION_CONTEXT() REPRESENTATION_CONTEXT('2D SPACE',''
  ) );
#1204 = PCURVE('',#1205,#1210);
#1205 = PLANE('',#1206);
#1206 = AXIS2_PLACEMENT_3D('',#1207,#1208,#1209);
#1207 = CARTESIAN_POINT('',(-9.7E+03,7.96E+03,3.1E+03));
#1208 = DIRECTION('',(0.,0.,1.));
#1209 = DIRECTION('',(1.,0.,0.));
#1210 = DEFINITIONAL_REPRESENTATION('',(#1211),#1215);
#1211 = LINE('',#1212,#1213);
#1212 = CARTESIAN_POINT('',(0.,0.));
#1213 = VECTOR('',#1214,1.);
#1214 = DIRECTION('',(0.,1.));
#1215 = ( GEOMETRIC_REPRESENTATION_CONTEXT(2) 
PARAMETRIC_REPRESENTATION_CONTEXT() REPRESENTATION_CONTEXT('2D SPACE',''
  ) );
#1216 = ADVANCED_FACE('',(#1217),#1231,.T.);
#1217 = FACE_BOUND('',#1218,.T.);
#1218 = EDGE_LOOP('',(#1219,#1249,#1272,#1295));
#1219 = ORIENTED_EDGE('',*,*,#1220,.F.);
#1220 = EDGE_CURVE('',#1221,#1223,#1225,.T.);
#1221 = VERTEX_POINT('',#1222);
#1222 = CARTESIAN_POINT('',(-8.3E+03,7.96E+03,1.3E+03));
#1223 = VERTEX_POINT('',#1224);
#1224 = CARTESIAN_POINT('',(-8.3E+03,7.96E+03,3.1E+03));
#1225 = SURFACE_CURVE('',#1226,(#1230,#1242),.PCURVE_S1.);
#1226 = LINE('',#1227,#1228);
#1227 = CARTESIAN_POINT('',(-8.3E+03,7.96E+03,1.3E+03));
#1228 = VECTOR('',#1229,1.);
#1229 = DIRECTION('',(0.,0.,1.));
#1230 = PCURVE('',#1231,#1236);
#1231 = PLANE('',#1232);
#1232 = AXIS2_PLACEMENT_3D('',#1233,#1234,#1235);
#1233 = CARTESIAN_POINT('',(-8.3E+03,7.96E+03,1.3E+03));
#1234 = DIRECTION('',(1.,0.,0.));
#1235 = DIRECTION('',(0.,0.,1.));
#1236 = DEFINITIONAL_REPRESENTATION('',(#1237),#1241);
#1237 = LINE('',#1238,#1239);
#1238 = CARTESIAN_POINT('',(0.,0.));
#1239 = VECTOR('',#1240,1.);
#1240 = DIRECTION('',(1.,0.));
#1241 = ( GEOMETRIC_REPRESENTATION_CONTEXT(2) 
PARAMETRIC_REPRESENTATION_CONTEXT() REPRESENTATION_CONTEXT('2D SPACE',''
  ) );
#1242 = PCURVE('',#1123,#1243);
#1243 = DEFINITIONAL_REPRESENTATION('',(#1244),#1248);
#1244 = LINE('',#1245,#1246);
#1245 = CARTESIAN_POINT('',(0.,1.4E+03));
#1246 = VECTOR('',#1247,1.);
#1247 = DIRECTION('',(1.,0.));
#1248 = ( GEOMETRIC_REPRESENTATION_CONTEXT(2) 
PARAMETRIC_REPRESENTATION_CONTEXT() REPRESENTATION_CONTEXT('2D SPACE',''
  ) );
#1249 = ORIENTED_EDGE('',*,*,#1250,.T.);
#1250 = EDGE_CURVE('',#1221,#1251,#1253,.T.);
#1251 = VERTEX_POINT('',#1252);
#1252 = CARTESIAN_POINT('',(-8.3E+03,8.08E+03,1.3E+03));
#1253 = SURFACE_CURVE('',#1254,(#1258,#1265),.PCURVE_S1.);
#1254 = LINE('',#1255,#1256);
#1255 = CARTESIAN_POINT('',(-8.3E+03,7.96E+03,1.3E+03));
#1256 = VECTOR('',#1257,1.);
#1257 = DIRECTION('',(0.,1.,0.));
#1258 = PCURVE('',#1231,#1259);
#1259 = DEFINITIONAL_REPRESENTATION('',(#1260),#1264);
#1260 = LINE('',#1261,#1262);
#1261 = CARTESIAN_POINT('',(0.,0.));
#1262 = VECTOR('',#1263,1.);
#1263 = DIRECTION('',(0.,-1.));
#1264 = ( GEOMETRIC_REPRESENTATION_CONTEXT(2) 
PARAMETRIC_REPRESENTATION_CONTEXT() REPRESENTATION_CONTEXT('2D SPACE',''
  ) );
#1265 = PCURVE('',#1151,#1266);
#1266 = DEFINITIONAL_REPRESENTATION('',(#1267),#1271);
#1267 = LINE('',#1268,#1269);
#1268 = CARTESIAN_POINT('',(1.4E+03,0.));
#1269 = VECTOR('',#1270,1.);
#1270 = DIRECTION('',(0.,1.));
#1271 = ( GEOMETRIC_REPRESENTATION_CONTEXT(2) 
PARAMETRIC_REPRESENTATION_CONTEXT() REPRESENTATION_CONTEXT('2D SPACE',''
  ) );
#1272 = ORIENTED_EDGE('',*,*,#1273,.T.);
#1273 = EDGE_CURVE('',#1251,#1274,#1276,.T.);
#1274 = VERTEX_POINT('',#1275);
#1275 = CARTESIAN_POINT('',(-8.3E+03,8.08E+03,3.1E+03));
#1276 = SURFACE_CURVE('',#1277,(#1281,#1288),.PCURVE_S1.);
#1277 = LINE('',#1278,#1279);
#1278 = CARTESIAN_POINT('',(-8.3E+03,8.08E+03,1.3E+03));
#1279 = VECTOR('',#1280,1.);
#1280 = DIRECTION('',(0.,0.,1.));
#1281 = PCURVE('',#1231,#1282);
#1282 = DEFINITIONAL_REPRESENTATION('',(#1283),#1287);
#1283 = LINE('',#1284,#1285);
#1284 = CARTESIAN_POINT('',(0.,-120.));
#1285 = VECTOR('',#1286,1.);
#1286 = DIRECTION('',(1.,0.));
#1287 = ( GEOMETRIC_REPRESENTATION_CONTEXT(2) 
PARAMETRIC_REPRESENTATION_CONTEXT() REPRESENTATION_CONTEXT('2D SPACE',''
  ) );
#1288 = PCURVE('',#1179,#1289);
#1289 = DEFINITIONAL_REPRESENTATION('',(#1290),#1294);
#1290 = LINE('',#1291,#1292);
#1291 = CARTESIAN_POINT('',(0.,1.4E+03));
#1292 = VECTOR('',#1293,1.);
#1293 = DIRECTION('',(1.,0.));
#1294 = ( GEOMETRIC_REPRESENTATION_CONTEXT(2) 
PARAMETRIC_REPRESENTATION_CONTEXT() REPRESENTATION_CONTEXT('2D SPACE',''
  ) );
#1295 = ORIENTED_EDGE('',*,*,#1296,.F.);
#1296 = EDGE_CURVE('',#1223,#1274,#1297,.T.);
#1297 = SURFACE_CURVE('',#1298,(#1302,#1309),.PCURVE_S1.);
#1298 = LINE('',#1299,#1300);
#1299 = CARTESIAN_POINT('',(-8.3E+03,7.96E+03,3.1E+03));
#1300 = VECTOR('',#1301,1.);
#1301 = DIRECTION('',(0.,1.,0.));
#1302 = PCURVE('',#1231,#1303);
#1303 = DEFINITIONAL_REPRESENTATION('',(#1304),#1308);
#1304 = LINE('',#1305,#1306);
#1305 = CARTESIAN_POINT('',(1.8E+03,0.));
#1306 = VECTOR('',#1307,1.);
#1307 = DIRECTION('',(0.,-1.));
#1308 = ( GEOMETRIC_REPRESENTATION_CONTEXT(2) 
PARAMETRIC_REPRESENTATION_CONTEXT() REPRESENTATION_CONTEXT('2D SPACE',''
  ) );
#1309 = PCURVE('',#1205,#1310);
#1310 = DEFINITIONAL_REPRESENTATION('',(#1311),#1315);
#1311 = LINE('',#1312,#1313);
#1312 = CARTESIAN_POINT('',(1.4E+03,0.));
#1313 = VECTOR('',#1314,1.);
#1314 = DIRECTION('',(0.,1.));
#1315 = ( GEOMETRIC_REPRESENTATION_CONTEXT(2) 
PARAMETRIC_REPRESENTATION_CONTEXT() REPRESENTATION_CONTEXT('2D SPACE',''
  ) );
#1316 = ADVANCED_FACE('',(#1317),#1123,.F.);
#1317 = FACE_BOUND('',#1318,.F.);
#1318 = EDGE_LOOP('',(#1319,#1340,#1341,#1362));
#1319 = ORIENTED_EDGE('',*,*,#1320,.F.);
#1320 = EDGE_CURVE('',#1101,#1221,#1321,.T.);
#1321 = SURFACE_CURVE('',#1322,(#1326,#1333),.PCURVE_S1.);
#1322 = LINE('',#1323,#1324);
#1323 = CARTESIAN_POINT('',(-9.7E+03,7.96E+03,1.3E+03));
#1324 = VECTOR('',#1325,1.);
#1325 = DIRECTION('',(1.,0.,0.));
#1326 = PCURVE('',#1123,#1327);
#1327 = DEFINITIONAL_REPRESENTATION('',(#1328),#1332);
#1328 = LINE('',#1329,#1330);
#1329 = CARTESIAN_POINT('',(0.,0.));
#1330 = VECTOR('',#1331,1.);
#1331 = DIRECTION('',(0.,1.));
#1332 = ( GEOMETRIC_REPRESENTATION_CONTEXT(2) 
PARAMETRIC_REPRESENTATION_CONTEXT() REPRESENTATION_CONTEXT('2D SPACE',''
  ) );
#1333 = PCURVE('',#1151,#1334);
#1334 = DEFINITIONAL_REPRESENTATION('',(#1335),#1339);
#1335 = LINE('',#1336,#1337);
#1336 = CARTESIAN_POINT('',(0.,0.));
#1337 = VECTOR('',#1338,1.);
#1338 = DIRECTION('',(1.,0.));
#1339 = ( GEOMETRIC_REPRESENTATION_CONTEXT(2) 
PARAMETRIC_REPRESENTATION_CONTEXT() REPRESENTATION_CONTEXT('2D SPACE',''
  ) );
#1340 = ORIENTED_EDGE('',*,*,#1100,.T.);
#1341 = ORIENTED_EDGE('',*,*,#1342,.T.);
#1342 = EDGE_CURVE('',#1103,#1223,#1343,.T.);
#1343 = SURFACE_CURVE('',#1344,(#1348,#1355),.PCURVE_S1.);
#1344 = LINE('',#1345,#1346);
#1345 = CARTESIAN_POINT('',(-9.7E+03,7.96E+03,3.1E+03));
#1346 = VECTOR('',#1347,1.);
#1347 = DIRECTION('',(1.,0.,0.));
#1348 = PCURVE('',#1123,#1349);
#1349 = DEFINITIONAL_REPRESENTATION('',(#1350),#1354);
#1350 = LINE('',#1351,#1352);
#1351 = CARTESIAN_POINT('',(1.8E+03,0.));
#1352 = VECTOR('',#1353,1.);
#1353 = DIRECTION('',(0.,1.));
#1354 = ( GEOMETRIC_REPRESENTATION_CONTEXT(2) 
PARAMETRIC_REPRESENTATION_CONTEXT() REPRESENTATION_CONTEXT('2D SPACE',''
  ) );
#1355 = PCURVE('',#1205,#1356);
#1356 = DEFINITIONAL_REPRESENTATION('',(#1357),#1361);
#1357 = LINE('',#1358,#1359);
#1358 = CARTESIAN_POINT('',(0.,0.));
#1359 = VECTOR('',#1360,1.);
#1360 = DIRECTION('',(1.,0.));
#1361 = ( GEOMETRIC_REPRESENTATION_CONTEXT(2) 
PARAMETRIC_REPRESENTATION_CONTEXT() REPRESENTATION_CONTEXT('2D SPACE',''
  ) );
#1362 = ORIENTED_EDGE('',*,*,#1220,.F.);
#1363 = ADVANCED_FACE('',(#1364),#1179,.T.);
#1364 = FACE_BOUND('',#1365,.T.);
#1365 = EDGE_LOOP('',(#1366,#1387,#1388,#1409));
#1366 = ORIENTED_EDGE('',*,*,#1367,.F.);
#1367 = EDGE_CURVE('',#1136,#1251,#1368,.T.);
#1368 = SURFACE_CURVE('',#1369,(#1373,#1380),.PCURVE_S1.);
#1369 = LINE('',#1370,#1371);
#1370 = CARTESIAN_POINT('',(-9.7E+03,8.08E+03,1.3E+03));
#1371 = VECTOR('',#1372,1.);
#1372 = DIRECTION('',(1.,0.,0.));
#1373 = PCURVE('',#1179,#1374);
#1374 = DEFINITIONAL_REPRESENTATION('',(#1375),#1379);
#1375 = LINE('',#1376,#1377);
#1376 = CARTESIAN_POINT('',(0.,0.));
#1377 = VECTOR('',#1378,1.);
#1378 = DIRECTION('',(0.,1.));
#1379 = ( GEOMETRIC_REPRESENTATION_CONTEXT(2) 
PARAMETRIC_REPRESENTATION_CONTEXT() REPRESENTATION_CONTEXT('2D SPACE',''
  ) );
#1380 = PCURVE('',#1151,#1381);
#1381 = DEFINITIONAL_REPRESENTATION('',(#1382),#1386);
#1382 = LINE('',#1383,#1384);
#1383 = CARTESIAN_POINT('',(0.,120.));
#1384 = VECTOR('',#1385,1.);
#1385 = DIRECTION('',(1.,0.));
#1386 = ( GEOMETRIC_REPRESENTATION_CONTEXT(2) 
PARAMETRIC_REPRESENTATION_CONTEXT() REPRESENTATION_CONTEXT('2D SPACE',''
  ) );
#1387 = ORIENTED_EDGE('',*,*,#1163,.T.);
#1388 = ORIENTED_EDGE('',*,*,#1389,.T.);
#1389 = EDGE_CURVE('',#1164,#1274,#1390,.T.);
#1390 = SURFACE_CURVE('',#1391,(#1395,#1402),.PCURVE_S1.);
#1391 = LINE('',#1392,#1393);
#1392 = CARTESIAN_POINT('',(-9.7E+03,8.08E+03,3.1E+03));
#1393 = VECTOR('',#1394,1.);
#1394 = DIRECTION('',(1.,0.,0.));
#1395 = PCURVE('',#1179,#1396);
#1396 = DEFINITIONAL_REPRESENTATION('',(#1397),#1401);
#1397 = LINE('',#1398,#1399);
#1398 = CARTESIAN_POINT('',(1.8E+03,0.));
#1399 = VECTOR('',#1400,1.);
#1400 = DIRECTION('',(0.,1.));
#1401 = ( GEOMETRIC_REPRESENTATION_CONTEXT(2) 
PARAMETRIC_REPRESENTATION_CONTEXT() REPRESENTATION_CONTEXT('2D SPACE',''
  ) );
#1402 = PCURVE('',#1205,#1403);
#1403 = DEFINITIONAL_REPRESENTATION('',(#1404),#1408);
#1404 = LINE('',#1405,#1406);
#1405 = CARTESIAN_POINT('',(0.,120.));
#1406 = VECTOR('',#1407,1.);
#1407 = DIRECTION('',(1.,0.));
#1408 = ( GEOMETRIC_REPRESENTATION_CONTEXT(2) 
PARAMETRIC_REPRESENTATION_CONTEXT() REPRESENTATION_CONTEXT('2D SPACE',''
  ) );
#1409 = ORIENTED_EDGE('',*,*,#1273,.F.);
#1410 = ADVANCED_FACE('',(#1411),#1151,.F.);
#1411 = FACE_BOUND('',#1412,.F.);
#1412 = EDGE_LOOP('',(#1413,#1414,#1415,#1416));
#1413 = ORIENTED_EDGE('',*,*,#1135,.F.);
#1414 = ORIENTED_EDGE('',*,*,#1320,.T.);
#1415 = ORIENTED_EDGE('',*,*,#1250,.T.);
#1416 = ORIENTED_EDGE('',*,*,#1367,.F.);
#1417 = ADVANCED_FACE('',(#1418),#1205,.T.);
#1418 = FACE_BOUND('',#1419,.T.);
#1419 = EDGE_LOOP('',(#1420,#1421,#1422,#1423));
#1420 = ORIENTED_EDGE('',*,*,#1191,.F.);
#1421 = ORIENTED_EDGE('',*,*,#1342,.T.);
#1422 = ORIENTED_EDGE('',*,*,#1296,.T.);
#1423 = ORIENTED_EDGE('',*,*,#1389,.F.);
#1424 = ( GEOMETRIC_REPRESENTATION_CONTEXT(3) 
GLOBAL_UNCERTAINTY_ASSIGNED_CONTEXT((#1428)) 
GLOBAL_UNIT_ASSIGNED_CONTEXT((#1425,#1426,#1427)) REPRESENTATION_CONTEXT
('Context #1','3D Context with UNIT and UNCERTAINTY') );
#1425 = ( LENGTH_UNIT() NAMED_UNIT(*) SI_UNIT(.MILLI.,.METRE.) );
#1426 = ( NAMED_UNIT(*) PLANE_ANGLE_UNIT() SI_UNIT($,.RADIAN.) );
#1427 = ( NAMED_UNIT(*) SI_UNIT($,.STERADIAN.) SOLID_ANGLE_UNIT() );
#1428 = UNCERTAINTY_MEASURE_WITH_UNIT(LENGTH_MEASURE(1.E-07),#1425,
  'distance_accuracy_value','confusion accuracy');
#1429 = CONTEXT_DEPENDENT_SHAPE_REPRESENTATION(#1430,#1432);
#1430 = ( REPRESENTATION_RELATIONSHIP('','',#1093,#10) 
REPRESENTATION_RELATIONSHIP_WITH_TRANSFORMATION(#1431) 
SHAPE_REPRESENTATION_RELATIONSHIP() );
#1431 = ITEM_DEFINED_TRANSFORMATION('','',#11,#27);
#1432 = PRODUCT_DEFINITION_SHAPE('Placement','Placement of an item',
  #1433);
#1433 = NEXT_ASSEMBLY_USAGE_OCCURRENCE('41','part3','',#5,#1088,$);
#1434 = PRODUCT_RELATED_PRODUCT_CATEGORY('part',$,(#1090));
#1435 = SHAPE_DEFINITION_REPRESENTATION(#1436,#1442);
#1436 = PRODUCT_DEFINITION_SHAPE('','',#1437);
#1437 = PRODUCT_DEFINITION('design','',#1438,#1441);
#1438 = PRODUCT_DEFINITION_FORMATION('','',#1439);
#1439 = PRODUCT('part4','part4','',(#1440));
#1440 = PRODUCT_CONTEXT('',#2,'mechanical');
#1441 = PRODUCT_DEFINITION_CONTEXT('part definition',#2,'design');
#1442 = ADVANCED_BREP_SHAPE_REPRESENTATION('',(#11,#1443),#1773);
#1443 = MANIFOLD_SOLID_BREP('',#1444);
#1444 = CLOSED_SHELL('',(#1445,#1565,#1665,#1712,#1759,#1766));
#1445 = ADVANCED_FACE('',(#1446),#1460,.F.);
#1446 = FACE_BOUND('',#1447,.F.);
#1447 = EDGE_LOOP('',(#1448,#1483,#1511,#1539));
#1448 = ORIENTED_EDGE('',*,*,#1449,.F.);
#1449 = EDGE_CURVE('',#1450,#1452,#1454,.T.);
#1450 = VERTEX_POINT('',#1451);
#1451 = CARTESIAN_POINT('',(-5.2E+03,7.96E+03,1.3E+03));
#1452 = VERTEX_POINT('',#1453);
#1453 = CARTESIAN_POINT('',(-5.2E+03,7.96E+03,3.1E+03));
#1454 = SURFACE_CURVE('',#1455,(#1459,#1471),.PCURVE_S1.);
#1455 = LINE('',#1456,#1457);
#1456 = CARTESIAN_POINT('',(-5.2E+03,7.96E+03,1.3E+03));
#1457 = VECTOR('',#1458,1.);
#1458 = DIRECTION('',(0.,0.,1.));
#1459 = PCURVE('',#1460,#1465);
#1460 = PLANE('',#1461);
#1461 = AXIS2_PLACEMENT_3D('',#1462,#1463,#1464);
#1462 = CARTESIAN_POINT('',(-5.2E+03,7.96E+03,1.3E+03));
#1463 = DIRECTION('',(1.,0.,0.));
#1464 = DIRECTION('',(0.,0.,1.));
#1465 = DEFINITIONAL_REPRESENTATION('',(#1466),#1470);
#1466 = LINE('',#1467,#1468);
#1467 = CARTESIAN_POINT('',(0.,0.));
#1468 = VECTOR('',#1469,1.);
#1469 = DIRECTION('',(1.,0.));
#1470 = ( GEOMETRIC_REPRESENTATION_CONTEXT(2) 
PARAMETRIC_REPRESENTATION_CONTEXT() REPRESENTATION_CONTEXT('2D SPACE',''
  ) );
#1471 = PCURVE('',#1472,#1477);
#1472 = PLANE('',#1473);
#1473 = AXIS2_PLACEMENT_3D('',#1474,#1475,#1476);
#1474 = CARTESIAN_POINT('',(-5.2E+03,7.96E+03,1.3E+03));
#1475 = DIRECTION('',(0.,1.,0.));
#1476 = DIRECTION('',(0.,0.,1.));
#1477 = DEFINITIONAL_REPRESENTATION('',(#1478),#1482);
#1478 = LINE('',#1479,#1480);
#1479 = CARTESIAN_POINT('',(0.,0.));
#1480 = VECTOR('',#1481,1.);
#1481 = DIRECTION('',(1.,0.));
#1482 = ( GEOMETRIC_REPRESENTATION_CONTEXT(2) 
PARAMETRIC_REPRESENTATION_CONTEXT() REPRESENTATION_CONTEXT('2D SPACE',''
  ) );
#1483 = ORIENTED_EDGE('',*,*,#1484,.T.);
#1484 = EDGE_CURVE('',#1450,#1485,#1487,.T.);
#1485 = VERTEX_POINT('',#1486);
#1486 = CARTESIAN_POINT('',(-5.2E+03,8.08E+03,1.3E+03));
#1487 = SURFACE_CURVE('',#1488,(#1492,#1499),.PCURVE_S1.);
#1488 = LINE('',#1489,#1490);
#1489 = CARTESIAN_POINT('',(-5.2E+03,7.96E+03,1.3E+03));
#1490 = VECTOR('',#1491,1.);
#1491 = DIRECTION('',(0.,1.,0.));
#1492 = PCURVE('',#1460,#1493);
#1493 = DEFINITIONAL_REPRESENTATION('',(#1494),#1498);
#1494 = LINE('',#1495,#1496);
#1495 = CARTESIAN_POINT('',(0.,0.));
#1496 = VECTOR('',#1497,1.);
#1497 = DIRECTION('',(0.,-1.));
#1498 = ( GEOMETRIC_REPRESENTATION_CONTEXT(2) 
PARAMETRIC_REPRESENTATION_CONTEXT() REPRESENTATION_CONTEXT('2D SPACE',''
  ) );
#1499 = PCURVE('',#1500,#1505);
#1500 = PLANE('',#1501);
#1501 = AXIS2_PLACEMENT_3D('',#1502,#1503,#1504);
#1502 = CARTESIAN_POINT('',(-5.2E+03,7.96E+03,1.3E+03));
#1503 = DIRECTION('',(0.,0.,1.));
#1504 = DIRECTION('',(1.,0.,0.));
#1505 = DEFINITIONAL_REPRESENTATION('',(#1506),#1510);
#1506 = LINE('',#1507,#1508);
#1507 = CARTESIAN_POINT('',(0.,0.));
#1508 = VECTOR('',#1509,1.);
#1509 = DIRECTION('',(0.,1.));
#1510 = ( GEOMETRIC_REPRESENTATION_CONTEXT(2) 
PARAMETRIC_REPRESENTATION_CONTEXT() REPRESENTATION_CONTEXT('2D SPACE',''
  ) );
#1511 = ORIENTED_EDGE('',*,*,#1512,.T.);
#1512 = EDGE_CURVE('',#1485,#1513,#1515,.T.);
#1513 = VERTEX_POINT('',#1514);
#1514 = CARTESIAN_POINT('',(-5.2E+03,8.08E+03,3.1E+03));
#1515 = SURFACE_CURVE('',#1516,(#1520,#1527),.PCURVE_S1.);
#1516 = LINE('',#1517,#1518);
#1517 = CARTESIAN_POINT('',(-5.2E+03,8.08E+03,1.3E+03));
#1518 = VECTOR('',#1519,1.);
#1519 = DIRECTION('',(0.,0.,1.));
#1520 = PCURVE('',#1460,#1521);
#1521 = DEFINITIONAL_REPRESENTATION('',(#1522),#1526);
#1522 = LINE('',#1523,#1524);
#1523 = CARTESIAN_POINT('',(0.,-120.));
#1524 = VECTOR('',#1525,1.);
#1525 = DIRECTION('',(1.,0.));
#1526 = ( GEOMETRIC_REPRESENTATION_CONTEXT(2) 
PARAMETRIC_REPRESENTATION_CONTEXT() REPRESENTATION_CONTEXT('2D SPACE',''
  ) );
#1527 = PCURVE('',#1528,#1533);
#1528 = PLANE('',#1529);
#1529 = AXIS2_PLACEMENT_3D('',#1530,#1531,#1532);
#1530 = CARTESIAN_POINT('',(-5.2E+03,8.08E+03,1.3E+03));
#1531 = DIRECTION('',(0.,1.,0.));
#1532 = DIRECTION('',(0.,0.,1.));
#1533 = DEFINITIONAL_REPRESENTATION('',(#1534),#1538);
#1534 = LINE('',#1535,#1536);
#1535 = CARTESIAN_POINT('',(0.,0.));
#1536 = VECTOR('',#1537,1.);
#1537 = DIRECTION('',(1.,0.));
#1538 = ( GEOMETRIC_REPRESENTATION_CONTEXT(2) 
PARAMETRIC_REPRESENTATION_CONTEXT() REPRESENTATION_CONTEXT('2D SPACE',''
  ) );
#1539 = ORIENTED_EDGE('',*,*,#1540,.F.);
#1540 = EDGE_CURVE('',#1452,#1513,#1541,.T.);
#1541 = SURFACE_CURVE('',#1542,(#1546,#1553),.PCURVE_S1.);
#1542 = LINE('',#1543,#1544);
#1543 = CARTESIAN_POINT('',(-5.2E+03,7.96E+03,3.1E+03));
#1544 = VECTOR('',#1545,1.);
#1545 = DIRECTION('',(0.,1.,0.));
#1546 = PCURVE('',#1460,#1547);
#1547 = DEFINITIONAL_REPRESENTATION('',(#1548),#1552);
#1548 = LINE('',#1549,#1550);
#1549 = CARTESIAN_POINT('',(1.8E+03,0.));
#1550 = VECTOR('',#1551,1.);
#1551 = DIRECTION('',(0.,-1.));
#1552 = ( GEOMETRIC_REPRESENTATION_CONTEXT(2) 
PARAMETRIC_REPRESENTATION_CONTEXT() REPRESENTATION_CONTEXT('2D SPACE',''
  ) );
#1553 = PCURVE('',#1554,#1559);
#1554 = PLANE('',#1555);
#1555 = AXIS2_PLACEMENT_3D('',#1556,#1557,#1558);
#1556 = CARTESIAN_POINT('',(-5.2E+03,7.96E+03,3.1E+03));
#1557 = DIRECTION('',(0.,0.,1.));
#1558 = DIRECTION('',(1.,0.,0.));
#1559 = DEFINITIONAL_REPRESENTATION('',(#1560),#1564);
#1560 = LINE('',#1561,#1562);
#1561 = CARTESIAN_POINT('',(0.,0.));
#1562 = VECTOR('',#1563,1.);
#1563 = DIRECTION('',(0.,1.));
#1564 = ( GEOMETRIC_REPRESENTATION_CONTEXT(2) 
PARAMETRIC_REPRESENTATION_CONTEXT() REPRESENTATION_CONTEXT('2D SPACE',''
  ) );
#1565 = ADVANCED_FACE('',(#1566),#1580,.T.);
#1566 = FACE_BOUND('',#1567,.T.);
#1567 = EDGE_LOOP('',(#1568,#1598,#1621,#1644));
#1568 = ORIENTED_EDGE('',*,*,#1569,.F.);
#1569 = EDGE_CURVE('',#1570,#1572,#1574,.T.);
#1570 = VERTEX_POINT('',#1571);
#1571 = CARTESIAN_POINT('',(-3.8E+03,7.96E+03,1.3E+03));
#1572 = VERTEX_POINT('',#1573);
#1573 = CARTESIAN_POINT('',(-3.8E+03,7.96E+03,3.1E+03));
#1574 = SURFACE_CURVE('',#1575,(#1579,#1591),.PCURVE_S1.);
#1575 = LINE('',#1576,#1577);
#1576 = CARTESIAN_POINT('',(-3.8E+03,7.96E+03,1.3E+03));
#1577 = VECTOR('',#1578,1.);
#1578 = DIRECTION('',(0.,0.,1.));
#1579 = PCURVE('',#1580,#1585);
#1580 = PLANE('',#1581);
#1581 = AXIS2_PLACEMENT_3D('',#1582,#1583,#1584);
#1582 = CARTESIAN_POINT('',(-3.8E+03,7.96E+03,1.3E+03));
#1583 = DIRECTION('',(1.,0.,0.));
#1584 = DIRECTION('',(0.,0.,1.));
#1585 = DEFINITIONAL_REPRESENTATION('',(#1586),#1590);
#1586 = LINE('',#1587,#1588);
#1587 = CARTESIAN_POINT('',(0.,0.));
#1588 = VECTOR('',#1589,1.);
#1589 = DIRECTION('',(1.,0.));
#1590 = ( GEOMETRIC_REPRESENTATION_CONTEXT(2) 
PARAMETRIC_REPRESENTATION_CONTEXT() REPRESENTATION_CONTEXT('2D SPACE',''
  ) );
#1591 = PCURVE('',#1472,#1592);
#1592 = DEFINITIONAL_REPRESENTATION('',(#1593),#1597);
#1593 = LINE('',#1594,#1595);
#1594 = CARTESIAN_POINT('',(0.,1.4E+03));
#1595 = VECTOR('',#1596,1.);
#1596 = DIRECTION('',(1.,0.));
#1597 = ( GEOMETRIC_REPRESENTATION_CONTEXT(2) 
PARAMETRIC_REPRESENTATION_CONTEXT() REPRESENTATION_CONTEXT('2D SPACE',''
  ) );
#1598 = ORIENTED_EDGE('',*,*,#1599,.T.);
#1599 = EDGE_CURVE('',#1570,#1600,#1602,.T.);
#1600 = VERTEX_POINT('',#1601);
#1601 = CARTESIAN_POINT('',(-3.8E+03,8.08E+03,1.3E+03));
#1602 = SURFACE_CURVE('',#1603,(#1607,#1614),.PCURVE_S1.);
#1603 = LINE('',#1604,#1605);
#1604 = CARTESIAN_POINT('',(-3.8E+03,7.96E+03,1.3E+03));
#1605 = VECTOR('',#1606,1.);
#1606 = DIRECTION('',(0.,1.,0.));
#1607 = PCURVE('',#1580,#1608);
#1608 = DEFINITIONAL_REPRESENTATION('',(#1609),#1613);
#1609 = LINE('',#1610,#1611);
#1610 = CARTESIAN_POINT('',(0.,0.));
#1611 = VECTOR('',#1612,1.);
#1612 = DIRECTION('',(0.,-1.));
#1613 = ( GEOMETRIC_REPRESENTATION_CONTEXT(2) 
PARAMETRIC_REPRESENTATION_CONTEXT() REPRESENTATION_CONTEXT('2D SPACE',''
  ) );
#1614 = PCURVE('',#1500,#1615);
#1615 = DEFINITIONAL_REPRESENTATION('',(#1616),#1620);
#1616 = LINE('',#1617,#1618);
#1617 = CARTESIAN_POINT('',(1.4E+03,0.));
#1618 = VECTOR('',#1619,1.);
#1619 = DIRECTION('',(0.,1.));
#1620 = ( GEOMETRIC_REPRESENTATION_CONTEXT(2) 
PARAMETRIC_REPRESENTATION_CONTEXT() REPRESENTATION_CONTEXT('2D SPACE',''
  ) );
#1621 = ORIENTED_EDGE('',*,*,#1622,.T.);
#1622 = EDGE_CURVE('',#1600,#1623,#1625,.T.);
#1623 = VERTEX_POINT('',#1624);
#1624 = CARTESIAN_POINT('',(-3.8E+03,8.08E+03,3.1E+03));
#1625 = SURFACE_CURVE('',#1626,(#1630,#1637),.PCURVE_S1.);
#1626 = LINE('',#1627,#1628);
#1627 = CARTESIAN_POINT('',(-3.8E+03,8.08E+03,1.3E+03));
#1628 = VECTOR('',#1629,1.);
#1629 = DIRECTION('',(0.,0.,1.));
#1630 = PCURVE('',#1580,#1631);
#1631 = DEFINITIONAL_REPRESENTATION('',(#1632),#1636);
#1632 = LINE('',#1633,#1634);
#1633 = CARTESIAN_POINT('',(0.,-120.));
#1634 = VECTOR('',#1635,1.);
#1635 = DIRECTION('',(1.,0.));
#1636 = ( GEOMETRIC_REPRESENTATION_CONTEXT(2) 
PARAMETRIC_REPRESENTATION_CONTEXT() REPRESENTATION_CONTEXT('2D SPACE',''
  ) );
#1637 = PCURVE('',#1528,#1638);
#1638 = DEFINITIONAL_REPRESENTATION('',(#1639),#1643);
#1639 = LINE('',#1640,#1641);
#1640 = CARTESIAN_POINT('',(0.,1.4E+03));
#1641 = VECTOR('',#1642,1.);
#1642 = DIRECTION('',(1.,0.));
#1643 = ( GEOMETRIC_REPRESENTATION_CONTEXT(2) 
PARAMETRIC_REPRESENTATION_CONTEXT() REPRESENTATION_CONTEXT('2D SPACE',''
  ) );
#1644 = ORIENTED_EDGE('',*,*,#1645,.F.);
#1645 = EDGE_CURVE('',#1572,#1623,#1646,.T.);
#1646 = SURFACE_CURVE('',#1647,(#1651,#1658),.PCURVE_S1.);
#1647 = LINE('',#1648,#1649);
#1648 = CARTESIAN_POINT('',(-3.8E+03,7.96E+03,3.1E+03));
#1649 = VECTOR('',#1650,1.);
#1650 = DIRECTION('',(0.,1.,0.));
#1651 = PCURVE('',#1580,#1652);
#1652 = DEFINITIONAL_REPRESENTATION('',(#1653),#1657);
#1653 = LINE('',#1654,#1655);
#1654 = CARTESIAN_POINT('',(1.8E+03,0.));
#1655 = VECTOR('',#1656,1.);
#1656 = DIRECTION('',(0.,-1.));
#1657 = ( GEOMETRIC_REPRESENTATION_CONTEXT(2) 
PARAMETRIC_REPRESENTATION_CONTEXT() REPRESENTATION_CONTEXT('2D SPACE',''
  ) );
#1658 = PCURVE('',#1554,#1659);
#1659 = DEFINITIONAL_REPRESENTATION('',(#1660),#1664);
#1660 = LINE('',#1661,#1662);
#1661 = CARTESIAN_POINT('',(1.4E+03,0.));
#1662 = VECTOR('',#1663,1.);
#1663 = DIRECTION('',(0.,1.));
#1664 = ( GEOMETRIC_REPRESENTATION_CONTEXT(2) 
PARAMETRIC_REPRESENTATION_CONTEXT() REPRESENTATION_CONTEXT('2D SPACE',''
  ) );
#1665 = ADVANCED_FACE('',(#1666),#1472,.F.);
#1666 = FACE_BOUND('',#1667,.F.);
#1667 = EDGE_LOOP('',(#1668,#1689,#1690,#1711));
#1668 = ORIENTED_EDGE('',*,*,#1669,.F.);
#1669 = EDGE_CURVE('',#1450,#1570,#1670,.T.);
#1670 = SURFACE_CURVE('',#1671,(#1675,#1682),.PCURVE_S1.);
#1671 = LINE('',#1672,#1673);
#1672 = CARTESIAN_POINT('',(-5.2E+03,7.96E+03,1.3E+03));
#1673 = VECTOR('',#1674,1.);
#1674 = DIRECTION('',(1.,0.,0.));
#1675 = PCURVE('',#1472,#1676);
#1676 = DEFINITIONAL_REPRESENTATION('',(#1677),#1681);
#1677 = LINE('',#1678,#1679);
#1678 = CARTESIAN_POINT('',(0.,0.));
#1679 = VECTOR('',#1680,1.);
#1680 = DIRECTION('',(0.,1.));
#1681 = ( GEOMETRIC_REPRESENTATION_CONTEXT(2) 
PARAMETRIC_REPRESENTATION_CONTEXT() REPRESENTATION_CONTEXT('2D SPACE',''
  ) );
#1682 = PCURVE('',#1500,#1683);
#1683 = DEFINITIONAL_REPRESENTATION('',(#1684),#1688);
#1684 = LINE('',#1685,#1686);
#1685 = CARTESIAN_POINT('',(0.,0.));
#1686 = VECTOR('',#1687,1.);
#1687 = DIRECTION('',(1.,0.));
#1688 = ( GEOMETRIC_REPRESENTATION_CONTEXT(2) 
PARAMETRIC_REPRESENTATION_CONTEXT() REPRESENTATION_CONTEXT('2D SPACE',''
  ) );
#1689 = ORIENTED_EDGE('',*,*,#1449,.T.);
#1690 = ORIENTED_EDGE('',*,*,#1691,.T.);
#1691 = EDGE_CURVE('',#1452,#1572,#1692,.T.);
#1692 = SURFACE_CURVE('',#1693,(#1697,#1704),.PCURVE_S1.);
#1693 = LINE('',#1694,#1695);
#1694 = CARTESIAN_POINT('',(-5.2E+03,7.96E+03,3.1E+03));
#1695 = VECTOR('',#1696,1.);
#1696 = DIRECTION('',(1.,0.,0.));
#1697 = PCURVE('',#1472,#1698);
#1698 = DEFINITIONAL_REPRESENTATION('',(#1699),#1703);
#1699 = LINE('',#1700,#1701);
#1700 = CARTESIAN_POINT('',(1.8E+03,0.));
#1701 = VECTOR('',#1702,1.);
#1702 = DIRECTION('',(0.,1.));
#1703 = ( GEOMETRIC_REPRESENTATION_CONTEXT(2) 
PARAMETRIC_REPRESENTATION_CONTEXT() REPRESENTATION_CONTEXT('2D SPACE',''
  ) );
#1704 = PCURVE('',#1554,#1705);
#1705 = DEFINITIONAL_REPRESENTATION('',(#1706),#1710);
#1706 = LINE('',#1707,#1708);
#1707 = CARTESIAN_POINT('',(0.,0.));
#1708 = VECTOR('',#1709,1.);
#1709 = DIRECTION('',(1.,0.));
#1710 = ( GEOMETRIC_REPRESENTATION_CONTEXT(2) 
PARAMETRIC_REPRESENTATION_CONTEXT() REPRESENTATION_CONTEXT('2D SPACE',''
  ) );
#1711 = ORIENTED_EDGE('',*,*,#1569,.F.);
#1712 = ADVANCED_FACE('',(#1713),#1528,.T.);
#1713 = FACE_BOUND('',#1714,.T.);
#1714 = EDGE_LOOP('',(#1715,#1736,#1737,#1758));
#1715 = ORIENTED_EDGE('',*,*,#1716,.F.);
#1716 = EDGE_CURVE('',#1485,#1600,#1717,.T.);
#1717 = SURFACE_CURVE('',#1718,(#1722,#1729),.PCURVE_S1.);
#1718 = LINE('',#1719,#1720);
#1719 = CARTESIAN_POINT('',(-5.2E+03,8.08E+03,1.3E+03));
#1720 = VECTOR('',#1721,1.);
#1721 = DIRECTION('',(1.,0.,0.));
#1722 = PCURVE('',#1528,#1723);
#1723 = DEFINITIONAL_REPRESENTATION('',(#1724),#1728);
#1724 = LINE('',#1725,#1726);
#1725 = CARTESIAN_POINT('',(0.,0.));
#1726 = VECTOR('',#1727,1.);
#1727 = DIRECTION('',(0.,1.));
#1728 = ( GEOMETRIC_REPRESENTATION_CONTEXT(2) 
PARAMETRIC_REPRESENTATION_CONTEXT() REPRESENTATION_CONTEXT('2D SPACE',''
  ) );
#1729 = PCURVE('',#1500,#1730);
#1730 = DEFINITIONAL_REPRESENTATION('',(#1731),#1735);
#1731 = LINE('',#1732,#1733);
#1732 = CARTESIAN_POINT('',(0.,120.));
#1733 = VECTOR('',#1734,1.);
#1734 = DIRECTION('',(1.,0.));
#1735 = ( GEOMETRIC_REPRESENTATION_CONTEXT(2) 
PARAMETRIC_REPRESENTATION_CONTEXT() REPRESENTATION_CONTEXT('2D SPACE',''
  ) );
#1736 = ORIENTED_EDGE('',*,*,#1512,.T.);
#1737 = ORIENTED_EDGE('',*,*,#1738,.T.);
#1738 = EDGE_CURVE('',#1513,#1623,#1739,.T.);
#1739 = SURFACE_CURVE('',#1740,(#1744,#1751),.PCURVE_S1.);
#1740 = LINE('',#1741,#1742);
#1741 = CARTESIAN_POINT('',(-5.2E+03,8.08E+03,3.1E+03));
#1742 = VECTOR('',#1743,1.);
#1743 = DIRECTION('',(1.,0.,0.));
#1744 = PCURVE('',#1528,#1745);
#1745 = DEFINITIONAL_REPRESENTATION('',(#1746),#1750);
#1746 = LINE('',#1747,#1748);
#1747 = CARTESIAN_POINT('',(1.8E+03,0.));
#1748 = VECTOR('',#1749,1.);
#1749 = DIRECTION('',(0.,1.));
#1750 = ( GEOMETRIC_REPRESENTATION_CONTEXT(2) 
PARAMETRIC_REPRESENTATION_CONTEXT() REPRESENTATION_CONTEXT('2D SPACE',''
  ) );
#1751 = PCURVE('',#1554,#1752);
#1752 = DEFINITIONAL_REPRESENTATION('',(#1753),#1757);
#1753 = LINE('',#1754,#1755);
#1754 = CARTESIAN_POINT('',(0.,120.));
#1755 = VECTOR('',#1756,1.);
#1756 = DIRECTION('',(1.,0.));
#1757 = ( GEOMETRIC_REPRESENTATION_CONTEXT(2) 
PARAMETRIC_REPRESENTATION_CONTEXT() REPRESENTATION_CONTEXT('2D SPACE',''
  ) );
#1758 = ORIENTED_EDGE('',*,*,#1622,.F.);
#1759 = ADVANCED_FACE('',(#1760),#1500,.F.);
#1760 = FACE_BOUND('',#1761,.F.);
#1761 = EDGE_LOOP('',(#1762,#1763,#1764,#1765));
#1762 = ORIENTED_EDGE('',*,*,#1484,.F.);
#1763 = ORIENTED_EDGE('',*,*,#1669,.T.);
#1764 = ORIENTED_EDGE('',*,*,#1599,.T.);
#1765 = ORIENTED_EDGE('',*,*,#1716,.F.);
#1766 = ADVANCED_FACE('',(#1767),#1554,.T.);
#1767 = FACE_BOUND('',#1768,.T.);
#1768 = EDGE_LOOP('',(#1769,#1770,#1771,#1772));
#1769 = ORIENTED_EDGE('',*,*,#1540,.F.);
#1770 = ORIENTED_EDGE('',*,*,#1691,.T.);
#1771 = ORIENTED_EDGE('',*,*,#1645,.T.);
#1772 = ORIENTED_EDGE('',*,*,#1738,.F.);
#1773 = ( GEOMETRIC_REPRESENTATION_CONTEXT(3) 
GLOBAL_UNCERTAINTY_ASSIGNED_CONTEXT((#1777)) 
GLOBAL_UNIT_ASSIGNED_CONTEXT((#1774,#1775,#1776)) REPRESENTATION_CONTEXT
('Context #1','3D Context with UNIT and UNCERTAINTY') );
#1774 = ( LENGTH_UNIT() NAMED_UNIT(*) SI_UNIT(.MILLI.,.METRE.) );
#1775 = ( NAMED_UNIT(*) PLANE_ANGLE_UNIT() SI_UNIT($,.RADIAN.) );
#1776 = ( NAMED_UNIT(*) SI_UNIT($,.STERADIAN.) SOLID_ANGLE_UNIT() );
#1777 = UNCERTAINTY_MEASURE_WITH_UNIT(LENGTH_MEASURE(1.E-07),#1774,
  'distance_accuracy_value','confusion accuracy');
#1778 = CONTEXT_DEPENDENT_SHAPE_REPRESENTATION(#1779,#1781);
#1779 = ( REPRESENTATION_RELATIONSHIP('','',#1442,#10) 
REPRESENTATION_RELATIONSHIP_WITH_TRANSFORMATION(#1780) 
SHAPE_REPRESENTATION_RELATIONSHIP() );
#1780 = ITEM_DEFINED_TRANSFORMATION('','',#11,#31);
#1781 = PRODUCT_DEFINITION_SHAPE('Placement','Placement of an item',
  #1782);
#1782 = NEXT_ASSEMBLY_USAGE_OCCURRENCE('42','part4','',#5,#1437,$);
#1783 = PRODUCT_RELATED_PRODUCT_CATEGORY('part',$,(#1439));
#1784 = SHAPE_DEFINITION_REPRESENTATION(#1785,#1791);
#1785 = PRODUCT_DEFINITION_SHAPE('','',#1786);
#1786 = PRODUCT_DEFINITION('design','',#1787,#1790);
#1787 = PRODUCT_DEFINITION_FORMATION('','',#1788);
#1788 = PRODUCT('part5','part5','',(#1789));
#1789 = PRODUCT_CONTEXT('',#2,'mechanical');
#1790 = PRODUCT_DEFINITION_CONTEXT('part definition',#2,'design');
#1791 = ADVANCED_BREP_SHAPE_REPRESENTATION('',(#11,#1792),#2122);
#1792 = MANIFOLD_SOLID_BREP('',#1793);
#1793 = CLOSED_SHELL('',(#1794,#1914,#2014,#2061,#2108,#2115));
#1794 = ADVANCED_FACE('',(#1795),#1809,.F.);
#1795 = FACE_BOUND('',#1796,.F.);
#1796 = EDGE_LOOP('',(#1797,#1832,#1860,#1888));
#1797 = ORIENTED_EDGE('',*,*,#1798,.F.);
#1798 = EDGE_CURVE('',#1799,#1801,#1803,.T.);
#1799 = VERTEX_POINT('',#1800);
#1800 = CARTESIAN_POINT('',(3.8E+03,7.96E+03,1.3E+03));
#1801 = VERTEX_POINT('',#1802);
#1802 = CARTESIAN_POINT('',(3.8E+03,7.96E+03,3.1E+03));
#1803 = SURFACE_CURVE('',#1804,(#1808,#1820),.PCURVE_S1.);
#1804 = LINE('',#1805,#1806);
#1805 = CARTESIAN_POINT('',(3.8E+03,7.96E+03,1.3E+03));
#1806 = VECTOR('',#1807,1.);
#1807 = DIRECTION('',(0.,0.,1.));
#1808 = PCURVE('',#1809,#1814);
#1809 = PLANE('',#1810);
#1810 = AXIS2_PLACEMENT_3D('',#1811,#1812,#1813);
#1811 = CARTESIAN_POINT('',(3.8E+03,7.96E+03,1.3E+03));
#1812 = DIRECTION('',(1.,0.,0.));
#1813 = DIRECTION('',(0.,0.,1.));
#1814 = DEFINITIONAL_REPRESENTATION('',(#1815),#1819);
#1815 = LINE('',#1816,#1817);
#1816 = CARTESIAN_POINT('',(0.,0.));
#1817 = VECTOR('',#1818,1.);
#1818 = DIRECTION('',(1.,0.));
#1819 = ( GEOMETRIC_REPRESENTATION_CONTEXT(2) 
PARAMETRIC_REPRESENTATION_CONTEXT() REPRESENTATION_CONTEXT('2D SPACE',''
  ) );
#1820 = PCURVE('',#1821,#1826);
#1821 = PLANE('',#1822);
#1822 = AXIS2_PLACEMENT_3D('',#1823,#1824,#1825);
#1823 = CARTESIAN_POINT('',(3.8E+03,7.96E+03,1.3E+03));
#1824 = DIRECTION('',(0.,1.,0.));
#1825 = DIRECTION('',(0.,0.,1.));
#1826 = DEFINITIONAL_REPRESENTATION('',(#1827),#1831);
#1827 = LINE('',#1828,#1829);
#1828 = CARTESIAN_POINT('',(0.,0.));
#1829 = VECTOR('',#1830,1.);
#1830 = DIRECTION('',(1.,0.));
#1831 = ( GEOMETRIC_REPRESENTATION_CONTEXT(2) 
PARAMETRIC_REPRESENTATION_CONTEXT() REPRESENTATION_CONTEXT('2D SPACE',''
  ) );
#1832 = ORIENTED_EDGE('',*,*,#1833,.T.);
#1833 = EDGE_CURVE('',#1799,#1834,#1836,.T.);
#1834 = VERTEX_POINT('',#1835);
#1835 = CARTESIAN_POINT('',(3.8E+03,8.08E+03,1.3E+03));
#1836 = SURFACE_CURVE('',#1837,(#1841,#1848),.PCURVE_S1.);
#1837 = LINE('',#1838,#1839);
#1838 = CARTESIAN_POINT('',(3.8E+03,7.96E+03,1.3E+03));
#1839 = VECTOR('',#1840,1.);
#1840 = DIRECTION('',(0.,1.,0.));
#1841 = PCURVE('',#1809,#1842);
#1842 = DEFINITIONAL_REPRESENTATION('',(#1843),#1847);
#1843 = LINE('',#1844,#1845);
#1844 = CARTESIAN_POINT('',(0.,0.));
#1845 = VECTOR('',#1846,1.);
#1846 = DIRECTION('',(0.,-1.));
#1847 = ( GEOMETRIC_REPRESENTATION_CONTEXT(2) 
PARAMETRIC_REPRESENTATION_CONTEXT() REPRESENTATION_CONTEXT('2D SPACE',''
  ) );
#1848 = PCURVE('',#1849,#1854);
#1849 = PLANE('',#1850);
#1850 = AXIS2_PLACEMENT_3D('',#1851,#1852,#1853);
#1851 = CARTESIAN_POINT('',(3.8E+03,7.96E+03,1.3E+03));
#1852 = DIRECTION('',(0.,0.,1.));
#1853 = DIRECTION('',(1.,0.,0.));
#1854 = DEFINITIONAL_REPRESENTATION('',(#1855),#1859);
#1855 = LINE('',#1856,#1857);
#1856 = CARTESIAN_POINT('',(0.,0.));
#1857 = VECTOR('',#1858,1.);
#1858 = DIRECTION('',(0.,1.));
#1859 = ( GEOMETRIC_REPRESENTATION_CONTEXT(2) 
PARAMETRIC_REPRESENTATION_CONTEXT() REPRESENTATION_CONTEXT('2D SPACE',''
  ) );
#1860 = ORIENTED_EDGE('',*,*,#1861,.T.);
#1861 = EDGE_CURVE('',#1834,#1862,#1864,.T.);
#1862 = VERTEX_POINT('',#1863);
#1863 = CARTESIAN_POINT('',(3.8E+03,8.08E+03,3.1E+03));
#1864 = SURFACE_CURVE('',#1865,(#1869,#1876),.PCURVE_S1.);
#1865 = LINE('',#1866,#1867);
#1866 = CARTESIAN_POINT('',(3.8E+03,8.08E+03,1.3E+03));
#1867 = VECTOR('',#1868,1.);
#1868 = DIRECTION('',(0.,0.,1.));
#1869 = PCURVE('',#1809,#1870);
#1870 = DEFINITIONAL_REPRESENTATION('',(#1871),#1875);
#1871 = LINE('',#1872,#1873);
#1872 = CARTESIAN_POINT('',(0.,-120.));
#1873 = VECTOR('',#1874,1.);
#1874 = DIRECTION('',(1.,0.));
#1875 = ( GEOMETRIC_REPRESENTATION_CONTEXT(2) 
PARAMETRIC_REPRESENTATION_CONTEXT() REPRESENTATION_CONTEXT('2D SPACE',''
  ) );
#1876 = PCURVE('',#1877,#1882);
#1877 = PLANE('',#1878);
#1878 = AXIS2_PLACEMENT_3D('',#1879,#1880,#1881);
#1879 = CARTESIAN_POINT('',(3.8E+03,8.08E+03,1.3E+03));
#1880 = DIRECTION('',(0.,1.,0.));
#1881 = DIRECTION('',(0.,0.,1.));
#1882 = DEFINITIONAL_REPRESENTATION('',(#1883),#1887);
#1883 = LINE('',#1884,#1885);
#1884 = CARTESIAN_POINT('',(0.,0.));
#1885 = VECTOR('',#1886,1.);
#1886 = DIRECTION('',(1.,0.));
#1887 = ( GEOMETRIC_REPRESENTATION_CONTEXT(2) 
PARAMETRIC_REPRESENTATION_CONTEXT() REPRESENTATION_CONTEXT('2D SPACE',''
  ) );
#1888 = ORIENTED_EDGE('',*,*,#1889,.F.);
#1889 = EDGE_CURVE('',#1801,#1862,#1890,.T.);
#1890 = SURFACE_CURVE('',#1891,(#1895,#1902),.PCURVE_S1.);
#1891 = LINE('',#1892,#1893);
#1892 = CARTESIAN_POINT('',(3.8E+03,7.96E+03,3.1E+03));
#1893 = VECTOR('',#1894,1.);
#1894 = DIRECTION('',(0.,1.,0.));
#1895 = PCURVE('',#1809,#1896);
#1896 = DEFINITIONAL_REPRESENTATION('',(#1897),#1901);
#1897 = LINE('',#1898,#1899);
#1898 = CARTESIAN_POINT('',(1.8E+03,0.));
#1899 = VECTOR('',#1900,1.);
#1900 = DIRECTION('',(0.,-1.));
#1901 = ( GEOMETRIC_REPRESENTATION_CONTEXT(2) 
PARAMETRIC_REPRESENTATION_CONTEXT() REPRESENTATION_CONTEXT('2D SPACE',''
  ) );
#1902 = PCURVE('',#1903,#1908);
#1903 = PLANE('',#1904);
#1904 = AXIS2_PLACEMENT_3D('',#1905,#1906,#1907);
#1905 = CARTESIAN_POINT('',(3.8E+03,7.96E+03,3.1E+03));
#1906 = DIRECTION('',(0.,0.,1.));
#1907 = DIRECTION('',(1.,0.,0.));
#1908 = DEFINITIONAL_REPRESENTATION('',(#1909),#1913);
#1909 = LINE('',#1910,#1911);
#1910 = CARTESIAN_POINT('',(0.,0.));
#1911 = VECTOR('',#1912,1.);
#1912 = DIRECTION('',(0.,1.));
#1913 = ( GEOMETRIC_REPRESENTATION_CONTEXT(2) 
PARAMETRIC_REPRESENTATION_CONTEXT() REPRESENTATION_CONTEXT('2D SPACE',''
  ) );
#1914 = ADVANCED_FACE('',(#1915),#1929,.T.);
#1915 = FACE_BOUND('',#1916,.T.);
#1916 = EDGE_LOOP('',(#1917,#1947,#1970,#1993));
#1917 = ORIENTED_EDGE('',*,*,#1918,.F.);
#1918 = EDGE_CURVE('',#1919,#1921,#1923,.T.);
#1919 = VERTEX_POINT('',#1920);
#1920 = CARTESIAN_POINT('',(5.2E+03,7.96E+03,1.3E+03));
#1921 = VERTEX_POINT('',#1922);
#1922 = CARTESIAN_POINT('',(5.2E+03,7.96E+03,3.1E+03));
#1923 = SURFACE_CURVE('',#1924,(#1928,#1940),.PCURVE_S1.);
#1924 = LINE('',#1925,#1926);
#1925 = CARTESIAN_POINT('',(5.2E+03,7.96E+03,1.3E+03));
#1926 = VECTOR('',#1927,1.);
#1927 = DIRECTION('',(0.,0.,1.));
#1928 = PCURVE('',#1929,#1934);
#1929 = PLANE('',#1930);
#1930 = AXIS2_PLACEMENT_3D('',#1931,#1932,#1933);
#1931 = CARTESIAN_POINT('',(5.2E+03,7.96E+03,1.3E+03));
#1932 = DIRECTION('',(1.,0.,0.));
#1933 = DIRECTION('',(0.,0.,1.));
#1934 = DEFINITIONAL_REPRESENTATION('',(#1935),#1939);
#1935 = LINE('',#1936,#1937);
#1936 = CARTESIAN_POINT('',(0.,0.));
#1937 = VECTOR('',#1938,1.);
#1938 = DIRECTION('',(1.,0.));
#1939 = ( GEOMETRIC_REPRESENTATION_CONTEXT(2) 
PARAMETRIC_REPRESENTATION_CONTEXT() REPRESENTATION_CONTEXT('2D SPACE',''
  ) );
#1940 = PCURVE('',#1821,#1941);
#1941 = DEFINITIONAL_REPRESENTATION('',(#1942),#1946);
#1942 = LINE('',#1943,#1944);
#1943 = CARTESIAN_POINT('',(0.,1.4E+03));
#1944 = VECTOR('',#1945,1.);
#1945 = DIRECTION('',(1.,0.));
#1946 = ( GEOMETRIC_REPRESENTATION_CONTEXT(2) 
PARAMETRIC_REPRESENTATION_CONTEXT() REPRESENTATION_CONTEXT('2D SPACE',''
  ) );
#1947 = ORIENTED_EDGE('',*,*,#1948,.T.);
#1948 = EDGE_CURVE('',#1919,#1949,#1951,.T.);
#1949 = VERTEX_POINT('',#1950);
#1950 = CARTESIAN_POINT('',(5.2E+03,8.08E+03,1.3E+03));
#1951 = SURFACE_CURVE('',#1952,(#1956,#1963),.PCURVE_S1.);
#1952 = LINE('',#1953,#1954);
#1953 = CARTESIAN_POINT('',(5.2E+03,7.96E+03,1.3E+03));
#1954 = VECTOR('',#1955,1.);
#1955 = DIRECTION('',(0.,1.,0.));
#1956 = PCURVE('',#1929,#1957);
#1957 = DEFINITIONAL_REPRESENTATION('',(#1958),#1962);
#1958 = LINE('',#1959,#1960);
#1959 = CARTESIAN_POINT('',(0.,0.));
#1960 = VECTOR('',#1961,1.);
#1961 = DIRECTION('',(0.,-1.));
#1962 = ( GEOMETRIC_REPRESENTATION_CONTEXT(2) 
PARAMETRIC_REPRESENTATION_CONTEXT() REPRESENTATION_CONTEXT('2D SPACE',''
  ) );
#1963 = PCURVE('',#1849,#1964);
#1964 = DEFINITIONAL_REPRESENTATION('',(#1965),#1969);
#1965 = LINE('',#1966,#1967);
#1966 = CARTESIAN_POINT('',(1.4E+03,0.));
#1967 = VECTOR('',#1968,1.);
#1968 = DIRECTION('',(0.,1.));
#1969 = ( GEOMETRIC_REPRESENTATION_CONTEXT(2) 
PARAMETRIC_REPRESENTATION_CONTEXT() REPRESENTATION_CONTEXT('2D SPACE',''
  ) );
#1970 = ORIENTED_EDGE('',*,*,#1971,.T.);
#1971 = EDGE_CURVE('',#1949,#1972,#1974,.T.);
#1972 = VERTEX_POINT('',#1973);
#1973 = CARTESIAN_POINT('',(5.2E+03,8.08E+03,3.1E+03));
#1974 = SURFACE_CURVE('',#1975,(#1979,#1986),.PCURVE_S1.);
#1975 = LINE('',#1976,#1977);
#1976 = CARTESIAN_POINT('',(5.2E+03,8.08E+03,1.3E+03));
#1977 = VECTOR('',#1978,1.);
#1978 = DIRECTION('',(0.,0.,1.));
#1979 = PCURVE('',#1929,#1980);
#1980 = DEFINITIONAL_REPRESENTATION('',(#1981),#1985);
#1981 = LINE('',#1982,#1983);
#1982 = CARTESIAN_POINT('',(0.,-120.));
#1983 = VECTOR('',#1984,1.);
#1984 = DIRECTION('',(1.,0.));
#1985 = ( GEOMETRIC_REPRESENTATION_CONTEXT(2) 
PARAMETRIC_REPRESENTATION_CONTEXT() REPRESENTATION_CONTEXT('2D SPACE',''
  ) );
#1986 = PCURVE('',#1877,#1987);
#1987 = DEFINITIONAL_REPRESENTATION('',(#1988),#1992);
#1988 = LINE('',#1989,#1990);
#1989 = CARTESIAN_POINT('',(0.,1.4E+03));
#1990 = VECTOR('',#1991,1.);
#1991 = DIRECTION('',(1.,0.));
#1992 = ( GEOMETRIC_REPRESENTATION_CONTEXT(2) 
PARAMETRIC_REPRESENTATION_CONTEXT() REPRESENTATION_CONTEXT('2D SPACE',''
  ) );
#1993 = ORIENTED_EDGE('',*,*,#1994,.F.);
#1994 = EDGE_CURVE('',#1921,#1972,#1995,.T.);
#1995 = SURFACE_CURVE('',#1996,(#2000,#2007),.PCURVE_S1.);
#1996 = LINE('',#1997,#1998);
#1997 = CARTESIAN_POINT('',(5.2E+03,7.96E+03,3.1E+03));
#1998 = VECTOR('',#1999,1.);
#1999 = DIRECTION('',(0.,1.,0.));
#2000 = PCURVE('',#1929,#2001);
#2001 = DEFINITIONAL_REPRESENTATION('',(#2002),#2006);
#2002 = LINE('',#2003,#2004);
#2003 = CARTESIAN_POINT('',(1.8E+03,0.));
#2004 = VECTOR('',#2005,1.);
#2005 = DIRECTION('',(0.,-1.));
#2006 = ( GEOMETRIC_REPRESENTATION_CONTEXT(2) 
PARAMETRIC_REPRESENTATION_CONTEXT() REPRESENTATION_CONTEXT('2D SPACE',''
  ) );
#2007 = PCURVE('',#1903,#2008);
#2008 = DEFINITIONAL_REPRESENTATION('',(#2009),#2013);
#2009 = LINE('',#2010,#2011);
#2010 = CARTESIAN_POINT('',(1.4E+03,0.));
#2011 = VECTOR('',#2012,1.);
#2012 = DIRECTION('',(0.,1.));
#2013 = ( GEOMETRIC_REPRESENTATION_CONTEXT(2) 
PARAMETRIC_REPRESENTATION_CONTEXT() REPRESENTATION_CONTEXT('2D SPACE',''
  ) );
#2014 = ADVANCED_FACE('',(#2015),#1821,.F.);
#2015 = FACE_BOUND('',#2016,.F.);
#2016 = EDGE_LOOP('',(#2017,#2038,#2039,#2060));
#2017 = ORIENTED_EDGE('',*,*,#2018,.F.);
#2018 = EDGE_CURVE('',#1799,#1919,#2019,.T.);
#2019 = SURFACE_CURVE('',#2020,(#2024,#2031),.PCURVE_S1.);
#2020 = LINE('',#2021,#2022);
#2021 = CARTESIAN_POINT('',(3.8E+03,7.96E+03,1.3E+03));
#2022 = VECTOR('',#2023,1.);
#2023 = DIRECTION('',(1.,0.,0.));
#2024 = PCURVE('',#1821,#2025);
#2025 = DEFINITIONAL_REPRESENTATION('',(#2026),#2030);
#2026 = LINE('',#2027,#2028);
#2027 = CARTESIAN_POINT('',(0.,0.));
#2028 = VECTOR('',#2029,1.);
#2029 = DIRECTION('',(0.,1.));
#2030 = ( GEOMETRIC_REPRESENTATION_CONTEXT(2) 
PARAMETRIC_REPRESENTATION_CONTEXT() REPRESENTATION_CONTEXT('2D SPACE',''
  ) );
#2031 = PCURVE('',#1849,#2032);
#2032 = DEFINITIONAL_REPRESENTATION('',(#2033),#2037);
#2033 = LINE('',#2034,#2035);
#2034 = CARTESIAN_POINT('',(0.,0.));
#2035 = VECTOR('',#2036,1.);
#2036 = DIRECTION('',(1.,0.));
#2037 = ( GEOMETRIC_REPRESENTATION_CONTEXT(2) 
PARAMETRIC_REPRESENTATION_CONTEXT() REPRESENTATION_CONTEXT('2D SPACE',''
  ) );
#2038 = ORIENTED_EDGE('',*,*,#1798,.T.);
#2039 = ORIENTED_EDGE('',*,*,#2040,.T.);
#2040 = EDGE_CURVE('',#1801,#1921,#2041,.T.);
#2041 = SURFACE_CURVE('',#2042,(#2046,#2053),.PCURVE_S1.);
#2042 = LINE('',#2043,#2044);
#2043 = CARTESIAN_POINT('',(3.8E+03,7.96E+03,3.1E+03));
#2044 = VECTOR('',#2045,1.);
#2045 = DIRECTION('',(1.,0.,0.));
#2046 = PCURVE('',#1821,#2047);
#2047 = DEFINITIONAL_REPRESENTATION('',(#2048),#2052);
#2048 = LINE('',#2049,#2050);
#2049 = CARTESIAN_POINT('',(1.8E+03,0.));
#2050 = VECTOR('',#2051,1.);
#2051 = DIRECTION('',(0.,1.));
#2052 = ( GEOMETRIC_REPRESENTATION_CONTEXT(2) 
PARAMETRIC_REPRESENTATION_CONTEXT() REPRESENTATION_CONTEXT('2D SPACE',''
  ) );
#2053 = PCURVE('',#1903,#2054);
#2054 = DEFINITIONAL_REPRESENTATION('',(#2055),#2059);
#2055 = LINE('',#2056,#2057);
#2056 = CARTESIAN_POINT('',(0.,0.));
#2057 = VECTOR('',#2058,1.);
#2058 = DIRECTION('',(1.,0.));
#2059 = ( GEOMETRIC_REPRESENTATION_CONTEXT(2) 
PARAMETRIC_REPRESENTATION_CONTEXT() REPRESENTATION_CONTEXT('2D SPACE',''
  ) );
#2060 = ORIENTED_EDGE('',*,*,#1918,.F.);
#2061 = ADVANCED_FACE('',(#2062),#1877,.T.);
#2062 = FACE_BOUND('',#2063,.T.);
#2063 = EDGE_LOOP('',(#2064,#2085,#2086,#2107));
#2064 = ORIENTED_EDGE('',*,*,#2065,.F.);
#2065 = EDGE_CURVE('',#1834,#1949,#2066,.T.);
#2066 = SURFACE_CURVE('',#2067,(#2071,#2078),.PCURVE_S1.);
#2067 = LINE('',#2068,#2069);
#2068 = CARTESIAN_POINT('',(3.8E+03,8.08E+03,1.3E+03));
#2069 = VECTOR('',#2070,1.);
#2070 = DIRECTION('',(1.,0.,0.));
#2071 = PCURVE('',#1877,#2072);
#2072 = DEFINITIONAL_REPRESENTATION('',(#2073),#2077);
#2073 = LINE('',#2074,#2075);
#2074 = CARTESIAN_POINT('',(0.,0.));
#2075 = VECTOR('',#2076,1.);
#2076 = DIRECTION('',(0.,1.));
#2077 = ( GEOMETRIC_REPRESENTATION_CONTEXT(2) 
PARAMETRIC_REPRESENTATION_CONTEXT() REPRESENTATION_CONTEXT('2D SPACE',''
  ) );
#2078 = PCURVE('',#1849,#2079);
#2079 = DEFINITIONAL_REPRESENTATION('',(#2080),#2084);
#2080 = LINE('',#2081,#2082);
#2081 = CARTESIAN_POINT('',(0.,120.));
#2082 = VECTOR('',#2083,1.);
#2083 = DIRECTION('',(1.,0.));
#2084 = ( GEOMETRIC_REPRESENTATION_CONTEXT(2) 
PARAMETRIC_REPRESENTATION_CONTEXT() REPRESENTATION_CONTEXT('2D SPACE',''
  ) );
#2085 = ORIENTED_EDGE('',*,*,#1861,.T.);
#2086 = ORIENTED_EDGE('',*,*,#2087,.T.);
#2087 = EDGE_CURVE('',#1862,#1972,#2088,.T.);
#2088 = SURFACE_CURVE('',#2089,(#2093,#2100),.PCURVE_S1.);
#2089 = LINE('',#2090,#2091);
#2090 = CARTESIAN_POINT('',(3.8E+03,8.08E+03,3.1E+03));
#2091 = VECTOR('',#2092,1.);
#2092 = DIRECTION('',(1.,0.,0.));
#2093 = PCURVE('',#1877,#2094);
#2094 = DEFINITIONAL_REPRESENTATION('',(#2095),#2099);
#2095 = LINE('',#2096,#2097);
#2096 = CARTESIAN_POINT('',(1.8E+03,0.));
#2097 = VECTOR('',#2098,1.);
#2098 = DIRECTION('',(0.,1.));
#2099 = ( GEOMETRIC_REPRESENTATION_CONTEXT(2) 
PARAMETRIC_REPRESENTATION_CONTEXT() REPRESENTATION_CONTEXT('2D SPACE',''
  ) );
#2100 = PCURVE('',#1903,#2101);
#2101 = DEFINITIONAL_REPRESENTATION('',(#2102),#2106);
#2102 = LINE('',#2103,#2104);
#2103 = CARTESIAN_POINT('',(0.,120.));
#2104 = VECTOR('',#2105,1.);
#2105 = DIRECTION('',(1.,0.));
#2106 = ( GEOMETRIC_REPRESENTATION_CONTEXT(2) 
PARAMETRIC_REPRESENTATION_CONTEXT() REPRESENTATION_CONTEXT('2D SPACE',''
  ) );
#2107 = ORIENTED_EDGE('',*,*,#1971,.F.);
#2108 = ADVANCED_FACE('',(#2109),#1849,.F.);
#2109 = FACE_BOUND('',#2110,.F.);
#2110 = EDGE_LOOP('',(#2111,#2112,#2113,#2114));
#2111 = ORIENTED_EDGE('',*,*,#1833,.F.);
#2112 = ORIENTED_EDGE('',*,*,#2018,.T.);
#2113 = ORIENTED_EDGE('',*,*,#1948,.T.);
#2114 = ORIENTED_EDGE('',*,*,#2065,.F.);
#2115 = ADVANCED_FACE('',(#2116),#1903,.T.);
#2116 = FACE_BOUND('',#2117,.T.);
#2117 = EDGE_LOOP('',(#2118,#2119,#2120,#2121));
#2118 = ORIENTED_EDGE('',*,*,#1889,.F.);
#2119 = ORIENTED_EDGE('',*,*,#2040,.T.);
#2120 = ORIENTED_EDGE('',*,*,#1994,.T.);
#2121 = ORIENTED_EDGE('',*,*,#2087,.F.);
#2122 = ( GEOMETRIC_REPRESENTATION_CONTEXT(3) 
GLOBAL_UNCERTAINTY_ASSIGNED_CONTEXT((#2126)) 
GLOBAL_UNIT_ASSIGNED_CONTEXT((#2123,#2124,#2125)) REPRESENTATION_CONTEXT
('Context #1','3D Context with UNIT and UNCERTAINTY') );
#2123 = ( LENGTH_UNIT() NAMED_UNIT(*) SI_UNIT(.MILLI.,.METRE.) );
#2124 = ( NAMED_UNIT(*) PLANE_ANGLE_UNIT() SI_UNIT($,.RADIAN.) );
#2125 = ( NAMED_UNIT(*) SI_UNIT($,.STERADIAN.) SOLID_ANGLE_UNIT() );
#2126 = UNCERTAINTY_MEASURE_WITH_UNIT(LENGTH_MEASURE(1.E-07),#2123,
  'distance_accuracy_value','confusion accuracy');
#2127 = CONTEXT_DEPENDENT_SHAPE_REPRESENTATION(#2128,#2130);
#2128 = ( REPRESENTATION_RELATIONSHIP('','',#1791,#10) 
REPRESENTATION_RELATIONSHIP_WITH_TRANSFORMATION(#2129) 
SHAPE_REPRESENTATION_RELATIONSHIP() );
#2129 = ITEM_DEFINED_TRANSFORMATION('','',#11,#35);
#2130 = PRODUCT_DEFINITION_SHAPE('Placement','Placement of an item',
  #2131);
#2131 = NEXT_ASSEMBLY_USAGE_OCCURRENCE('43','part5','',#5,#1786,$);
#2132 = PRODUCT_RELATED_PRODUCT_CATEGORY('part',$,(#1788));
#2133 = SHAPE_DEFINITION_REPRESENTATION(#2134,#2140);
#2134 = PRODUCT_DEFINITION_SHAPE('','',#2135);
#2135 = PRODUCT_DEFINITION('design','',#2136,#2139);
#2136 = PRODUCT_DEFINITION_FORMATION('','',#2137);
#2137 = PRODUCT('part6','part6','',(#2138));
#2138 = PRODUCT_CONTEXT('',#2,'mechanical');
#2139 = PRODUCT_DEFINITION_CONTEXT('part definition',#2,'design');
#2140 = ADVANCED_BREP_SHAPE_REPRESENTATION('',(#11,#2141),#2471);
#2141 = MANIFOLD_SOLID_BREP('',#2142);
#2142 = CLOSED_SHELL('',(#2143,#2263,#2363,#2410,#2457,#2464));
#2143 = ADVANCED_FACE('',(#2144),#2158,.F.);
#2144 = FACE_BOUND('',#2145,.F.);
#2145 = EDGE_LOOP('',(#2146,#2181,#2209,#2237));
#2146 = ORIENTED_EDGE('',*,*,#2147,.F.);
#2147 = EDGE_CURVE('',#2148,#2150,#2152,.T.);
#2148 = VERTEX_POINT('',#2149);
#2149 = CARTESIAN_POINT('',(8.3E+03,7.96E+03,1.3E+03));
#2150 = VERTEX_POINT('',#2151);
#2151 = CARTESIAN_POINT('',(8.3E+03,7.96E+03,3.1E+03));
#2152 = SURFACE_CURVE('',#2153,(#2157,#2169),.PCURVE_S1.);
#2153 = LINE('',#2154,#2155);
#2154 = CARTESIAN_POINT('',(8.3E+03,7.96E+03,1.3E+03));
#2155 = VECTOR('',#2156,1.);
#2156 = DIRECTION('',(0.,0.,1.));
#2157 = PCURVE('',#2158,#2163);
#2158 = PLANE('',#2159);
#2159 = AXIS2_PLACEMENT_3D('',#2160,#2161,#2162);
#2160 = CARTESIAN_POINT('',(8.3E+03,7.96E+03,1.3E+03));
#2161 = DIRECTION('',(1.,0.,0.));
#2162 = DIRECTION('',(0.,0.,1.));
#2163 = DEFINITIONAL_REPRESENTATION('',(#2164),#2168);
#2164 = LINE('',#2165,#2166);
#2165 = CARTESIAN_POINT('',(0.,0.));
#2166 = VECTOR('',#2167,1.);
#2167 = DIRECTION('',(1.,0.));
#2168 = ( GEOMETRIC_REPRESENTATION_CONTEXT(2) 
PARAMETRIC_REPRESENTATION_CONTEXT() REPRESENTATION_CONTEXT('2D SPACE',''
  ) );
#2169 = PCURVE('',#2170,#2175);
#2170 = PLANE('',#2171);
#2171 = AXIS2_PLACEMENT_3D('',#2172,#2173,#2174);
#2172 = CARTESIAN_POINT('',(8.3E+03,7.96E+03,1.3E+03));
#2173 = DIRECTION('',(0.,1.,0.));
#2174 = DIRECTION('',(0.,0.,1.));
#2175 = DEFINITIONAL_REPRESENTATION('',(#2176),#2180);
#2176 = LINE('',#2177,#2178);
#2177 = CARTESIAN_POINT('',(0.,0.));
#2178 = VECTOR('',#2179,1.);
#2179 = DIRECTION('',(1.,0.));
#2180 = ( GEOMETRIC_REPRESENTATION_CONTEXT(2) 
PARAMETRIC_REPRESENTATION_CONTEXT() REPRESENTATION_CONTEXT('2D SPACE',''
  ) );
#2181 = ORIENTED_EDGE('',*,*,#2182,.T.);
#2182 = EDGE_CURVE('',#2148,#2183,#2185,.T.);
#2183 = VERTEX_POINT('',#2184);
#2184 = CARTESIAN_POINT('',(8.3E+03,8.08E+03,1.3E+03));
#2185 = SURFACE_CURVE('',#2186,(#2190,#2197),.PCURVE_S1.);
#2186 = LINE('',#2187,#2188);
#2187 = CARTESIAN_POINT('',(8.3E+03,7.96E+03,1.3E+03));
#2188 = VECTOR('',#2189,1.);
#2189 = DIRECTION('',(0.,1.,0.));
#2190 = PCURVE('',#2158,#2191);
#2191 = DEFINITIONAL_REPRESENTATION('',(#2192),#2196);
#2192 = LINE('',#2193,#2194);
#2193 = CARTESIAN_POINT('',(0.,0.));
#2194 = VECTOR('',#2195,1.);
#2195 = DIRECTION('',(0.,-1.));
#2196 = ( GEOMETRIC_REPRESENTATION_CONTEXT(2) 
PARAMETRIC_REPRESENTATION_CONTEXT() REPRESENTATION_CONTEXT('2D SPACE',''
  ) );
#2197 = PCURVE('',#2198,#2203);
#2198 = PLANE('',#2199);
#2199 = AXIS2_PLACEMENT_3D('',#2200,#2201,#2202);
#2200 = CARTESIAN_POINT('',(8.3E+03,7.96E+03,1.3E+03));
#2201 = DIRECTION('',(0.,0.,1.));
#2202 = DIRECTION('',(1.,0.,0.));
#2203 = DEFINITIONAL_REPRESENTATION('',(#2204),#2208);
#2204 = LINE('',#2205,#2206);
#2205 = CARTESIAN_POINT('',(0.,0.));
#2206 = VECTOR('',#2207,1.);
#2207 = DIRECTION('',(0.,1.));
#2208 = ( GEOMETRIC_REPRESENTATION_CONTEXT(2) 
PARAMETRIC_REPRESENTATION_CONTEXT() REPRESENTATION_CONTEXT('2D SPACE',''
  ) );
#2209 = ORIENTED_EDGE('',*,*,#2210,.T.);
#2210 = EDGE_CURVE('',#2183,#2211,#2213,.T.);
#2211 = VERTEX_POINT('',#2212);
#2212 = CARTESIAN_POINT('',(8.3E+03,8.08E+03,3.1E+03));
#2213 = SURFACE_CURVE('',#2214,(#2218,#2225),.PCURVE_S1.);
#2214 = LINE('',#2215,#2216);
#2215 = CARTESIAN_POINT('',(8.3E+03,8.08E+03,1.3E+03));
#2216 = VECTOR('',#2217,1.);
#2217 = DIRECTION('',(0.,0.,1.));
#2218 = PCURVE('',#2158,#2219);
#2219 = DEFINITIONAL_REPRESENTATION('',(#2220),#2224);
#2220 = LINE('',#2221,#2222);
#2221 = CARTESIAN_POINT('',(0.,-120.));
#2222 = VECTOR('',#2223,1.);
#2223 = DIRECTION('',(1.,0.));
#2224 = ( GEOMETRIC_REPRESENTATION_CONTEXT(2) 
PARAMETRIC_REPRESENTATION_CONTEXT() REPRESENTATION_CONTEXT('2D SPACE',''
  ) );
#2225 = PCURVE('',#2226,#2231);
#2226 = PLANE('',#2227);
#2227 = AXIS2_PLACEMENT_3D('',#2228,#2229,#2230);
#2228 = CARTESIAN_POINT('',(8.3E+03,8.08E+03,1.3E+03));
#2229 = DIRECTION('',(0.,1.,0.));
#2230 = DIRECTION('',(0.,0.,1.));
#2231 = DEFINITIONAL_REPRESENTATION('',(#2232),#2236);
#2232 = LINE('',#2233,#2234);
#2233 = CARTESIAN_POINT('',(0.,0.));
#2234 = VECTOR('',#2235,1.);
#2235 = DIRECTION('',(1.,0.));
#2236 = ( GEOMETRIC_REPRESENTATION_CONTEXT(2) 
PARAMETRIC_REPRESENTATION_CONTEXT() REPRESENTATION_CONTEXT('2D SPACE',''
  ) );
#2237 = ORIENTED_EDGE('',*,*,#2238,.F.);
#2238 = EDGE_CURVE('',#2150,#2211,#2239,.T.);
#2239 = SURFACE_CURVE('',#2240,(#2244,#2251),.PCURVE_S1.);
#2240 = LINE('',#2241,#2242);
#2241 = CARTESIAN_POINT('',(8.3E+03,7.96E+03,3.1E+03));
#2242 = VECTOR('',#2243,1.);
#2243 = DIRECTION('',(0.,1.,0.));
#2244 = PCURVE('',#2158,#2245);
#2245 = DEFINITIONAL_REPRESENTATION('',(#2246),#2250);
#2246 = LINE('',#2247,#2248);
#2247 = CARTESIAN_POINT('',(1.8E+03,0.));
#2248 = VECTOR('',#2249,1.);
#2249 = DIRECTION('',(0.,-1.));
#2250 = ( GEOMETRIC_REPRESENTATION_CONTEXT(2) 
PARAMETRIC_REPRESENTATION_CONTEXT() REPRESENTATION_CONTEXT('2D SPACE',''
  ) );
#2251 = PCURVE('',#2252,#2257);
#2252 = PLANE('',#2253);
#2253 = AXIS2_PLACEMENT_3D('',#2254,#2255,#2256);
#2254 = CARTESIAN_POINT('',(8.3E+03,7.96E+03,3.1E+03));
#2255 = DIRECTION('',(0.,0.,1.));
#2256 = DIRECTION('',(1.,0.,0.));
#2257 = DEFINITIONAL_REPRESENTATION('',(#2258),#2262);
#2258 = LINE('',#2259,#2260);
#2259 = CARTESIAN_POINT('',(0.,0.));
#2260 = VECTOR('',#2261,1.);
#2261 = DIRECTION('',(0.,1.));
#2262 = ( GEOMETRIC_REPRESENTATION_CONTEXT(2) 
PARAMETRIC_REPRESENTATION_CONTEXT() REPRESENTATION_CONTEXT('2D SPACE',''
  ) );
#2263 = ADVANCED_FACE('',(#2264),#2278,.T.);
#2264 = FACE_BOUND('',#2265,.T.);
#2265 = EDGE_LOOP('',(#2266,#2296,#2319,#2342));
#2266 = ORIENTED_EDGE('',*,*,#2267,.F.);
#2267 = EDGE_CURVE('',#2268,#2270,#2272,.T.);
#2268 = VERTEX_POINT('',#2269);
#2269 = CARTESIAN_POINT('',(9.7E+03,7.96E+03,1.3E+03));
#2270 = VERTEX_POINT('',#2271);
#2271 = CARTESIAN_POINT('',(9.7E+03,7.96E+03,3.1E+03));
#2272 = SURFACE_CURVE('',#2273,(#2277,#2289),.PCURVE_S1.);
#2273 = LINE('',#2274,#2275);
#2274 = CARTESIAN_POINT('',(9.7E+03,7.96E+03,1.3E+03));
#2275 = VECTOR('',#2276,1.);
#2276 = DIRECTION('',(0.,0.,1.));
#2277 = PCURVE('',#2278,#2283);
#2278 = PLANE('',#2279);
#2279 = AXIS2_PLACEMENT_3D('',#2280,#2281,#2282);
#2280 = CARTESIAN_POINT('',(9.7E+03,7.96E+03,1.3E+03));
#2281 = DIRECTION('',(1.,0.,0.));
#2282 = DIRECTION('',(0.,0.,1.));
#2283 = DEFINITIONAL_REPRESENTATION('',(#2284),#2288);
#2284 = LINE('',#2285,#2286);
#2285 = CARTESIAN_POINT('',(0.,0.));
#2286 = VECTOR('',#2287,1.);
#2287 = DIRECTION('',(1.,0.));
#2288 = ( GEOMETRIC_REPRESENTATION_CONTEXT(2) 
PARAMETRIC_REPRESENTATION_CONTEXT() REPRESENTATION_CONTEXT('2D SPACE',''
  ) );
#2289 = PCURVE('',#2170,#2290);
#2290 = DEFINITIONAL_REPRESENTATION('',(#2291),#2295);
#2291 = LINE('',#2292,#2293);
#2292 = CARTESIAN_POINT('',(0.,1.4E+03));
#2293 = VECTOR('',#2294,1.);
#2294 = DIRECTION('',(1.,0.));
#2295 = ( GEOMETRIC_REPRESENTATION_CONTEXT(2) 
PARAMETRIC_REPRESENTATION_CONTEXT() REPRESENTATION_CONTEXT('2D SPACE',''
  ) );
#2296 = ORIENTED_EDGE('',*,*,#2297,.T.);
#2297 = EDGE_CURVE('',#2268,#2298,#2300,.T.);
#2298 = VERTEX_POINT('',#2299);
#2299 = CARTESIAN_POINT('',(9.7E+03,8.08E+03,1.3E+03));
#2300 = SURFACE_CURVE('',#2301,(#2305,#2312),.PCURVE_S1.);
#2301 = LINE('',#2302,#2303);
#2302 = CARTESIAN_POINT('',(9.7E+03,7.96E+03,1.3E+03));
#2303 = VECTOR('',#2304,1.);
#2304 = DIRECTION('',(0.,1.,0.));
#2305 = PCURVE('',#2278,#2306);
#2306 = DEFINITIONAL_REPRESENTATION('',(#2307),#2311);
#2307 = LINE('',#2308,#2309);
#2308 = CARTESIAN_POINT('',(0.,0.));
#2309 = VECTOR('',#2310,1.);
#2310 = DIRECTION('',(0.,-1.));
#2311 = ( GEOMETRIC_REPRESENTATION_CONTEXT(2) 
PARAMETRIC_REPRESENTATION_CONTEXT() REPRESENTATION_CONTEXT('2D SPACE',''
  ) );
#2312 = PCURVE('',#2198,#2313);
#2313 = DEFINITIONAL_REPRESENTATION('',(#2314),#2318);
#2314 = LINE('',#2315,#2316);
#2315 = CARTESIAN_POINT('',(1.4E+03,0.));
#2316 = VECTOR('',#2317,1.);
#2317 = DIRECTION('',(0.,1.));
#2318 = ( GEOMETRIC_REPRESENTATION_CONTEXT(2) 
PARAMETRIC_REPRESENTATION_CONTEXT() REPRESENTATION_CONTEXT('2D SPACE',''
  ) );
#2319 = ORIENTED_EDGE('',*,*,#2320,.T.);
#2320 = EDGE_CURVE('',#2298,#2321,#2323,.T.);
#2321 = VERTEX_POINT('',#2322);
#2322 = CARTESIAN_POINT('',(9.7E+03,8.08E+03,3.1E+03));
#2323 = SURFACE_CURVE('',#2324,(#2328,#2335),.PCURVE_S1.);
#2324 = LINE('',#2325,#2326);
#2325 = CARTESIAN_POINT('',(9.7E+03,8.08E+03,1.3E+03));
#2326 = VECTOR('',#2327,1.);
#2327 = DIRECTION('',(0.,0.,1.));
#2328 = PCURVE('',#2278,#2329);
#2329 = DEFINITIONAL_REPRESENTATION('',(#2330),#2334);
#2330 = LINE('',#2331,#2332);
#2331 = CARTESIAN_POINT('',(0.,-120.));
#2332 = VECTOR('',#2333,1.);
#2333 = DIRECTION('',(1.,0.));
#2334 = ( GEOMETRIC_REPRESENTATION_CONTEXT(2) 
PARAMETRIC_REPRESENTATION_CONTEXT() REPRESENTATION_CONTEXT('2D SPACE',''
  ) );
#2335 = PCURVE('',#2226,#2336);
#2336 = DEFINITIONAL_REPRESENTATION('',(#2337),#2341);
#2337 = LINE('',#2338,#2339);
#2338 = CARTESIAN_POINT('',(0.,1.4E+03));
#2339 = VECTOR('',#2340,1.);
#2340 = DIRECTION('',(1.,0.));
#2341 = ( GEOMETRIC_REPRESENTATION_CONTEXT(2) 
PARAMETRIC_REPRESENTATION_CONTEXT() REPRESENTATION_CONTEXT('2D SPACE',''
  ) );
#2342 = ORIENTED_EDGE('',*,*,#2343,.F.);
#2343 = EDGE_CURVE('',#2270,#2321,#2344,.T.);
#2344 = SURFACE_CURVE('',#2345,(#2349,#2356),.PCURVE_S1.);
#2345 = LINE('',#2346,#2347);
#2346 = CARTESIAN_POINT('',(9.7E+03,7.96E+03,3.1E+03));
#2347 = VECTOR('',#2348,1.);
#2348 = DIRECTION('',(0.,1.,0.));
#2349 = PCURVE('',#2278,#2350);
#2350 = DEFINITIONAL_REPRESENTATION('',(#2351),#2355);
#2351 = LINE('',#2352,#2353);
#2352 = CARTESIAN_POINT('',(1.8E+03,0.));
#2353 = VECTOR('',#2354,1.);
#2354 = DIRECTION('',(0.,-1.));
#2355 = ( GEOMETRIC_REPRESENTATION_CONTEXT(2) 
PARAMETRIC_REPRESENTATION_CONTEXT() REPRESENTATION_CONTEXT('2D SPACE',''
  ) );
#2356 = PCURVE('',#2252,#2357);
#2357 = DEFINITIONAL_REPRESENTATION('',(#2358),#2362);
#2358 = LINE('',#2359,#2360);
#2359 = CARTESIAN_POINT('',(1.4E+03,0.));
#2360 = VECTOR('',#2361,1.);
#2361 = DIRECTION('',(0.,1.));
#2362 = ( GEOMETRIC_REPRESENTATION_CONTEXT(2) 
PARAMETRIC_REPRESENTATION_CONTEXT() REPRESENTATION_CONTEXT('2D SPACE',''
  ) );
#2363 = ADVANCED_FACE('',(#2364),#2170,.F.);
#2364 = FACE_BOUND('',#2365,.F.);
#2365 = EDGE_LOOP('',(#2366,#2387,#2388,#2409));
#2366 = ORIENTED_EDGE('',*,*,#2367,.F.);
#2367 = EDGE_CURVE('',#2148,#2268,#2368,.T.);
#2368 = SURFACE_CURVE('',#2369,(#2373,#2380),.PCURVE_S1.);
#2369 = LINE('',#2370,#2371);
#2370 = CARTESIAN_POINT('',(8.3E+03,7.96E+03,1.3E+03));
#2371 = VECTOR('',#2372,1.);
#2372 = DIRECTION('',(1.,0.,0.));
#2373 = PCURVE('',#2170,#2374);
#2374 = DEFINITIONAL_REPRESENTATION('',(#2375),#2379);
#2375 = LINE('',#2376,#2377);
#2376 = CARTESIAN_POINT('',(0.,0.));
#2377 = VECTOR('',#2378,1.);
#2378 = DIRECTION('',(0.,1.));
#2379 = ( GEOMETRIC_REPRESENTATION_CONTEXT(2) 
PARAMETRIC_REPRESENTATION_CONTEXT() REPRESENTATION_CONTEXT('2D SPACE',''
  ) );
#2380 = PCURVE('',#2198,#2381);
#2381 = DEFINITIONAL_REPRESENTATION('',(#2382),#2386);
#2382 = LINE('',#2383,#2384);
#2383 = CARTESIAN_POINT('',(0.,0.));
#2384 = VECTOR('',#2385,1.);
#2385 = DIRECTION('',(1.,0.));
#2386 = ( GEOMETRIC_REPRESENTATION_CONTEXT(2) 
PARAMETRIC_REPRESENTATION_CONTEXT() REPRESENTATION_CONTEXT('2D SPACE',''
  ) );
#2387 = ORIENTED_EDGE('',*,*,#2147,.T.);
#2388 = ORIENTED_EDGE('',*,*,#2389,.T.);
#2389 = EDGE_CURVE('',#2150,#2270,#2390,.T.);
#2390 = SURFACE_CURVE('',#2391,(#2395,#2402),.PCURVE_S1.);
#2391 = LINE('',#2392,#2393);
#2392 = CARTESIAN_POINT('',(8.3E+03,7.96E+03,3.1E+03));
#2393 = VECTOR('',#2394,1.);
#2394 = DIRECTION('',(1.,0.,0.));
#2395 = PCURVE('',#2170,#2396);
#2396 = DEFINITIONAL_REPRESENTATION('',(#2397),#2401);
#2397 = LINE('',#2398,#2399);
#2398 = CARTESIAN_POINT('',(1.8E+03,0.));
#2399 = VECTOR('',#2400,1.);
#2400 = DIRECTION('',(0.,1.));
#2401 = ( GEOMETRIC_REPRESENTATION_CONTEXT(2) 
PARAMETRIC_REPRESENTATION_CONTEXT() REPRESENTATION_CONTEXT('2D SPACE',''
  ) );
#2402 = PCURVE('',#2252,#2403);
#2403 = DEFINITIONAL_REPRESENTATION('',(#2404),#2408);
#2404 = LINE('',#2405,#2406);
#2405 = CARTESIAN_POINT('',(0.,0.));
#2406 = VECTOR('',#2407,1.);
#2407 = DIRECTION('',(1.,0.));
#2408 = ( GEOMETRIC_REPRESENTATION_CONTEXT(2) 
PARAMETRIC_REPRESENTATION_CONTEXT() REPRESENTATION_CONTEXT('2D SPACE',''
  ) );
#2409 = ORIENTED_EDGE('',*,*,#2267,.F.);
#2410 = ADVANCED_FACE('',(#2411),#2226,.T.);
#2411 = FACE_BOUND('',#2412,.T.);
#2412 = EDGE_LOOP('',(#2413,#2434,#2435,#2456));
#2413 = ORIENTED_EDGE('',*,*,#2414,.F.);
#2414 = EDGE_CURVE('',#2183,#2298,#2415,.T.);
#2415 = SURFACE_CURVE('',#2416,(#2420,#2427),.PCURVE_S1.);
#2416 = LINE('',#2417,#2418);
#2417 = CARTESIAN_POINT('',(8.3E+03,8.08E+03,1.3E+03));
#2418 = VECTOR('',#2419,1.);
#2419 = DIRECTION('',(1.,0.,0.));
#2420 = PCURVE('',#2226,#2421);
#2421 = DEFINITIONAL_REPRESENTATION('',(#2422),#2426);
#2422 = LINE('',#2423,#2424);
#2423 = CARTESIAN_POINT('',(0.,0.));
#2424 = VECTOR('',#2425,1.);
#2425 = DIRECTION('',(0.,1.));
#2426 = ( GEOMETRIC_REPRESENTATION_CONTEXT(2) 
PARAMETRIC_REPRESENTATION_CONTEXT() REPRESENTATION_CONTEXT('2D SPACE',''
  ) );
#2427 = PCURVE('',#2198,#2428);
#2428 = DEFINITIONAL_REPRESENTATION('',(#2429),#2433);
#2429 = LINE('',#2430,#2431);
#2430 = CARTESIAN_POINT('',(0.,120.));
#2431 = VECTOR('',#2432,1.);
#2432 = DIRECTION('',(1.,0.));
#2433 = ( GEOMETRIC_REPRESENTATION_CONTEXT(2) 
PARAMETRIC_REPRESENTATION_CONTEXT() REPRESENTATION_CONTEXT('2D SPACE',''
  ) );
#2434 = ORIENTED_EDGE('',*,*,#2210,.T.);
#2435 = ORIENTED_EDGE('',*,*,#2436,.T.);
#2436 = EDGE_CURVE('',#2211,#2321,#2437,.T.);
#2437 = SURFACE_CURVE('',#2438,(#2442,#2449),.PCURVE_S1.);
#2438 = LINE('',#2439,#2440);
#2439 = CARTESIAN_POINT('',(8.3E+03,8.08E+03,3.1E+03));
#2440 = VECTOR('',#2441,1.);
#2441 = DIRECTION('',(1.,0.,0.));
#2442 = PCURVE('',#2226,#2443);
#2443 = DEFINITIONAL_REPRESENTATION('',(#2444),#2448);
#2444 = LINE('',#2445,#2446);
#2445 = CARTESIAN_POINT('',(1.8E+03,0.));
#2446 = VECTOR('',#2447,1.);
#2447 = DIRECTION('',(0.,1.));
#2448 = ( GEOMETRIC_REPRESENTATION_CONTEXT(2) 
PARAMETRIC_REPRESENTATION_CONTEXT() REPRESENTATION_CONTEXT('2D SPACE',''
  ) );
#2449 = PCURVE('',#2252,#2450);
#2450 = DEFINITIONAL_REPRESENTATION('',(#2451),#2455);
#2451 = LINE('',#2452,#2453);
#2452 = CARTESIAN_POINT('',(0.,120.));
#2453 = VECTOR('',#2454,1.);
#2454 = DIRECTION('',(1.,0.));
#2455 = ( GEOMETRIC_REPRESENTATION_CONTEXT(2) 
PARAMETRIC_REPRESENTATION_CONTEXT() REPRESENTATION_CONTEXT('2D SPACE',''
  ) );
#2456 = ORIENTED_EDGE('',*,*,#2320,.F.);
#2457 = ADVANCED_FACE('',(#2458),#2198,.F.);
#2458 = FACE_BOUND('',#2459,.F.);
#2459 = EDGE_LOOP('',(#2460,#2461,#2462,#2463));
#2460 = ORIENTED_EDGE('',*,*,#2182,.F.);
#2461 = ORIENTED_EDGE('',*,*,#2367,.T.);
#2462 = ORIENTED_EDGE('',*,*,#2297,.T.);
#2463 = ORIENTED_EDGE('',*,*,#2414,.F.);
#2464 = ADVANCED_FACE('',(#2465),#2252,.T.);
#2465 = FACE_BOUND('',#2466,.T.);
#2466 = EDGE_LOOP('',(#2467,#2468,#2469,#2470));
#2467 = ORIENTED_EDGE('',*,*,#2238,.F.);
#2468 = ORIENTED_EDGE('',*,*,#2389,.T.);
#2469 = ORIENTED_EDGE('',*,*,#2343,.T.);
#2470 = ORIENTED_EDGE('',*,*,#2436,.F.);
#2471 = ( GEOMETRIC_REPRESENTATION_CONTEXT(3) 
GLOBAL_UNCERTAINTY_ASSIGNED_CONTEXT((#2475)) 
GLOBAL_UNIT_ASSIGNED_CONTEXT((#2472,#2473,#2474)) REPRESENTATION_CONTEXT
('Context #1','3D Context with UNIT and UNCERTAINTY') );
#2472 = ( LENGTH_UNIT() NAMED_UNIT(*) SI_UNIT(.MILLI.,.METRE.) );
#2473 = ( NAMED_UNIT(*) PLANE_ANGLE_UNIT() SI_UNIT($,.RADIAN.) );
#2474 = ( NAMED_UNIT(*) SI_UNIT($,.STERADIAN.) SOLID_ANGLE_UNIT() );
#2475 = UNCERTAINTY_MEASURE_WITH_UNIT(LENGTH_MEASURE(1.E-07),#2472,
  'distance_accuracy_value','confusion accuracy');
#2476 = CONTEXT_DEPENDENT_SHAPE_REPRESENTATION(#2477,#2479);
#2477 = ( REPRESENTATION_RELATIONSHIP('','',#2140,#10) 
REPRESENTATION_RELATIONSHIP_WITH_TRANSFORMATION(#2478) 
SHAPE_REPRESENTATION_RELATIONSHIP() );
#2478 = ITEM_DEFINED_TRANSFORMATION('','',#11,#39);
#2479 = PRODUCT_DEFINITION_SHAPE('Placement','Placement of an item',
  #2480);
#2480 = NEXT_ASSEMBLY_USAGE_OCCURRENCE('44','part6','',#5,#2135,$);
#2481 = PRODUCT_RELATED_PRODUCT_CATEGORY('part',$,(#2137));
#2482 = SHAPE_DEFINITION_REPRESENTATION(#2483,#2489);
#2483 = PRODUCT_DEFINITION_SHAPE('','',#2484);
#2484 = PRODUCT_DEFINITION('design','',#2485,#2488);
#2485 = PRODUCT_DEFINITION_FORMATION('','',#2486);
#2486 = PRODUCT('part7','part7','',(#2487));
#2487 = PRODUCT_CONTEXT('',#2,'mechanical');
#2488 = PRODUCT_DEFINITION_CONTEXT('part definition',#2,'design');
#2489 = ADVANCED_BREP_SHAPE_REPRESENTATION('',(#11,#2490),#2820);
#2490 = MANIFOLD_SOLID_BREP('',#2491);
#2491 = CLOSED_SHELL('',(#2492,#2612,#2712,#2759,#2806,#2813));
#2492 = ADVANCED_FACE('',(#2493),#2507,.F.);
#2493 = FACE_BOUND('',#2494,.F.);
#2494 = EDGE_LOOP('',(#2495,#2530,#2558,#2586));
#2495 = ORIENTED_EDGE('',*,*,#2496,.F.);
#2496 = EDGE_CURVE('',#2497,#2499,#2501,.T.);
#2497 = VERTEX_POINT('',#2498);
#2498 = CARTESIAN_POINT('',(-1.3E+03,7.85E+03,4.3E+03));
#2499 = VERTEX_POINT('',#2500);
#2500 = CARTESIAN_POINT('',(-1.3E+03,7.85E+03,7.3E+03));
#2501 = SURFACE_CURVE('',#2502,(#2506,#2518),.PCURVE_S1.);
#2502 = LINE('',#2503,#2504);
#2503 = CARTESIAN_POINT('',(-1.3E+03,7.85E+03,4.3E+03));
#2504 = VECTOR('',#2505,1.);
#2505 = DIRECTION('',(0.,0.,1.));
#2506 = PCURVE('',#2507,#2512);
#2507 = PLANE('',#2508);
#2508 = AXIS2_PLACEMENT_3D('',#2509,#2510,#2511);
#2509 = CARTESIAN_POINT('',(-1.3E+03,7.85E+03,4.3E+03));
#2510 = DIRECTION('',(1.,0.,0.));
#2511 = DIRECTION('',(0.,0.,1.));
#2512 = DEFINITIONAL_REPRESENTATION('',(#2513),#2517);
#2513 = LINE('',#2514,#2515);
#2514 = CARTESIAN_POINT('',(0.,0.));
#2515 = VECTOR('',#2516,1.);
#2516 = DIRECTION('',(1.,0.));
#2517 = ( GEOMETRIC_REPRESENTATION_CONTEXT(2) 
PARAMETRIC_REPRESENTATION_CONTEXT() REPRESENTATION_CONTEXT('2D SPACE',''
  ) );
#2518 = PCURVE('',#2519,#2524);
#2519 = PLANE('',#2520);
#2520 = AXIS2_PLACEMENT_3D('',#2521,#2522,#2523);
#2521 = CARTESIAN_POINT('',(-1.3E+03,7.85E+03,4.3E+03));
#2522 = DIRECTION('',(0.,1.,0.));
#2523 = DIRECTION('',(0.,0.,1.));
#2524 = DEFINITIONAL_REPRESENTATION('',(#2525),#2529);
#2525 = LINE('',#2526,#2527);
#2526 = CARTESIAN_POINT('',(0.,0.));
#2527 = VECTOR('',#2528,1.);
#2528 = DIRECTION('',(1.,0.));
#2529 = ( GEOMETRIC_REPRESENTATION_CONTEXT(2) 
PARAMETRIC_REPRESENTATION_CONTEXT() REPRESENTATION_CONTEXT('2D SPACE',''
  ) );
#2530 = ORIENTED_EDGE('',*,*,#2531,.T.);
#2531 = EDGE_CURVE('',#2497,#2532,#2534,.T.);
#2532 = VERTEX_POINT('',#2533);
#2533 = CARTESIAN_POINT('',(-1.3E+03,8.15E+03,4.3E+03));
#2534 = SURFACE_CURVE('',#2535,(#2539,#2546),.PCURVE_S1.);
#2535 = LINE('',#2536,#2537);
#2536 = CARTESIAN_POINT('',(-1.3E+03,7.85E+03,4.3E+03));
#2537 = VECTOR('',#2538,1.);
#2538 = DIRECTION('',(0.,1.,0.));
#2539 = PCURVE('',#2507,#2540);
#2540 = DEFINITIONAL_REPRESENTATION('',(#2541),#2545);
#2541 = LINE('',#2542,#2543);
#2542 = CARTESIAN_POINT('',(0.,0.));
#2543 = VECTOR('',#2544,1.);
#2544 = DIRECTION('',(0.,-1.));
#2545 = ( GEOMETRIC_REPRESENTATION_CONTEXT(2) 
PARAMETRIC_REPRESENTATION_CONTEXT() REPRESENTATION_CONTEXT('2D SPACE',''
  ) );
#2546 = PCURVE('',#2547,#2552);
#2547 = PLANE('',#2548);
#2548 = AXIS2_PLACEMENT_3D('',#2549,#2550,#2551);
#2549 = CARTESIAN_POINT('',(-1.3E+03,7.85E+03,4.3E+03));
#2550 = DIRECTION('',(0.,0.,1.));
#2551 = DIRECTION('',(1.,0.,0.));
#2552 = DEFINITIONAL_REPRESENTATION('',(#2553),#2557);
#2553 = LINE('',#2554,#2555);
#2554 = CARTESIAN_POINT('',(0.,0.));
#2555 = VECTOR('',#2556,1.);
#2556 = DIRECTION('',(0.,1.));
#2557 = ( GEOMETRIC_REPRESENTATION_CONTEXT(2) 
PARAMETRIC_REPRESENTATION_CONTEXT() REPRESENTATION_CONTEXT('2D SPACE',''
  ) );
#2558 = ORIENTED_EDGE('',*,*,#2559,.T.);
#2559 = EDGE_CURVE('',#2532,#2560,#2562,.T.);
#2560 = VERTEX_POINT('',#2561);
#2561 = CARTESIAN_POINT('',(-1.3E+03,8.15E+03,7.3E+03));
#2562 = SURFACE_CURVE('',#2563,(#2567,#2574),.PCURVE_S1.);
#2563 = LINE('',#2564,#2565);
#2564 = CARTESIAN_POINT('',(-1.3E+03,8.15E+03,4.3E+03));
#2565 = VECTOR('',#2566,1.);
#2566 = DIRECTION('',(0.,0.,1.));
#2567 = PCURVE('',#2507,#2568);
#2568 = DEFINITIONAL_REPRESENTATION('',(#2569),#2573);
#2569 = LINE('',#2570,#2571);
#2570 = CARTESIAN_POINT('',(0.,-300.));
#2571 = VECTOR('',#2572,1.);
#2572 = DIRECTION('',(1.,0.));
#2573 = ( GEOMETRIC_REPRESENTATION_CONTEXT(2) 
PARAMETRIC_REPRESENTATION_CONTEXT() REPRESENTATION_CONTEXT('2D SPACE',''
  ) );
#2574 = PCURVE('',#2575,#2580);
#2575 = PLANE('',#2576);
#2576 = AXIS2_PLACEMENT_3D('',#2577,#2578,#2579);
#2577 = CARTESIAN_POINT('',(-1.3E+03,8.15E+03,4.3E+03));
#2578 = DIRECTION('',(0.,1.,0.));
#2579 = DIRECTION('',(0.,0.,1.));
#2580 = DEFINITIONAL_REPRESENTATION('',(#2581),#2585);
#2581 = LINE('',#2582,#2583);
#2582 = CARTESIAN_POINT('',(0.,0.));
#2583 = VECTOR('',#2584,1.);
#2584 = DIRECTION('',(1.,0.));
#2585 = ( GEOMETRIC_REPRESENTATION_CONTEXT(2) 
PARAMETRIC_REPRESENTATION_CONTEXT() REPRESENTATION_CONTEXT('2D SPACE',''
  ) );
#2586 = ORIENTED_EDGE('',*,*,#2587,.F.);
#2587 = EDGE_CURVE('',#2499,#2560,#2588,.T.);
#2588 = SURFACE_CURVE('',#2589,(#2593,#2600),.PCURVE_S1.);
#2589 = LINE('',#2590,#2591);
#2590 = CARTESIAN_POINT('',(-1.3E+03,7.85E+03,7.3E+03));
#2591 = VECTOR('',#2592,1.);
#2592 = DIRECTION('',(0.,1.,0.));
#2593 = PCURVE('',#2507,#2594);
#2594 = DEFINITIONAL_REPRESENTATION('',(#2595),#2599);
#2595 = LINE('',#2596,#2597);
#2596 = CARTESIAN_POINT('',(3.E+03,0.));
#2597 = VECTOR('',#2598,1.);
#2598 = DIRECTION('',(0.,-1.));
#2599 = ( GEOMETRIC_REPRESENTATION_CONTEXT(2) 
PARAMETRIC_REPRESENTATION_CONTEXT() REPRESENTATION_CONTEXT('2D SPACE',''
  ) );
#2600 = PCURVE('',#2601,#2606);
#2601 = PLANE('',#2602);
#2602 = AXIS2_PLACEMENT_3D('',#2603,#2604,#2605);
#2603 = CARTESIAN_POINT('',(-1.3E+03,7.85E+03,7.3E+03));
#2604 = DIRECTION('',(0.,0.,1.));
#2605 = DIRECTION('',(1.,0.,0.));
#2606 = DEFINITIONAL_REPRESENTATION('',(#2607),#2611);
#2607 = LINE('',#2608,#2609);
#2608 = CARTESIAN_POINT('',(0.,0.));
#2609 = VECTOR('',#2610,1.);
#2610 = DIRECTION('',(0.,1.));
#2611 = ( GEOMETRIC_REPRESENTATION_CONTEXT(2) 
PARAMETRIC_REPRESENTATION_CONTEXT() REPRESENTATION_CONTEXT('2D SPACE',''
  ) );
#2612 = ADVANCED_FACE('',(#2613),#2627,.T.);
#2613 = FACE_BOUND('',#2614,.T.);
#2614 = EDGE_LOOP('',(#2615,#2645,#2668,#2691));
#2615 = ORIENTED_EDGE('',*,*,#2616,.F.);
#2616 = EDGE_CURVE('',#2617,#2619,#2621,.T.);
#2617 = VERTEX_POINT('',#2618);
#2618 = CARTESIAN_POINT('',(1.3E+03,7.85E+03,4.3E+03));
#2619 = VERTEX_POINT('',#2620);
#2620 = CARTESIAN_POINT('',(1.3E+03,7.85E+03,7.3E+03));
#2621 = SURFACE_CURVE('',#2622,(#2626,#2638),.PCURVE_S1.);
#2622 = LINE('',#2623,#2624);
#2623 = CARTESIAN_POINT('',(1.3E+03,7.85E+03,4.3E+03));
#2624 = VECTOR('',#2625,1.);
#2625 = DIRECTION('',(0.,0.,1.));
#2626 = PCURVE('',#2627,#2632);
#2627 = PLANE('',#2628);
#2628 = AXIS2_PLACEMENT_3D('',#2629,#2630,#2631);
#2629 = CARTESIAN_POINT('',(1.3E+03,7.85E+03,4.3E+03));
#2630 = DIRECTION('',(1.,0.,0.));
#2631 = DIRECTION('',(0.,0.,1.));
#2632 = DEFINITIONAL_REPRESENTATION('',(#2633),#2637);
#2633 = LINE('',#2634,#2635);
#2634 = CARTESIAN_POINT('',(0.,0.));
#2635 = VECTOR('',#2636,1.);
#2636 = DIRECTION('',(1.,0.));
#2637 = ( GEOMETRIC_REPRESENTATION_CONTEXT(2) 
PARAMETRIC_REPRESENTATION_CONTEXT() REPRESENTATION_CONTEXT('2D SPACE',''
  ) );
#2638 = PCURVE('',#2519,#2639);
#2639 = DEFINITIONAL_REPRESENTATION('',(#2640),#2644);
#2640 = LINE('',#2641,#2642);
#2641 = CARTESIAN_POINT('',(0.,2.6E+03));
#2642 = VECTOR('',#2643,1.);
#2643 = DIRECTION('',(1.,0.));
#2644 = ( GEOMETRIC_REPRESENTATION_CONTEXT(2) 
PARAMETRIC_REPRESENTATION_CONTEXT() REPRESENTATION_CONTEXT('2D SPACE',''
  ) );
#2645 = ORIENTED_EDGE('',*,*,#2646,.T.);
#2646 = EDGE_CURVE('',#2617,#2647,#2649,.T.);
#2647 = VERTEX_POINT('',#2648);
#2648 = CARTESIAN_POINT('',(1.3E+03,8.15E+03,4.3E+03));
#2649 = SURFACE_CURVE('',#2650,(#2654,#2661),.PCURVE_S1.);
#2650 = LINE('',#2651,#2652);
#2651 = CARTESIAN_POINT('',(1.3E+03,7.85E+03,4.3E+03));
#2652 = VECTOR('',#2653,1.);
#2653 = DIRECTION('',(0.,1.,0.));
#2654 = PCURVE('',#2627,#2655);
#2655 = DEFINITIONAL_REPRESENTATION('',(#2656),#2660);
#2656 = LINE('',#2657,#2658);
#2657 = CARTESIAN_POINT('',(0.,0.));
#2658 = VECTOR('',#2659,1.);
#2659 = DIRECTION('',(0.,-1.));
#2660 = ( GEOMETRIC_REPRESENTATION_CONTEXT(2) 
PARAMETRIC_REPRESENTATION_CONTEXT() REPRESENTATION_CONTEXT('2D SPACE',''
  ) );
#2661 = PCURVE('',#2547,#2662);
#2662 = DEFINITIONAL_REPRESENTATION('',(#2663),#2667);
#2663 = LINE('',#2664,#2665);
#2664 = CARTESIAN_POINT('',(2.6E+03,0.));
#2665 = VECTOR('',#2666,1.);
#2666 = DIRECTION('',(0.,1.));
#2667 = ( GEOMETRIC_REPRESENTATION_CONTEXT(2) 
PARAMETRIC_REPRESENTATION_CONTEXT() REPRESENTATION_CONTEXT('2D SPACE',''
  ) );
#2668 = ORIENTED_EDGE('',*,*,#2669,.T.);
#2669 = EDGE_CURVE('',#2647,#2670,#2672,.T.);
#2670 = VERTEX_POINT('',#2671);
#2671 = CARTESIAN_POINT('',(1.3E+03,8.15E+03,7.3E+03));
#2672 = SURFACE_CURVE('',#2673,(#2677,#2684),.PCURVE_S1.);
#2673 = LINE('',#2674,#2675);
#2674 = CARTESIAN_POINT('',(1.3E+03,8.15E+03,4.3E+03));
#2675 = VECTOR('',#2676,1.);
#2676 = DIRECTION('',(0.,0.,1.));
#2677 = PCURVE('',#2627,#2678);
#2678 = DEFINITIONAL_REPRESENTATION('',(#2679),#2683);
#2679 = LINE('',#2680,#2681);
#2680 = CARTESIAN_POINT('',(0.,-300.));
#2681 = VECTOR('',#2682,1.);
#2682 = DIRECTION('',(1.,0.));
#2683 = ( GEOMETRIC_REPRESENTATION_CONTEXT(2) 
PARAMETRIC_REPRESENTATION_CONTEXT() REPRESENTATION_CONTEXT('2D SPACE',''
  ) );
#2684 = PCURVE('',#2575,#2685);
#2685 = DEFINITIONAL_REPRESENTATION('',(#2686),#2690);
#2686 = LINE('',#2687,#2688);
#2687 = CARTESIAN_POINT('',(0.,2.6E+03));
#2688 = VECTOR('',#2689,1.);
#2689 = DIRECTION('',(1.,0.));
#2690 = ( GEOMETRIC_REPRESENTATION_CONTEXT(2) 
PARAMETRIC_REPRESENTATION_CONTEXT() REPRESENTATION_CONTEXT('2D SPACE',''
  ) );
#2691 = ORIENTED_EDGE('',*,*,#2692,.F.);
#2692 = EDGE_CURVE('',#2619,#2670,#2693,.T.);
#2693 = SURFACE_CURVE('',#2694,(#2698,#2705),.PCURVE_S1.);
#2694 = LINE('',#2695,#2696);
#2695 = CARTESIAN_POINT('',(1.3E+03,7.85E+03,7.3E+03));
#2696 = VECTOR('',#2697,1.);
#2697 = DIRECTION('',(0.,1.,0.));
#2698 = PCURVE('',#2627,#2699);
#2699 = DEFINITIONAL_REPRESENTATION('',(#2700),#2704);
#2700 = LINE('',#2701,#2702);
#2701 = CARTESIAN_POINT('',(3.E+03,0.));
#2702 = VECTOR('',#2703,1.);
#2703 = DIRECTION('',(0.,-1.));
#2704 = ( GEOMETRIC_REPRESENTATION_CONTEXT(2) 
PARAMETRIC_REPRESENTATION_CONTEXT() REPRESENTATION_CONTEXT('2D SPACE',''
  ) );
#2705 = PCURVE('',#2601,#2706);
#2706 = DEFINITIONAL_REPRESENTATION('',(#2707),#2711);
#2707 = LINE('',#2708,#2709);
#2708 = CARTESIAN_POINT('',(2.6E+03,0.));
#2709 = VECTOR('',#2710,1.);
#2710 = DIRECTION('',(0.,1.));
#2711 = ( GEOMETRIC_REPRESENTATION_CONTEXT(2) 
PARAMETRIC_REPRESENTATION_CONTEXT() REPRESENTATION_CONTEXT('2D SPACE',''
  ) );
#2712 = ADVANCED_FACE('',(#2713),#2519,.F.);
#2713 = FACE_BOUND('',#2714,.F.);
#2714 = EDGE_LOOP('',(#2715,#2736,#2737,#2758));
#2715 = ORIENTED_EDGE('',*,*,#2716,.F.);
#2716 = EDGE_CURVE('',#2497,#2617,#2717,.T.);
#2717 = SURFACE_CURVE('',#2718,(#2722,#2729),.PCURVE_S1.);
#2718 = LINE('',#2719,#2720);
#2719 = CARTESIAN_POINT('',(-1.3E+03,7.85E+03,4.3E+03));
#2720 = VECTOR('',#2721,1.);
#2721 = DIRECTION('',(1.,0.,0.));
#2722 = PCURVE('',#2519,#2723);
#2723 = DEFINITIONAL_REPRESENTATION('',(#2724),#2728);
#2724 = LINE('',#2725,#2726);
#2725 = CARTESIAN_POINT('',(0.,0.));
#2726 = VECTOR('',#2727,1.);
#2727 = DIRECTION('',(0.,1.));
#2728 = ( GEOMETRIC_REPRESENTATION_CONTEXT(2) 
PARAMETRIC_REPRESENTATION_CONTEXT() REPRESENTATION_CONTEXT('2D SPACE',''
  ) );
#2729 = PCURVE('',#2547,#2730);
#2730 = DEFINITIONAL_REPRESENTATION('',(#2731),#2735);
#2731 = LINE('',#2732,#2733);
#2732 = CARTESIAN_POINT('',(0.,0.));
#2733 = VECTOR('',#2734,1.);
#2734 = DIRECTION('',(1.,0.));
#2735 = ( GEOMETRIC_REPRESENTATION_CONTEXT(2) 
PARAMETRIC_REPRESENTATION_CONTEXT() REPRESENTATION_CONTEXT('2D SPACE',''
  ) );
#2736 = ORIENTED_EDGE('',*,*,#2496,.T.);
#2737 = ORIENTED_EDGE('',*,*,#2738,.T.);
#2738 = EDGE_CURVE('',#2499,#2619,#2739,.T.);
#2739 = SURFACE_CURVE('',#2740,(#2744,#2751),.PCURVE_S1.);
#2740 = LINE('',#2741,#2742);
#2741 = CARTESIAN_POINT('',(-1.3E+03,7.85E+03,7.3E+03));
#2742 = VECTOR('',#2743,1.);
#2743 = DIRECTION('',(1.,0.,0.));
#2744 = PCURVE('',#2519,#2745);
#2745 = DEFINITIONAL_REPRESENTATION('',(#2746),#2750);
#2746 = LINE('',#2747,#2748);
#2747 = CARTESIAN_POINT('',(3.E+03,0.));
#2748 = VECTOR('',#2749,1.);
#2749 = DIRECTION('',(0.,1.));
#2750 = ( GEOMETRIC_REPRESENTATION_CONTEXT(2) 
PARAMETRIC_REPRESENTATION_CONTEXT() REPRESENTATION_CONTEXT('2D SPACE',''
  ) );
#2751 = PCURVE('',#2601,#2752);
#2752 = DEFINITIONAL_REPRESENTATION('',(#2753),#2757);
#2753 = LINE('',#2754,#2755);
#2754 = CARTESIAN_POINT('',(0.,0.));
#2755 = VECTOR('',#2756,1.);
#2756 = DIRECTION('',(1.,0.));
#2757 = ( GEOMETRIC_REPRESENTATION_CONTEXT(2) 
PARAMETRIC_REPRESENTATION_CONTEXT() REPRESENTATION_CONTEXT('2D SPACE',''
  ) );
#2758 = ORIENTED_EDGE('',*,*,#2616,.F.);
#2759 = ADVANCED_FACE('',(#2760),#2575,.T.);
#2760 = FACE_BOUND('',#2761,.T.);
#2761 = EDGE_LOOP('',(#2762,#2783,#2784,#2805));
#2762 = ORIENTED_EDGE('',*,*,#2763,.F.);
#2763 = EDGE_CURVE('',#2532,#2647,#2764,.T.);
#2764 = SURFACE_CURVE('',#2765,(#2769,#2776),.PCURVE_S1.);
#2765 = LINE('',#2766,#2767);
#2766 = CARTESIAN_POINT('',(-1.3E+03,8.15E+03,4.3E+03));
#2767 = VECTOR('',#2768,1.);
#2768 = DIRECTION('',(1.,0.,0.));
#2769 = PCURVE('',#2575,#2770);
#2770 = DEFINITIONAL_REPRESENTATION('',(#2771),#2775);
#2771 = LINE('',#2772,#2773);
#2772 = CARTESIAN_POINT('',(0.,0.));
#2773 = VECTOR('',#2774,1.);
#2774 = DIRECTION('',(0.,1.));
#2775 = ( GEOMETRIC_REPRESENTATION_CONTEXT(2) 
PARAMETRIC_REPRESENTATION_CONTEXT() REPRESENTATION_CONTEXT('2D SPACE',''
  ) );
#2776 = PCURVE('',#2547,#2777);
#2777 = DEFINITIONAL_REPRESENTATION('',(#2778),#2782);
#2778 = LINE('',#2779,#2780);
#2779 = CARTESIAN_POINT('',(0.,300.));
#2780 = VECTOR('',#2781,1.);
#2781 = DIRECTION('',(1.,0.));
#2782 = ( GEOMETRIC_REPRESENTATION_CONTEXT(2) 
PARAMETRIC_REPRESENTATION_CONTEXT() REPRESENTATION_CONTEXT('2D SPACE',''
  ) );
#2783 = ORIENTED_EDGE('',*,*,#2559,.T.);
#2784 = ORIENTED_EDGE('',*,*,#2785,.T.);
#2785 = EDGE_CURVE('',#2560,#2670,#2786,.T.);
#2786 = SURFACE_CURVE('',#2787,(#2791,#2798),.PCURVE_S1.);
#2787 = LINE('',#2788,#2789);
#2788 = CARTESIAN_POINT('',(-1.3E+03,8.15E+03,7.3E+03));
#2789 = VECTOR('',#2790,1.);
#2790 = DIRECTION('',(1.,0.,0.));
#2791 = PCURVE('',#2575,#2792);
#2792 = DEFINITIONAL_REPRESENTATION('',(#2793),#2797);
#2793 = LINE('',#2794,#2795);
#2794 = CARTESIAN_POINT('',(3.E+03,0.));
#2795 = VECTOR('',#2796,1.);
#2796 = DIRECTION('',(0.,1.));
#2797 = ( GEOMETRIC_REPRESENTATION_CONTEXT(2) 
PARAMETRIC_REPRESENTATION_CONTEXT() REPRESENTATION_CONTEXT('2D SPACE',''
  ) );
#2798 = PCURVE('',#2601,#2799);
#2799 = DEFINITIONAL_REPRESENTATION('',(#2800),#2804);
#2800 = LINE('',#2801,#2802);
#2801 = CARTESIAN_POINT('',(0.,300.));
#2802 = VECTOR('',#2803,1.);
#2803 = DIRECTION('',(1.,0.));
#2804 = ( GEOMETRIC_REPRESENTATION_CONTEXT(2) 
PARAMETRIC_REPRESENTATION_CONTEXT() REPRESENTATION_CONTEXT('2D SPACE',''
  ) );
#2805 = ORIENTED_EDGE('',*,*,#2669,.F.);
#2806 = ADVANCED_FACE('',(#2807),#2547,.F.);
#2807 = FACE_BOUND('',#2808,.F.);
#2808 = EDGE_LOOP('',(#2809,#2810,#2811,#2812));
#2809 = ORIENTED_EDGE('',*,*,#2531,.F.);
#2810 = ORIENTED_EDGE('',*,*,#2716,.T.);
#2811 = ORIENTED_EDGE('',*,*,#2646,.T.);
#2812 = ORIENTED_EDGE('',*,*,#2763,.F.);
#2813 = ADVANCED_FACE('',(#2814),#2601,.T.);
#2814 = FACE_BOUND('',#2815,.T.);
#2815 = EDGE_LOOP('',(#2816,#2817,#2818,#2819));
#2816 = ORIENTED_EDGE('',*,*,#2587,.F.);
#2817 = ORIENTED_EDGE('',*,*,#2738,.T.);
#2818 = ORIENTED_EDGE('',*,*,#2692,.T.);
#2819 = ORIENTED_EDGE('',*,*,#2785,.F.);
#2820 = ( GEOMETRIC_REPRESENTATION_CONTEXT(3) 
GLOBAL_UNCERTAINTY_ASSIGNED_CONTEXT((#2824)) 
GLOBAL_UNIT_ASSIGNED_CONTEXT((#2821,#2822,#2823)) REPRESENTATION_CONTEXT
('Context #1','3D Context with UNIT and UNCERTAINTY') );
#2821 = ( LENGTH_UNIT() NAMED_UNIT(*) SI_UNIT(.MILLI.,.METRE.) );
#2822 = ( NAMED_UNIT(*) PLANE_ANGLE_UNIT() SI_UNIT($,.RADIAN.) );
#2823 = ( NAMED_UNIT(*) SI_UNIT($,.STERADIAN.) SOLID_ANGLE_UNIT() );
#2824 = UNCERTAINTY_MEASURE_WITH_UNIT(LENGTH_MEASURE(1.E-07),#2821,
  'distance_accuracy_value','confusion accuracy');
#2825 = CONTEXT_DEPENDENT_SHAPE_REPRESENTATION(#2826,#2828);
#2826 = ( REPRESENTATION_RELATIONSHIP('','',#2489,#10) 
REPRESENTATION_RELATIONSHIP_WITH_TRANSFORMATION(#2827) 
SHAPE_REPRESENTATION_RELATIONSHIP() );
#2827 = ITEM_DEFINED_TRANSFORMATION('','',#11,#43);
#2828 = PRODUCT_DEFINITION_SHAPE('Placement','Placement of an item',
  #2829);
#2829 = NEXT_ASSEMBLY_USAGE_OCCURRENCE('45','part7','',#5,#2484,$);
#2830 = PRODUCT_RELATED_PRODUCT_CATEGORY('part',$,(#2486));
#2831 = SHAPE_DEFINITION_REPRESENTATION(#2832,#2838);
#2832 = PRODUCT_DEFINITION_SHAPE('','',#2833);
#2833 = PRODUCT_DEFINITION('design','',#2834,#2837);
#2834 = PRODUCT_DEFINITION_FORMATION('','',#2835);
#2835 = PRODUCT('part8','part8','',(#2836));
#2836 = PRODUCT_CONTEXT('',#2,'mechanical');
#2837 = PRODUCT_DEFINITION_CONTEXT('part definition',#2,'design');
#2838 = ADVANCED_BREP_SHAPE_REPRESENTATION('',(#11,#2839),#3169);
#2839 = MANIFOLD_SOLID_BREP('',#2840);
#2840 = CLOSED_SHELL('',(#2841,#2961,#3061,#3108,#3155,#3162));
#2841 = ADVANCED_FACE('',(#2842),#2856,.F.);
#2842 = FACE_BOUND('',#2843,.F.);
#2843 = EDGE_LOOP('',(#2844,#2879,#2907,#2935));
#2844 = ORIENTED_EDGE('',*,*,#2845,.F.);
#2845 = EDGE_CURVE('',#2846,#2848,#2850,.T.);
#2846 = VERTEX_POINT('',#2847);
#2847 = CARTESIAN_POINT('',(-9.7E+03,7.96E+03,4.9E+03));
#2848 = VERTEX_POINT('',#2849);
#2849 = CARTESIAN_POINT('',(-9.7E+03,7.96E+03,6.7E+03));
#2850 = SURFACE_CURVE('',#2851,(#2855,#2867),.PCURVE_S1.);
#2851 = LINE('',#2852,#2853);
#2852 = CARTESIAN_POINT('',(-9.7E+03,7.96E+03,4.9E+03));
#2853 = VECTOR('',#2854,1.);
#2854 = DIRECTION('',(0.,0.,1.));
#2855 = PCURVE('',#2856,#2861);
#2856 = PLANE('',#2857);
#2857 = AXIS2_PLACEMENT_3D('',#2858,#2859,#2860);
#2858 = CARTESIAN_POINT('',(-9.7E+03,7.96E+03,4.9E+03));
#2859 = DIRECTION('',(1.,0.,0.));
#2860 = DIRECTION('',(0.,0.,1.));
#2861 = DEFINITIONAL_REPRESENTATION('',(#2862),#2866);
#2862 = LINE('',#2863,#2864);
#2863 = CARTESIAN_POINT('',(0.,0.));
#2864 = VECTOR('',#2865,1.);
#2865 = DIRECTION('',(1.,0.));
#2866 = ( GEOMETRIC_REPRESENTATION_CONTEXT(2) 
PARAMETRIC_REPRESENTATION_CONTEXT() REPRESENTATION_CONTEXT('2D SPACE',''
  ) );
#2867 = PCURVE('',#2868,#2873);
#2868 = PLANE('',#2869);
#2869 = AXIS2_PLACEMENT_3D('',#2870,#2871,#2872);
#2870 = CARTESIAN_POINT('',(-9.7E+03,7.96E+03,4.9E+03));
#2871 = DIRECTION('',(0.,1.,0.));
#2872 = DIRECTION('',(0.,0.,1.));
#2873 = DEFINITIONAL_REPRESENTATION('',(#2874),#2878);
#2874 = LINE('',#2875,#2876);
#2875 = CARTESIAN_POINT('',(0.,0.));
#2876 = VECTOR('',#2877,1.);
#2877 = DIRECTION('',(1.,0.));
#2878 = ( GEOMETRIC_REPRESENTATION_CONTEXT(2) 
PARAMETRIC_REPRESENTATION_CONTEXT() REPRESENTATION_CONTEXT('2D SPACE',''
  ) );
#2879 = ORIENTED_EDGE('',*,*,#2880,.T.);
#2880 = EDGE_CURVE('',#2846,#2881,#2883,.T.);
#2881 = VERTEX_POINT('',#2882);
#2882 = CARTESIAN_POINT('',(-9.7E+03,8.08E+03,4.9E+03));
#2883 = SURFACE_CURVE('',#2884,(#2888,#2895),.PCURVE_S1.);
#2884 = LINE('',#2885,#2886);
#2885 = CARTESIAN_POINT('',(-9.7E+03,7.96E+03,4.9E+03));
#2886 = VECTOR('',#2887,1.);
#2887 = DIRECTION('',(0.,1.,0.));
#2888 = PCURVE('',#2856,#2889);
#2889 = DEFINITIONAL_REPRESENTATION('',(#2890),#2894);
#2890 = LINE('',#2891,#2892);
#2891 = CARTESIAN_POINT('',(0.,0.));
#2892 = VECTOR('',#2893,1.);
#2893 = DIRECTION('',(0.,-1.));
#2894 = ( GEOMETRIC_REPRESENTATION_CONTEXT(2) 
PARAMETRIC_REPRESENTATION_CONTEXT() REPRESENTATION_CONTEXT('2D SPACE',''
  ) );
#2895 = PCURVE('',#2896,#2901);
#2896 = PLANE('',#2897);
#2897 = AXIS2_PLACEMENT_3D('',#2898,#2899,#2900);
#2898 = CARTESIAN_POINT('',(-9.7E+03,7.96E+03,4.9E+03));
#2899 = DIRECTION('',(0.,0.,1.));
#2900 = DIRECTION('',(1.,0.,0.));
#2901 = DEFINITIONAL_REPRESENTATION('',(#2902),#2906);
#2902 = LINE('',#2903,#2904);
#2903 = CARTESIAN_POINT('',(0.,0.));
#2904 = VECTOR('',#2905,1.);
#2905 = DIRECTION('',(0.,1.));
#2906 = ( GEOMETRIC_REPRESENTATION_CONTEXT(2) 
PARAMETRIC_REPRESENTATION_CONTEXT() REPRESENTATION_CONTEXT('2D SPACE',''
  ) );
#2907 = ORIENTED_EDGE('',*,*,#2908,.T.);
#2908 = EDGE_CURVE('',#2881,#2909,#2911,.T.);
#2909 = VERTEX_POINT('',#2910);
#2910 = CARTESIAN_POINT('',(-9.7E+03,8.08E+03,6.7E+03));
#2911 = SURFACE_CURVE('',#2912,(#2916,#2923),.PCURVE_S1.);
#2912 = LINE('',#2913,#2914);
#2913 = CARTESIAN_POINT('',(-9.7E+03,8.08E+03,4.9E+03));
#2914 = VECTOR('',#2915,1.);
#2915 = DIRECTION('',(0.,0.,1.));
#2916 = PCURVE('',#2856,#2917);
#2917 = DEFINITIONAL_REPRESENTATION('',(#2918),#2922);
#2918 = LINE('',#2919,#2920);
#2919 = CARTESIAN_POINT('',(0.,-120.));
#2920 = VECTOR('',#2921,1.);
#2921 = DIRECTION('',(1.,0.));
#2922 = ( GEOMETRIC_REPRESENTATION_CONTEXT(2) 
PARAMETRIC_REPRESENTATION_CONTEXT() REPRESENTATION_CONTEXT('2D SPACE',''
  ) );
#2923 = PCURVE('',#2924,#2929);
#2924 = PLANE('',#2925);
#2925 = AXIS2_PLACEMENT_3D('',#2926,#2927,#2928);
#2926 = CARTESIAN_POINT('',(-9.7E+03,8.08E+03,4.9E+03));
#2927 = DIRECTION('',(0.,1.,0.));
#2928 = DIRECTION('',(0.,0.,1.));
#2929 = DEFINITIONAL_REPRESENTATION('',(#2930),#2934);
#2930 = LINE('',#2931,#2932);
#2931 = CARTESIAN_POINT('',(0.,0.));
#2932 = VECTOR('',#2933,1.);
#2933 = DIRECTION('',(1.,0.));
#2934 = ( GEOMETRIC_REPRESENTATION_CONTEXT(2) 
PARAMETRIC_REPRESENTATION_CONTEXT() REPRESENTATION_CONTEXT('2D SPACE',''
  ) );
#2935 = ORIENTED_EDGE('',*,*,#2936,.F.);
#2936 = EDGE_CURVE('',#2848,#2909,#2937,.T.);
#2937 = SURFACE_CURVE('',#2938,(#2942,#2949),.PCURVE_S1.);
#2938 = LINE('',#2939,#2940);
#2939 = CARTESIAN_POINT('',(-9.7E+03,7.96E+03,6.7E+03));
#2940 = VECTOR('',#2941,1.);
#2941 = DIRECTION('',(0.,1.,0.));
#2942 = PCURVE('',#2856,#2943);
#2943 = DEFINITIONAL_REPRESENTATION('',(#2944),#2948);
#2944 = LINE('',#2945,#2946);
#2945 = CARTESIAN_POINT('',(1.8E+03,0.));
#2946 = VECTOR('',#2947,1.);
#2947 = DIRECTION('',(0.,-1.));
#2948 = ( GEOMETRIC_REPRESENTATION_CONTEXT(2) 
PARAMETRIC_REPRESENTATION_CONTEXT() REPRESENTATION_CONTEXT('2D SPACE',''
  ) );
#2949 = PCURVE('',#2950,#2955);
#2950 = PLANE('',#2951);
#2951 = AXIS2_PLACEMENT_3D('',#2952,#2953,#2954);
#2952 = CARTESIAN_POINT('',(-9.7E+03,7.96E+03,6.7E+03));
#2953 = DIRECTION('',(0.,0.,1.));
#2954 = DIRECTION('',(1.,0.,0.));
#2955 = DEFINITIONAL_REPRESENTATION('',(#2956),#2960);
#2956 = LINE('',#2957,#2958);
#2957 = CARTESIAN_POINT('',(0.,0.));
#2958 = VECTOR('',#2959,1.);
#2959 = DIRECTION('',(0.,1.));
#2960 = ( GEOMETRIC_REPRESENTATION_CONTEXT(2) 
PARAMETRIC_REPRESENTATION_CONTEXT() REPRESENTATION_CONTEXT('2D SPACE',''
  ) );
#2961 = ADVANCED_FACE('',(#2962),#2976,.T.);
#2962 = FACE_BOUND('',#2963,.T.);
#2963 = EDGE_LOOP('',(#2964,#2994,#3017,#3040));
#2964 = ORIENTED_EDGE('',*,*,#2965,.F.);
#2965 = EDGE_CURVE('',#2966,#2968,#2970,.T.);
#2966 = VERTEX_POINT('',#2967);
#2967 = CARTESIAN_POINT('',(-8.3E+03,7.96E+03,4.9E+03));
#2968 = VERTEX_POINT('',#2969);
#2969 = CARTESIAN_POINT('',(-8.3E+03,7.96E+03,6.7E+03));
#2970 = SURFACE_CURVE('',#2971,(#2975,#2987),.PCURVE_S1.);
#2971 = LINE('',#2972,#2973);
#2972 = CARTESIAN_POINT('',(-8.3E+03,7.96E+03,4.9E+03));
#2973 = VECTOR('',#2974,1.);
#2974 = DIRECTION('',(0.,0.,1.));
#2975 = PCURVE('',#2976,#2981);
#2976 = PLANE('',#2977);
#2977 = AXIS2_PLACEMENT_3D('',#2978,#2979,#2980);
#2978 = CARTESIAN_POINT('',(-8.3E+03,7.96E+03,4.9E+03));
#2979 = DIRECTION('',(1.,0.,0.));
#2980 = DIRECTION('',(0.,0.,1.));
#2981 = DEFINITIONAL_REPRESENTATION('',(#2982),#2986);
#2982 = LINE('',#2983,#2984);
#2983 = CARTESIAN_POINT('',(0.,0.));
#2984 = VECTOR('',#2985,1.);
#2985 = DIRECTION('',(1.,0.));
#2986 = ( GEOMETRIC_REPRESENTATION_CONTEXT(2) 
PARAMETRIC_REPRESENTATION_CONTEXT() REPRESENTATION_CONTEXT('2D SPACE',''
  ) );
#2987 = PCURVE('',#2868,#2988);
#2988 = DEFINITIONAL_REPRESENTATION('',(#2989),#2993);
#2989 = LINE('',#2990,#2991);
#2990 = CARTESIAN_POINT('',(0.,1.4E+03));
#2991 = VECTOR('',#2992,1.);
#2992 = DIRECTION('',(1.,0.));
#2993 = ( GEOMETRIC_REPRESENTATION_CONTEXT(2) 
PARAMETRIC_REPRESENTATION_CONTEXT() REPRESENTATION_CONTEXT('2D SPACE',''
  ) );
#2994 = ORIENTED_EDGE('',*,*,#2995,.T.);
#2995 = EDGE_CURVE('',#2966,#2996,#2998,.T.);
#2996 = VERTEX_POINT('',#2997);
#2997 = CARTESIAN_POINT('',(-8.3E+03,8.08E+03,4.9E+03));
#2998 = SURFACE_CURVE('',#2999,(#3003,#3010),.PCURVE_S1.);
#2999 = LINE('',#3000,#3001);
#3000 = CARTESIAN_POINT('',(-8.3E+03,7.96E+03,4.9E+03));
#3001 = VECTOR('',#3002,1.);
#3002 = DIRECTION('',(0.,1.,0.));
#3003 = PCURVE('',#2976,#3004);
#3004 = DEFINITIONAL_REPRESENTATION('',(#3005),#3009);
#3005 = LINE('',#3006,#3007);
#3006 = CARTESIAN_POINT('',(0.,0.));
#3007 = VECTOR('',#3008,1.);
#3008 = DIRECTION('',(0.,-1.));
#3009 = ( GEOMETRIC_REPRESENTATION_CONTEXT(2) 
PARAMETRIC_REPRESENTATION_CONTEXT() REPRESENTATION_CONTEXT('2D SPACE',''
  ) );
#3010 = PCURVE('',#2896,#3011);
#3011 = DEFINITIONAL_REPRESENTATION('',(#3012),#3016);
#3012 = LINE('',#3013,#3014);
#3013 = CARTESIAN_POINT('',(1.4E+03,0.));
#3014 = VECTOR('',#3015,1.);
#3015 = DIRECTION('',(0.,1.));
#3016 = ( GEOMETRIC_REPRESENTATION_CONTEXT(2) 
PARAMETRIC_REPRESENTATION_CONTEXT() REPRESENTATION_CONTEXT('2D SPACE',''
  ) );
#3017 = ORIENTED_EDGE('',*,*,#3018,.T.);
#3018 = EDGE_CURVE('',#2996,#3019,#3021,.T.);
#3019 = VERTEX_POINT('',#3020);
#3020 = CARTESIAN_POINT('',(-8.3E+03,8.08E+03,6.7E+03));
#3021 = SURFACE_CURVE('',#3022,(#3026,#3033),.PCURVE_S1.);
#3022 = LINE('',#3023,#3024);
#3023 = CARTESIAN_POINT('',(-8.3E+03,8.08E+03,4.9E+03));
#3024 = VECTOR('',#3025,1.);
#3025 = DIRECTION('',(0.,0.,1.));
#3026 = PCURVE('',#2976,#3027);
#3027 = DEFINITIONAL_REPRESENTATION('',(#3028),#3032);
#3028 = LINE('',#3029,#3030);
#3029 = CARTESIAN_POINT('',(0.,-120.));
#3030 = VECTOR('',#3031,1.);
#3031 = DIRECTION('',(1.,0.));
#3032 = ( GEOMETRIC_REPRESENTATION_CONTEXT(2) 
PARAMETRIC_REPRESENTATION_CONTEXT() REPRESENTATION_CONTEXT('2D SPACE',''
  ) );
#3033 = PCURVE('',#2924,#3034);
#3034 = DEFINITIONAL_REPRESENTATION('',(#3035),#3039);
#3035 = LINE('',#3036,#3037);
#3036 = CARTESIAN_POINT('',(0.,1.4E+03));
#3037 = VECTOR('',#3038,1.);
#3038 = DIRECTION('',(1.,0.));
#3039 = ( GEOMETRIC_REPRESENTATION_CONTEXT(2) 
PARAMETRIC_REPRESENTATION_CONTEXT() REPRESENTATION_CONTEXT('2D SPACE',''
  ) );
#3040 = ORIENTED_EDGE('',*,*,#3041,.F.);
#3041 = EDGE_CURVE('',#2968,#3019,#3042,.T.);
#3042 = SURFACE_CURVE('',#3043,(#3047,#3054),.PCURVE_S1.);
#3043 = LINE('',#3044,#3045);
#3044 = CARTESIAN_POINT('',(-8.3E+03,7.96E+03,6.7E+03));
#3045 = VECTOR('',#3046,1.);
#3046 = DIRECTION('',(0.,1.,0.));
#3047 = PCURVE('',#2976,#3048);
#3048 = DEFINITIONAL_REPRESENTATION('',(#3049),#3053);
#3049 = LINE('',#3050,#3051);
#3050 = CARTESIAN_POINT('',(1.8E+03,0.));
#3051 = VECTOR('',#3052,1.);
#3052 = DIRECTION('',(0.,-1.));
#3053 = ( GEOMETRIC_REPRESENTATION_CONTEXT(2) 
PARAMETRIC_REPRESENTATION_CONTEXT() REPRESENTATION_CONTEXT('2D SPACE',''
  ) );
#3054 = PCURVE('',#2950,#3055);
#3055 = DEFINITIONAL_REPRESENTATION('',(#3056),#3060);
#3056 = LINE('',#3057,#3058);
#3057 = CARTESIAN_POINT('',(1.4E+03,0.));
#3058 = VECTOR('',#3059,1.);
#3059 = DIRECTION('',(0.,1.));
#3060 = ( GEOMETRIC_REPRESENTATION_CONTEXT(2) 
PARAMETRIC_REPRESENTATION_CONTEXT() REPRESENTATION_CONTEXT('2D SPACE',''
  ) );
#3061 = ADVANCED_FACE('',(#3062),#2868,.F.);
#3062 = FACE_BOUND('',#3063,.F.);
#3063 = EDGE_LOOP('',(#3064,#3085,#3086,#3107));
#3064 = ORIENTED_EDGE('',*,*,#3065,.F.);
#3065 = EDGE_CURVE('',#2846,#2966,#3066,.T.);
#3066 = SURFACE_CURVE('',#3067,(#3071,#3078),.PCURVE_S1.);
#3067 = LINE('',#3068,#3069);
#3068 = CARTESIAN_POINT('',(-9.7E+03,7.96E+03,4.9E+03));
#3069 = VECTOR('',#3070,1.);
#3070 = DIRECTION('',(1.,0.,0.));
#3071 = PCURVE('',#2868,#3072);
#3072 = DEFINITIONAL_REPRESENTATION('',(#3073),#3077);
#3073 = LINE('',#3074,#3075);
#3074 = CARTESIAN_POINT('',(0.,0.));
#3075 = VECTOR('',#3076,1.);
#3076 = DIRECTION('',(0.,1.));
#3077 = ( GEOMETRIC_REPRESENTATION_CONTEXT(2) 
PARAMETRIC_REPRESENTATION_CONTEXT() REPRESENTATION_CONTEXT('2D SPACE',''
  ) );
#3078 = PCURVE('',#2896,#3079);
#3079 = DEFINITIONAL_REPRESENTATION('',(#3080),#3084);
#3080 = LINE('',#3081,#3082);
#3081 = CARTESIAN_POINT('',(0.,0.));
#3082 = VECTOR('',#3083,1.);
#3083 = DIRECTION('',(1.,0.));
#3084 = ( GEOMETRIC_REPRESENTATION_CONTEXT(2) 
PARAMETRIC_REPRESENTATION_CONTEXT() REPRESENTATION_CONTEXT('2D SPACE',''
  ) );
#3085 = ORIENTED_EDGE('',*,*,#2845,.T.);
#3086 = ORIENTED_EDGE('',*,*,#3087,.T.);
#3087 = EDGE_CURVE('',#2848,#2968,#3088,.T.);
#3088 = SURFACE_CURVE('',#3089,(#3093,#3100),.PCURVE_S1.);
#3089 = LINE('',#3090,#3091);
#3090 = CARTESIAN_POINT('',(-9.7E+03,7.96E+03,6.7E+03));
#3091 = VECTOR('',#3092,1.);
#3092 = DIRECTION('',(1.,0.,0.));
#3093 = PCURVE('',#2868,#3094);
#3094 = DEFINITIONAL_REPRESENTATION('',(#3095),#3099);
#3095 = LINE('',#3096,#3097);
#3096 = CARTESIAN_POINT('',(1.8E+03,0.));
#3097 = VECTOR('',#3098,1.);
#3098 = DIRECTION('',(0.,1.));
#3099 = ( GEOMETRIC_REPRESENTATION_CONTEXT(2) 
PARAMETRIC_REPRESENTATION_CONTEXT() REPRESENTATION_CONTEXT('2D SPACE',''
  ) );
#3100 = PCURVE('',#2950,#3101);
#3101 = DEFINITIONAL_REPRESENTATION('',(#3102),#3106);
#3102 = LINE('',#3103,#3104);
#3103 = CARTESIAN_POINT('',(0.,0.));
#3104 = VECTOR('',#3105,1.);
#3105 = DIRECTION('',(1.,0.));
#3106 = ( GEOMETRIC_REPRESENTATION_CONTEXT(2) 
PARAMETRIC_REPRESENTATION_CONTEXT() REPRESENTATION_CONTEXT('2D SPACE',''
  ) );
#3107 = ORIENTED_EDGE('',*,*,#2965,.F.);
#3108 = ADVANCED_FACE('',(#3109),#2924,.T.);
#3109 = FACE_BOUND('',#3110,.T.);
#3110 = EDGE_LOOP('',(#3111,#3132,#3133,#3154));
#3111 = ORIENTED_EDGE('',*,*,#3112,.F.);
#3112 = EDGE_CURVE('',#2881,#2996,#3113,.T.);
#3113 = SURFACE_CURVE('',#3114,(#3118,#3125),.PCURVE_S1.);
#3114 = LINE('',#3115,#3116);
#3115 = CARTESIAN_POINT('',(-9.7E+03,8.08E+03,4.9E+03));
#3116 = VECTOR('',#3117,1.);
#3117 = DIRECTION('',(1.,0.,0.));
#3118 = PCURVE('',#2924,#3119);
#3119 = DEFINITIONAL_REPRESENTATION('',(#3120),#3124);
#3120 = LINE('',#3121,#3122);
#3121 = CARTESIAN_POINT('',(0.,0.));
#3122 = VECTOR('',#3123,1.);
#3123 = DIRECTION('',(0.,1.));
#3124 = ( GEOMETRIC_REPRESENTATION_CONTEXT(2) 
PARAMETRIC_REPRESENTATION_CONTEXT() REPRESENTATION_CONTEXT('2D SPACE',''
  ) );
#3125 = PCURVE('',#2896,#3126);
#3126 = DEFINITIONAL_REPRESENTATION('',(#3127),#3131);
#3127 = LINE('',#3128,#3129);
#3128 = CARTESIAN_POINT('',(0.,120.));
#3129 = VECTOR('',#3130,1.);
#3130 = DIRECTION('',(1.,0.));
#3131 = ( GEOMETRIC_REPRESENTATION_CONTEXT(2) 
PARAMETRIC_REPRESENTATION_CONTEXT() REPRESENTATION_CONTEXT('2D SPACE',''
  ) );
#3132 = ORIENTED_EDGE('',*,*,#2908,.T.);
#3133 = ORIENTED_EDGE('',*,*,#3134,.T.);
#3134 = EDGE_CURVE('',#2909,#3019,#3135,.T.);
#3135 = SURFACE_CURVE('',#3136,(#3140,#3147),.PCURVE_S1.);
#3136 = LINE('',#3137,#3138);
#3137 = CARTESIAN_POINT('',(-9.7E+03,8.08E+03,6.7E+03));
#3138 = VECTOR('',#3139,1.);
#3139 = DIRECTION('',(1.,0.,0.));
#3140 = PCURVE('',#2924,#3141);
#3141 = DEFINITIONAL_REPRESENTATION('',(#3142),#3146);
#3142 = LINE('',#3143,#3144);
#3143 = CARTESIAN_POINT('',(1.8E+03,0.));
#3144 = VECTOR('',#3145,1.);
#3145 = DIRECTION('',(0.,1.));
#3146 = ( GEOMETRIC_REPRESENTATION_CONTEXT(2) 
PARAMETRIC_REPRESENTATION_CONTEXT() REPRESENTATION_CONTEXT('2D SPACE',''
  ) );
#3147 = PCURVE('',#2950,#3148);
#3148 = DEFINITIONAL_REPRESENTATION('',(#3149),#3153);
#3149 = LINE('',#3150,#3151);
#3150 = CARTESIAN_POINT('',(0.,120.));
#3151 = VECTOR('',#3152,1.);
#3152 = DIRECTION('',(1.,0.));
#3153 = ( GEOMETRIC_REPRESENTATION_CONTEXT(2) 
PARAMETRIC_REPRESENTATION_CONTEXT() REPRESENTATION_CONTEXT('2D SPACE',''
  ) );
#3154 = ORIENTED_EDGE('',*,*,#3018,.F.);
#3155 = ADVANCED_FACE('',(#3156),#2896,.F.);
#3156 = FACE_BOUND('',#3157,.F.);
#3157 = EDGE_LOOP('',(#3158,#3159,#3160,#3161));
#3158 = ORIENTED_EDGE('',*,*,#2880,.F.);
#3159 = ORIENTED_EDGE('',*,*,#3065,.T.);
#3160 = ORIENTED_EDGE('',*,*,#2995,.T.);
#3161 = ORIENTED_EDGE('',*,*,#3112,.F.);
#3162 = ADVANCED_FACE('',(#3163),#2950,.T.);
#3163 = FACE_BOUND('',#3164,.T.);
#3164 = EDGE_LOOP('',(#3165,#3166,#3167,#3168));
#3165 = ORIENTED_EDGE('',*,*,#2936,.F.);
#3166 = ORIENTED_EDGE('',*,*,#3087,.T.);
#3167 = ORIENTED_EDGE('',*,*,#3041,.T.);
#3168 = ORIENTED_EDGE('',*,*,#3134,.F.);
#3169 = ( GEOMETRIC_REPRESENTATION_CONTEXT(3) 
GLOBAL_UNCERTAINTY_ASSIGNED_CONTEXT((#3173)) 
GLOBAL_UNIT_ASSIGNED_CONTEXT((#3170,#3171,#3172)) REPRESENTATION_CONTEXT
('Context #1','3D Context with UNIT and UNCERTAINTY') );
#3170 = ( LENGTH_UNIT() NAMED_UNIT(*) SI_UNIT(.MILLI.,.METRE.) );
#3171 = ( NAMED_UNIT(*) PLANE_ANGLE_UNIT() SI_UNIT($,.RADIAN.) );
#3172 = ( NAMED_UNIT(*) SI_UNIT($,.STERADIAN.) SOLID_ANGLE_UNIT() );
#3173 = UNCERTAINTY_MEASURE_WITH_UNIT(LENGTH_MEASURE(1.E-07),#3170,
  'distance_accuracy_value','confusion accuracy');
#3174 = CONTEXT_DEPENDENT_SHAPE_REPRESENTATION(#3175,#3177);
#3175 = ( REPRESENTATION_RELATIONSHIP('','',#2838,#10) 
REPRESENTATION_RELATIONSHIP_WITH_TRANSFORMATION(#3176) 
SHAPE_REPRESENTATION_RELATIONSHIP() );
#3176 = ITEM_DEFINED_TRANSFORMATION('','',#11,#47);
#3177 = PRODUCT_DEFINITION_SHAPE('Placement','Placement of an item',
  #3178);
#3178 = NEXT_ASSEMBLY_USAGE_OCCURRENCE('46','part8','',#5,#2833,$);
#3179 = PRODUCT_RELATED_PRODUCT_CATEGORY('part',$,(#2835));
#3180 = SHAPE_DEFINITION_REPRESENTATION(#3181,#3187);
#3181 = PRODUCT_DEFINITION_SHAPE('','',#3182);
#3182 = PRODUCT_DEFINITION('design','',#3183,#3186);
#3183 = PRODUCT_DEFINITION_FORMATION('','',#3184);
#3184 = PRODUCT('part9','part9','',(#3185));
#3185 = PRODUCT_CONTEXT('',#2,'mechanical');
#3186 = PRODUCT_DEFINITION_CONTEXT('part definition',#2,'design');
#3187 = ADVANCED_BREP_SHAPE_REPRESENTATION('',(#11,#3188),#3518);
#3188 = MANIFOLD_SOLID_BREP('',#3189);
#3189 = CLOSED_SHELL('',(#3190,#3310,#3410,#3457,#3504,#3511));
#3190 = ADVANCED_FACE('',(#3191),#3205,.F.);
#3191 = FACE_BOUND('',#3192,.F.);
#3192 = EDGE_LOOP('',(#3193,#3228,#3256,#3284));
#3193 = ORIENTED_EDGE('',*,*,#3194,.F.);
#3194 = EDGE_CURVE('',#3195,#3197,#3199,.T.);
#3195 = VERTEX_POINT('',#3196);
#3196 = CARTESIAN_POINT('',(-5.2E+03,7.96E+03,4.9E+03));
#3197 = VERTEX_POINT('',#3198);
#3198 = CARTESIAN_POINT('',(-5.2E+03,7.96E+03,6.7E+03));
#3199 = SURFACE_CURVE('',#3200,(#3204,#3216),.PCURVE_S1.);
#3200 = LINE('',#3201,#3202);
#3201 = CARTESIAN_POINT('',(-5.2E+03,7.96E+03,4.9E+03));
#3202 = VECTOR('',#3203,1.);
#3203 = DIRECTION('',(0.,0.,1.));
#3204 = PCURVE('',#3205,#3210);
#3205 = PLANE('',#3206);
#3206 = AXIS2_PLACEMENT_3D('',#3207,#3208,#3209);
#3207 = CARTESIAN_POINT('',(-5.2E+03,7.96E+03,4.9E+03));
#3208 = DIRECTION('',(1.,0.,0.));
#3209 = DIRECTION('',(0.,0.,1.));
#3210 = DEFINITIONAL_REPRESENTATION('',(#3211),#3215);
#3211 = LINE('',#3212,#3213);
#3212 = CARTESIAN_POINT('',(0.,0.));
#3213 = VECTOR('',#3214,1.);
#3214 = DIRECTION('',(1.,0.));
#3215 = ( GEOMETRIC_REPRESENTATION_CONTEXT(2) 
PARAMETRIC_REPRESENTATION_CONTEXT() REPRESENTATION_CONTEXT('2D SPACE',''
  ) );
#3216 = PCURVE('',#3217,#3222);
#3217 = PLANE('',#3218);
#3218 = AXIS2_PLACEMENT_3D('',#3219,#3220,#3221);
#3219 = CARTESIAN_POINT('',(-5.2E+03,7.96E+03,4.9E+03));
#3220 = DIRECTION('',(0.,1.,0.));
#3221 = DIRECTION('',(0.,0.,1.));
#3222 = DEFINITIONAL_REPRESENTATION('',(#3223),#3227);
#3223 = LINE('',#3224,#3225);
#3224 = CARTESIAN_POINT('',(0.,0.));
#3225 = VECTOR('',#3226,1.);
#3226 = DIRECTION('',(1.,0.));
#3227 = ( GEOMETRIC_REPRESENTATION_CONTEXT(2) 
PARAMETRIC_REPRESENTATION_CONTEXT() REPRESENTATION_CONTEXT('2D SPACE',''
  ) );
#3228 = ORIENTED_EDGE('',*,*,#3229,.T.);
#3229 = EDGE_CURVE('',#3195,#3230,#3232,.T.);
#3230 = VERTEX_POINT('',#3231);
#3231 = CARTESIAN_POINT('',(-5.2E+03,8.08E+03,4.9E+03));
#3232 = SURFACE_CURVE('',#3233,(#3237,#3244),.PCURVE_S1.);
#3233 = LINE('',#3234,#3235);
#3234 = CARTESIAN_POINT('',(-5.2E+03,7.96E+03,4.9E+03));
#3235 = VECTOR('',#3236,1.);
#3236 = DIRECTION('',(0.,1.,0.));
#3237 = PCURVE('',#3205,#3238);
#3238 = DEFINITIONAL_REPRESENTATION('',(#3239),#3243);
#3239 = LINE('',#3240,#3241);
#3240 = CARTESIAN_POINT('',(0.,0.));
#3241 = VECTOR('',#3242,1.);
#3242 = DIRECTION('',(0.,-1.));
#3243 = ( GEOMETRIC_REPRESENTATION_CONTEXT(2) 
PARAMETRIC_REPRESENTATION_CONTEXT() REPRESENTATION_CONTEXT('2D SPACE',''
  ) );
#3244 = PCURVE('',#3245,#3250);
#3245 = PLANE('',#3246);
#3246 = AXIS2_PLACEMENT_3D('',#3247,#3248,#3249);
#3247 = CARTESIAN_POINT('',(-5.2E+03,7.96E+03,4.9E+03));
#3248 = DIRECTION('',(0.,0.,1.));
#3249 = DIRECTION('',(1.,0.,0.));
#3250 = DEFINITIONAL_REPRESENTATION('',(#3251),#3255);
#3251 = LINE('',#3252,#3253);
#3252 = CARTESIAN_POINT('',(0.,0.));
#3253 = VECTOR('',#3254,1.);
#3254 = DIRECTION('',(0.,1.));
#3255 = ( GEOMETRIC_REPRESENTATION_CONTEXT(2) 
PARAMETRIC_REPRESENTATION_CONTEXT() REPRESENTATION_CONTEXT('2D SPACE',''
  ) );
#3256 = ORIENTED_EDGE('',*,*,#3257,.T.);
#3257 = EDGE_CURVE('',#3230,#3258,#3260,.T.);
#3258 = VERTEX_POINT('',#3259);
#3259 = CARTESIAN_POINT('',(-5.2E+03,8.08E+03,6.7E+03));
#3260 = SURFACE_CURVE('',#3261,(#3265,#3272),.PCURVE_S1.);
#3261 = LINE('',#3262,#3263);
#3262 = CARTESIAN_POINT('',(-5.2E+03,8.08E+03,4.9E+03));
#3263 = VECTOR('',#3264,1.);
#3264 = DIRECTION('',(0.,0.,1.));
#3265 = PCURVE('',#3205,#3266);
#3266 = DEFINITIONAL_REPRESENTATION('',(#3267),#3271);
#3267 = LINE('',#3268,#3269);
#3268 = CARTESIAN_POINT('',(0.,-120.));
#3269 = VECTOR('',#3270,1.);
#3270 = DIRECTION('',(1.,0.));
#3271 = ( GEOMETRIC_REPRESENTATION_CONTEXT(2) 
PARAMETRIC_REPRESENTATION_CONTEXT() REPRESENTATION_CONTEXT('2D SPACE',''
  ) );
#3272 = PCURVE('',#3273,#3278);
#3273 = PLANE('',#3274);
#3274 = AXIS2_PLACEMENT_3D('',#3275,#3276,#3277);
#3275 = CARTESIAN_POINT('',(-5.2E+03,8.08E+03,4.9E+03));
#3276 = DIRECTION('',(0.,1.,0.));
#3277 = DIRECTION('',(0.,0.,1.));
#3278 = DEFINITIONAL_REPRESENTATION('',(#3279),#3283);
#3279 = LINE('',#3280,#3281);
#3280 = CARTESIAN_POINT('',(0.,0.));
#3281 = VECTOR('',#3282,1.);
#3282 = DIRECTION('',(1.,0.));
#3283 = ( GEOMETRIC_REPRESENTATION_CONTEXT(2) 
PARAMETRIC_REPRESENTATION_CONTEXT() REPRESENTATION_CONTEXT('2D SPACE',''
  ) );
#3284 = ORIENTED_EDGE('',*,*,#3285,.F.);
#3285 = EDGE_CURVE('',#3197,#3258,#3286,.T.);
#3286 = SURFACE_CURVE('',#3287,(#3291,#3298),.PCURVE_S1.);
#3287 = LINE('',#3288,#3289);
#3288 = CARTESIAN_POINT('',(-5.2E+03,7.96E+03,6.7E+03));
#3289 = VECTOR('',#3290,1.);
#3290 = DIRECTION('',(0.,1.,0.));
#3291 = PCURVE('',#3205,#3292);
#3292 = DEFINITIONAL_REPRESENTATION('',(#3293),#3297);
#3293 = LINE('',#3294,#3295);
#3294 = CARTESIAN_POINT('',(1.8E+03,0.));
#3295 = VECTOR('',#3296,1.);
#3296 = DIRECTION('',(0.,-1.));
#3297 = ( GEOMETRIC_REPRESENTATION_CONTEXT(2) 
PARAMETRIC_REPRESENTATION_CONTEXT() REPRESENTATION_CONTEXT('2D SPACE',''
  ) );
#3298 = PCURVE('',#3299,#3304);
#3299 = PLANE('',#3300);
#3300 = AXIS2_PLACEMENT_3D('',#3301,#3302,#3303);
#3301 = CARTESIAN_POINT('',(-5.2E+03,7.96E+03,6.7E+03));
#3302 = DIRECTION('',(0.,0.,1.));
#3303 = DIRECTION('',(1.,0.,0.));
#3304 = DEFINITIONAL_REPRESENTATION('',(#3305),#3309);
#3305 = LINE('',#3306,#3307);
#3306 = CARTESIAN_POINT('',(0.,0.));
#3307 = VECTOR('',#3308,1.);
#3308 = DIRECTION('',(0.,1.));
#3309 = ( GEOMETRIC_REPRESENTATION_CONTEXT(2) 
PARAMETRIC_REPRESENTATION_CONTEXT() REPRESENTATION_CONTEXT('2D SPACE',''
  ) );
#3310 = ADVANCED_FACE('',(#3311),#3325,.T.);
#3311 = FACE_BOUND('',#3312,.T.);
#3312 = EDGE_LOOP('',(#3313,#3343,#3366,#3389));
#3313 = ORIENTED_EDGE('',*,*,#3314,.F.);
#3314 = EDGE_CURVE('',#3315,#3317,#3319,.T.);
#3315 = VERTEX_POINT('',#3316);
#3316 = CARTESIAN_POINT('',(-3.8E+03,7.96E+03,4.9E+03));
#3317 = VERTEX_POINT('',#3318);
#3318 = CARTESIAN_POINT('',(-3.8E+03,7.96E+03,6.7E+03));
#3319 = SURFACE_CURVE('',#3320,(#3324,#3336),.PCURVE_S1.);
#3320 = LINE('',#3321,#3322);
#3321 = CARTESIAN_POINT('',(-3.8E+03,7.96E+03,4.9E+03));
#3322 = VECTOR('',#3323,1.);
#3323 = DIRECTION('',(0.,0.,1.));
#3324 = PCURVE('',#3325,#3330);
#3325 = PLANE('',#3326);
#3326 = AXIS2_PLACEMENT_3D('',#3327,#3328,#3329);
#3327 = CARTESIAN_POINT('',(-3.8E+03,7.96E+03,4.9E+03));
#3328 = DIRECTION('',(1.,0.,0.));
#3329 = DIRECTION('',(0.,0.,1.));
#3330 = DEFINITIONAL_REPRESENTATION('',(#3331),#3335);
#3331 = LINE('',#3332,#3333);
#3332 = CARTESIAN_POINT('',(0.,0.));
#3333 = VECTOR('',#3334,1.);
#3334 = DIRECTION('',(1.,0.));
#3335 = ( GEOMETRIC_REPRESENTATION_CONTEXT(2) 
PARAMETRIC_REPRESENTATION_CONTEXT() REPRESENTATION_CONTEXT('2D SPACE',''
  ) );
#3336 = PCURVE('',#3217,#3337);
#3337 = DEFINITIONAL_REPRESENTATION('',(#3338),#3342);
#3338 = LINE('',#3339,#3340);
#3339 = CARTESIAN_POINT('',(0.,1.4E+03));
#3340 = VECTOR('',#3341,1.);
#3341 = DIRECTION('',(1.,0.));
#3342 = ( GEOMETRIC_REPRESENTATION_CONTEXT(2) 
PARAMETRIC_REPRESENTATION_CONTEXT() REPRESENTATION_CONTEXT('2D SPACE',''
  ) );
#3343 = ORIENTED_EDGE('',*,*,#3344,.T.);
#3344 = EDGE_CURVE('',#3315,#3345,#3347,.T.);
#3345 = VERTEX_POINT('',#3346);
#3346 = CARTESIAN_POINT('',(-3.8E+03,8.08E+03,4.9E+03));
#3347 = SURFACE_CURVE('',#3348,(#3352,#3359),.PCURVE_S1.);
#3348 = LINE('',#3349,#3350);
#3349 = CARTESIAN_POINT('',(-3.8E+03,7.96E+03,4.9E+03));
#3350 = VECTOR('',#3351,1.);
#3351 = DIRECTION('',(0.,1.,0.));
#3352 = PCURVE('',#3325,#3353);
#3353 = DEFINITIONAL_REPRESENTATION('',(#3354),#3358);
#3354 = LINE('',#3355,#3356);
#3355 = CARTESIAN_POINT('',(0.,0.));
#3356 = VECTOR('',#3357,1.);
#3357 = DIRECTION('',(0.,-1.));
#3358 = ( GEOMETRIC_REPRESENTATION_CONTEXT(2) 
PARAMETRIC_REPRESENTATION_CONTEXT() REPRESENTATION_CONTEXT('2D SPACE',''
  ) );
#3359 = PCURVE('',#3245,#3360);
#3360 = DEFINITIONAL_REPRESENTATION('',(#3361),#3365);
#3361 = LINE('',#3362,#3363);
#3362 = CARTESIAN_POINT('',(1.4E+03,0.));
#3363 = VECTOR('',#3364,1.);
#3364 = DIRECTION('',(0.,1.));
#3365 = ( GEOMETRIC_REPRESENTATION_CONTEXT(2) 
PARAMETRIC_REPRESENTATION_CONTEXT() REPRESENTATION_CONTEXT('2D SPACE',''
  ) );
#3366 = ORIENTED_EDGE('',*,*,#3367,.T.);
#3367 = EDGE_CURVE('',#3345,#3368,#3370,.T.);
#3368 = VERTEX_POINT('',#3369);
#3369 = CARTESIAN_POINT('',(-3.8E+03,8.08E+03,6.7E+03));
#3370 = SURFACE_CURVE('',#3371,(#3375,#3382),.PCURVE_S1.);
#3371 = LINE('',#3372,#3373);
#3372 = CARTESIAN_POINT('',(-3.8E+03,8.08E+03,4.9E+03));
#3373 = VECTOR('',#3374,1.);
#3374 = DIRECTION('',(0.,0.,1.));
#3375 = PCURVE('',#3325,#3376);
#3376 = DEFINITIONAL_REPRESENTATION('',(#3377),#3381);
#3377 = LINE('',#3378,#3379);
#3378 = CARTESIAN_POINT('',(0.,-120.));
#3379 = VECTOR('',#3380,1.);
#3380 = DIRECTION('',(1.,0.));
#3381 = ( GEOMETRIC_REPRESENTATION_CONTEXT(2) 
PARAMETRIC_REPRESENTATION_CONTEXT() REPRESENTATION_CONTEXT('2D SPACE',''
  ) );
#3382 = PCURVE('',#3273,#3383);
#3383 = DEFINITIONAL_REPRESENTATION('',(#3384),#3388);
#3384 = LINE('',#3385,#3386);
#3385 = CARTESIAN_POINT('',(0.,1.4E+03));
#3386 = VECTOR('',#3387,1.);
#3387 = DIRECTION('',(1.,0.));
#3388 = ( GEOMETRIC_REPRESENTATION_CONTEXT(2) 
PARAMETRIC_REPRESENTATION_CONTEXT() REPRESENTATION_CONTEXT('2D SPACE',''
  ) );
#3389 = ORIENTED_EDGE('',*,*,#3390,.F.);
#3390 = EDGE_CURVE('',#3317,#3368,#3391,.T.);
#3391 = SURFACE_CURVE('',#3392,(#3396,#3403),.PCURVE_S1.);
#3392 = LINE('',#3393,#3394);
#3393 = CARTESIAN_POINT('',(-3.8E+03,7.96E+03,6.7E+03));
#3394 = VECTOR('',#3395,1.);
#3395 = DIRECTION('',(0.,1.,0.));
#3396 = PCURVE('',#3325,#3397);
#3397 = DEFINITIONAL_REPRESENTATION('',(#3398),#3402);
#3398 = LINE('',#3399,#3400);
#3399 = CARTESIAN_POINT('',(1.8E+03,0.));
#3400 = VECTOR('',#3401,1.);
#3401 = DIRECTION('',(0.,-1.));
#3402 = ( GEOMETRIC_REPRESENTATION_CONTEXT(2) 
PARAMETRIC_REPRESENTATION_CONTEXT() REPRESENTATION_CONTEXT('2D SPACE',''
  ) );
#3403 = PCURVE('',#3299,#3404);
#3404 = DEFINITIONAL_REPRESENTATION('',(#3405),#3409);
#3405 = LINE('',#3406,#3407);
#3406 = CARTESIAN_POINT('',(1.4E+03,0.));
#3407 = VECTOR('',#3408,1.);
#3408 = DIRECTION('',(0.,1.));
#3409 = ( GEOMETRIC_REPRESENTATION_CONTEXT(2) 
PARAMETRIC_REPRESENTATION_CONTEXT() REPRESENTATION_CONTEXT('2D SPACE',''
  ) );
#3410 = ADVANCED_FACE('',(#3411),#3217,.F.);
#3411 = FACE_BOUND('',#3412,.F.);
#3412 = EDGE_LOOP('',(#3413,#3434,#3435,#3456));
#3413 = ORIENTED_EDGE('',*,*,#3414,.F.);
#3414 = EDGE_CURVE('',#3195,#3315,#3415,.T.);
#3415 = SURFACE_CURVE('',#3416,(#3420,#3427),.PCURVE_S1.);
#3416 = LINE('',#3417,#3418);
#3417 = CARTESIAN_POINT('',(-5.2E+03,7.96E+03,4.9E+03));
#3418 = VECTOR('',#3419,1.);
#3419 = DIRECTION('',(1.,0.,0.));
#3420 = PCURVE('',#3217,#3421);
#3421 = DEFINITIONAL_REPRESENTATION('',(#3422),#3426);
#3422 = LINE('',#3423,#3424);
#3423 = CARTESIAN_POINT('',(0.,0.));
#3424 = VECTOR('',#3425,1.);
#3425 = DIRECTION('',(0.,1.));
#3426 = ( GEOMETRIC_REPRESENTATION_CONTEXT(2) 
PARAMETRIC_REPRESENTATION_CONTEXT() REPRESENTATION_CONTEXT('2D SPACE',''
  ) );
#3427 = PCURVE('',#3245,#3428);
#3428 = DEFINITIONAL_REPRESENTATION('',(#3429),#3433);
#3429 = LINE('',#3430,#3431);
#3430 = CARTESIAN_POINT('',(0.,0.));
#3431 = VECTOR('',#3432,1.);
#3432 = DIRECTION('',(1.,0.));
#3433 = ( GEOMETRIC_REPRESENTATION_CONTEXT(2) 
PARAMETRIC_REPRESENTATION_CONTEXT() REPRESENTATION_CONTEXT('2D SPACE',''
  ) );
#3434 = ORIENTED_EDGE('',*,*,#3194,.T.);
#3435 = ORIENTED_EDGE('',*,*,#3436,.T.);
#3436 = EDGE_CURVE('',#3197,#3317,#3437,.T.);
#3437 = SURFACE_CURVE('',#3438,(#3442,#3449),.PCURVE_S1.);
#3438 = LINE('',#3439,#3440);
#3439 = CARTESIAN_POINT('',(-5.2E+03,7.96E+03,6.7E+03));
#3440 = VECTOR('',#3441,1.);
#3441 = DIRECTION('',(1.,0.,0.));
#3442 = PCURVE('',#3217,#3443);
#3443 = DEFINITIONAL_REPRESENTATION('',(#3444),#3448);
#3444 = LINE('',#3445,#3446);
#3445 = CARTESIAN_POINT('',(1.8E+03,0.));
#3446 = VECTOR('',#3447,1.);
#3447 = DIRECTION('',(0.,1.));
#3448 = ( GEOMETRIC_REPRESENTATION_CONTEXT(2) 
PARAMETRIC_REPRESENTATION_CONTEXT() REPRESENTATION_CONTEXT('2D SPACE',''
  ) );
#3449 = PCURVE('',#3299,#3450);
#3450 = DEFINITIONAL_REPRESENTATION('',(#3451),#3455);
#3451 = LINE('',#3452,#3453);
#3452 = CARTESIAN_POINT('',(0.,0.));
#3453 = VECTOR('',#3454,1.);
#3454 = DIRECTION('',(1.,0.));
#3455 = ( GEOMETRIC_REPRESENTATION_CONTEXT(2) 
PARAMETRIC_REPRESENTATION_CONTEXT() REPRESENTATION_CONTEXT('2D SPACE',''
  ) );
#3456 = ORIENTED_EDGE('',*,*,#3314,.F.);
#3457 = ADVANCED_FACE('',(#3458),#3273,.T.);
#3458 = FACE_BOUND('',#3459,.T.);
#3459 = EDGE_LOOP('',(#3460,#3481,#3482,#3503));
#3460 = ORIENTED_EDGE('',*,*,#3461,.F.);
#3461 = EDGE_CURVE('',#3230,#3345,#3462,.T.);
#3462 = SURFACE_CURVE('',#3463,(#3467,#3474),.PCURVE_S1.);
#3463 = LINE('',#3464,#3465);
#3464 = CARTESIAN_POINT('',(-5.2E+03,8.08E+03,4.9E+03));
#3465 = VECTOR('',#3466,1.);
#3466 = DIRECTION('',(1.,0.,0.));
#3467 = PCURVE('',#3273,#3468);
#3468 = DEFINITIONAL_REPRESENTATION('',(#3469),#3473);
#3469 = LINE('',#3470,#3471);
#3470 = CARTESIAN_POINT('',(0.,0.));
#3471 = VECTOR('',#3472,1.);
#3472 = DIRECTION('',(0.,1.));
#3473 = ( GEOMETRIC_REPRESENTATION_CONTEXT(2) 
PARAMETRIC_REPRESENTATION_CONTEXT() REPRESENTATION_CONTEXT('2D SPACE',''
  ) );
#3474 = PCURVE('',#3245,#3475);
#3475 = DEFINITIONAL_REPRESENTATION('',(#3476),#3480);
#3476 = LINE('',#3477,#3478);
#3477 = CARTESIAN_POINT('',(0.,120.));
#3478 = VECTOR('',#3479,1.);
#3479 = DIRECTION('',(1.,0.));
#3480 = ( GEOMETRIC_REPRESENTATION_CONTEXT(2) 
PARAMETRIC_REPRESENTATION_CONTEXT() REPRESENTATION_CONTEXT('2D SPACE',''
  ) );
#3481 = ORIENTED_EDGE('',*,*,#3257,.T.);
#3482 = ORIENTED_EDGE('',*,*,#3483,.T.);
#3483 = EDGE_CURVE('',#3258,#3368,#3484,.T.);
#3484 = SURFACE_CURVE('',#3485,(#3489,#3496),.PCURVE_S1.);
#3485 = LINE('',#3486,#3487);
#3486 = CARTESIAN_POINT('',(-5.2E+03,8.08E+03,6.7E+03));
#3487 = VECTOR('',#3488,1.);
#3488 = DIRECTION('',(1.,0.,0.));
#3489 = PCURVE('',#3273,#3490);
#3490 = DEFINITIONAL_REPRESENTATION('',(#3491),#3495);
#3491 = LINE('',#3492,#3493);
#3492 = CARTESIAN_POINT('',(1.8E+03,0.));
#3493 = VECTOR('',#3494,1.);
#3494 = DIRECTION('',(0.,1.));
#3495 = ( GEOMETRIC_REPRESENTATION_CONTEXT(2) 
PARAMETRIC_REPRESENTATION_CONTEXT() REPRESENTATION_CONTEXT('2D SPACE',''
  ) );
#3496 = PCURVE('',#3299,#3497);
#3497 = DEFINITIONAL_REPRESENTATION('',(#3498),#3502);
#3498 = LINE('',#3499,#3500);
#3499 = CARTESIAN_POINT('',(0.,120.));
#3500 = VECTOR('',#3501,1.);
#3501 = DIRECTION('',(1.,0.));
#3502 = ( GEOMETRIC_REPRESENTATION_CONTEXT(2) 
PARAMETRIC_REPRESENTATION_CONTEXT() REPRESENTATION_CONTEXT('2D SPACE',''
  ) );
#3503 = ORIENTED_EDGE('',*,*,#3367,.F.);
#3504 = ADVANCED_FACE('',(#3505),#3245,.F.);
#3505 = FACE_BOUND('',#3506,.F.);
#3506 = EDGE_LOOP('',(#3507,#3508,#3509,#3510));
#3507 = ORIENTED_EDGE('',*,*,#3229,.F.);
#3508 = ORIENTED_EDGE('',*,*,#3414,.T.);
#3509 = ORIENTED_EDGE('',*,*,#3344,.T.);
#3510 = ORIENTED_EDGE('',*,*,#3461,.F.);
#3511 = ADVANCED_FACE('',(#3512),#3299,.T.);
#3512 = FACE_BOUND('',#3513,.T.);
#3513 = EDGE_LOOP('',(#3514,#3515,#3516,#3517));
#3514 = ORIENTED_EDGE('',*,*,#3285,.F.);
#3515 = ORIENTED_EDGE('',*,*,#3436,.T.);
#3516 = ORIENTED_EDGE('',*,*,#3390,.T.);
#3517 = ORIENTED_EDGE('',*,*,#3483,.F.);
#3518 = ( GEOMETRIC_REPRESENTATION_CONTEXT(3) 
GLOBAL_UNCERTAINTY_ASSIGNED_CONTEXT((#3522)) 
GLOBAL_UNIT_ASSIGNED_CONTEXT((#3519,#3520,#3521)) REPRESENTATION_CONTEXT
('Context #1','3D Context with UNIT and UNCERTAINTY') );
#3519 = ( LENGTH_UNIT() NAMED_UNIT(*) SI_UNIT(.MILLI.,.METRE.) );
#3520 = ( NAMED_UNIT(*) PLANE_ANGLE_UNIT() SI_UNIT($,.RADIAN.) );
#3521 = ( NAMED_UNIT(*) SI_UNIT($,.STERADIAN.) SOLID_ANGLE_UNIT() );
#3522 = UNCERTAINTY_MEASURE_WITH_UNIT(LENGTH_MEASURE(1.E-07),#3519,
  'distance_accuracy_value','confusion accuracy');
#3523 = CONTEXT_DEPENDENT_SHAPE_REPRESENTATION(#3524,#3526);
#3524 = ( REPRESENTATION_RELATIONSHIP('','',#3187,#10) 
REPRESENTATION_RELATIONSHIP_WITH_TRANSFORMATION(#3525) 
SHAPE_REPRESENTATION_RELATIONSHIP() );
#3525 = ITEM_DEFINED_TRANSFORMATION('','',#11,#51);
#3526 = PRODUCT_DEFINITION_SHAPE('Placement','Placement of an item',
  #3527);
#3527 = NEXT_ASSEMBLY_USAGE_OCCURRENCE('47','part9','',#5,#3182,$);
#3528 = PRODUCT_RELATED_PRODUCT_CATEGORY('part',$,(#3184));
#3529 = SHAPE_DEFINITION_REPRESENTATION(#3530,#3536);
#3530 = PRODUCT_DEFINITION_SHAPE('','',#3531);
#3531 = PRODUCT_DEFINITION('design','',#3532,#3535);
#3532 = PRODUCT_DEFINITION_FORMATION('','',#3533);
#3533 = PRODUCT('part10','part10','',(#3534));
#3534 = PRODUCT_CONTEXT('',#2,'mechanical');
#3535 = PRODUCT_DEFINITION_CONTEXT('part definition',#2,'design');
#3536 = ADVANCED_BREP_SHAPE_REPRESENTATION('',(#11,#3537),#3867);
#3537 = MANIFOLD_SOLID_BREP('',#3538);
#3538 = CLOSED_SHELL('',(#3539,#3659,#3759,#3806,#3853,#3860));
#3539 = ADVANCED_FACE('',(#3540),#3554,.F.);
#3540 = FACE_BOUND('',#3541,.F.);
#3541 = EDGE_LOOP('',(#3542,#3577,#3605,#3633));
#3542 = ORIENTED_EDGE('',*,*,#3543,.F.);
#3543 = EDGE_CURVE('',#3544,#3546,#3548,.T.);
#3544 = VERTEX_POINT('',#3545);
#3545 = CARTESIAN_POINT('',(3.8E+03,7.96E+03,4.9E+03));
#3546 = VERTEX_POINT('',#3547);
#3547 = CARTESIAN_POINT('',(3.8E+03,7.96E+03,6.7E+03));
#3548 = SURFACE_CURVE('',#3549,(#3553,#3565),.PCURVE_S1.);
#3549 = LINE('',#3550,#3551);
#3550 = CARTESIAN_POINT('',(3.8E+03,7.96E+03,4.9E+03));
#3551 = VECTOR('',#3552,1.);
#3552 = DIRECTION('',(0.,0.,1.));
#3553 = PCURVE('',#3554,#3559);
#3554 = PLANE('',#3555);
#3555 = AXIS2_PLACEMENT_3D('',#3556,#3557,#3558);
#3556 = CARTESIAN_POINT('',(3.8E+03,7.96E+03,4.9E+03));
#3557 = DIRECTION('',(1.,0.,0.));
#3558 = DIRECTION('',(0.,0.,1.));
#3559 = DEFINITIONAL_REPRESENTATION('',(#3560),#3564);
#3560 = LINE('',#3561,#3562);
#3561 = CARTESIAN_POINT('',(0.,0.));
#3562 = VECTOR('',#3563,1.);
#3563 = DIRECTION('',(1.,0.));
#3564 = ( GEOMETRIC_REPRESENTATION_CONTEXT(2) 
PARAMETRIC_REPRESENTATION_CONTEXT() REPRESENTATION_CONTEXT('2D SPACE',''
  ) );
#3565 = PCURVE('',#3566,#3571);
#3566 = PLANE('',#3567);
#3567 = AXIS2_PLACEMENT_3D('',#3568,#3569,#3570);
#3568 = CARTESIAN_POINT('',(3.8E+03,7.96E+03,4.9E+03));
#3569 = DIRECTION('',(0.,1.,0.));
#3570 = DIRECTION('',(0.,0.,1.));
#3571 = DEFINITIONAL_REPRESENTATION('',(#3572),#3576);
#3572 = LINE('',#3573,#3574);
#3573 = CARTESIAN_POINT('',(0.,0.));
#3574 = VECTOR('',#3575,1.);
#3575 = DIRECTION('',(1.,0.));
#3576 = ( GEOMETRIC_REPRESENTATION_CONTEXT(2) 
PARAMETRIC_REPRESENTATION_CONTEXT() REPRESENTATION_CONTEXT('2D SPACE',''
  ) );
#3577 = ORIENTED_EDGE('',*,*,#3578,.T.);
#3578 = EDGE_CURVE('',#3544,#3579,#3581,.T.);
#3579 = VERTEX_POINT('',#3580);
#3580 = CARTESIAN_POINT('',(3.8E+03,8.08E+03,4.9E+03));
#3581 = SURFACE_CURVE('',#3582,(#3586,#3593),.PCURVE_S1.);
#3582 = LINE('',#3583,#3584);
#3583 = CARTESIAN_POINT('',(3.8E+03,7.96E+03,4.9E+03));
#3584 = VECTOR('',#3585,1.);
#3585 = DIRECTION('',(0.,1.,0.));
#3586 = PCURVE('',#3554,#3587);
#3587 = DEFINITIONAL_REPRESENTATION('',(#3588),#3592);
#3588 = LINE('',#3589,#3590);
#3589 = CARTESIAN_POINT('',(0.,0.));
#3590 = VECTOR('',#3591,1.);
#3591 = DIRECTION('',(0.,-1.));
#3592 = ( GEOMETRIC_REPRESENTATION_CONTEXT(2) 
PARAMETRIC_REPRESENTATION_CONTEXT() REPRESENTATION_CONTEXT('2D SPACE',''
  ) );
#3593 = PCURVE('',#3594,#3599);
#3594 = PLANE('',#3595);
#3595 = AXIS2_PLACEMENT_3D('',#3596,#3597,#3598);
#3596 = CARTESIAN_POINT('',(3.8E+03,7.96E+03,4.9E+03));
#3597 = DIRECTION('',(0.,0.,1.));
#3598 = DIRECTION('',(1.,0.,0.));
#3599 = DEFINITIONAL_REPRESENTATION('',(#3600),#3604);
#3600 = LINE('',#3601,#3602);
#3601 = CARTESIAN_POINT('',(0.,0.));
#3602 = VECTOR('',#3603,1.);
#3603 = DIRECTION('',(0.,1.));
#3604 = ( GEOMETRIC_REPRESENTATION_CONTEXT(2) 
PARAMETRIC_REPRESENTATION_CONTEXT() REPRESENTATION_CONTEXT('2D SPACE',''
  ) );
#3605 = ORIENTED_EDGE('',*,*,#3606,.T.);
#3606 = EDGE_CURVE('',#3579,#3607,#3609,.T.);
#3607 = VERTEX_POINT('',#3608);
#3608 = CARTESIAN_POINT('',(3.8E+03,8.08E+03,6.7E+03));
#3609 = SURFACE_CURVE('',#3610,(#3614,#3621),.PCURVE_S1.);
#3610 = LINE('',#3611,#3612);
#3611 = CARTESIAN_POINT('',(3.8E+03,8.08E+03,4.9E+03));
#3612 = VECTOR('',#3613,1.);
#3613 = DIRECTION('',(0.,0.,1.));
#3614 = PCURVE('',#3554,#3615);
#3615 = DEFINITIONAL_REPRESENTATION('',(#3616),#3620);
#3616 = LINE('',#3617,#3618);
#3617 = CARTESIAN_POINT('',(0.,-120.));
#3618 = VECTOR('',#3619,1.);
#3619 = DIRECTION('',(1.,0.));
#3620 = ( GEOMETRIC_REPRESENTATION_CONTEXT(2) 
PARAMETRIC_REPRESENTATION_CONTEXT() REPRESENTATION_CONTEXT('2D SPACE',''
  ) );
#3621 = PCURVE('',#3622,#3627);
#3622 = PLANE('',#3623);
#3623 = AXIS2_PLACEMENT_3D('',#3624,#3625,#3626);
#3624 = CARTESIAN_POINT('',(3.8E+03,8.08E+03,4.9E+03));
#3625 = DIRECTION('',(0.,1.,0.));
#3626 = DIRECTION('',(0.,0.,1.));
#3627 = DEFINITIONAL_REPRESENTATION('',(#3628),#3632);
#3628 = LINE('',#3629,#3630);
#3629 = CARTESIAN_POINT('',(0.,0.));
#3630 = VECTOR('',#3631,1.);
#3631 = DIRECTION('',(1.,0.));
#3632 = ( GEOMETRIC_REPRESENTATION_CONTEXT(2) 
PARAMETRIC_REPRESENTATION_CONTEXT() REPRESENTATION_CONTEXT('2D SPACE',''
  ) );
#3633 = ORIENTED_EDGE('',*,*,#3634,.F.);
#3634 = EDGE_CURVE('',#3546,#3607,#3635,.T.);
#3635 = SURFACE_CURVE('',#3636,(#3640,#3647),.PCURVE_S1.);
#3636 = LINE('',#3637,#3638);
#3637 = CARTESIAN_POINT('',(3.8E+03,7.96E+03,6.7E+03));
#3638 = VECTOR('',#3639,1.);
#3639 = DIRECTION('',(0.,1.,0.));
#3640 = PCURVE('',#3554,#3641);
#3641 = DEFINITIONAL_REPRESENTATION('',(#3642),#3646);
#3642 = LINE('',#3643,#3644);
#3643 = CARTESIAN_POINT('',(1.8E+03,0.));
#3644 = VECTOR('',#3645,1.);
#3645 = DIRECTION('',(0.,-1.));
#3646 = ( GEOMETRIC_REPRESENTATION_CONTEXT(2) 
PARAMETRIC_REPRESENTATION_CONTEXT() REPRESENTATION_CONTEXT('2D SPACE',''
  ) );
#3647 = PCURVE('',#3648,#3653);
#3648 = PLANE('',#3649);
#3649 = AXIS2_PLACEMENT_3D('',#3650,#3651,#3652);
#3650 = CARTESIAN_POINT('',(3.8E+03,7.96E+03,6.7E+03));
#3651 = DIRECTION('',(0.,0.,1.));
#3652 = DIRECTION('',(1.,0.,0.));
#3653 = DEFINITIONAL_REPRESENTATION('',(#3654),#3658);
#3654 = LINE('',#3655,#3656);
#3655 = CARTESIAN_POINT('',(0.,0.));
#3656 = VECTOR('',#3657,1.);
#3657 = DIRECTION('',(0.,1.));
#3658 = ( GEOMETRIC_REPRESENTATION_CONTEXT(2) 
PARAMETRIC_REPRESENTATION_CONTEXT() REPRESENTATION_CONTEXT('2D SPACE',''
  ) );
#3659 = ADVANCED_FACE('',(#3660),#3674,.T.);
#3660 = FACE_BOUND('',#3661,.T.);
#3661 = EDGE_LOOP('',(#3662,#3692,#3715,#3738));
#3662 = ORIENTED_EDGE('',*,*,#3663,.F.);
#3663 = EDGE_CURVE('',#3664,#3666,#3668,.T.);
#3664 = VERTEX_POINT('',#3665);
#3665 = CARTESIAN_POINT('',(5.2E+03,7.96E+03,4.9E+03));
#3666 = VERTEX_POINT('',#3667);
#3667 = CARTESIAN_POINT('',(5.2E+03,7.96E+03,6.7E+03));
#3668 = SURFACE_CURVE('',#3669,(#3673,#3685),.PCURVE_S1.);
#3669 = LINE('',#3670,#3671);
#3670 = CARTESIAN_POINT('',(5.2E+03,7.96E+03,4.9E+03));
#3671 = VECTOR('',#3672,1.);
#3672 = DIRECTION('',(0.,0.,1.));
#3673 = PCURVE('',#3674,#3679);
#3674 = PLANE('',#3675);
#3675 = AXIS2_PLACEMENT_3D('',#3676,#3677,#3678);
#3676 = CARTESIAN_POINT('',(5.2E+03,7.96E+03,4.9E+03));
#3677 = DIRECTION('',(1.,0.,0.));
#3678 = DIRECTION('',(0.,0.,1.));
#3679 = DEFINITIONAL_REPRESENTATION('',(#3680),#3684);
#3680 = LINE('',#3681,#3682);
#3681 = CARTESIAN_POINT('',(0.,0.));
#3682 = VECTOR('',#3683,1.);
#3683 = DIRECTION('',(1.,0.));
#3684 = ( GEOMETRIC_REPRESENTATION_CONTEXT(2) 
PARAMETRIC_REPRESENTATION_CONTEXT() REPRESENTATION_CONTEXT('2D SPACE',''
  ) );
#3685 = PCURVE('',#3566,#3686);
#3686 = DEFINITIONAL_REPRESENTATION('',(#3687),#3691);
#3687 = LINE('',#3688,#3689);
#3688 = CARTESIAN_POINT('',(0.,1.4E+03));
#3689 = VECTOR('',#3690,1.);
#3690 = DIRECTION('',(1.,0.));
#3691 = ( GEOMETRIC_REPRESENTATION_CONTEXT(2) 
PARAMETRIC_REPRESENTATION_CONTEXT() REPRESENTATION_CONTEXT('2D SPACE',''
  ) );
#3692 = ORIENTED_EDGE('',*,*,#3693,.T.);
#3693 = EDGE_CURVE('',#3664,#3694,#3696,.T.);
#3694 = VERTEX_POINT('',#3695);
#3695 = CARTESIAN_POINT('',(5.2E+03,8.08E+03,4.9E+03));
#3696 = SURFACE_CURVE('',#3697,(#3701,#3708),.PCURVE_S1.);
#3697 = LINE('',#3698,#3699);
#3698 = CARTESIAN_POINT('',(5.2E+03,7.96E+03,4.9E+03));
#3699 = VECTOR('',#3700,1.);
#3700 = DIRECTION('',(0.,1.,0.));
#3701 = PCURVE('',#3674,#3702);
#3702 = DEFINITIONAL_REPRESENTATION('',(#3703),#3707);
#3703 = LINE('',#3704,#3705);
#3704 = CARTESIAN_POINT('',(0.,0.));
#3705 = VECTOR('',#3706,1.);
#3706 = DIRECTION('',(0.,-1.));
#3707 = ( GEOMETRIC_REPRESENTATION_CONTEXT(2) 
PARAMETRIC_REPRESENTATION_CONTEXT() REPRESENTATION_CONTEXT('2D SPACE',''
  ) );
#3708 = PCURVE('',#3594,#3709);
#3709 = DEFINITIONAL_REPRESENTATION('',(#3710),#3714);
#3710 = LINE('',#3711,#3712);
#3711 = CARTESIAN_POINT('',(1.4E+03,0.));
#3712 = VECTOR('',#3713,1.);
#3713 = DIRECTION('',(0.,1.));
#3714 = ( GEOMETRIC_REPRESENTATION_CONTEXT(2) 
PARAMETRIC_REPRESENTATION_CONTEXT() REPRESENTATION_CONTEXT('2D SPACE',''
  ) );
#3715 = ORIENTED_EDGE('',*,*,#3716,.T.);
#3716 = EDGE_CURVE('',#3694,#3717,#3719,.T.);
#3717 = VERTEX_POINT('',#3718);
#3718 = CARTESIAN_POINT('',(5.2E+03,8.08E+03,6.7E+03));
#3719 = SURFACE_CURVE('',#3720,(#3724,#3731),.PCURVE_S1.);
#3720 = LINE('',#3721,#3722);
#3721 = CARTESIAN_POINT('',(5.2E+03,8.08E+03,4.9E+03));
#3722 = VECTOR('',#3723,1.);
#3723 = DIRECTION('',(0.,0.,1.));
#3724 = PCURVE('',#3674,#3725);
#3725 = DEFINITIONAL_REPRESENTATION('',(#3726),#3730);
#3726 = LINE('',#3727,#3728);
#3727 = CARTESIAN_POINT('',(0.,-120.));
#3728 = VECTOR('',#3729,1.);
#3729 = DIRECTION('',(1.,0.));
#3730 = ( GEOMETRIC_REPRESENTATION_CONTEXT(2) 
PARAMETRIC_REPRESENTATION_CONTEXT() REPRESENTATION_CONTEXT('2D SPACE',''
  ) );
#3731 = PCURVE('',#3622,#3732);
#3732 = DEFINITIONAL_REPRESENTATION('',(#3733),#3737);
#3733 = LINE('',#3734,#3735);
#3734 = CARTESIAN_POINT('',(0.,1.4E+03));
#3735 = VECTOR('',#3736,1.);
#3736 = DIRECTION('',(1.,0.));
#3737 = ( GEOMETRIC_REPRESENTATION_CONTEXT(2) 
PARAMETRIC_REPRESENTATION_CONTEXT() REPRESENTATION_CONTEXT('2D SPACE',''
  ) );
#3738 = ORIENTED_EDGE('',*,*,#3739,.F.);
#3739 = EDGE_CURVE('',#3666,#3717,#3740,.T.);
#3740 = SURFACE_CURVE('',#3741,(#3745,#3752),.PCURVE_S1.);
#3741 = LINE('',#3742,#3743);
#3742 = CARTESIAN_POINT('',(5.2E+03,7.96E+03,6.7E+03));
#3743 = VECTOR('',#3744,1.);
#3744 = DIRECTION('',(0.,1.,0.));
#3745 = PCURVE('',#3674,#3746);
#3746 = DEFINITIONAL_REPRESENTATION('',(#3747),#3751);
#3747 = LINE('',#3748,#3749);
#3748 = CARTESIAN_POINT('',(1.8E+03,0.));
#3749 = VECTOR('',#3750,1.);
#3750 = DIRECTION('',(0.,-1.));
#3751 = ( GEOMETRIC_REPRESENTATION_CONTEXT(2) 
PARAMETRIC_REPRESENTATION_CONTEXT() REPRESENTATION_CONTEXT('2D SPACE',''
  ) );
#3752 = PCURVE('',#3648,#3753);
#3753 = DEFINITIONAL_REPRESENTATION('',(#3754),#3758);
#3754 = LINE('',#3755,#3756);
#3755 = CARTESIAN_POINT('',(1.4E+03,0.));
#3756 = VECTOR('',#3757,1.);
#3757 = DIRECTION('',(0.,1.));
#3758 = ( GEOMETRIC_REPRESENTATION_CONTEXT(2) 
PARAMETRIC_REPRESENTATION_CONTEXT() REPRESENTATION_CONTEXT('2D SPACE',''
  ) );
#3759 = ADVANCED_FACE('',(#3760),#3566,.F.);
#3760 = FACE_BOUND('',#3761,.F.);
#3761 = EDGE_LOOP('',(#3762,#3783,#3784,#3805));
#3762 = ORIENTED_EDGE('',*,*,#3763,.F.);
#3763 = EDGE_CURVE('',#3544,#3664,#3764,.T.);
#3764 = SURFACE_CURVE('',#3765,(#3769,#3776),.PCURVE_S1.);
#3765 = LINE('',#3766,#3767);
#3766 = CARTESIAN_POINT('',(3.8E+03,7.96E+03,4.9E+03));
#3767 = VECTOR('',#3768,1.);
#3768 = DIRECTION('',(1.,0.,0.));
#3769 = PCURVE('',#3566,#3770);
#3770 = DEFINITIONAL_REPRESENTATION('',(#3771),#3775);
#3771 = LINE('',#3772,#3773);
#3772 = CARTESIAN_POINT('',(0.,0.));
#3773 = VECTOR('',#3774,1.);
#3774 = DIRECTION('',(0.,1.));
#3775 = ( GEOMETRIC_REPRESENTATION_CONTEXT(2) 
PARAMETRIC_REPRESENTATION_CONTEXT() REPRESENTATION_CONTEXT('2D SPACE',''
  ) );
#3776 = PCURVE('',#3594,#3777);
#3777 = DEFINITIONAL_REPRESENTATION('',(#3778),#3782);
#3778 = LINE('',#3779,#3780);
#3779 = CARTESIAN_POINT('',(0.,0.));
#3780 = VECTOR('',#3781,1.);
#3781 = DIRECTION('',(1.,0.));
#3782 = ( GEOMETRIC_REPRESENTATION_CONTEXT(2) 
PARAMETRIC_REPRESENTATION_CONTEXT() REPRESENTATION_CONTEXT('2D SPACE',''
  ) );
#3783 = ORIENTED_EDGE('',*,*,#3543,.T.);
#3784 = ORIENTED_EDGE('',*,*,#3785,.T.);
#3785 = EDGE_CURVE('',#3546,#3666,#3786,.T.);
#3786 = SURFACE_CURVE('',#3787,(#3791,#3798),.PCURVE_S1.);
#3787 = LINE('',#3788,#3789);
#3788 = CARTESIAN_POINT('',(3.8E+03,7.96E+03,6.7E+03));
#3789 = VECTOR('',#3790,1.);
#3790 = DIRECTION('',(1.,0.,0.));
#3791 = PCURVE('',#3566,#3792);
#3792 = DEFINITIONAL_REPRESENTATION('',(#3793),#3797);
#3793 = LINE('',#3794,#3795);
#3794 = CARTESIAN_POINT('',(1.8E+03,0.));
#3795 = VECTOR('',#3796,1.);
#3796 = DIRECTION('',(0.,1.));
#3797 = ( GEOMETRIC_REPRESENTATION_CONTEXT(2) 
PARAMETRIC_REPRESENTATION_CONTEXT() REPRESENTATION_CONTEXT('2D SPACE',''
  ) );
#3798 = PCURVE('',#3648,#3799);
#3799 = DEFINITIONAL_REPRESENTATION('',(#3800),#3804);
#3800 = LINE('',#3801,#3802);
#3801 = CARTESIAN_POINT('',(0.,0.));
#3802 = VECTOR('',#3803,1.);
#3803 = DIRECTION('',(1.,0.));
#3804 = ( GEOMETRIC_REPRESENTATION_CONTEXT(2) 
PARAMETRIC_REPRESENTATION_CONTEXT() REPRESENTATION_CONTEXT('2D SPACE',''
  ) );
#3805 = ORIENTED_EDGE('',*,*,#3663,.F.);
#3806 = ADVANCED_FACE('',(#3807),#3622,.T.);
#3807 = FACE_BOUND('',#3808,.T.);
#3808 = EDGE_LOOP('',(#3809,#3830,#3831,#3852));
#3809 = ORIENTED_EDGE('',*,*,#3810,.F.);
#3810 = EDGE_CURVE('',#3579,#3694,#3811,.T.);
#3811 = SURFACE_CURVE('',#3812,(#3816,#3823),.PCURVE_S1.);
#3812 = LINE('',#3813,#3814);
#3813 = CARTESIAN_POINT('',(3.8E+03,8.08E+03,4.9E+03));
#3814 = VECTOR('',#3815,1.);
#3815 = DIRECTION('',(1.,0.,0.));
#3816 = PCURVE('',#3622,#3817);
#3817 = DEFINITIONAL_REPRESENTATION('',(#3818),#3822);
#3818 = LINE('',#3819,#3820);
#3819 = CARTESIAN_POINT('',(0.,0.));
#3820 = VECTOR('',#3821,1.);
#3821 = DIRECTION('',(0.,1.));
#3822 = ( GEOMETRIC_REPRESENTATION_CONTEXT(2) 
PARAMETRIC_REPRESENTATION_CONTEXT() REPRESENTATION_CONTEXT('2D SPACE',''
  ) );
#3823 = PCURVE('',#3594,#3824);
#3824 = DEFINITIONAL_REPRESENTATION('',(#3825),#3829);
#3825 = LINE('',#3826,#3827);
#3826 = CARTESIAN_POINT('',(0.,120.));
#3827 = VECTOR('',#3828,1.);
#3828 = DIRECTION('',(1.,0.));
#3829 = ( GEOMETRIC_REPRESENTATION_CONTEXT(2) 
PARAMETRIC_REPRESENTATION_CONTEXT() REPRESENTATION_CONTEXT('2D SPACE',''
  ) );
#3830 = ORIENTED_EDGE('',*,*,#3606,.T.);
#3831 = ORIENTED_EDGE('',*,*,#3832,.T.);
#3832 = EDGE_CURVE('',#3607,#3717,#3833,.T.);
#3833 = SURFACE_CURVE('',#3834,(#3838,#3845),.PCURVE_S1.);
#3834 = LINE('',#3835,#3836);
#3835 = CARTESIAN_POINT('',(3.8E+03,8.08E+03,6.7E+03));
#3836 = VECTOR('',#3837,1.);
#3837 = DIRECTION('',(1.,0.,0.));
#3838 = PCURVE('',#3622,#3839);
#3839 = DEFINITIONAL_REPRESENTATION('',(#3840),#3844);
#3840 = LINE('',#3841,#3842);
#3841 = CARTESIAN_POINT('',(1.8E+03,0.));
#3842 = VECTOR('',#3843,1.);
#3843 = DIRECTION('',(0.,1.));
#3844 = ( GEOMETRIC_REPRESENTATION_CONTEXT(2) 
PARAMETRIC_REPRESENTATION_CONTEXT() REPRESENTATION_CONTEXT('2D SPACE',''
  ) );
#3845 = PCURVE('',#3648,#3846);
#3846 = DEFINITIONAL_REPRESENTATION('',(#3847),#3851);
#3847 = LINE('',#3848,#3849);
#3848 = CARTESIAN_POINT('',(0.,120.));
#3849 = VECTOR('',#3850,1.);
#3850 = DIRECTION('',(1.,0.));
#3851 = ( GEOMETRIC_REPRESENTATION_CONTEXT(2) 
PARAMETRIC_REPRESENTATION_CONTEXT() REPRESENTATION_CONTEXT('2D SPACE',''
  ) );
#3852 = ORIENTED_EDGE('',*,*,#3716,.F.);
#3853 = ADVANCED_FACE('',(#3854),#3594,.F.);
#3854 = FACE_BOUND('',#3855,.F.);
#3855 = EDGE_LOOP('',(#3856,#3857,#3858,#3859));
#3856 = ORIENTED_EDGE('',*,*,#3578,.F.);
#3857 = ORIENTED_EDGE('',*,*,#3763,.T.);
#3858 = ORIENTED_EDGE('',*,*,#3693,.T.);
#3859 = ORIENTED_EDGE('',*,*,#3810,.F.);
#3860 = ADVANCED_FACE('',(#3861),#3648,.T.);
#3861 = FACE_BOUND('',#3862,.T.);
#3862 = EDGE_LOOP('',(#3863,#3864,#3865,#3866));
#3863 = ORIENTED_EDGE('',*,*,#3634,.F.);
#3864 = ORIENTED_EDGE('',*,*,#3785,.T.);
#3865 = ORIENTED_EDGE('',*,*,#3739,.T.);
#3866 = ORIENTED_EDGE('',*,*,#3832,.F.);
#3867 = ( GEOMETRIC_REPRESENTATION_CONTEXT(3) 
GLOBAL_UNCERTAINTY_ASSIGNED_CONTEXT((#3871)) 
GLOBAL_UNIT_ASSIGNED_CONTEXT((#3868,#3869,#3870)) REPRESENTATION_CONTEXT
('Context #1','3D Context with UNIT and UNCERTAINTY') );
#3868 = ( LENGTH_UNIT() NAMED_UNIT(*) SI_UNIT(.MILLI.,.METRE.) );
#3869 = ( NAMED_UNIT(*) PLANE_ANGLE_UNIT() SI_UNIT($,.RADIAN.) );
#3870 = ( NAMED_UNIT(*) SI_UNIT($,.STERADIAN.) SOLID_ANGLE_UNIT() );
#3871 = UNCERTAINTY_MEASURE_WITH_UNIT(LENGTH_MEASURE(1.E-07),#3868,
  'distance_accuracy_value','confusion accuracy');
#3872 = CONTEXT_DEPENDENT_SHAPE_REPRESENTATION(#3873,#3875);
#3873 = ( REPRESENTATION_RELATIONSHIP('','',#3536,#10) 
REPRESENTATION_RELATIONSHIP_WITH_TRANSFORMATION(#3874) 
SHAPE_REPRESENTATION_RELATIONSHIP() );
#3874 = ITEM_DEFINED_TRANSFORMATION('','',#11,#55);
#3875 = PRODUCT_DEFINITION_SHAPE('Placement','Placement of an item',
  #3876);
#3876 = NEXT_ASSEMBLY_USAGE_OCCURRENCE('48','part10','',#5,#3531,$);
#3877 = PRODUCT_RELATED_PRODUCT_CATEGORY('part',$,(#3533));
#3878 = SHAPE_DEFINITION_REPRESENTATION(#3879,#3885);
#3879 = PRODUCT_DEFINITION_SHAPE('','',#3880);
#3880 = PRODUCT_DEFINITION('design','',#3881,#3884);
#3881 = PRODUCT_DEFINITION_FORMATION('','',#3882);
#3882 = PRODUCT('part11','part11','',(#3883));
#3883 = PRODUCT_CONTEXT('',#2,'mechanical');
#3884 = PRODUCT_DEFINITION_CONTEXT('part definition',#2,'design');
#3885 = ADVANCED_BREP_SHAPE_REPRESENTATION('',(#11,#3886),#4216);
#3886 = MANIFOLD_SOLID_BREP('',#3887);
#3887 = CLOSED_SHELL('',(#3888,#4008,#4108,#4155,#4202,#4209));
#3888 = ADVANCED_FACE('',(#3889),#3903,.F.);
#3889 = FACE_BOUND('',#3890,.F.);
#3890 = EDGE_LOOP('',(#3891,#3926,#3954,#3982));
#3891 = ORIENTED_EDGE('',*,*,#3892,.F.);
#3892 = EDGE_CURVE('',#3893,#3895,#3897,.T.);
#3893 = VERTEX_POINT('',#3894);
#3894 = CARTESIAN_POINT('',(8.3E+03,7.96E+03,4.9E+03));
#3895 = VERTEX_POINT('',#3896);
#3896 = CARTESIAN_POINT('',(8.3E+03,7.96E+03,6.7E+03));
#3897 = SURFACE_CURVE('',#3898,(#3902,#3914),.PCURVE_S1.);
#3898 = LINE('',#3899,#3900);
#3899 = CARTESIAN_POINT('',(8.3E+03,7.96E+03,4.9E+03));
#3900 = VECTOR('',#3901,1.);
#3901 = DIRECTION('',(0.,0.,1.));
#3902 = PCURVE('',#3903,#3908);
#3903 = PLANE('',#3904);
#3904 = AXIS2_PLACEMENT_3D('',#3905,#3906,#3907);
#3905 = CARTESIAN_POINT('',(8.3E+03,7.96E+03,4.9E+03));
#3906 = DIRECTION('',(1.,0.,0.));
#3907 = DIRECTION('',(0.,0.,1.));
#3908 = DEFINITIONAL_REPRESENTATION('',(#3909),#3913);
#3909 = LINE('',#3910,#3911);
#3910 = CARTESIAN_POINT('',(0.,0.));
#3911 = VECTOR('',#3912,1.);
#3912 = DIRECTION('',(1.,0.));
#3913 = ( GEOMETRIC_REPRESENTATION_CONTEXT(2) 
PARAMETRIC_REPRESENTATION_CONTEXT() REPRESENTATION_CONTEXT('2D SPACE',''
  ) );
#3914 = PCURVE('',#3915,#3920);
#3915 = PLANE('',#3916);
#3916 = AXIS2_PLACEMENT_3D('',#3917,#3918,#3919);
#3917 = CARTESIAN_POINT('',(8.3E+03,7.96E+03,4.9E+03));
#3918 = DIRECTION('',(0.,1.,0.));
#3919 = DIRECTION('',(0.,0.,1.));
#3920 = DEFINITIONAL_REPRESENTATION('',(#3921),#3925);
#3921 = LINE('',#3922,#3923);
#3922 = CARTESIAN_POINT('',(0.,0.));
#3923 = VECTOR('',#3924,1.);
#3924 = DIRECTION('',(1.,0.));
#3925 = ( GEOMETRIC_REPRESENTATION_CONTEXT(2) 
PARAMETRIC_REPRESENTATION_CONTEXT() REPRESENTATION_CONTEXT('2D SPACE',''
  ) );
#3926 = ORIENTED_EDGE('',*,*,#3927,.T.);
#3927 = EDGE_CURVE('',#3893,#3928,#3930,.T.);
#3928 = VERTEX_POINT('',#3929);
#3929 = CARTESIAN_POINT('',(8.3E+03,8.08E+03,4.9E+03));
#3930 = SURFACE_CURVE('',#3931,(#3935,#3942),.PCURVE_S1.);
#3931 = LINE('',#3932,#3933);
#3932 = CARTESIAN_POINT('',(8.3E+03,7.96E+03,4.9E+03));
#3933 = VECTOR('',#3934,1.);
#3934 = DIRECTION('',(0.,1.,0.));
#3935 = PCURVE('',#3903,#3936);
#3936 = DEFINITIONAL_REPRESENTATION('',(#3937),#3941);
#3937 = LINE('',#3938,#3939);
#3938 = CARTESIAN_POINT('',(0.,0.));
#3939 = VECTOR('',#3940,1.);
#3940 = DIRECTION('',(0.,-1.));
#3941 = ( GEOMETRIC_REPRESENTATION_CONTEXT(2) 
PARAMETRIC_REPRESENTATION_CONTEXT() REPRESENTATION_CONTEXT('2D SPACE',''
  ) );
#3942 = PCURVE('',#3943,#3948);
#3943 = PLANE('',#3944);
#3944 = AXIS2_PLACEMENT_3D('',#3945,#3946,#3947);
#3945 = CARTESIAN_POINT('',(8.3E+03,7.96E+03,4.9E+03));
#3946 = DIRECTION('',(0.,0.,1.));
#3947 = DIRECTION('',(1.,0.,0.));
#3948 = DEFINITIONAL_REPRESENTATION('',(#3949),#3953);
#3949 = LINE('',#3950,#3951);
#3950 = CARTESIAN_POINT('',(0.,0.));
#3951 = VECTOR('',#3952,1.);
#3952 = DIRECTION('',(0.,1.));
#3953 = ( GEOMETRIC_REPRESENTATION_CONTEXT(2) 
PARAMETRIC_REPRESENTATION_CONTEXT() REPRESENTATION_CONTEXT('2D SPACE',''
  ) );
#3954 = ORIENTED_EDGE('',*,*,#3955,.T.);
#3955 = EDGE_CURVE('',#3928,#3956,#3958,.T.);
#3956 = VERTEX_POINT('',#3957);
#3957 = CARTESIAN_POINT('',(8.3E+03,8.08E+03,6.7E+03));
#3958 = SURFACE_CURVE('',#3959,(#3963,#3970),.PCURVE_S1.);
#3959 = LINE('',#3960,#3961);
#3960 = CARTESIAN_POINT('',(8.3E+03,8.08E+03,4.9E+03));
#3961 = VECTOR('',#3962,1.);
#3962 = DIRECTION('',(0.,0.,1.));
#3963 = PCURVE('',#3903,#3964);
#3964 = DEFINITIONAL_REPRESENTATION('',(#3965),#3969);
#3965 = LINE('',#3966,#3967);
#3966 = CARTESIAN_POINT('',(0.,-120.));
#3967 = VECTOR('',#3968,1.);
#3968 = DIRECTION('',(1.,0.));
#3969 = ( GEOMETRIC_REPRESENTATION_CONTEXT(2) 
PARAMETRIC_REPRESENTATION_CONTEXT() REPRESENTATION_CONTEXT('2D SPACE',''
  ) );
#3970 = PCURVE('',#3971,#3976);
#3971 = PLANE('',#3972);
#3972 = AXIS2_PLACEMENT_3D('',#3973,#3974,#3975);
#3973 = CARTESIAN_POINT('',(8.3E+03,8.08E+03,4.9E+03));
#3974 = DIRECTION('',(0.,1.,0.));
#3975 = DIRECTION('',(0.,0.,1.));
#3976 = DEFINITIONAL_REPRESENTATION('',(#3977),#3981);
#3977 = LINE('',#3978,#3979);
#3978 = CARTESIAN_POINT('',(0.,0.));
#3979 = VECTOR('',#3980,1.);
#3980 = DIRECTION('',(1.,0.));
#3981 = ( GEOMETRIC_REPRESENTATION_CONTEXT(2) 
PARAMETRIC_REPRESENTATION_CONTEXT() REPRESENTATION_CONTEXT('2D SPACE',''
  ) );
#3982 = ORIENTED_EDGE('',*,*,#3983,.F.);
#3983 = EDGE_CURVE('',#3895,#3956,#3984,.T.);
#3984 = SURFACE_CURVE('',#3985,(#3989,#3996),.PCURVE_S1.);
#3985 = LINE('',#3986,#3987);
#3986 = CARTESIAN_POINT('',(8.3E+03,7.96E+03,6.7E+03));
#3987 = VECTOR('',#3988,1.);
#3988 = DIRECTION('',(0.,1.,0.));
#3989 = PCURVE('',#3903,#3990);
#3990 = DEFINITIONAL_REPRESENTATION('',(#3991),#3995);
#3991 = LINE('',#3992,#3993);
#3992 = CARTESIAN_POINT('',(1.8E+03,0.));
#3993 = VECTOR('',#3994,1.);
#3994 = DIRECTION('',(0.,-1.));
#3995 = ( GEOMETRIC_REPRESENTATION_CONTEXT(2) 
PARAMETRIC_REPRESENTATION_CONTEXT() REPRESENTATION_CONTEXT('2D SPACE',''
  ) );
#3996 = PCURVE('',#3997,#4002);
#3997 = PLANE('',#3998);
#3998 = AXIS2_PLACEMENT_3D('',#3999,#4000,#4001);
#3999 = CARTESIAN_POINT('',(8.3E+03,7.96E+03,6.7E+03));
#4000 = DIRECTION('',(0.,0.,1.));
#4001 = DIRECTION('',(1.,0.,0.));
#4002 = DEFINITIONAL_REPRESENTATION('',(#4003),#4007);
#4003 = LINE('',#4004,#4005);
#4004 = CARTESIAN_POINT('',(0.,0.));
#4005 = VECTOR('',#4006,1.);
#4006 = DIRECTION('',(0.,1.));
#4007 = ( GEOMETRIC_REPRESENTATION_CONTEXT(2) 
PARAMETRIC_REPRESENTATION_CONTEXT() REPRESENTATION_CONTEXT('2D SPACE',''
  ) );
#4008 = ADVANCED_FACE('',(#4009),#4023,.T.);
#4009 = FACE_BOUND('',#4010,.T.);
#4010 = EDGE_LOOP('',(#4011,#4041,#4064,#4087));
#4011 = ORIENTED_EDGE('',*,*,#4012,.F.);
#4012 = EDGE_CURVE('',#4013,#4015,#4017,.T.);
#4013 = VERTEX_POINT('',#4014);
#4014 = CARTESIAN_POINT('',(9.7E+03,7.96E+03,4.9E+03));
#4015 = VERTEX_POINT('',#4016);
#4016 = CARTESIAN_POINT('',(9.7E+03,7.96E+03,6.7E+03));
#4017 = SURFACE_CURVE('',#4018,(#4022,#4034),.PCURVE_S1.);
#4018 = LINE('',#4019,#4020);
#4019 = CARTESIAN_POINT('',(9.7E+03,7.96E+03,4.9E+03));
#4020 = VECTOR('',#4021,1.);
#4021 = DIRECTION('',(0.,0.,1.));
#4022 = PCURVE('',#4023,#4028);
#4023 = PLANE('',#4024);
#4024 = AXIS2_PLACEMENT_3D('',#4025,#4026,#4027);
#4025 = CARTESIAN_POINT('',(9.7E+03,7.96E+03,4.9E+03));
#4026 = DIRECTION('',(1.,0.,0.));
#4027 = DIRECTION('',(0.,0.,1.));
#4028 = DEFINITIONAL_REPRESENTATION('',(#4029),#4033);
#4029 = LINE('',#4030,#4031);
#4030 = CARTESIAN_POINT('',(0.,0.));
#4031 = VECTOR('',#4032,1.);
#4032 = DIRECTION('',(1.,0.));
#4033 = ( GEOMETRIC_REPRESENTATION_CONTEXT(2) 
PARAMETRIC_REPRESENTATION_CONTEXT() REPRESENTATION_CONTEXT('2D SPACE',''
  ) );
#4034 = PCURVE('',#3915,#4035);
#4035 = DEFINITIONAL_REPRESENTATION('',(#4036),#4040);
#4036 = LINE('',#4037,#4038);
#4037 = CARTESIAN_POINT('',(0.,1.4E+03));
#4038 = VECTOR('',#4039,1.);
#4039 = DIRECTION('',(1.,0.));
#4040 = ( GEOMETRIC_REPRESENTATION_CONTEXT(2) 
PARAMETRIC_REPRESENTATION_CONTEXT() REPRESENTATION_CONTEXT('2D SPACE',''
  ) );
#4041 = ORIENTED_EDGE('',*,*,#4042,.T.);
#4042 = EDGE_CURVE('',#4013,#4043,#4045,.T.);
#4043 = VERTEX_POINT('',#4044);
#4044 = CARTESIAN_POINT('',(9.7E+03,8.08E+03,4.9E+03));
#4045 = SURFACE_CURVE('',#4046,(#4050,#4057),.PCURVE_S1.);
#4046 = LINE('',#4047,#4048);
#4047 = CARTESIAN_POINT('',(9.7E+03,7.96E+03,4.9E+03));
#4048 = VECTOR('',#4049,1.);
#4049 = DIRECTION('',(0.,1.,0.));
#4050 = PCURVE('',#4023,#4051);
#4051 = DEFINITIONAL_REPRESENTATION('',(#4052),#4056);
#4052 = LINE('',#4053,#4054);
#4053 = CARTESIAN_POINT('',(0.,0.));
#4054 = VECTOR('',#4055,1.);
#4055 = DIRECTION('',(0.,-1.));
#4056 = ( GEOMETRIC_REPRESENTATION_CONTEXT(2) 
PARAMETRIC_REPRESENTATION_CONTEXT() REPRESENTATION_CONTEXT('2D SPACE',''
  ) );
#4057 = PCURVE('',#3943,#4058);
#4058 = DEFINITIONAL_REPRESENTATION('',(#4059),#4063);
#4059 = LINE('',#4060,#4061);
#4060 = CARTESIAN_POINT('',(1.4E+03,0.));
#4061 = VECTOR('',#4062,1.);
#4062 = DIRECTION('',(0.,1.));
#4063 = ( GEOMETRIC_REPRESENTATION_CONTEXT(2) 
PARAMETRIC_REPRESENTATION_CONTEXT() REPRESENTATION_CONTEXT('2D SPACE',''
  ) );
#4064 = ORIENTED_EDGE('',*,*,#4065,.T.);
#4065 = EDGE_CURVE('',#4043,#4066,#4068,.T.);
#4066 = VERTEX_POINT('',#4067);
#4067 = CARTESIAN_POINT('',(9.7E+03,8.08E+03,6.7E+03));
#4068 = SURFACE_CURVE('',#4069,(#4073,#4080),.PCURVE_S1.);
#4069 = LINE('',#4070,#4071);
#4070 = CARTESIAN_POINT('',(9.7E+03,8.08E+03,4.9E+03));
#4071 = VECTOR('',#4072,1.);
#4072 = DIRECTION('',(0.,0.,1.));
#4073 = PCURVE('',#4023,#4074);
#4074 = DEFINITIONAL_REPRESENTATION('',(#4075),#4079);
#4075 = LINE('',#4076,#4077);
#4076 = CARTESIAN_POINT('',(0.,-120.));
#4077 = VECTOR('',#4078,1.);
#4078 = DIRECTION('',(1.,0.));
#4079 = ( GEOMETRIC_REPRESENTATION_CONTEXT(2) 
PARAMETRIC_REPRESENTATION_CONTEXT() REPRESENTATION_CONTEXT('2D SPACE',''
  ) );
#4080 = PCURVE('',#3971,#4081);
#4081 = DEFINITIONAL_REPRESENTATION('',(#4082),#4086);
#4082 = LINE('',#4083,#4084);
#4083 = CARTESIAN_POINT('',(0.,1.4E+03));
#4084 = VECTOR('',#4085,1.);
#4085 = DIRECTION('',(1.,0.));
#4086 = ( GEOMETRIC_REPRESENTATION_CONTEXT(2) 
PARAMETRIC_REPRESENTATION_CONTEXT() REPRESENTATION_CONTEXT('2D SPACE',''
  ) );
#4087 = ORIENTED_EDGE('',*,*,#4088,.F.);
#4088 = EDGE_CURVE('',#4015,#4066,#4089,.T.);
#4089 = SURFACE_CURVE('',#4090,(#4094,#4101),.PCURVE_S1.);
#4090 = LINE('',#4091,#4092);
#4091 = CARTESIAN_POINT('',(9.7E+03,7.96E+03,6.7E+03));
#4092 = VECTOR('',#4093,1.);
#4093 = DIRECTION('',(0.,1.,0.));
#4094 = PCURVE('',#4023,#4095);
#4095 = DEFINITIONAL_REPRESENTATION('',(#4096),#4100);
#4096 = LINE('',#4097,#4098);
#4097 = CARTESIAN_POINT('',(1.8E+03,0.));
#4098 = VECTOR('',#4099,1.);
#4099 = DIRECTION('',(0.,-1.));
#4100 = ( GEOMETRIC_REPRESENTATION_CONTEXT(2) 
PARAMETRIC_REPRESENTATION_CONTEXT() REPRESENTATION_CONTEXT('2D SPACE',''
  ) );
#4101 = PCURVE('',#3997,#4102);
#4102 = DEFINITIONAL_REPRESENTATION('',(#4103),#4107);
#4103 = LINE('',#4104,#4105);
#4104 = CARTESIAN_POINT('',(1.4E+03,0.));
#4105 = VECTOR('',#4106,1.);
#4106 = DIRECTION('',(0.,1.));
#4107 = ( GEOMETRIC_REPRESENTATION_CONTEXT(2) 
PARAMETRIC_REPRESENTATION_CONTEXT() REPRESENTATION_CONTEXT('2D SPACE',''
  ) );
#4108 = ADVANCED_FACE('',(#4109),#3915,.F.);
#4109 = FACE_BOUND('',#4110,.F.);
#4110 = EDGE_LOOP('',(#4111,#4132,#4133,#4154));
#4111 = ORIENTED_EDGE('',*,*,#4112,.F.);
#4112 = EDGE_CURVE('',#3893,#4013,#4113,.T.);
#4113 = SURFACE_CURVE('',#4114,(#4118,#4125),.PCURVE_S1.);
#4114 = LINE('',#4115,#4116);
#4115 = CARTESIAN_POINT('',(8.3E+03,7.96E+03,4.9E+03));
#4116 = VECTOR('',#4117,1.);
#4117 = DIRECTION('',(1.,0.,0.));
#4118 = PCURVE('',#3915,#4119);
#4119 = DEFINITIONAL_REPRESENTATION('',(#4120),#4124);
#4120 = LINE('',#4121,#4122);
#4121 = CARTESIAN_POINT('',(0.,0.));
#4122 = VECTOR('',#4123,1.);
#4123 = DIRECTION('',(0.,1.));
#4124 = ( GEOMETRIC_REPRESENTATION_CONTEXT(2) 
PARAMETRIC_REPRESENTATION_CONTEXT() REPRESENTATION_CONTEXT('2D SPACE',''
  ) );
#4125 = PCURVE('',#3943,#4126);
#4126 = DEFINITIONAL_REPRESENTATION('',(#4127),#4131);
#4127 = LINE('',#4128,#4129);
#4128 = CARTESIAN_POINT('',(0.,0.));
#4129 = VECTOR('',#4130,1.);
#4130 = DIRECTION('',(1.,0.));
#4131 = ( GEOMETRIC_REPRESENTATION_CONTEXT(2) 
PARAMETRIC_REPRESENTATION_CONTEXT() REPRESENTATION_CONTEXT('2D SPACE',''
  ) );
#4132 = ORIENTED_EDGE('',*,*,#3892,.T.);
#4133 = ORIENTED_EDGE('',*,*,#4134,.T.);
#4134 = EDGE_CURVE('',#3895,#4015,#4135,.T.);
#4135 = SURFACE_CURVE('',#4136,(#4140,#4147),.PCURVE_S1.);
#4136 = LINE('',#4137,#4138);
#4137 = CARTESIAN_POINT('',(8.3E+03,7.96E+03,6.7E+03));
#4138 = VECTOR('',#4139,1.);
#4139 = DIRECTION('',(1.,0.,0.));
#4140 = PCURVE('',#3915,#4141);
#4141 = DEFINITIONAL_REPRESENTATION('',(#4142),#4146);
#4142 = LINE('',#4143,#4144);
#4143 = CARTESIAN_POINT('',(1.8E+03,0.));
#4144 = VECTOR('',#4145,1.);
#4145 = DIRECTION('',(0.,1.));
#4146 = ( GEOMETRIC_REPRESENTATION_CONTEXT(2) 
PARAMETRIC_REPRESENTATION_CONTEXT() REPRESENTATION_CONTEXT('2D SPACE',''
  ) );
#4147 = PCURVE('',#3997,#4148);
#4148 = DEFINITIONAL_REPRESENTATION('',(#4149),#4153);
#4149 = LINE('',#4150,#4151);
#4150 = CARTESIAN_POINT('',(0.,0.));
#4151 = VECTOR('',#4152,1.);
#4152 = DIRECTION('',(1.,0.));
#4153 = ( GEOMETRIC_REPRESENTATION_CONTEXT(2) 
PARAMETRIC_REPRESENTATION_CONTEXT() REPRESENTATION_CONTEXT('2D SPACE',''
  ) );
#4154 = ORIENTED_EDGE('',*,*,#4012,.F.);
#4155 = ADVANCED_FACE('',(#4156),#3971,.T.);
#4156 = FACE_BOUND('',#4157,.T.);
#4157 = EDGE_LOOP('',(#4158,#4179,#4180,#4201));
#4158 = ORIENTED_EDGE('',*,*,#4159,.F.);
#4159 = EDGE_CURVE('',#3928,#4043,#4160,.T.);
#4160 = SURFACE_CURVE('',#4161,(#4165,#4172),.PCURVE_S1.);
#4161 = LINE('',#4162,#4163);
#4162 = CARTESIAN_POINT('',(8.3E+03,8.08E+03,4.9E+03));
#4163 = VECTOR('',#4164,1.);
#4164 = DIRECTION('',(1.,0.,0.));
#4165 = PCURVE('',#3971,#4166);
#4166 = DEFINITIONAL_REPRESENTATION('',(#4167),#4171);
#4167 = LINE('',#4168,#4169);
#4168 = CARTESIAN_POINT('',(0.,0.));
#4169 = VECTOR('',#4170,1.);
#4170 = DIRECTION('',(0.,1.));
#4171 = ( GEOMETRIC_REPRESENTATION_CONTEXT(2) 
PARAMETRIC_REPRESENTATION_CONTEXT() REPRESENTATION_CONTEXT('2D SPACE',''
  ) );
#4172 = PCURVE('',#3943,#4173);
#4173 = DEFINITIONAL_REPRESENTATION('',(#4174),#4178);
#4174 = LINE('',#4175,#4176);
#4175 = CARTESIAN_POINT('',(0.,120.));
#4176 = VECTOR('',#4177,1.);
#4177 = DIRECTION('',(1.,0.));
#4178 = ( GEOMETRIC_REPRESENTATION_CONTEXT(2) 
PARAMETRIC_REPRESENTATION_CONTEXT() REPRESENTATION_CONTEXT('2D SPACE',''
  ) );
#4179 = ORIENTED_EDGE('',*,*,#3955,.T.);
#4180 = ORIENTED_EDGE('',*,*,#4181,.T.);
#4181 = EDGE_CURVE('',#3956,#4066,#4182,.T.);
#4182 = SURFACE_CURVE('',#4183,(#4187,#4194),.PCURVE_S1.);
#4183 = LINE('',#4184,#4185);
#4184 = CARTESIAN_POINT('',(8.3E+03,8.08E+03,6.7E+03));
#4185 = VECTOR('',#4186,1.);
#4186 = DIRECTION('',(1.,0.,0.));
#4187 = PCURVE('',#3971,#4188);
#4188 = DEFINITIONAL_REPRESENTATION('',(#4189),#4193);
#4189 = LINE('',#4190,#4191);
#4190 = CARTESIAN_POINT('',(1.8E+03,0.));
#4191 = VECTOR('',#4192,1.);
#4192 = DIRECTION('',(0.,1.));
#4193 = ( GEOMETRIC_REPRESENTATION_CONTEXT(2) 
PARAMETRIC_REPRESENTATION_CONTEXT() REPRESENTATION_CONTEXT('2D SPACE',''
  ) );
#4194 = PCURVE('',#3997,#4195);
#4195 = DEFINITIONAL_REPRESENTATION('',(#4196),#4200);
#4196 = LINE('',#4197,#4198);
#4197 = CARTESIAN_POINT('',(0.,120.));
#4198 = VECTOR('',#4199,1.);
#4199 = DIRECTION('',(1.,0.));
#4200 = ( GEOMETRIC_REPRESENTATION_CONTEXT(2) 
PARAMETRIC_REPRESENTATION_CONTEXT() REPRESENTATION_CONTEXT('2D SPACE',''
  ) );
#4201 = ORIENTED_EDGE('',*,*,#4065,.F.);
#4202 = ADVANCED_FACE('',(#4203),#3943,.F.);
#4203 = FACE_BOUND('',#4204,.F.);
#4204 = EDGE_LOOP('',(#4205,#4206,#4207,#4208));
#4205 = ORIENTED_EDGE('',*,*,#3927,.F.);
#4206 = ORIENTED_EDGE('',*,*,#4112,.T.);
#4207 = ORIENTED_EDGE('',*,*,#4042,.T.);
#4208 = ORIENTED_EDGE('',*,*,#4159,.F.);
#4209 = ADVANCED_FACE('',(#4210),#3997,.T.);
#4210 = FACE_BOUND('',#4211,.T.);
#4211 = EDGE_LOOP('',(#4212,#4213,#4214,#4215));
#4212 = ORIENTED_EDGE('',*,*,#3983,.F.);
#4213 = ORIENTED_EDGE('',*,*,#4134,.T.);
#4214 = ORIENTED_EDGE('',*,*,#4088,.T.);
#4215 = ORIENTED_EDGE('',*,*,#4181,.F.);
#4216 = ( GEOMETRIC_REPRESENTATION_CONTEXT(3) 
GLOBAL_UNCERTAINTY_ASSIGNED_CONTEXT((#4220)) 
GLOBAL_UNIT_ASSIGNED_CONTEXT((#4217,#4218,#4219)) REPRESENTATION_CONTEXT
('Context #1','3D Context with UNIT and UNCERTAINTY') );
#4217 = ( LENGTH_UNIT() NAMED_UNIT(*) SI_UNIT(.MILLI.,.METRE.) );
#4218 = ( NAMED_UNIT(*) PLANE_ANGLE_UNIT() SI_UNIT($,.RADIAN.) );
#4219 = ( NAMED_UNIT(*) SI_UNIT($,.STERADIAN.) SOLID_ANGLE_UNIT() );
#4220 = UNCERTAINTY_MEASURE_WITH_UNIT(LENGTH_MEASURE(1.E-07),#4217,
  'distance_accuracy_value','confusion accuracy');
#4221 = CONTEXT_DEPENDENT_SHAPE_REPRESENTATION(#4222,#4224);
#4222 = ( REPRESENTATION_RELATIONSHIP('','',#3885,#10) 
REPRESENTATION_RELATIONSHIP_WITH_TRANSFORMATION(#4223) 
SHAPE_REPRESENTATION_RELATIONSHIP() );
#4223 = ITEM_DEFINED_TRANSFORMATION('','',#11,#59);
#4224 = PRODUCT_DEFINITION_SHAPE('Placement','Placement of an item',
  #4225);
#4225 = NEXT_ASSEMBLY_USAGE_OCCURRENCE('49','part11','',#5,#3880,$);
#4226 = PRODUCT_RELATED_PRODUCT_CATEGORY('part',$,(#3882));
#4227 = SHAPE_DEFINITION_REPRESENTATION(#4228,#4234);
#4228 = PRODUCT_DEFINITION_SHAPE('','',#4229);
#4229 = PRODUCT_DEFINITION('design','',#4230,#4233);
#4230 = PRODUCT_DEFINITION_FORMATION('','',#4231);
#4231 = PRODUCT('part12','part12','',(#4232));
#4232 = PRODUCT_CONTEXT('',#2,'mechanical');
#4233 = PRODUCT_DEFINITION_CONTEXT('part definition',#2,'design');
#4234 = ADVANCED_BREP_SHAPE_REPRESENTATION('',(#11,#4235),#4565);
#4235 = MANIFOLD_SOLID_BREP('',#4236);
#4236 = CLOSED_SHELL('',(#4237,#4357,#4457,#4504,#4551,#4558));
#4237 = ADVANCED_FACE('',(#4238),#4252,.F.);
#4238 = FACE_BOUND('',#4239,.F.);
#4239 = EDGE_LOOP('',(#4240,#4275,#4303,#4331));
#4240 = ORIENTED_EDGE('',*,*,#4241,.F.);
#4241 = EDGE_CURVE('',#4242,#4244,#4246,.T.);
#4242 = VERTEX_POINT('',#4243);
#4243 = CARTESIAN_POINT('',(-1.3E+03,7.85E+03,7.9E+03));
#4244 = VERTEX_POINT('',#4245);
#4245 = CARTESIAN_POINT('',(-1.3E+03,7.85E+03,1.09E+04));
#4246 = SURFACE_CURVE('',#4247,(#4251,#4263),.PCURVE_S1.);
#4247 = LINE('',#4248,#4249);
#4248 = CARTESIAN_POINT('',(-1.3E+03,7.85E+03,7.9E+03));
#4249 = VECTOR('',#4250,1.);
#4250 = DIRECTION('',(0.,0.,1.));
#4251 = PCURVE('',#4252,#4257);
#4252 = PLANE('',#4253);
#4253 = AXIS2_PLACEMENT_3D('',#4254,#4255,#4256);
#4254 = CARTESIAN_POINT('',(-1.3E+03,7.85E+03,7.9E+03));
#4255 = DIRECTION('',(1.,0.,0.));
#4256 = DIRECTION('',(0.,0.,1.));
#4257 = DEFINITIONAL_REPRESENTATION('',(#4258),#4262);
#4258 = LINE('',#4259,#4260);
#4259 = CARTESIAN_POINT('',(0.,0.));
#4260 = VECTOR('',#4261,1.);
#4261 = DIRECTION('',(1.,0.));
#4262 = ( GEOMETRIC_REPRESENTATION_CONTEXT(2) 
PARAMETRIC_REPRESENTATION_CONTEXT() REPRESENTATION_CONTEXT('2D SPACE',''
  ) );
#4263 = PCURVE('',#4264,#4269);
#4264 = PLANE('',#4265);
#4265 = AXIS2_PLACEMENT_3D('',#4266,#4267,#4268);
#4266 = CARTESIAN_POINT('',(-1.3E+03,7.85E+03,7.9E+03));
#4267 = DIRECTION('',(0.,1.,0.));
#4268 = DIRECTION('',(0.,0.,1.));
#4269 = DEFINITIONAL_REPRESENTATION('',(#4270),#4274);
#4270 = LINE('',#4271,#4272);
#4271 = CARTESIAN_POINT('',(0.,0.));
#4272 = VECTOR('',#4273,1.);
#4273 = DIRECTION('',(1.,0.));
#4274 = ( GEOMETRIC_REPRESENTATION_CONTEXT(2) 
PARAMETRIC_REPRESENTATION_CONTEXT() REPRESENTATION_CONTEXT('2D SPACE',''
  ) );
#4275 = ORIENTED_EDGE('',*,*,#4276,.T.);
#4276 = EDGE_CURVE('',#4242,#4277,#4279,.T.);
#4277 = VERTEX_POINT('',#4278);
#4278 = CARTESIAN_POINT('',(-1.3E+03,8.15E+03,7.9E+03));
#4279 = SURFACE_CURVE('',#4280,(#4284,#4291),.PCURVE_S1.);
#4280 = LINE('',#4281,#4282);
#4281 = CARTESIAN_POINT('',(-1.3E+03,7.85E+03,7.9E+03));
#4282 = VECTOR('',#4283,1.);
#4283 = DIRECTION('',(0.,1.,0.));
#4284 = PCURVE('',#4252,#4285);
#4285 = DEFINITIONAL_REPRESENTATION('',(#4286),#4290);
#4286 = LINE('',#4287,#4288);
#4287 = CARTESIAN_POINT('',(0.,0.));
#4288 = VECTOR('',#4289,1.);
#4289 = DIRECTION('',(0.,-1.));
#4290 = ( GEOMETRIC_REPRESENTATION_CONTEXT(2) 
PARAMETRIC_REPRESENTATION_CONTEXT() REPRESENTATION_CONTEXT('2D SPACE',''
  ) );
#4291 = PCURVE('',#4292,#4297);
#4292 = PLANE('',#4293);
#4293 = AXIS2_PLACEMENT_3D('',#4294,#4295,#4296);
#4294 = CARTESIAN_POINT('',(-1.3E+03,7.85E+03,7.9E+03));
#4295 = DIRECTION('',(0.,0.,1.));
#4296 = DIRECTION('',(1.,0.,0.));
#4297 = DEFINITIONAL_REPRESENTATION('',(#4298),#4302);
#4298 = LINE('',#4299,#4300);
#4299 = CARTESIAN_POINT('',(0.,0.));
#4300 = VECTOR('',#4301,1.);
#4301 = DIRECTION('',(0.,1.));
#4302 = ( GEOMETRIC_REPRESENTATION_CONTEXT(2) 
PARAMETRIC_REPRESENTATION_CONTEXT() REPRESENTATION_CONTEXT('2D SPACE',''
  ) );
#4303 = ORIENTED_EDGE('',*,*,#4304,.T.);
#4304 = EDGE_CURVE('',#4277,#4305,#4307,.T.);
#4305 = VERTEX_POINT('',#4306);
#4306 = CARTESIAN_POINT('',(-1.3E+03,8.15E+03,1.09E+04));
#4307 = SURFACE_CURVE('',#4308,(#4312,#4319),.PCURVE_S1.);
#4308 = LINE('',#4309,#4310);
#4309 = CARTESIAN_POINT('',(-1.3E+03,8.15E+03,7.9E+03));
#4310 = VECTOR('',#4311,1.);
#4311 = DIRECTION('',(0.,0.,1.));
#4312 = PCURVE('',#4252,#4313);
#4313 = DEFINITIONAL_REPRESENTATION('',(#4314),#4318);
#4314 = LINE('',#4315,#4316);
#4315 = CARTESIAN_POINT('',(0.,-300.));
#4316 = VECTOR('',#4317,1.);
#4317 = DIRECTION('',(1.,0.));
#4318 = ( GEOMETRIC_REPRESENTATION_CONTEXT(2) 
PARAMETRIC_REPRESENTATION_CONTEXT() REPRESENTATION_CONTEXT('2D SPACE',''
  ) );
#4319 = PCURVE('',#4320,#4325);
#4320 = PLANE('',#4321);
#4321 = AXIS2_PLACEMENT_3D('',#4322,#4323,#4324);
#4322 = CARTESIAN_POINT('',(-1.3E+03,8.15E+03,7.9E+03));
#4323 = DIRECTION('',(0.,1.,0.));
#4324 = DIRECTION('',(0.,0.,1.));
#4325 = DEFINITIONAL_REPRESENTATION('',(#4326),#4330);
#4326 = LINE('',#4327,#4328);
#4327 = CARTESIAN_POINT('',(0.,0.));
#4328 = VECTOR('',#4329,1.);
#4329 = DIRECTION('',(1.,0.));
#4330 = ( GEOMETRIC_REPRESENTATION_CONTEXT(2) 
PARAMETRIC_REPRESENTATION_CONTEXT() REPRESENTATION_CONTEXT('2D SPACE',''
  ) );
#4331 = ORIENTED_EDGE('',*,*,#4332,.F.);
#4332 = EDGE_CURVE('',#4244,#4305,#4333,.T.);
#4333 = SURFACE_CURVE('',#4334,(#4338,#4345),.PCURVE_S1.);
#4334 = LINE('',#4335,#4336);
#4335 = CARTESIAN_POINT('',(-1.3E+03,7.85E+03,1.09E+04));
#4336 = VECTOR('',#4337,1.);
#4337 = DIRECTION('',(0.,1.,0.));
#4338 = PCURVE('',#4252,#4339);
#4339 = DEFINITIONAL_REPRESENTATION('',(#4340),#4344);
#4340 = LINE('',#4341,#4342);
#4341 = CARTESIAN_POINT('',(3.E+03,0.));
#4342 = VECTOR('',#4343,1.);
#4343 = DIRECTION('',(0.,-1.));
#4344 = ( GEOMETRIC_REPRESENTATION_CONTEXT(2) 
PARAMETRIC_REPRESENTATION_CONTEXT() REPRESENTATION_CONTEXT('2D SPACE',''
  ) );
#4345 = PCURVE('',#4346,#4351);
#4346 = PLANE('',#4347);
#4347 = AXIS2_PLACEMENT_3D('',#4348,#4349,#4350);
#4348 = CARTESIAN_POINT('',(-1.3E+03,7.85E+03,1.09E+04));
#4349 = DIRECTION('',(0.,0.,1.));
#4350 = DIRECTION('',(1.,0.,0.));
#4351 = DEFINITIONAL_REPRESENTATION('',(#4352),#4356);
#4352 = LINE('',#4353,#4354);
#4353 = CARTESIAN_POINT('',(0.,0.));
#4354 = VECTOR('',#4355,1.);
#4355 = DIRECTION('',(0.,1.));
#4356 = ( GEOMETRIC_REPRESENTATION_CONTEXT(2) 
PARAMETRIC_REPRESENTATION_CONTEXT() REPRESENTATION_CONTEXT('2D SPACE',''
  ) );
#4357 = ADVANCED_FACE('',(#4358),#4372,.T.);
#4358 = FACE_BOUND('',#4359,.T.);
#4359 = EDGE_LOOP('',(#4360,#4390,#4413,#4436));
#4360 = ORIENTED_EDGE('',*,*,#4361,.F.);
#4361 = EDGE_CURVE('',#4362,#4364,#4366,.T.);
#4362 = VERTEX_POINT('',#4363);
#4363 = CARTESIAN_POINT('',(1.3E+03,7.85E+03,7.9E+03));
#4364 = VERTEX_POINT('',#4365);
#4365 = CARTESIAN_POINT('',(1.3E+03,7.85E+03,1.09E+04));
#4366 = SURFACE_CURVE('',#4367,(#4371,#4383),.PCURVE_S1.);
#4367 = LINE('',#4368,#4369);
#4368 = CARTESIAN_POINT('',(1.3E+03,7.85E+03,7.9E+03));
#4369 = VECTOR('',#4370,1.);
#4370 = DIRECTION('',(0.,0.,1.));
#4371 = PCURVE('',#4372,#4377);
#4372 = PLANE('',#4373);
#4373 = AXIS2_PLACEMENT_3D('',#4374,#4375,#4376);
#4374 = CARTESIAN_POINT('',(1.3E+03,7.85E+03,7.9E+03));
#4375 = DIRECTION('',(1.,0.,0.));
#4376 = DIRECTION('',(0.,0.,1.));
#4377 = DEFINITIONAL_REPRESENTATION('',(#4378),#4382);
#4378 = LINE('',#4379,#4380);
#4379 = CARTESIAN_POINT('',(0.,0.));
#4380 = VECTOR('',#4381,1.);
#4381 = DIRECTION('',(1.,0.));
#4382 = ( GEOMETRIC_REPRESENTATION_CONTEXT(2) 
PARAMETRIC_REPRESENTATION_CONTEXT() REPRESENTATION_CONTEXT('2D SPACE',''
  ) );
#4383 = PCURVE('',#4264,#4384);
#4384 = DEFINITIONAL_REPRESENTATION('',(#4385),#4389);
#4385 = LINE('',#4386,#4387);
#4386 = CARTESIAN_POINT('',(0.,2.6E+03));
#4387 = VECTOR('',#4388,1.);
#4388 = DIRECTION('',(1.,0.));
#4389 = ( GEOMETRIC_REPRESENTATION_CONTEXT(2) 
PARAMETRIC_REPRESENTATION_CONTEXT() REPRESENTATION_CONTEXT('2D SPACE',''
  ) );
#4390 = ORIENTED_EDGE('',*,*,#4391,.T.);
#4391 = EDGE_CURVE('',#4362,#4392,#4394,.T.);
#4392 = VERTEX_POINT('',#4393);
#4393 = CARTESIAN_POINT('',(1.3E+03,8.15E+03,7.9E+03));
#4394 = SURFACE_CURVE('',#4395,(#4399,#4406),.PCURVE_S1.);
#4395 = LINE('',#4396,#4397);
#4396 = CARTESIAN_POINT('',(1.3E+03,7.85E+03,7.9E+03));
#4397 = VECTOR('',#4398,1.);
#4398 = DIRECTION('',(0.,1.,0.));
#4399 = PCURVE('',#4372,#4400);
#4400 = DEFINITIONAL_REPRESENTATION('',(#4401),#4405);
#4401 = LINE('',#4402,#4403);
#4402 = CARTESIAN_POINT('',(0.,0.));
#4403 = VECTOR('',#4404,1.);
#4404 = DIRECTION('',(0.,-1.));
#4405 = ( GEOMETRIC_REPRESENTATION_CONTEXT(2) 
PARAMETRIC_REPRESENTATION_CONTEXT() REPRESENTATION_CONTEXT('2D SPACE',''
  ) );
#4406 = PCURVE('',#4292,#4407);
#4407 = DEFINITIONAL_REPRESENTATION('',(#4408),#4412);
#4408 = LINE('',#4409,#4410);
#4409 = CARTESIAN_POINT('',(2.6E+03,0.));
#4410 = VECTOR('',#4411,1.);
#4411 = DIRECTION('',(0.,1.));
#4412 = ( GEOMETRIC_REPRESENTATION_CONTEXT(2) 
PARAMETRIC_REPRESENTATION_CONTEXT() REPRESENTATION_CONTEXT('2D SPACE',''
  ) );
#4413 = ORIENTED_EDGE('',*,*,#4414,.T.);
#4414 = EDGE_CURVE('',#4392,#4415,#4417,.T.);
#4415 = VERTEX_POINT('',#4416);
#4416 = CARTESIAN_POINT('',(1.3E+03,8.15E+03,1.09E+04));
#4417 = SURFACE_CURVE('',#4418,(#4422,#4429),.PCURVE_S1.);
#4418 = LINE('',#4419,#4420);
#4419 = CARTESIAN_POINT('',(1.3E+03,8.15E+03,7.9E+03));
#4420 = VECTOR('',#4421,1.);
#4421 = DIRECTION('',(0.,0.,1.));
#4422 = PCURVE('',#4372,#4423);
#4423 = DEFINITIONAL_REPRESENTATION('',(#4424),#4428);
#4424 = LINE('',#4425,#4426);
#4425 = CARTESIAN_POINT('',(0.,-300.));
#4426 = VECTOR('',#4427,1.);
#4427 = DIRECTION('',(1.,0.));
#4428 = ( GEOMETRIC_REPRESENTATION_CONTEXT(2) 
PARAMETRIC_REPRESENTATION_CONTEXT() REPRESENTATION_CONTEXT('2D SPACE',''
  ) );
#4429 = PCURVE('',#4320,#4430);
#4430 = DEFINITIONAL_REPRESENTATION('',(#4431),#4435);
#4431 = LINE('',#4432,#4433);
#4432 = CARTESIAN_POINT('',(0.,2.6E+03));
#4433 = VECTOR('',#4434,1.);
#4434 = DIRECTION('',(1.,0.));
#4435 = ( GEOMETRIC_REPRESENTATION_CONTEXT(2) 
PARAMETRIC_REPRESENTATION_CONTEXT() REPRESENTATION_CONTEXT('2D SPACE',''
  ) );
#4436 = ORIENTED_EDGE('',*,*,#4437,.F.);
#4437 = EDGE_CURVE('',#4364,#4415,#4438,.T.);
#4438 = SURFACE_CURVE('',#4439,(#4443,#4450),.PCURVE_S1.);
#4439 = LINE('',#4440,#4441);
#4440 = CARTESIAN_POINT('',(1.3E+03,7.85E+03,1.09E+04));
#4441 = VECTOR('',#4442,1.);
#4442 = DIRECTION('',(0.,1.,0.));
#4443 = PCURVE('',#4372,#4444);
#4444 = DEFINITIONAL_REPRESENTATION('',(#4445),#4449);
#4445 = LINE('',#4446,#4447);
#4446 = CARTESIAN_POINT('',(3.E+03,0.));
#4447 = VECTOR('',#4448,1.);
#4448 = DIRECTION('',(0.,-1.));
#4449 = ( GEOMETRIC_REPRESENTATION_CONTEXT(2) 
PARAMETRIC_REPRESENTATION_CONTEXT() REPRESENTATION_CONTEXT('2D SPACE',''
  ) );
#4450 = PCURVE('',#4346,#4451);
#4451 = DEFINITIONAL_REPRESENTATION('',(#4452),#4456);
#4452 = LINE('',#4453,#4454);
#4453 = CARTESIAN_POINT('',(2.6E+03,0.));
#4454 = VECTOR('',#4455,1.);
#4455 = DIRECTION('',(0.,1.));
#4456 = ( GEOMETRIC_REPRESENTATION_CONTEXT(2) 
PARAMETRIC_REPRESENTATION_CONTEXT() REPRESENTATION_CONTEXT('2D SPACE',''
  ) );
#4457 = ADVANCED_FACE('',(#4458),#4264,.F.);
#4458 = FACE_BOUND('',#4459,.F.);
#4459 = EDGE_LOOP('',(#4460,#4481,#4482,#4503));
#4460 = ORIENTED_EDGE('',*,*,#4461,.F.);
#4461 = EDGE_CURVE('',#4242,#4362,#4462,.T.);
#4462 = SURFACE_CURVE('',#4463,(#4467,#4474),.PCURVE_S1.);
#4463 = LINE('',#4464,#4465);
#4464 = CARTESIAN_POINT('',(-1.3E+03,7.85E+03,7.9E+03));
#4465 = VECTOR('',#4466,1.);
#4466 = DIRECTION('',(1.,0.,0.));
#4467 = PCURVE('',#4264,#4468);
#4468 = DEFINITIONAL_REPRESENTATION('',(#4469),#4473);
#4469 = LINE('',#4470,#4471);
#4470 = CARTESIAN_POINT('',(0.,0.));
#4471 = VECTOR('',#4472,1.);
#4472 = DIRECTION('',(0.,1.));
#4473 = ( GEOMETRIC_REPRESENTATION_CONTEXT(2) 
PARAMETRIC_REPRESENTATION_CONTEXT() REPRESENTATION_CONTEXT('2D SPACE',''
  ) );
#4474 = PCURVE('',#4292,#4475);
#4475 = DEFINITIONAL_REPRESENTATION('',(#4476),#4480);
#4476 = LINE('',#4477,#4478);
#4477 = CARTESIAN_POINT('',(0.,0.));
#4478 = VECTOR('',#4479,1.);
#4479 = DIRECTION('',(1.,0.));
#4480 = ( GEOMETRIC_REPRESENTATION_CONTEXT(2) 
PARAMETRIC_REPRESENTATION_CONTEXT() REPRESENTATION_CONTEXT('2D SPACE',''
  ) );
#4481 = ORIENTED_EDGE('',*,*,#4241,.T.);
#4482 = ORIENTED_EDGE('',*,*,#4483,.T.);
#4483 = EDGE_CURVE('',#4244,#4364,#4484,.T.);
#4484 = SURFACE_CURVE('',#4485,(#4489,#4496),.PCURVE_S1.);
#4485 = LINE('',#4486,#4487);
#4486 = CARTESIAN_POINT('',(-1.3E+03,7.85E+03,1.09E+04));
#4487 = VECTOR('',#4488,1.);
#4488 = DIRECTION('',(1.,0.,0.));
#4489 = PCURVE('',#4264,#4490);
#4490 = DEFINITIONAL_REPRESENTATION('',(#4491),#4495);
#4491 = LINE('',#4492,#4493);
#4492 = CARTESIAN_POINT('',(3.E+03,0.));
#4493 = VECTOR('',#4494,1.);
#4494 = DIRECTION('',(0.,1.));
#4495 = ( GEOMETRIC_REPRESENTATION_CONTEXT(2) 
PARAMETRIC_REPRESENTATION_CONTEXT() REPRESENTATION_CONTEXT('2D SPACE',''
  ) );
#4496 = PCURVE('',#4346,#4497);
#4497 = DEFINITIONAL_REPRESENTATION('',(#4498),#4502);
#4498 = LINE('',#4499,#4500);
#4499 = CARTESIAN_POINT('',(0.,0.));
#4500 = VECTOR('',#4501,1.);
#4501 = DIRECTION('',(1.,0.));
#4502 = ( GEOMETRIC_REPRESENTATION_CONTEXT(2) 
PARAMETRIC_REPRESENTATION_CONTEXT() REPRESENTATION_CONTEXT('2D SPACE',''
  ) );
#4503 = ORIENTED_EDGE('',*,*,#4361,.F.);
#4504 = ADVANCED_FACE('',(#4505),#4320,.T.);
#4505 = FACE_BOUND('',#4506,.T.);
#4506 = EDGE_LOOP('',(#4507,#4528,#4529,#4550));
#4507 = ORIENTED_EDGE('',*,*,#4508,.F.);
#4508 = EDGE_CURVE('',#4277,#4392,#4509,.T.);
#4509 = SURFACE_CURVE('',#4510,(#4514,#4521),.PCURVE_S1.);
#4510 = LINE('',#4511,#4512);
#4511 = CARTESIAN_POINT('',(-1.3E+03,8.15E+03,7.9E+03));
#4512 = VECTOR('',#4513,1.);
#4513 = DIRECTION('',(1.,0.,0.));
#4514 = PCURVE('',#4320,#4515);
#4515 = DEFINITIONAL_REPRESENTATION('',(#4516),#4520);
#4516 = LINE('',#4517,#4518);
#4517 = CARTESIAN_POINT('',(0.,0.));
#4518 = VECTOR('',#4519,1.);
#4519 = DIRECTION('',(0.,1.));
#4520 = ( GEOMETRIC_REPRESENTATION_CONTEXT(2) 
PARAMETRIC_REPRESENTATION_CONTEXT() REPRESENTATION_CONTEXT('2D SPACE',''
  ) );
#4521 = PCURVE('',#4292,#4522);
#4522 = DEFINITIONAL_REPRESENTATION('',(#4523),#4527);
#4523 = LINE('',#4524,#4525);
#4524 = CARTESIAN_POINT('',(0.,300.));
#4525 = VECTOR('',#4526,1.);
#4526 = DIRECTION('',(1.,0.));
#4527 = ( GEOMETRIC_REPRESENTATION_CONTEXT(2) 
PARAMETRIC_REPRESENTATION_CONTEXT() REPRESENTATION_CONTEXT('2D SPACE',''
  ) );
#4528 = ORIENTED_EDGE('',*,*,#4304,.T.);
#4529 = ORIENTED_EDGE('',*,*,#4530,.T.);
#4530 = EDGE_CURVE('',#4305,#4415,#4531,.T.);
#4531 = SURFACE_CURVE('',#4532,(#4536,#4543),.PCURVE_S1.);
#4532 = LINE('',#4533,#4534);
#4533 = CARTESIAN_POINT('',(-1.3E+03,8.15E+03,1.09E+04));
#4534 = VECTOR('',#4535,1.);
#4535 = DIRECTION('',(1.,0.,0.));
#4536 = PCURVE('',#4320,#4537);
#4537 = DEFINITIONAL_REPRESENTATION('',(#4538),#4542);
#4538 = LINE('',#4539,#4540);
#4539 = CARTESIAN_POINT('',(3.E+03,0.));
#4540 = VECTOR('',#4541,1.);
#4541 = DIRECTION('',(0.,1.));
#4542 = ( GEOMETRIC_REPRESENTATION_CONTEXT(2) 
PARAMETRIC_REPRESENTATION_CONTEXT() REPRESENTATION_CONTEXT('2D SPACE',''
  ) );
#4543 = PCURVE('',#4346,#4544);
#4544 = DEFINITIONAL_REPRESENTATION('',(#4545),#4549);
#4545 = LINE('',#4546,#4547);
#4546 = CARTESIAN_POINT('',(0.,300.));
#4547 = VECTOR('',#4548,1.);
#4548 = DIRECTION('',(1.,0.));
#4549 = ( GEOMETRIC_REPRESENTATION_CONTEXT(2) 
PARAMETRIC_REPRESENTATION_CONTEXT() REPRESENTATION_CONTEXT('2D SPACE',''
  ) );
#4550 = ORIENTED_EDGE('',*,*,#4414,.F.);
#4551 = ADVANCED_FACE('',(#4552),#4292,.F.);
#4552 = FACE_BOUND('',#4553,.F.);
#4553 = EDGE_LOOP('',(#4554,#4555,#4556,#4557));
#4554 = ORIENTED_EDGE('',*,*,#4276,.F.);
#4555 = ORIENTED_EDGE('',*,*,#4461,.T.);
#4556 = ORIENTED_EDGE('',*,*,#4391,.T.);
#4557 = ORIENTED_EDGE('',*,*,#4508,.F.);
#4558 = ADVANCED_FACE('',(#4559),#4346,.T.);
#4559 = FACE_BOUND('',#4560,.T.);
#4560 = EDGE_LOOP('',(#4561,#4562,#4563,#4564));
#4561 = ORIENTED_EDGE('',*,*,#4332,.F.);
#4562 = ORIENTED_EDGE('',*,*,#4483,.T.);
#4563 = ORIENTED_EDGE('',*,*,#4437,.T.);
#4564 = ORIENTED_EDGE('',*,*,#4530,.F.);
#4565 = ( GEOMETRIC_REPRESENTATION_CONTEXT(3) 
GLOBAL_UNCERTAINTY_ASSIGNED_CONTEXT((#4569)) 
GLOBAL_UNIT_ASSIGNED_CONTEXT((#4566,#4567,#4568)) REPRESENTATION_CONTEXT
('Context #1','3D Context with UNIT and UNCERTAINTY') );
#4566 = ( LENGTH_UNIT() NAMED_UNIT(*) SI_UNIT(.MILLI.,.METRE.) );
#4567 = ( NAMED_UNIT(*) PLANE_ANGLE_UNIT() SI_UNIT($,.RADIAN.) );
#4568 = ( NAMED_UNIT(*) SI_UNIT($,.STERADIAN.) SOLID_ANGLE_UNIT() );
#4569 = UNCERTAINTY_MEASURE_WITH_UNIT(LENGTH_MEASURE(1.E-07),#4566,
  'distance_accuracy_value','confusion accuracy');
#4570 = CONTEXT_DEPENDENT_SHAPE_REPRESENTATION(#4571,#4573);
#4571 = ( REPRESENTATION_RELATIONSHIP('','',#4234,#10) 
REPRESENTATION_RELATIONSHIP_WITH_TRANSFORMATION(#4572) 
SHAPE_REPRESENTATION_RELATIONSHIP() );
#4572 = ITEM_DEFINED_TRANSFORMATION('','',#11,#63);
#4573 = PRODUCT_DEFINITION_SHAPE('Placement','Placement of an item',
  #4574);
#4574 = NEXT_ASSEMBLY_USAGE_OCCURRENCE('50','part12','',#5,#4229,$);
#4575 = PRODUCT_RELATED_PRODUCT_CATEGORY('part',$,(#4231));
#4576 = SHAPE_DEFINITION_REPRESENTATION(#4577,#4583);
#4577 = PRODUCT_DEFINITION_SHAPE('','',#4578);
#4578 = PRODUCT_DEFINITION('design','',#4579,#4582);
#4579 = PRODUCT_DEFINITION_FORMATION('','',#4580);
#4580 = PRODUCT('part13','part13','',(#4581));
#4581 = PRODUCT_CONTEXT('',#2,'mechanical');
#4582 = PRODUCT_DEFINITION_CONTEXT('part definition',#2,'design');
#4583 = ADVANCED_BREP_SHAPE_REPRESENTATION('',(#11,#4584),#4914);
#4584 = MANIFOLD_SOLID_BREP('',#4585);
#4585 = CLOSED_SHELL('',(#4586,#4706,#4806,#4853,#4900,#4907));
#4586 = ADVANCED_FACE('',(#4587),#4601,.F.);
#4587 = FACE_BOUND('',#4588,.F.);
#4588 = EDGE_LOOP('',(#4589,#4624,#4652,#4680));
#4589 = ORIENTED_EDGE('',*,*,#4590,.F.);
#4590 = EDGE_CURVE('',#4591,#4593,#4595,.T.);
#4591 = VERTEX_POINT('',#4592);
#4592 = CARTESIAN_POINT('',(-9.7E+03,7.96E+03,8.5E+03));
#4593 = VERTEX_POINT('',#4594);
#4594 = CARTESIAN_POINT('',(-9.7E+03,7.96E+03,1.03E+04));
#4595 = SURFACE_CURVE('',#4596,(#4600,#4612),.PCURVE_S1.);
#4596 = LINE('',#4597,#4598);
#4597 = CARTESIAN_POINT('',(-9.7E+03,7.96E+03,8.5E+03));
#4598 = VECTOR('',#4599,1.);
#4599 = DIRECTION('',(0.,0.,1.));
#4600 = PCURVE('',#4601,#4606);
#4601 = PLANE('',#4602);
#4602 = AXIS2_PLACEMENT_3D('',#4603,#4604,#4605);
#4603 = CARTESIAN_POINT('',(-9.7E+03,7.96E+03,8.5E+03));
#4604 = DIRECTION('',(1.,0.,0.));
#4605 = DIRECTION('',(0.,0.,1.));
#4606 = DEFINITIONAL_REPRESENTATION('',(#4607),#4611);
#4607 = LINE('',#4608,#4609);
#4608 = CARTESIAN_POINT('',(0.,0.));
#4609 = VECTOR('',#4610,1.);
#4610 = DIRECTION('',(1.,0.));
#4611 = ( GEOMETRIC_REPRESENTATION_CONTEXT(2) 
PARAMETRIC_REPRESENTATION_CONTEXT() REPRESENTATION_CONTEXT('2D SPACE',''
  ) );
#4612 = PCURVE('',#4613,#4618);
#4613 = PLANE('',#4614);
#4614 = AXIS2_PLACEMENT_3D('',#4615,#4616,#4617);
#4615 = CARTESIAN_POINT('',(-9.7E+03,7.96E+03,8.5E+03));
#4616 = DIRECTION('',(0.,1.,0.));
#4617 = DIRECTION('',(0.,0.,1.));
#4618 = DEFINITIONAL_REPRESENTATION('',(#4619),#4623);
#4619 = LINE('',#4620,#4621);
#4620 = CARTESIAN_POINT('',(0.,0.));
#4621 = VECTOR('',#4622,1.);
#4622 = DIRECTION('',(1.,0.));
#4623 = ( GEOMETRIC_REPRESENTATION_CONTEXT(2) 
PARAMETRIC_REPRESENTATION_CONTEXT() REPRESENTATION_CONTEXT('2D SPACE',''
  ) );
#4624 = ORIENTED_EDGE('',*,*,#4625,.T.);
#4625 = EDGE_CURVE('',#4591,#4626,#4628,.T.);
#4626 = VERTEX_POINT('',#4627);
#4627 = CARTESIAN_POINT('',(-9.7E+03,8.08E+03,8.5E+03));
#4628 = SURFACE_CURVE('',#4629,(#4633,#4640),.PCURVE_S1.);
#4629 = LINE('',#4630,#4631);
#4630 = CARTESIAN_POINT('',(-9.7E+03,7.96E+03,8.5E+03));
#4631 = VECTOR('',#4632,1.);
#4632 = DIRECTION('',(0.,1.,0.));
#4633 = PCURVE('',#4601,#4634);
#4634 = DEFINITIONAL_REPRESENTATION('',(#4635),#4639);
#4635 = LINE('',#4636,#4637);
#4636 = CARTESIAN_POINT('',(0.,0.));
#4637 = VECTOR('',#4638,1.);
#4638 = DIRECTION('',(0.,-1.));
#4639 = ( GEOMETRIC_REPRESENTATION_CONTEXT(2) 
PARAMETRIC_REPRESENTATION_CONTEXT() REPRESENTATION_CONTEXT('2D SPACE',''
  ) );
#4640 = PCURVE('',#4641,#4646);
#4641 = PLANE('',#4642);
#4642 = AXIS2_PLACEMENT_3D('',#4643,#4644,#4645);
#4643 = CARTESIAN_POINT('',(-9.7E+03,7.96E+03,8.5E+03));
#4644 = DIRECTION('',(0.,0.,1.));
#4645 = DIRECTION('',(1.,0.,0.));
#4646 = DEFINITIONAL_REPRESENTATION('',(#4647),#4651);
#4647 = LINE('',#4648,#4649);
#4648 = CARTESIAN_POINT('',(0.,0.));
#4649 = VECTOR('',#4650,1.);
#4650 = DIRECTION('',(0.,1.));
#4651 = ( GEOMETRIC_REPRESENTATION_CONTEXT(2) 
PARAMETRIC_REPRESENTATION_CONTEXT() REPRESENTATION_CONTEXT('2D SPACE',''
  ) );
#4652 = ORIENTED_EDGE('',*,*,#4653,.T.);
#4653 = EDGE_CURVE('',#4626,#4654,#4656,.T.);
#4654 = VERTEX_POINT('',#4655);
#4655 = CARTESIAN_POINT('',(-9.7E+03,8.08E+03,1.03E+04));
#4656 = SURFACE_CURVE('',#4657,(#4661,#4668),.PCURVE_S1.);
#4657 = LINE('',#4658,#4659);
#4658 = CARTESIAN_POINT('',(-9.7E+03,8.08E+03,8.5E+03));
#4659 = VECTOR('',#4660,1.);
#4660 = DIRECTION('',(0.,0.,1.));
#4661 = PCURVE('',#4601,#4662);
#4662 = DEFINITIONAL_REPRESENTATION('',(#4663),#4667);
#4663 = LINE('',#4664,#4665);
#4664 = CARTESIAN_POINT('',(0.,-120.));
#4665 = VECTOR('',#4666,1.);
#4666 = DIRECTION('',(1.,0.));
#4667 = ( GEOMETRIC_REPRESENTATION_CONTEXT(2) 
PARAMETRIC_REPRESENTATION_CONTEXT() REPRESENTATION_CONTEXT('2D SPACE',''
  ) );
#4668 = PCURVE('',#4669,#4674);
#4669 = PLANE('',#4670);
#4670 = AXIS2_PLACEMENT_3D('',#4671,#4672,#4673);
#4671 = CARTESIAN_POINT('',(-9.7E+03,8.08E+03,8.5E+03));
#4672 = DIRECTION('',(0.,1.,0.));
#4673 = DIRECTION('',(0.,0.,1.));
#4674 = DEFINITIONAL_REPRESENTATION('',(#4675),#4679);
#4675 = LINE('',#4676,#4677);
#4676 = CARTESIAN_POINT('',(0.,0.));
#4677 = VECTOR('',#4678,1.);
#4678 = DIRECTION('',(1.,0.));
#4679 = ( GEOMETRIC_REPRESENTATION_CONTEXT(2) 
PARAMETRIC_REPRESENTATION_CONTEXT() REPRESENTATION_CONTEXT('2D SPACE',''
  ) );
#4680 = ORIENTED_EDGE('',*,*,#4681,.F.);
#4681 = EDGE_CURVE('',#4593,#4654,#4682,.T.);
#4682 = SURFACE_CURVE('',#4683,(#4687,#4694),.PCURVE_S1.);
#4683 = LINE('',#4684,#4685);
#4684 = CARTESIAN_POINT('',(-9.7E+03,7.96E+03,1.03E+04));
#4685 = VECTOR('',#4686,1.);
#4686 = DIRECTION('',(0.,1.,0.));
#4687 = PCURVE('',#4601,#4688);
#4688 = DEFINITIONAL_REPRESENTATION('',(#4689),#4693);
#4689 = LINE('',#4690,#4691);
#4690 = CARTESIAN_POINT('',(1.8E+03,0.));
#4691 = VECTOR('',#4692,1.);
#4692 = DIRECTION('',(0.,-1.));
#4693 = ( GEOMETRIC_REPRESENTATION_CONTEXT(2) 
PARAMETRIC_REPRESENTATION_CONTEXT() REPRESENTATION_CONTEXT('2D SPACE',''
  ) );
#4694 = PCURVE('',#4695,#4700);
#4695 = PLANE('',#4696);
#4696 = AXIS2_PLACEMENT_3D('',#4697,#4698,#4699);
#4697 = CARTESIAN_POINT('',(-9.7E+03,7.96E+03,1.03E+04));
#4698 = DIRECTION('',(0.,0.,1.));
#4699 = DIRECTION('',(1.,0.,0.));
#4700 = DEFINITIONAL_REPRESENTATION('',(#4701),#4705);
#4701 = LINE('',#4702,#4703);
#4702 = CARTESIAN_POINT('',(0.,0.));
#4703 = VECTOR('',#4704,1.);
#4704 = DIRECTION('',(0.,1.));
#4705 = ( GEOMETRIC_REPRESENTATION_CONTEXT(2) 
PARAMETRIC_REPRESENTATION_CONTEXT() REPRESENTATION_CONTEXT('2D SPACE',''
  ) );
#4706 = ADVANCED_FACE('',(#4707),#4721,.T.);
#4707 = FACE_BOUND('',#4708,.T.);
#4708 = EDGE_LOOP('',(#4709,#4739,#4762,#4785));
#4709 = ORIENTED_EDGE('',*,*,#4710,.F.);
#4710 = EDGE_CURVE('',#4711,#4713,#4715,.T.);
#4711 = VERTEX_POINT('',#4712);
#4712 = CARTESIAN_POINT('',(-8.3E+03,7.96E+03,8.5E+03));
#4713 = VERTEX_POINT('',#4714);
#4714 = CARTESIAN_POINT('',(-8.3E+03,7.96E+03,1.03E+04));
#4715 = SURFACE_CURVE('',#4716,(#4720,#4732),.PCURVE_S1.);
#4716 = LINE('',#4717,#4718);
#4717 = CARTESIAN_POINT('',(-8.3E+03,7.96E+03,8.5E+03));
#4718 = VECTOR('',#4719,1.);
#4719 = DIRECTION('',(0.,0.,1.));
#4720 = PCURVE('',#4721,#4726);
#4721 = PLANE('',#4722);
#4722 = AXIS2_PLACEMENT_3D('',#4723,#4724,#4725);
#4723 = CARTESIAN_POINT('',(-8.3E+03,7.96E+03,8.5E+03));
#4724 = DIRECTION('',(1.,0.,0.));
#4725 = DIRECTION('',(0.,0.,1.));
#4726 = DEFINITIONAL_REPRESENTATION('',(#4727),#4731);
#4727 = LINE('',#4728,#4729);
#4728 = CARTESIAN_POINT('',(0.,0.));
#4729 = VECTOR('',#4730,1.);
#4730 = DIRECTION('',(1.,0.));
#4731 = ( GEOMETRIC_REPRESENTATION_CONTEXT(2) 
PARAMETRIC_REPRESENTATION_CONTEXT() REPRESENTATION_CONTEXT('2D SPACE',''
  ) );
#4732 = PCURVE('',#4613,#4733);
#4733 = DEFINITIONAL_REPRESENTATION('',(#4734),#4738);
#4734 = LINE('',#4735,#4736);
#4735 = CARTESIAN_POINT('',(0.,1.4E+03));
#4736 = VECTOR('',#4737,1.);
#4737 = DIRECTION('',(1.,0.));
#4738 = ( GEOMETRIC_REPRESENTATION_CONTEXT(2) 
PARAMETRIC_REPRESENTATION_CONTEXT() REPRESENTATION_CONTEXT('2D SPACE',''
  ) );
#4739 = ORIENTED_EDGE('',*,*,#4740,.T.);
#4740 = EDGE_CURVE('',#4711,#4741,#4743,.T.);
#4741 = VERTEX_POINT('',#4742);
#4742 = CARTESIAN_POINT('',(-8.3E+03,8.08E+03,8.5E+03));
#4743 = SURFACE_CURVE('',#4744,(#4748,#4755),.PCURVE_S1.);
#4744 = LINE('',#4745,#4746);
#4745 = CARTESIAN_POINT('',(-8.3E+03,7.96E+03,8.5E+03));
#4746 = VECTOR('',#4747,1.);
#4747 = DIRECTION('',(0.,1.,0.));
#4748 = PCURVE('',#4721,#4749);
#4749 = DEFINITIONAL_REPRESENTATION('',(#4750),#4754);
#4750 = LINE('',#4751,#4752);
#4751 = CARTESIAN_POINT('',(0.,0.));
#4752 = VECTOR('',#4753,1.);
#4753 = DIRECTION('',(0.,-1.));
#4754 = ( GEOMETRIC_REPRESENTATION_CONTEXT(2) 
PARAMETRIC_REPRESENTATION_CONTEXT() REPRESENTATION_CONTEXT('2D SPACE',''
  ) );
#4755 = PCURVE('',#4641,#4756);
#4756 = DEFINITIONAL_REPRESENTATION('',(#4757),#4761);
#4757 = LINE('',#4758,#4759);
#4758 = CARTESIAN_POINT('',(1.4E+03,0.));
#4759 = VECTOR('',#4760,1.);
#4760 = DIRECTION('',(0.,1.));
#4761 = ( GEOMETRIC_REPRESENTATION_CONTEXT(2) 
PARAMETRIC_REPRESENTATION_CONTEXT() REPRESENTATION_CONTEXT('2D SPACE',''
  ) );
#4762 = ORIENTED_EDGE('',*,*,#4763,.T.);
#4763 = EDGE_CURVE('',#4741,#4764,#4766,.T.);
#4764 = VERTEX_POINT('',#4765);
#4765 = CARTESIAN_POINT('',(-8.3E+03,8.08E+03,1.03E+04));
#4766 = SURFACE_CURVE('',#4767,(#4771,#4778),.PCURVE_S1.);
#4767 = LINE('',#4768,#4769);
#4768 = CARTESIAN_POINT('',(-8.3E+03,8.08E+03,8.5E+03));
#4769 = VECTOR('',#4770,1.);
#4770 = DIRECTION('',(0.,0.,1.));
#4771 = PCURVE('',#4721,#4772);
#4772 = DEFINITIONAL_REPRESENTATION('',(#4773),#4777);
#4773 = LINE('',#4774,#4775);
#4774 = CARTESIAN_POINT('',(0.,-120.));
#4775 = VECTOR('',#4776,1.);
#4776 = DIRECTION('',(1.,0.));
#4777 = ( GEOMETRIC_REPRESENTATION_CONTEXT(2) 
PARAMETRIC_REPRESENTATION_CONTEXT() REPRESENTATION_CONTEXT('2D SPACE',''
  ) );
#4778 = PCURVE('',#4669,#4779);
#4779 = DEFINITIONAL_REPRESENTATION('',(#4780),#4784);
#4780 = LINE('',#4781,#4782);
#4781 = CARTESIAN_POINT('',(0.,1.4E+03));
#4782 = VECTOR('',#4783,1.);
#4783 = DIRECTION('',(1.,0.));
#4784 = ( GEOMETRIC_REPRESENTATION_CONTEXT(2) 
PARAMETRIC_REPRESENTATION_CONTEXT() REPRESENTATION_CONTEXT('2D SPACE',''
  ) );
#4785 = ORIENTED_EDGE('',*,*,#4786,.F.);
#4786 = EDGE_CURVE('',#4713,#4764,#4787,.T.);
#4787 = SURFACE_CURVE('',#4788,(#4792,#4799),.PCURVE_S1.);
#4788 = LINE('',#4789,#4790);
#4789 = CARTESIAN_POINT('',(-8.3E+03,7.96E+03,1.03E+04));
#4790 = VECTOR('',#4791,1.);
#4791 = DIRECTION('',(0.,1.,0.));
#4792 = PCURVE('',#4721,#4793);
#4793 = DEFINITIONAL_REPRESENTATION('',(#4794),#4798);
#4794 = LINE('',#4795,#4796);
#4795 = CARTESIAN_POINT('',(1.8E+03,0.));
#4796 = VECTOR('',#4797,1.);
#4797 = DIRECTION('',(0.,-1.));
#4798 = ( GEOMETRIC_REPRESENTATION_CONTEXT(2) 
PARAMETRIC_REPRESENTATION_CONTEXT() REPRESENTATION_CONTEXT('2D SPACE',''
  ) );
#4799 = PCURVE('',#4695,#4800);
#4800 = DEFINITIONAL_REPRESENTATION('',(#4801),#4805);
#4801 = LINE('',#4802,#4803);
#4802 = CARTESIAN_POINT('',(1.4E+03,0.));
#4803 = VECTOR('',#4804,1.);
#4804 = DIRECTION('',(0.,1.));
#4805 = ( GEOMETRIC_REPRESENTATION_CONTEXT(2) 
PARAMETRIC_REPRESENTATION_CONTEXT() REPRESENTATION_CONTEXT('2D SPACE',''
  ) );
#4806 = ADVANCED_FACE('',(#4807),#4613,.F.);
#4807 = FACE_BOUND('',#4808,.F.);
#4808 = EDGE_LOOP('',(#4809,#4830,#4831,#4852));
#4809 = ORIENTED_EDGE('',*,*,#4810,.F.);
#4810 = EDGE_CURVE('',#4591,#4711,#4811,.T.);
#4811 = SURFACE_CURVE('',#4812,(#4816,#4823),.PCURVE_S1.);
#4812 = LINE('',#4813,#4814);
#4813 = CARTESIAN_POINT('',(-9.7E+03,7.96E+03,8.5E+03));
#4814 = VECTOR('',#4815,1.);
#4815 = DIRECTION('',(1.,0.,0.));
#4816 = PCURVE('',#4613,#4817);
#4817 = DEFINITIONAL_REPRESENTATION('',(#4818),#4822);
#4818 = LINE('',#4819,#4820);
#4819 = CARTESIAN_POINT('',(0.,0.));
#4820 = VECTOR('',#4821,1.);
#4821 = DIRECTION('',(0.,1.));
#4822 = ( GEOMETRIC_REPRESENTATION_CONTEXT(2) 
PARAMETRIC_REPRESENTATION_CONTEXT() REPRESENTATION_CONTEXT('2D SPACE',''
  ) );
#4823 = PCURVE('',#4641,#4824);
#4824 = DEFINITIONAL_REPRESENTATION('',(#4825),#4829);
#4825 = LINE('',#4826,#4827);
#4826 = CARTESIAN_POINT('',(0.,0.));
#4827 = VECTOR('',#4828,1.);
#4828 = DIRECTION('',(1.,0.));
#4829 = ( GEOMETRIC_REPRESENTATION_CONTEXT(2) 
PARAMETRIC_REPRESENTATION_CONTEXT() REPRESENTATION_CONTEXT('2D SPACE',''
  ) );
#4830 = ORIENTED_EDGE('',*,*,#4590,.T.);
#4831 = ORIENTED_EDGE('',*,*,#4832,.T.);
#4832 = EDGE_CURVE('',#4593,#4713,#4833,.T.);
#4833 = SURFACE_CURVE('',#4834,(#4838,#4845),.PCURVE_S1.);
#4834 = LINE('',#4835,#4836);
#4835 = CARTESIAN_POINT('',(-9.7E+03,7.96E+03,1.03E+04));
#4836 = VECTOR('',#4837,1.);
#4837 = DIRECTION('',(1.,0.,0.));
#4838 = PCURVE('',#4613,#4839);
#4839 = DEFINITIONAL_REPRESENTATION('',(#4840),#4844);
#4840 = LINE('',#4841,#4842);
#4841 = CARTESIAN_POINT('',(1.8E+03,0.));
#4842 = VECTOR('',#4843,1.);
#4843 = DIRECTION('',(0.,1.));
#4844 = ( GEOMETRIC_REPRESENTATION_CONTEXT(2) 
PARAMETRIC_REPRESENTATION_CONTEXT() REPRESENTATION_CONTEXT('2D SPACE',''
  ) );
#4845 = PCURVE('',#4695,#4846);
#4846 = DEFINITIONAL_REPRESENTATION('',(#4847),#4851);
#4847 = LINE('',#4848,#4849);
#4848 = CARTESIAN_POINT('',(0.,0.));
#4849 = VECTOR('',#4850,1.);
#4850 = DIRECTION('',(1.,0.));
#4851 = ( GEOMETRIC_REPRESENTATION_CONTEXT(2) 
PARAMETRIC_REPRESENTATION_CONTEXT() REPRESENTATION_CONTEXT('2D SPACE',''
  ) );
#4852 = ORIENTED_EDGE('',*,*,#4710,.F.);
#4853 = ADVANCED_FACE('',(#4854),#4669,.T.);
#4854 = FACE_BOUND('',#4855,.T.);
#4855 = EDGE_LOOP('',(#4856,#4877,#4878,#4899));
#4856 = ORIENTED_EDGE('',*,*,#4857,.F.);
#4857 = EDGE_CURVE('',#4626,#4741,#4858,.T.);
#4858 = SURFACE_CURVE('',#4859,(#4863,#4870),.PCURVE_S1.);
#4859 = LINE('',#4860,#4861);
#4860 = CARTESIAN_POINT('',(-9.7E+03,8.08E+03,8.5E+03));
#4861 = VECTOR('',#4862,1.);
#4862 = DIRECTION('',(1.,0.,0.));
#4863 = PCURVE('',#4669,#4864);
#4864 = DEFINITIONAL_REPRESENTATION('',(#4865),#4869);
#4865 = LINE('',#4866,#4867);
#4866 = CARTESIAN_POINT('',(0.,0.));
#4867 = VECTOR('',#4868,1.);
#4868 = DIRECTION('',(0.,1.));
#4869 = ( GEOMETRIC_REPRESENTATION_CONTEXT(2) 
PARAMETRIC_REPRESENTATION_CONTEXT() REPRESENTATION_CONTEXT('2D SPACE',''
  ) );
#4870 = PCURVE('',#4641,#4871);
#4871 = DEFINITIONAL_REPRESENTATION('',(#4872),#4876);
#4872 = LINE('',#4873,#4874);
#4873 = CARTESIAN_POINT('',(0.,120.));
#4874 = VECTOR('',#4875,1.);
#4875 = DIRECTION('',(1.,0.));
#4876 = ( GEOMETRIC_REPRESENTATION_CONTEXT(2) 
PARAMETRIC_REPRESENTATION_CONTEXT() REPRESENTATION_CONTEXT('2D SPACE',''
  ) );
#4877 = ORIENTED_EDGE('',*,*,#4653,.T.);
#4878 = ORIENTED_EDGE('',*,*,#4879,.T.);
#4879 = EDGE_CURVE('',#4654,#4764,#4880,.T.);
#4880 = SURFACE_CURVE('',#4881,(#4885,#4892),.PCURVE_S1.);
#4881 = LINE('',#4882,#4883);
#4882 = CARTESIAN_POINT('',(-9.7E+03,8.08E+03,1.03E+04));
#4883 = VECTOR('',#4884,1.);
#4884 = DIRECTION('',(1.,0.,0.));
#4885 = PCURVE('',#4669,#4886);
#4886 = DEFINITIONAL_REPRESENTATION('',(#4887),#4891);
#4887 = LINE('',#4888,#4889);
#4888 = CARTESIAN_POINT('',(1.8E+03,0.));
#4889 = VECTOR('',#4890,1.);
#4890 = DIRECTION('',(0.,1.));
#4891 = ( GEOMETRIC_REPRESENTATION_CONTEXT(2) 
PARAMETRIC_REPRESENTATION_CONTEXT() REPRESENTATION_CONTEXT('2D SPACE',''
  ) );
#4892 = PCURVE('',#4695,#4893);
#4893 = DEFINITIONAL_REPRESENTATION('',(#4894),#4898);
#4894 = LINE('',#4895,#4896);
#4895 = CARTESIAN_POINT('',(0.,120.));
#4896 = VECTOR('',#4897,1.);
#4897 = DIRECTION('',(1.,0.));
#4898 = ( GEOMETRIC_REPRESENTATION_CONTEXT(2) 
PARAMETRIC_REPRESENTATION_CONTEXT() REPRESENTATION_CONTEXT('2D SPACE',''
  ) );
#4899 = ORIENTED_EDGE('',*,*,#4763,.F.);
#4900 = ADVANCED_FACE('',(#4901),#4641,.F.);
#4901 = FACE_BOUND('',#4902,.F.);
#4902 = EDGE_LOOP('',(#4903,#4904,#4905,#4906));
#4903 = ORIENTED_EDGE('',*,*,#4625,.F.);
#4904 = ORIENTED_EDGE('',*,*,#4810,.T.);
#4905 = ORIENTED_EDGE('',*,*,#4740,.T.);
#4906 = ORIENTED_EDGE('',*,*,#4857,.F.);
#4907 = ADVANCED_FACE('',(#4908),#4695,.T.);
#4908 = FACE_BOUND('',#4909,.T.);
#4909 = EDGE_LOOP('',(#4910,#4911,#4912,#4913));
#4910 = ORIENTED_EDGE('',*,*,#4681,.F.);
#4911 = ORIENTED_EDGE('',*,*,#4832,.T.);
#4912 = ORIENTED_EDGE('',*,*,#4786,.T.);
#4913 = ORIENTED_EDGE('',*,*,#4879,.F.);
#4914 = ( GEOMETRIC_REPRESENTATION_CONTEXT(3) 
GLOBAL_UNCERTAINTY_ASSIGNED_CONTEXT((#4918)) 
GLOBAL_UNIT_ASSIGNED_CONTEXT((#4915,#4916,#4917)) REPRESENTATION_CONTEXT
('Context #1','3D Context with UNIT and UNCERTAINTY') );
#4915 = ( LENGTH_UNIT() NAMED_UNIT(*) SI_UNIT(.MILLI.,.METRE.) );
#4916 = ( NAMED_UNIT(*) PLANE_ANGLE_UNIT() SI_UNIT($,.RADIAN.) );
#4917 = ( NAMED_UNIT(*) SI_UNIT($,.STERADIAN.) SOLID_ANGLE_UNIT() );
#4918 = UNCERTAINTY_MEASURE_WITH_UNIT(LENGTH_MEASURE(1.E-07),#4915,
  'distance_accuracy_value','confusion accuracy');
#4919 = CONTEXT_DEPENDENT_SHAPE_REPRESENTATION(#4920,#4922);
#4920 = ( REPRESENTATION_RELATIONSHIP('','',#4583,#10) 
REPRESENTATION_RELATIONSHIP_WITH_TRANSFORMATION(#4921) 
SHAPE_REPRESENTATION_RELATIONSHIP() );
#4921 = ITEM_DEFINED_TRANSFORMATION('','',#11,#67);
#4922 = PRODUCT_DEFINITION_SHAPE('Placement','Placement of an item',
  #4923);
#4923 = NEXT_ASSEMBLY_USAGE_OCCURRENCE('51','part13','',#5,#4578,$);
#4924 = PRODUCT_RELATED_PRODUCT_CATEGORY('part',$,(#4580));
#4925 = SHAPE_DEFINITION_REPRESENTATION(#4926,#4932);
#4926 = PRODUCT_DEFINITION_SHAPE('','',#4927);
#4927 = PRODUCT_DEFINITION('design','',#4928,#4931);
#4928 = PRODUCT_DEFINITION_FORMATION('','',#4929);
#4929 = PRODUCT('part14','part14','',(#4930));
#4930 = PRODUCT_CONTEXT('',#2,'mechanical');
#4931 = PRODUCT_DEFINITION_CONTEXT('part definition',#2,'design');
#4932 = ADVANCED_BREP_SHAPE_REPRESENTATION('',(#11,#4933),#5263);
#4933 = MANIFOLD_SOLID_BREP('',#4934);
#4934 = CLOSED_SHELL('',(#4935,#5055,#5155,#5202,#5249,#5256));
#4935 = ADVANCED_FACE('',(#4936),#4950,.F.);
#4936 = FACE_BOUND('',#4937,.F.);
#4937 = EDGE_LOOP('',(#4938,#4973,#5001,#5029));
#4938 = ORIENTED_EDGE('',*,*,#4939,.F.);
#4939 = EDGE_CURVE('',#4940,#4942,#4944,.T.);
#4940 = VERTEX_POINT('',#4941);
#4941 = CARTESIAN_POINT('',(-5.2E+03,7.96E+03,8.5E+03));
#4942 = VERTEX_POINT('',#4943);
#4943 = CARTESIAN_POINT('',(-5.2E+03,7.96E+03,1.03E+04));
#4944 = SURFACE_CURVE('',#4945,(#4949,#4961),.PCURVE_S1.);
#4945 = LINE('',#4946,#4947);
#4946 = CARTESIAN_POINT('',(-5.2E+03,7.96E+03,8.5E+03));
#4947 = VECTOR('',#4948,1.);
#4948 = DIRECTION('',(0.,0.,1.));
#4949 = PCURVE('',#4950,#4955);
#4950 = PLANE('',#4951);
#4951 = AXIS2_PLACEMENT_3D('',#4952,#4953,#4954);
#4952 = CARTESIAN_POINT('',(-5.2E+03,7.96E+03,8.5E+03));
#4953 = DIRECTION('',(1.,0.,0.));
#4954 = DIRECTION('',(0.,0.,1.));
#4955 = DEFINITIONAL_REPRESENTATION('',(#4956),#4960);
#4956 = LINE('',#4957,#4958);
#4957 = CARTESIAN_POINT('',(0.,0.));
#4958 = VECTOR('',#4959,1.);
#4959 = DIRECTION('',(1.,0.));
#4960 = ( GEOMETRIC_REPRESENTATION_CONTEXT(2) 
PARAMETRIC_REPRESENTATION_CONTEXT() REPRESENTATION_CONTEXT('2D SPACE',''
  ) );
#4961 = PCURVE('',#4962,#4967);
#4962 = PLANE('',#4963);
#4963 = AXIS2_PLACEMENT_3D('',#4964,#4965,#4966);
#4964 = CARTESIAN_POINT('',(-5.2E+03,7.96E+03,8.5E+03));
#4965 = DIRECTION('',(0.,1.,0.));
#4966 = DIRECTION('',(0.,0.,1.));
#4967 = DEFINITIONAL_REPRESENTATION('',(#4968),#4972);
#4968 = LINE('',#4969,#4970);
#4969 = CARTESIAN_POINT('',(0.,0.));
#4970 = VECTOR('',#4971,1.);
#4971 = DIRECTION('',(1.,0.));
#4972 = ( GEOMETRIC_REPRESENTATION_CONTEXT(2) 
PARAMETRIC_REPRESENTATION_CONTEXT() REPRESENTATION_CONTEXT('2D SPACE',''
  ) );
#4973 = ORIENTED_EDGE('',*,*,#4974,.T.);
#4974 = EDGE_CURVE('',#4940,#4975,#4977,.T.);
#4975 = VERTEX_POINT('',#4976);
#4976 = CARTESIAN_POINT('',(-5.2E+03,8.08E+03,8.5E+03));
#4977 = SURFACE_CURVE('',#4978,(#4982,#4989),.PCURVE_S1.);
#4978 = LINE('',#4979,#4980);
#4979 = CARTESIAN_POINT('',(-5.2E+03,7.96E+03,8.5E+03));
#4980 = VECTOR('',#4981,1.);
#4981 = DIRECTION('',(0.,1.,0.));
#4982 = PCURVE('',#4950,#4983);
#4983 = DEFINITIONAL_REPRESENTATION('',(#4984),#4988);
#4984 = LINE('',#4985,#4986);
#4985 = CARTESIAN_POINT('',(0.,0.));
#4986 = VECTOR('',#4987,1.);
#4987 = DIRECTION('',(0.,-1.));
#4988 = ( GEOMETRIC_REPRESENTATION_CONTEXT(2) 
PARAMETRIC_REPRESENTATION_CONTEXT() REPRESENTATION_CONTEXT('2D SPACE',''
  ) );
#4989 = PCURVE('',#4990,#4995);
#4990 = PLANE('',#4991);
#4991 = AXIS2_PLACEMENT_3D('',#4992,#4993,#4994);
#4992 = CARTESIAN_POINT('',(-5.2E+03,7.96E+03,8.5E+03));
#4993 = DIRECTION('',(0.,0.,1.));
#4994 = DIRECTION('',(1.,0.,0.));
#4995 = DEFINITIONAL_REPRESENTATION('',(#4996),#5000);
#4996 = LINE('',#4997,#4998);
#4997 = CARTESIAN_POINT('',(0.,0.));
#4998 = VECTOR('',#4999,1.);
#4999 = DIRECTION('',(0.,1.));
#5000 = ( GEOMETRIC_REPRESENTATION_CONTEXT(2) 
PARAMETRIC_REPRESENTATION_CONTEXT() REPRESENTATION_CONTEXT('2D SPACE',''
  ) );
#5001 = ORIENTED_EDGE('',*,*,#5002,.T.);
#5002 = EDGE_CURVE('',#4975,#5003,#5005,.T.);
#5003 = VERTEX_POINT('',#5004);
#5004 = CARTESIAN_POINT('',(-5.2E+03,8.08E+03,1.03E+04));
#5005 = SURFACE_CURVE('',#5006,(#5010,#5017),.PCURVE_S1.);
#5006 = LINE('',#5007,#5008);
#5007 = CARTESIAN_POINT('',(-5.2E+03,8.08E+03,8.5E+03));
#5008 = VECTOR('',#5009,1.);
#5009 = DIRECTION('',(0.,0.,1.));
#5010 = PCURVE('',#4950,#5011);
#5011 = DEFINITIONAL_REPRESENTATION('',(#5012),#5016);
#5012 = LINE('',#5013,#5014);
#5013 = CARTESIAN_POINT('',(0.,-120.));
#5014 = VECTOR('',#5015,1.);
#5015 = DIRECTION('',(1.,0.));
#5016 = ( GEOMETRIC_REPRESENTATION_CONTEXT(2) 
PARAMETRIC_REPRESENTATION_CONTEXT() REPRESENTATION_CONTEXT('2D SPACE',''
  ) );
#5017 = PCURVE('',#5018,#5023);
#5018 = PLANE('',#5019);
#5019 = AXIS2_PLACEMENT_3D('',#5020,#5021,#5022);
#5020 = CARTESIAN_POINT('',(-5.2E+03,8.08E+03,8.5E+03));
#5021 = DIRECTION('',(0.,1.,0.));
#5022 = DIRECTION('',(0.,0.,1.));
#5023 = DEFINITIONAL_REPRESENTATION('',(#5024),#5028);
#5024 = LINE('',#5025,#5026);
#5025 = CARTESIAN_POINT('',(0.,0.));
#5026 = VECTOR('',#5027,1.);
#5027 = DIRECTION('',(1.,0.));
#5028 = ( GEOMETRIC_REPRESENTATION_CONTEXT(2) 
PARAMETRIC_REPRESENTATION_CONTEXT() REPRESENTATION_CONTEXT('2D SPACE',''
  ) );
#5029 = ORIENTED_EDGE('',*,*,#5030,.F.);
#5030 = EDGE_CURVE('',#4942,#5003,#5031,.T.);
#5031 = SURFACE_CURVE('',#5032,(#5036,#5043),.PCURVE_S1.);
#5032 = LINE('',#5033,#5034);
#5033 = CARTESIAN_POINT('',(-5.2E+03,7.96E+03,1.03E+04));
#5034 = VECTOR('',#5035,1.);
#5035 = DIRECTION('',(0.,1.,0.));
#5036 = PCURVE('',#4950,#5037);
#5037 = DEFINITIONAL_REPRESENTATION('',(#5038),#5042);
#5038 = LINE('',#5039,#5040);
#5039 = CARTESIAN_POINT('',(1.8E+03,0.));
#5040 = VECTOR('',#5041,1.);
#5041 = DIRECTION('',(0.,-1.));
#5042 = ( GEOMETRIC_REPRESENTATION_CONTEXT(2) 
PARAMETRIC_REPRESENTATION_CONTEXT() REPRESENTATION_CONTEXT('2D SPACE',''
  ) );
#5043 = PCURVE('',#5044,#5049);
#5044 = PLANE('',#5045);
#5045 = AXIS2_PLACEMENT_3D('',#5046,#5047,#5048);
#5046 = CARTESIAN_POINT('',(-5.2E+03,7.96E+03,1.03E+04));
#5047 = DIRECTION('',(0.,0.,1.));
#5048 = DIRECTION('',(1.,0.,0.));
#5049 = DEFINITIONAL_REPRESENTATION('',(#5050),#5054);
#5050 = LINE('',#5051,#5052);
#5051 = CARTESIAN_POINT('',(0.,0.));
#5052 = VECTOR('',#5053,1.);
#5053 = DIRECTION('',(0.,1.));
#5054 = ( GEOMETRIC_REPRESENTATION_CONTEXT(2) 
PARAMETRIC_REPRESENTATION_CONTEXT() REPRESENTATION_CONTEXT('2D SPACE',''
  ) );
#5055 = ADVANCED_FACE('',(#5056),#5070,.T.);
#5056 = FACE_BOUND('',#5057,.T.);
#5057 = EDGE_LOOP('',(#5058,#5088,#5111,#5134));
#5058 = ORIENTED_EDGE('',*,*,#5059,.F.);
#5059 = EDGE_CURVE('',#5060,#5062,#5064,.T.);
#5060 = VERTEX_POINT('',#5061);
#5061 = CARTESIAN_POINT('',(-3.8E+03,7.96E+03,8.5E+03));
#5062 = VERTEX_POINT('',#5063);
#5063 = CARTESIAN_POINT('',(-3.8E+03,7.96E+03,1.03E+04));
#5064 = SURFACE_CURVE('',#5065,(#5069,#5081),.PCURVE_S1.);
#5065 = LINE('',#5066,#5067);
#5066 = CARTESIAN_POINT('',(-3.8E+03,7.96E+03,8.5E+03));
#5067 = VECTOR('',#5068,1.);
#5068 = DIRECTION('',(0.,0.,1.));
#5069 = PCURVE('',#5070,#5075);
#5070 = PLANE('',#5071);
#5071 = AXIS2_PLACEMENT_3D('',#5072,#5073,#5074);
#5072 = CARTESIAN_POINT('',(-3.8E+03,7.96E+03,8.5E+03));
#5073 = DIRECTION('',(1.,0.,0.));
#5074 = DIRECTION('',(0.,0.,1.));
#5075 = DEFINITIONAL_REPRESENTATION('',(#5076),#5080);
#5076 = LINE('',#5077,#5078);
#5077 = CARTESIAN_POINT('',(0.,0.));
#5078 = VECTOR('',#5079,1.);
#5079 = DIRECTION('',(1.,0.));
#5080 = ( GEOMETRIC_REPRESENTATION_CONTEXT(2) 
PARAMETRIC_REPRESENTATION_CONTEXT() REPRESENTATION_CONTEXT('2D SPACE',''
  ) );
#5081 = PCURVE('',#4962,#5082);
#5082 = DEFINITIONAL_REPRESENTATION('',(#5083),#5087);
#5083 = LINE('',#5084,#5085);
#5084 = CARTESIAN_POINT('',(0.,1.4E+03));
#5085 = VECTOR('',#5086,1.);
#5086 = DIRECTION('',(1.,0.));
#5087 = ( GEOMETRIC_REPRESENTATION_CONTEXT(2) 
PARAMETRIC_REPRESENTATION_CONTEXT() REPRESENTATION_CONTEXT('2D SPACE',''
  ) );
#5088 = ORIENTED_EDGE('',*,*,#5089,.T.);
#5089 = EDGE_CURVE('',#5060,#5090,#5092,.T.);
#5090 = VERTEX_POINT('',#5091);
#5091 = CARTESIAN_POINT('',(-3.8E+03,8.08E+03,8.5E+03));
#5092 = SURFACE_CURVE('',#5093,(#5097,#5104),.PCURVE_S1.);
#5093 = LINE('',#5094,#5095);
#5094 = CARTESIAN_POINT('',(-3.8E+03,7.96E+03,8.5E+03));
#5095 = VECTOR('',#5096,1.);
#5096 = DIRECTION('',(0.,1.,0.));
#5097 = PCURVE('',#5070,#5098);
#5098 = DEFINITIONAL_REPRESENTATION('',(#5099),#5103);
#5099 = LINE('',#5100,#5101);
#5100 = CARTESIAN_POINT('',(0.,0.));
#5101 = VECTOR('',#5102,1.);
#5102 = DIRECTION('',(0.,-1.));
#5103 = ( GEOMETRIC_REPRESENTATION_CONTEXT(2) 
PARAMETRIC_REPRESENTATION_CONTEXT() REPRESENTATION_CONTEXT('2D SPACE',''
  ) );
#5104 = PCURVE('',#4990,#5105);
#5105 = DEFINITIONAL_REPRESENTATION('',(#5106),#5110);
#5106 = LINE('',#5107,#5108);
#5107 = CARTESIAN_POINT('',(1.4E+03,0.));
#5108 = VECTOR('',#5109,1.);
#5109 = DIRECTION('',(0.,1.));
#5110 = ( GEOMETRIC_REPRESENTATION_CONTEXT(2) 
PARAMETRIC_REPRESENTATION_CONTEXT() REPRESENTATION_CONTEXT('2D SPACE',''
  ) );
#5111 = ORIENTED_EDGE('',*,*,#5112,.T.);
#5112 = EDGE_CURVE('',#5090,#5113,#5115,.T.);
#5113 = VERTEX_POINT('',#5114);
#5114 = CARTESIAN_POINT('',(-3.8E+03,8.08E+03,1.03E+04));
#5115 = SURFACE_CURVE('',#5116,(#5120,#5127),.PCURVE_S1.);
#5116 = LINE('',#5117,#5118);
#5117 = CARTESIAN_POINT('',(-3.8E+03,8.08E+03,8.5E+03));
#5118 = VECTOR('',#5119,1.);
#5119 = DIRECTION('',(0.,0.,1.));
#5120 = PCURVE('',#5070,#5121);
#5121 = DEFINITIONAL_REPRESENTATION('',(#5122),#5126);
#5122 = LINE('',#5123,#5124);
#5123 = CARTESIAN_POINT('',(0.,-120.));
#5124 = VECTOR('',#5125,1.);
#5125 = DIRECTION('',(1.,0.));
#5126 = ( GEOMETRIC_REPRESENTATION_CONTEXT(2) 
PARAMETRIC_REPRESENTATION_CONTEXT() REPRESENTATION_CONTEXT('2D SPACE',''
  ) );
#5127 = PCURVE('',#5018,#5128);
#5128 = DEFINITIONAL_REPRESENTATION('',(#5129),#5133);
#5129 = LINE('',#5130,#5131);
#5130 = CARTESIAN_POINT('',(0.,1.4E+03));
#5131 = VECTOR('',#5132,1.);
#5132 = DIRECTION('',(1.,0.));
#5133 = ( GEOMETRIC_REPRESENTATION_CONTEXT(2) 
PARAMETRIC_REPRESENTATION_CONTEXT() REPRESENTATION_CONTEXT('2D SPACE',''
  ) );
#5134 = ORIENTED_EDGE('',*,*,#5135,.F.);
#5135 = EDGE_CURVE('',#5062,#5113,#5136,.T.);
#5136 = SURFACE_CURVE('',#5137,(#5141,#5148),.PCURVE_S1.);
#5137 = LINE('',#5138,#5139);
#5138 = CARTESIAN_POINT('',(-3.8E+03,7.96E+03,1.03E+04));
#5139 = VECTOR('',#5140,1.);
#5140 = DIRECTION('',(0.,1.,0.));
#5141 = PCURVE('',#5070,#5142);
#5142 = DEFINITIONAL_REPRESENTATION('',(#5143),#5147);
#5143 = LINE('',#5144,#5145);
#5144 = CARTESIAN_POINT('',(1.8E+03,0.));
#5145 = VECTOR('',#5146,1.);
#5146 = DIRECTION('',(0.,-1.));
#5147 = ( GEOMETRIC_REPRESENTATION_CONTEXT(2) 
PARAMETRIC_REPRESENTATION_CONTEXT() REPRESENTATION_CONTEXT('2D SPACE',''
  ) );
#5148 = PCURVE('',#5044,#5149);
#5149 = DEFINITIONAL_REPRESENTATION('',(#5150),#5154);
#5150 = LINE('',#5151,#5152);
#5151 = CARTESIAN_POINT('',(1.4E+03,0.));
#5152 = VECTOR('',#5153,1.);
#5153 = DIRECTION('',(0.,1.));
#5154 = ( GEOMETRIC_REPRESENTATION_CONTEXT(2) 
PARAMETRIC_REPRESENTATION_CONTEXT() REPRESENTATION_CONTEXT('2D SPACE',''
  ) );
#5155 = ADVANCED_FACE('',(#5156),#4962,.F.);
#5156 = FACE_BOUND('',#5157,.F.);
#5157 = EDGE_LOOP('',(#5158,#5179,#5180,#5201));
#5158 = ORIENTED_EDGE('',*,*,#5159,.F.);
#5159 = EDGE_CURVE('',#4940,#5060,#5160,.T.);
#5160 = SURFACE_CURVE('',#5161,(#5165,#5172),.PCURVE_S1.);
#5161 = LINE('',#5162,#5163);
#5162 = CARTESIAN_POINT('',(-5.2E+03,7.96E+03,8.5E+03));
#5163 = VECTOR('',#5164,1.);
#5164 = DIRECTION('',(1.,0.,0.));
#5165 = PCURVE('',#4962,#5166);
#5166 = DEFINITIONAL_REPRESENTATION('',(#5167),#5171);
#5167 = LINE('',#5168,#5169);
#5168 = CARTESIAN_POINT('',(0.,0.));
#5169 = VECTOR('',#5170,1.);
#5170 = DIRECTION('',(0.,1.));
#5171 = ( GEOMETRIC_REPRESENTATION_CONTEXT(2) 
PARAMETRIC_REPRESENTATION_CONTEXT() REPRESENTATION_CONTEXT('2D SPACE',''
  ) );
#5172 = PCURVE('',#4990,#5173);
#5173 = DEFINITIONAL_REPRESENTATION('',(#5174),#5178);
#5174 = LINE('',#5175,#5176);
#5175 = CARTESIAN_POINT('',(0.,0.));
#5176 = VECTOR('',#5177,1.);
#5177 = DIRECTION('',(1.,0.));
#5178 = ( GEOMETRIC_REPRESENTATION_CONTEXT(2) 
PARAMETRIC_REPRESENTATION_CONTEXT() REPRESENTATION_CONTEXT('2D SPACE',''
  ) );
#5179 = ORIENTED_EDGE('',*,*,#4939,.T.);
#5180 = ORIENTED_EDGE('',*,*,#5181,.T.);
#5181 = EDGE_CURVE('',#4942,#5062,#5182,.T.);
#5182 = SURFACE_CURVE('',#5183,(#5187,#5194),.PCURVE_S1.);
#5183 = LINE('',#5184,#5185);
#5184 = CARTESIAN_POINT('',(-5.2E+03,7.96E+03,1.03E+04));
#5185 = VECTOR('',#5186,1.);
#5186 = DIRECTION('',(1.,0.,0.));
#5187 = PCURVE('',#4962,#5188);
#5188 = DEFINITIONAL_REPRESENTATION('',(#5189),#5193);
#5189 = LINE('',#5190,#5191);
#5190 = CARTESIAN_POINT('',(1.8E+03,0.));
#5191 = VECTOR('',#5192,1.);
#5192 = DIRECTION('',(0.,1.));
#5193 = ( GEOMETRIC_REPRESENTATION_CONTEXT(2) 
PARAMETRIC_REPRESENTATION_CONTEXT() REPRESENTATION_CONTEXT('2D SPACE',''
  ) );
#5194 = PCURVE('',#5044,#5195);
#5195 = DEFINITIONAL_REPRESENTATION('',(#5196),#5200);
#5196 = LINE('',#5197,#5198);
#5197 = CARTESIAN_POINT('',(0.,0.));
#5198 = VECTOR('',#5199,1.);
#5199 = DIRECTION('',(1.,0.));
#5200 = ( GEOMETRIC_REPRESENTATION_CONTEXT(2) 
PARAMETRIC_REPRESENTATION_CONTEXT() REPRESENTATION_CONTEXT('2D SPACE',''
  ) );
#5201 = ORIENTED_EDGE('',*,*,#5059,.F.);
#5202 = ADVANCED_FACE('',(#5203),#5018,.T.);
#5203 = FACE_BOUND('',#5204,.T.);
#5204 = EDGE_LOOP('',(#5205,#5226,#5227,#5248));
#5205 = ORIENTED_EDGE('',*,*,#5206,.F.);
#5206 = EDGE_CURVE('',#4975,#5090,#5207,.T.);
#5207 = SURFACE_CURVE('',#5208,(#5212,#5219),.PCURVE_S1.);
#5208 = LINE('',#5209,#5210);
#5209 = CARTESIAN_POINT('',(-5.2E+03,8.08E+03,8.5E+03));
#5210 = VECTOR('',#5211,1.);
#5211 = DIRECTION('',(1.,0.,0.));
#5212 = PCURVE('',#5018,#5213);
#5213 = DEFINITIONAL_REPRESENTATION('',(#5214),#5218);
#5214 = LINE('',#5215,#5216);
#5215 = CARTESIAN_POINT('',(0.,0.));
#5216 = VECTOR('',#5217,1.);
#5217 = DIRECTION('',(0.,1.));
#5218 = ( GEOMETRIC_REPRESENTATION_CONTEXT(2) 
PARAMETRIC_REPRESENTATION_CONTEXT() REPRESENTATION_CONTEXT('2D SPACE',''
  ) );
#5219 = PCURVE('',#4990,#5220);
#5220 = DEFINITIONAL_REPRESENTATION('',(#5221),#5225);
#5221 = LINE('',#5222,#5223);
#5222 = CARTESIAN_POINT('',(0.,120.));
#5223 = VECTOR('',#5224,1.);
#5224 = DIRECTION('',(1.,0.));
#5225 = ( GEOMETRIC_REPRESENTATION_CONTEXT(2) 
PARAMETRIC_REPRESENTATION_CONTEXT() REPRESENTATION_CONTEXT('2D SPACE',''
  ) );
#5226 = ORIENTED_EDGE('',*,*,#5002,.T.);
#5227 = ORIENTED_EDGE('',*,*,#5228,.T.);
#5228 = EDGE_CURVE('',#5003,#5113,#5229,.T.);
#5229 = SURFACE_CURVE('',#5230,(#5234,#5241),.PCURVE_S1.);
#5230 = LINE('',#5231,#5232);
#5231 = CARTESIAN_POINT('',(-5.2E+03,8.08E+03,1.03E+04));
#5232 = VECTOR('',#5233,1.);
#5233 = DIRECTION('',(1.,0.,0.));
#5234 = PCURVE('',#5018,#5235);
#5235 = DEFINITIONAL_REPRESENTATION('',(#5236),#5240);
#5236 = LINE('',#5237,#5238);
#5237 = CARTESIAN_POINT('',(1.8E+03,0.));
#5238 = VECTOR('',#5239,1.);
#5239 = DIRECTION('',(0.,1.));
#5240 = ( GEOMETRIC_REPRESENTATION_CONTEXT(2) 
PARAMETRIC_REPRESENTATION_CONTEXT() REPRESENTATION_CONTEXT('2D SPACE',''
  ) );
#5241 = PCURVE('',#5044,#5242);
#5242 = DEFINITIONAL_REPRESENTATION('',(#5243),#5247);
#5243 = LINE('',#5244,#5245);
#5244 = CARTESIAN_POINT('',(0.,120.));
#5245 = VECTOR('',#5246,1.);
#5246 = DIRECTION('',(1.,0.));
#5247 = ( GEOMETRIC_REPRESENTATION_CONTEXT(2) 
PARAMETRIC_REPRESENTATION_CONTEXT() REPRESENTATION_CONTEXT('2D SPACE',''
  ) );
#5248 = ORIENTED_EDGE('',*,*,#5112,.F.);
#5249 = ADVANCED_FACE('',(#5250),#4990,.F.);
#5250 = FACE_BOUND('',#5251,.F.);
#5251 = EDGE_LOOP('',(#5252,#5253,#5254,#5255));
#5252 = ORIENTED_EDGE('',*,*,#4974,.F.);
#5253 = ORIENTED_EDGE('',*,*,#5159,.T.);
#5254 = ORIENTED_EDGE('',*,*,#5089,.T.);
#5255 = ORIENTED_EDGE('',*,*,#5206,.F.);
#5256 = ADVANCED_FACE('',(#5257),#5044,.T.);
#5257 = FACE_BOUND('',#5258,.T.);
#5258 = EDGE_LOOP('',(#5259,#5260,#5261,#5262));
#5259 = ORIENTED_EDGE('',*,*,#5030,.F.);
#5260 = ORIENTED_EDGE('',*,*,#5181,.T.);
#5261 = ORIENTED_EDGE('',*,*,#5135,.T.);
#5262 = ORIENTED_EDGE('',*,*,#5228,.F.);
#5263 = ( GEOMETRIC_REPRESENTATION_CONTEXT(3) 
GLOBAL_UNCERTAINTY_ASSIGNED_CONTEXT((#5267)) 
GLOBAL_UNIT_ASSIGNED_CONTEXT((#5264,#5265,#5266)) REPRESENTATION_CONTEXT
('Context #1','3D Context with UNIT and UNCERTAINTY') );
#5264 = ( LENGTH_UNIT() NAMED_UNIT(*) SI_UNIT(.MILLI.,.METRE.) );
#5265 = ( NAMED_UNIT(*) PLANE_ANGLE_UNIT() SI_UNIT($,.RADIAN.) );
#5266 = ( NAMED_UNIT(*) SI_UNIT($,.STERADIAN.) SOLID_ANGLE_UNIT() );
#5267 = UNCERTAINTY_MEASURE_WITH_UNIT(LENGTH_MEASURE(1.E-07),#5264,
  'distance_accuracy_value','confusion accuracy');
#5268 = CONTEXT_DEPENDENT_SHAPE_REPRESENTATION(#5269,#5271);
#5269 = ( REPRESENTATION_RELATIONSHIP('','',#4932,#10) 
REPRESENTATION_RELATIONSHIP_WITH_TRANSFORMATION(#5270) 
SHAPE_REPRESENTATION_RELATIONSHIP() );
#5270 = ITEM_DEFINED_TRANSFORMATION('','',#11,#71);
#5271 = PRODUCT_DEFINITION_SHAPE('Placement','Placement of an item',
  #5272);
#5272 = NEXT_ASSEMBLY_USAGE_OCCURRENCE('52','part14','',#5,#4927,$);
#5273 = PRODUCT_RELATED_PRODUCT_CATEGORY('part',$,(#4929));
#5274 = SHAPE_DEFINITION_REPRESENTATION(#5275,#5281);
#5275 = PRODUCT_DEFINITION_SHAPE('','',#5276);
#5276 = PRODUCT_DEFINITION('design','',#5277,#5280);
#5277 = PRODUCT_DEFINITION_FORMATION('','',#5278);
#5278 = PRODUCT('part15','part15','',(#5279));
#5279 = PRODUCT_CONTEXT('',#2,'mechanical');
#5280 = PRODUCT_DEFINITION_CONTEXT('part definition',#2,'design');
#5281 = ADVANCED_BREP_SHAPE_REPRESENTATION('',(#11,#5282),#5612);
#5282 = MANIFOLD_SOLID_BREP('',#5283);
#5283 = CLOSED_SHELL('',(#5284,#5404,#5504,#5551,#5598,#5605));
#5284 = ADVANCED_FACE('',(#5285),#5299,.F.);
#5285 = FACE_BOUND('',#5286,.F.);
#5286 = EDGE_LOOP('',(#5287,#5322,#5350,#5378));
#5287 = ORIENTED_EDGE('',*,*,#5288,.F.);
#5288 = EDGE_CURVE('',#5289,#5291,#5293,.T.);
#5289 = VERTEX_POINT('',#5290);
#5290 = CARTESIAN_POINT('',(3.8E+03,7.96E+03,8.5E+03));
#5291 = VERTEX_POINT('',#5292);
#5292 = CARTESIAN_POINT('',(3.8E+03,7.96E+03,1.03E+04));
#5293 = SURFACE_CURVE('',#5294,(#5298,#5310),.PCURVE_S1.);
#5294 = LINE('',#5295,#5296);
#5295 = CARTESIAN_POINT('',(3.8E+03,7.96E+03,8.5E+03));
#5296 = VECTOR('',#5297,1.);
#5297 = DIRECTION('',(0.,0.,1.));
#5298 = PCURVE('',#5299,#5304);
#5299 = PLANE('',#5300);
#5300 = AXIS2_PLACEMENT_3D('',#5301,#5302,#5303);
#5301 = CARTESIAN_POINT('',(3.8E+03,7.96E+03,8.5E+03));
#5302 = DIRECTION('',(1.,0.,0.));
#5303 = DIRECTION('',(0.,0.,1.));
#5304 = DEFINITIONAL_REPRESENTATION('',(#5305),#5309);
#5305 = LINE('',#5306,#5307);
#5306 = CARTESIAN_POINT('',(0.,0.));
#5307 = VECTOR('',#5308,1.);
#5308 = DIRECTION('',(1.,0.));
#5309 = ( GEOMETRIC_REPRESENTATION_CONTEXT(2) 
PARAMETRIC_REPRESENTATION_CONTEXT() REPRESENTATION_CONTEXT('2D SPACE',''
  ) );
#5310 = PCURVE('',#5311,#5316);
#5311 = PLANE('',#5312);
#5312 = AXIS2_PLACEMENT_3D('',#5313,#5314,#5315);
#5313 = CARTESIAN_POINT('',(3.8E+03,7.96E+03,8.5E+03));
#5314 = DIRECTION('',(0.,1.,0.));
#5315 = DIRECTION('',(0.,0.,1.));
#5316 = DEFINITIONAL_REPRESENTATION('',(#5317),#5321);
#5317 = LINE('',#5318,#5319);
#5318 = CARTESIAN_POINT('',(0.,0.));
#5319 = VECTOR('',#5320,1.);
#5320 = DIRECTION('',(1.,0.));
#5321 = ( GEOMETRIC_REPRESENTATION_CONTEXT(2) 
PARAMETRIC_REPRESENTATION_CONTEXT() REPRESENTATION_CONTEXT('2D SPACE',''
  ) );
#5322 = ORIENTED_EDGE('',*,*,#5323,.T.);
#5323 = EDGE_CURVE('',#5289,#5324,#5326,.T.);
#5324 = VERTEX_POINT('',#5325);
#5325 = CARTESIAN_POINT('',(3.8E+03,8.08E+03,8.5E+03));
#5326 = SURFACE_CURVE('',#5327,(#5331,#5338),.PCURVE_S1.);
#5327 = LINE('',#5328,#5329);
#5328 = CARTESIAN_POINT('',(3.8E+03,7.96E+03,8.5E+03));
#5329 = VECTOR('',#5330,1.);
#5330 = DIRECTION('',(0.,1.,0.));
#5331 = PCURVE('',#5299,#5332);
#5332 = DEFINITIONAL_REPRESENTATION('',(#5333),#5337);
#5333 = LINE('',#5334,#5335);
#5334 = CARTESIAN_POINT('',(0.,0.));
#5335 = VECTOR('',#5336,1.);
#5336 = DIRECTION('',(0.,-1.));
#5337 = ( GEOMETRIC_REPRESENTATION_CONTEXT(2) 
PARAMETRIC_REPRESENTATION_CONTEXT() REPRESENTATION_CONTEXT('2D SPACE',''
  ) );
#5338 = PCURVE('',#5339,#5344);
#5339 = PLANE('',#5340);
#5340 = AXIS2_PLACEMENT_3D('',#5341,#5342,#5343);
#5341 = CARTESIAN_POINT('',(3.8E+03,7.96E+03,8.5E+03));
#5342 = DIRECTION('',(0.,0.,1.));
#5343 = DIRECTION('',(1.,0.,0.));
#5344 = DEFINITIONAL_REPRESENTATION('',(#5345),#5349);
#5345 = LINE('',#5346,#5347);
#5346 = CARTESIAN_POINT('',(0.,0.));
#5347 = VECTOR('',#5348,1.);
#5348 = DIRECTION('',(0.,1.));
#5349 = ( GEOMETRIC_REPRESENTATION_CONTEXT(2) 
PARAMETRIC_REPRESENTATION_CONTEXT() REPRESENTATION_CONTEXT('2D SPACE',''
  ) );
#5350 = ORIENTED_EDGE('',*,*,#5351,.T.);
#5351 = EDGE_CURVE('',#5324,#5352,#5354,.T.);
#5352 = VERTEX_POINT('',#5353);
#5353 = CARTESIAN_POINT('',(3.8E+03,8.08E+03,1.03E+04));
#5354 = SURFACE_CURVE('',#5355,(#5359,#5366),.PCURVE_S1.);
#5355 = LINE('',#5356,#5357);
#5356 = CARTESIAN_POINT('',(3.8E+03,8.08E+03,8.5E+03));
#5357 = VECTOR('',#5358,1.);
#5358 = DIRECTION('',(0.,0.,1.));
#5359 = PCURVE('',#5299,#5360);
#5360 = DEFINITIONAL_REPRESENTATION('',(#5361),#5365);
#5361 = LINE('',#5362,#5363);
#5362 = CARTESIAN_POINT('',(0.,-120.));
#5363 = VECTOR('',#5364,1.);
#5364 = DIRECTION('',(1.,0.));
#5365 = ( GEOMETRIC_REPRESENTATION_CONTEXT(2) 
PARAMETRIC_REPRESENTATION_CONTEXT() REPRESENTATION_CONTEXT('2D SPACE',''
  ) );
#5366 = PCURVE('',#5367,#5372);
#5367 = PLANE('',#5368);
#5368 = AXIS2_PLACEMENT_3D('',#5369,#5370,#5371);
#5369 = CARTESIAN_POINT('',(3.8E+03,8.08E+03,8.5E+03));
#5370 = DIRECTION('',(0.,1.,0.));
#5371 = DIRECTION('',(0.,0.,1.));
#5372 = DEFINITIONAL_REPRESENTATION('',(#5373),#5377);
#5373 = LINE('',#5374,#5375);
#5374 = CARTESIAN_POINT('',(0.,0.));
#5375 = VECTOR('',#5376,1.);
#5376 = DIRECTION('',(1.,0.));
#5377 = ( GEOMETRIC_REPRESENTATION_CONTEXT(2) 
PARAMETRIC_REPRESENTATION_CONTEXT() REPRESENTATION_CONTEXT('2D SPACE',''
  ) );
#5378 = ORIENTED_EDGE('',*,*,#5379,.F.);
#5379 = EDGE_CURVE('',#5291,#5352,#5380,.T.);
#5380 = SURFACE_CURVE('',#5381,(#5385,#5392),.PCURVE_S1.);
#5381 = LINE('',#5382,#5383);
#5382 = CARTESIAN_POINT('',(3.8E+03,7.96E+03,1.03E+04));
#5383 = VECTOR('',#5384,1.);
#5384 = DIRECTION('',(0.,1.,0.));
#5385 = PCURVE('',#5299,#5386);
#5386 = DEFINITIONAL_REPRESENTATION('',(#5387),#5391);
#5387 = LINE('',#5388,#5389);
#5388 = CARTESIAN_POINT('',(1.8E+03,0.));
#5389 = VECTOR('',#5390,1.);
#5390 = DIRECTION('',(0.,-1.));
#5391 = ( GEOMETRIC_REPRESENTATION_CONTEXT(2) 
PARAMETRIC_REPRESENTATION_CONTEXT() REPRESENTATION_CONTEXT('2D SPACE',''
  ) );
#5392 = PCURVE('',#5393,#5398);
#5393 = PLANE('',#5394);
#5394 = AXIS2_PLACEMENT_3D('',#5395,#5396,#5397);
#5395 = CARTESIAN_POINT('',(3.8E+03,7.96E+03,1.03E+04));
#5396 = DIRECTION('',(0.,0.,1.));
#5397 = DIRECTION('',(1.,0.,0.));
#5398 = DEFINITIONAL_REPRESENTATION('',(#5399),#5403);
#5399 = LINE('',#5400,#5401);
#5400 = CARTESIAN_POINT('',(0.,0.));
#5401 = VECTOR('',#5402,1.);
#5402 = DIRECTION('',(0.,1.));
#5403 = ( GEOMETRIC_REPRESENTATION_CONTEXT(2) 
PARAMETRIC_REPRESENTATION_CONTEXT() REPRESENTATION_CONTEXT('2D SPACE',''
  ) );
#5404 = ADVANCED_FACE('',(#5405),#5419,.T.);
#5405 = FACE_BOUND('',#5406,.T.);
#5406 = EDGE_LOOP('',(#5407,#5437,#5460,#5483));
#5407 = ORIENTED_EDGE('',*,*,#5408,.F.);
#5408 = EDGE_CURVE('',#5409,#5411,#5413,.T.);
#5409 = VERTEX_POINT('',#5410);
#5410 = CARTESIAN_POINT('',(5.2E+03,7.96E+03,8.5E+03));
#5411 = VERTEX_POINT('',#5412);
#5412 = CARTESIAN_POINT('',(5.2E+03,7.96E+03,1.03E+04));
#5413 = SURFACE_CURVE('',#5414,(#5418,#5430),.PCURVE_S1.);
#5414 = LINE('',#5415,#5416);
#5415 = CARTESIAN_POINT('',(5.2E+03,7.96E+03,8.5E+03));
#5416 = VECTOR('',#5417,1.);
#5417 = DIRECTION('',(0.,0.,1.));
#5418 = PCURVE('',#5419,#5424);
#5419 = PLANE('',#5420);
#5420 = AXIS2_PLACEMENT_3D('',#5421,#5422,#5423);
#5421 = CARTESIAN_POINT('',(5.2E+03,7.96E+03,8.5E+03));
#5422 = DIRECTION('',(1.,0.,0.));
#5423 = DIRECTION('',(0.,0.,1.));
#5424 = DEFINITIONAL_REPRESENTATION('',(#5425),#5429);
#5425 = LINE('',#5426,#5427);
#5426 = CARTESIAN_POINT('',(0.,0.));
#5427 = VECTOR('',#5428,1.);
#5428 = DIRECTION('',(1.,0.));
#5429 = ( GEOMETRIC_REPRESENTATION_CONTEXT(2) 
PARAMETRIC_REPRESENTATION_CONTEXT() REPRESENTATION_CONTEXT('2D SPACE',''
  ) );
#5430 = PCURVE('',#5311,#5431);
#5431 = DEFINITIONAL_REPRESENTATION('',(#5432),#5436);
#5432 = LINE('',#5433,#5434);
#5433 = CARTESIAN_POINT('',(0.,1.4E+03));
#5434 = VECTOR('',#5435,1.);
#5435 = DIRECTION('',(1.,0.));
#5436 = ( GEOMETRIC_REPRESENTATION_CONTEXT(2) 
PARAMETRIC_REPRESENTATION_CONTEXT() REPRESENTATION_CONTEXT('2D SPACE',''
  ) );
#5437 = ORIENTED_EDGE('',*,*,#5438,.T.);
#5438 = EDGE_CURVE('',#5409,#5439,#5441,.T.);
#5439 = VERTEX_POINT('',#5440);
#5440 = CARTESIAN_POINT('',(5.2E+03,8.08E+03,8.5E+03));
#5441 = SURFACE_CURVE('',#5442,(#5446,#5453),.PCURVE_S1.);
#5442 = LINE('',#5443,#5444);
#5443 = CARTESIAN_POINT('',(5.2E+03,7.96E+03,8.5E+03));
#5444 = VECTOR('',#5445,1.);
#5445 = DIRECTION('',(0.,1.,0.));
#5446 = PCURVE('',#5419,#5447);
#5447 = DEFINITIONAL_REPRESENTATION('',(#5448),#5452);
#5448 = LINE('',#5449,#5450);
#5449 = CARTESIAN_POINT('',(0.,0.));
#5450 = VECTOR('',#5451,1.);
#5451 = DIRECTION('',(0.,-1.));
#5452 = ( GEOMETRIC_REPRESENTATION_CONTEXT(2) 
PARAMETRIC_REPRESENTATION_CONTEXT() REPRESENTATION_CONTEXT('2D SPACE',''
  ) );
#5453 = PCURVE('',#5339,#5454);
#5454 = DEFINITIONAL_REPRESENTATION('',(#5455),#5459);
#5455 = LINE('',#5456,#5457);
#5456 = CARTESIAN_POINT('',(1.4E+03,0.));
#5457 = VECTOR('',#5458,1.);
#5458 = DIRECTION('',(0.,1.));
#5459 = ( GEOMETRIC_REPRESENTATION_CONTEXT(2) 
PARAMETRIC_REPRESENTATION_CONTEXT() REPRESENTATION_CONTEXT('2D SPACE',''
  ) );
#5460 = ORIENTED_EDGE('',*,*,#5461,.T.);
#5461 = EDGE_CURVE('',#5439,#5462,#5464,.T.);
#5462 = VERTEX_POINT('',#5463);
#5463 = CARTESIAN_POINT('',(5.2E+03,8.08E+03,1.03E+04));
#5464 = SURFACE_CURVE('',#5465,(#5469,#5476),.PCURVE_S1.);
#5465 = LINE('',#5466,#5467);
#5466 = CARTESIAN_POINT('',(5.2E+03,8.08E+03,8.5E+03));
#5467 = VECTOR('',#5468,1.);
#5468 = DIRECTION('',(0.,0.,1.));
#5469 = PCURVE('',#5419,#5470);
#5470 = DEFINITIONAL_REPRESENTATION('',(#5471),#5475);
#5471 = LINE('',#5472,#5473);
#5472 = CARTESIAN_POINT('',(0.,-120.));
#5473 = VECTOR('',#5474,1.);
#5474 = DIRECTION('',(1.,0.));
#5475 = ( GEOMETRIC_REPRESENTATION_CONTEXT(2) 
PARAMETRIC_REPRESENTATION_CONTEXT() REPRESENTATION_CONTEXT('2D SPACE',''
  ) );
#5476 = PCURVE('',#5367,#5477);
#5477 = DEFINITIONAL_REPRESENTATION('',(#5478),#5482);
#5478 = LINE('',#5479,#5480);
#5479 = CARTESIAN_POINT('',(0.,1.4E+03));
#5480 = VECTOR('',#5481,1.);
#5481 = DIRECTION('',(1.,0.));
#5482 = ( GEOMETRIC_REPRESENTATION_CONTEXT(2) 
PARAMETRIC_REPRESENTATION_CONTEXT() REPRESENTATION_CONTEXT('2D SPACE',''
  ) );
#5483 = ORIENTED_EDGE('',*,*,#5484,.F.);
#5484 = EDGE_CURVE('',#5411,#5462,#5485,.T.);
#5485 = SURFACE_CURVE('',#5486,(#5490,#5497),.PCURVE_S1.);
#5486 = LINE('',#5487,#5488);
#5487 = CARTESIAN_POINT('',(5.2E+03,7.96E+03,1.03E+04));
#5488 = VECTOR('',#5489,1.);
#5489 = DIRECTION('',(0.,1.,0.));
#5490 = PCURVE('',#5419,#5491);
#5491 = DEFINITIONAL_REPRESENTATION('',(#5492),#5496);
#5492 = LINE('',#5493,#5494);
#5493 = CARTESIAN_POINT('',(1.8E+03,0.));
#5494 = VECTOR('',#5495,1.);
#5495 = DIRECTION('',(0.,-1.));
#5496 = ( GEOMETRIC_REPRESENTATION_CONTEXT(2) 
PARAMETRIC_REPRESENTATION_CONTEXT() REPRESENTATION_CONTEXT('2D SPACE',''
  ) );
#5497 = PCURVE('',#5393,#5498);
#5498 = DEFINITIONAL_REPRESENTATION('',(#5499),#5503);
#5499 = LINE('',#5500,#5501);
#5500 = CARTESIAN_POINT('',(1.4E+03,0.));
#5501 = VECTOR('',#5502,1.);
#5502 = DIRECTION('',(0.,1.));
#5503 = ( GEOMETRIC_REPRESENTATION_CONTEXT(2) 
PARAMETRIC_REPRESENTATION_CONTEXT() REPRESENTATION_CONTEXT('2D SPACE',''
  ) );
#5504 = ADVANCED_FACE('',(#5505),#5311,.F.);
#5505 = FACE_BOUND('',#5506,.F.);
#5506 = EDGE_LOOP('',(#5507,#5528,#5529,#5550));
#5507 = ORIENTED_EDGE('',*,*,#5508,.F.);
#5508 = EDGE_CURVE('',#5289,#5409,#5509,.T.);
#5509 = SURFACE_CURVE('',#5510,(#5514,#5521),.PCURVE_S1.);
#5510 = LINE('',#5511,#5512);
#5511 = CARTESIAN_POINT('',(3.8E+03,7.96E+03,8.5E+03));
#5512 = VECTOR('',#5513,1.);
#5513 = DIRECTION('',(1.,0.,0.));
#5514 = PCURVE('',#5311,#5515);
#5515 = DEFINITIONAL_REPRESENTATION('',(#5516),#5520);
#5516 = LINE('',#5517,#5518);
#5517 = CARTESIAN_POINT('',(0.,0.));
#5518 = VECTOR('',#5519,1.);
#5519 = DIRECTION('',(0.,1.));
#5520 = ( GEOMETRIC_REPRESENTATION_CONTEXT(2) 
PARAMETRIC_REPRESENTATION_CONTEXT() REPRESENTATION_CONTEXT('2D SPACE',''
  ) );
#5521 = PCURVE('',#5339,#5522);
#5522 = DEFINITIONAL_REPRESENTATION('',(#5523),#5527);
#5523 = LINE('',#5524,#5525);
#5524 = CARTESIAN_POINT('',(0.,0.));
#5525 = VECTOR('',#5526,1.);
#5526 = DIRECTION('',(1.,0.));
#5527 = ( GEOMETRIC_REPRESENTATION_CONTEXT(2) 
PARAMETRIC_REPRESENTATION_CONTEXT() REPRESENTATION_CONTEXT('2D SPACE',''
  ) );
#5528 = ORIENTED_EDGE('',*,*,#5288,.T.);
#5529 = ORIENTED_EDGE('',*,*,#5530,.T.);
#5530 = EDGE_CURVE('',#5291,#5411,#5531,.T.);
#5531 = SURFACE_CURVE('',#5532,(#5536,#5543),.PCURVE_S1.);
#5532 = LINE('',#5533,#5534);
#5533 = CARTESIAN_POINT('',(3.8E+03,7.96E+03,1.03E+04));
#5534 = VECTOR('',#5535,1.);
#5535 = DIRECTION('',(1.,0.,0.));
#5536 = PCURVE('',#5311,#5537);
#5537 = DEFINITIONAL_REPRESENTATION('',(#5538),#5542);
#5538 = LINE('',#5539,#5540);
#5539 = CARTESIAN_POINT('',(1.8E+03,0.));
#5540 = VECTOR('',#5541,1.);
#5541 = DIRECTION('',(0.,1.));
#5542 = ( GEOMETRIC_REPRESENTATION_CONTEXT(2) 
PARAMETRIC_REPRESENTATION_CONTEXT() REPRESENTATION_CONTEXT('2D SPACE',''
  ) );
#5543 = PCURVE('',#5393,#5544);
#5544 = DEFINITIONAL_REPRESENTATION('',(#5545),#5549);
#5545 = LINE('',#5546,#5547);
#5546 = CARTESIAN_POINT('',(0.,0.));
#5547 = VECTOR('',#5548,1.);
#5548 = DIRECTION('',(1.,0.));
#5549 = ( GEOMETRIC_REPRESENTATION_CONTEXT(2) 
PARAMETRIC_REPRESENTATION_CONTEXT() REPRESENTATION_CONTEXT('2D SPACE',''
  ) );
#5550 = ORIENTED_EDGE('',*,*,#5408,.F.);
#5551 = ADVANCED_FACE('',(#5552),#5367,.T.);
#5552 = FACE_BOUND('',#5553,.T.);
#5553 = EDGE_LOOP('',(#5554,#5575,#5576,#5597));
#5554 = ORIENTED_EDGE('',*,*,#5555,.F.);
#5555 = EDGE_CURVE('',#5324,#5439,#5556,.T.);
#5556 = SURFACE_CURVE('',#5557,(#5561,#5568),.PCURVE_S1.);
#5557 = LINE('',#5558,#5559);
#5558 = CARTESIAN_POINT('',(3.8E+03,8.08E+03,8.5E+03));
#5559 = VECTOR('',#5560,1.);
#5560 = DIRECTION('',(1.,0.,0.));
#5561 = PCURVE('',#5367,#5562);
#5562 = DEFINITIONAL_REPRESENTATION('',(#5563),#5567);
#5563 = LINE('',#5564,#5565);
#5564 = CARTESIAN_POINT('',(0.,0.));
#5565 = VECTOR('',#5566,1.);
#5566 = DIRECTION('',(0.,1.));
#5567 = ( GEOMETRIC_REPRESENTATION_CONTEXT(2) 
PARAMETRIC_REPRESENTATION_CONTEXT() REPRESENTATION_CONTEXT('2D SPACE',''
  ) );
#5568 = PCURVE('',#5339,#5569);
#5569 = DEFINITIONAL_REPRESENTATION('',(#5570),#5574);
#5570 = LINE('',#5571,#5572);
#5571 = CARTESIAN_POINT('',(0.,120.));
#5572 = VECTOR('',#5573,1.);
#5573 = DIRECTION('',(1.,0.));
#5574 = ( GEOMETRIC_REPRESENTATION_CONTEXT(2) 
PARAMETRIC_REPRESENTATION_CONTEXT() REPRESENTATION_CONTEXT('2D SPACE',''
  ) );
#5575 = ORIENTED_EDGE('',*,*,#5351,.T.);
#5576 = ORIENTED_EDGE('',*,*,#5577,.T.);
#5577 = EDGE_CURVE('',#5352,#5462,#5578,.T.);
#5578 = SURFACE_CURVE('',#5579,(#5583,#5590),.PCURVE_S1.);
#5579 = LINE('',#5580,#5581);
#5580 = CARTESIAN_POINT('',(3.8E+03,8.08E+03,1.03E+04));
#5581 = VECTOR('',#5582,1.);
#5582 = DIRECTION('',(1.,0.,0.));
#5583 = PCURVE('',#5367,#5584);
#5584 = DEFINITIONAL_REPRESENTATION('',(#5585),#5589);
#5585 = LINE('',#5586,#5587);
#5586 = CARTESIAN_POINT('',(1.8E+03,0.));
#5587 = VECTOR('',#5588,1.);
#5588 = DIRECTION('',(0.,1.));
#5589 = ( GEOMETRIC_REPRESENTATION_CONTEXT(2) 
PARAMETRIC_REPRESENTATION_CONTEXT() REPRESENTATION_CONTEXT('2D SPACE',''
  ) );
#5590 = PCURVE('',#5393,#5591);
#5591 = DEFINITIONAL_REPRESENTATION('',(#5592),#5596);
#5592 = LINE('',#5593,#5594);
#5593 = CARTESIAN_POINT('',(0.,120.));
#5594 = VECTOR('',#5595,1.);
#5595 = DIRECTION('',(1.,0.));
#5596 = ( GEOMETRIC_REPRESENTATION_CONTEXT(2) 
PARAMETRIC_REPRESENTATION_CONTEXT() REPRESENTATION_CONTEXT('2D SPACE',''
  ) );
#5597 = ORIENTED_EDGE('',*,*,#5461,.F.);
#5598 = ADVANCED_FACE('',(#5599),#5339,.F.);
#5599 = FACE_BOUND('',#5600,.F.);
#5600 = EDGE_LOOP('',(#5601,#5602,#5603,#5604));
#5601 = ORIENTED_EDGE('',*,*,#5323,.F.);
#5602 = ORIENTED_EDGE('',*,*,#5508,.T.);
#5603 = ORIENTED_EDGE('',*,*,#5438,.T.);
#5604 = ORIENTED_EDGE('',*,*,#5555,.F.);
#5605 = ADVANCED_FACE('',(#5606),#5393,.T.);
#5606 = FACE_BOUND('',#5607,.T.);
#5607 = EDGE_LOOP('',(#5608,#5609,#5610,#5611));
#5608 = ORIENTED_EDGE('',*,*,#5379,.F.);
#5609 = ORIENTED_EDGE('',*,*,#5530,.T.);
#5610 = ORIENTED_EDGE('',*,*,#5484,.T.);
#5611 = ORIENTED_EDGE('',*,*,#5577,.F.);
#5612 = ( GEOMETRIC_REPRESENTATION_CONTEXT(3) 
GLOBAL_UNCERTAINTY_ASSIGNED_CONTEXT((#5616)) 
GLOBAL_UNIT_ASSIGNED_CONTEXT((#5613,#5614,#5615)) REPRESENTATION_CONTEXT
('Context #1','3D Context with UNIT and UNCERTAINTY') );
#5613 = ( LENGTH_UNIT() NAMED_UNIT(*) SI_UNIT(.MILLI.,.METRE.) );
#5614 = ( NAMED_UNIT(*) PLANE_ANGLE_UNIT() SI_UNIT($,.RADIAN.) );
#5615 = ( NAMED_UNIT(*) SI_UNIT($,.STERADIAN.) SOLID_ANGLE_UNIT() );
#5616 = UNCERTAINTY_MEASURE_WITH_UNIT(LENGTH_MEASURE(1.E-07),#5613,
  'distance_accuracy_value','confusion accuracy');
#5617 = CONTEXT_DEPENDENT_SHAPE_REPRESENTATION(#5618,#5620);
#5618 = ( REPRESENTATION_RELATIONSHIP('','',#5281,#10) 
REPRESENTATION_RELATIONSHIP_WITH_TRANSFORMATION(#5619) 
SHAPE_REPRESENTATION_RELATIONSHIP() );
#5619 = ITEM_DEFINED_TRANSFORMATION('','',#11,#75);
#5620 = PRODUCT_DEFINITION_SHAPE('Placement','Placement of an item',
  #5621);
#5621 = NEXT_ASSEMBLY_USAGE_OCCURRENCE('53','part15','',#5,#5276,$);
#5622 = PRODUCT_RELATED_PRODUCT_CATEGORY('part',$,(#5278));
#5623 = SHAPE_DEFINITION_REPRESENTATION(#5624,#5630);
#5624 = PRODUCT_DEFINITION_SHAPE('','',#5625);
#5625 = PRODUCT_DEFINITION('design','',#5626,#5629);
#5626 = PRODUCT_DEFINITION_FORMATION('','',#5627);
#5627 = PRODUCT('part16','part16','',(#5628));
#5628 = PRODUCT_CONTEXT('',#2,'mechanical');
#5629 = PRODUCT_DEFINITION_CONTEXT('part definition',#2,'design');
#5630 = ADVANCED_BREP_SHAPE_REPRESENTATION('',(#11,#5631),#5961);
#5631 = MANIFOLD_SOLID_BREP('',#5632);
#5632 = CLOSED_SHELL('',(#5633,#5753,#5853,#5900,#5947,#5954));
#5633 = ADVANCED_FACE('',(#5634),#5648,.F.);
#5634 = FACE_BOUND('',#5635,.F.);
#5635 = EDGE_LOOP('',(#5636,#5671,#5699,#5727));
#5636 = ORIENTED_EDGE('',*,*,#5637,.F.);
#5637 = EDGE_CURVE('',#5638,#5640,#5642,.T.);
#5638 = VERTEX_POINT('',#5639);
#5639 = CARTESIAN_POINT('',(8.3E+03,7.96E+03,8.5E+03));
#5640 = VERTEX_POINT('',#5641);
#5641 = CARTESIAN_POINT('',(8.3E+03,7.96E+03,1.03E+04));
#5642 = SURFACE_CURVE('',#5643,(#5647,#5659),.PCURVE_S1.);
#5643 = LINE('',#5644,#5645);
#5644 = CARTESIAN_POINT('',(8.3E+03,7.96E+03,8.5E+03));
#5645 = VECTOR('',#5646,1.);
#5646 = DIRECTION('',(0.,0.,1.));
#5647 = PCURVE('',#5648,#5653);
#5648 = PLANE('',#5649);
#5649 = AXIS2_PLACEMENT_3D('',#5650,#5651,#5652);
#5650 = CARTESIAN_POINT('',(8.3E+03,7.96E+03,8.5E+03));
#5651 = DIRECTION('',(1.,0.,0.));
#5652 = DIRECTION('',(0.,0.,1.));
#5653 = DEFINITIONAL_REPRESENTATION('',(#5654),#5658);
#5654 = LINE('',#5655,#5656);
#5655 = CARTESIAN_POINT('',(0.,0.));
#5656 = VECTOR('',#5657,1.);
#5657 = DIRECTION('',(1.,0.));
#5658 = ( GEOMETRIC_REPRESENTATION_CONTEXT(2) 
PARAMETRIC_REPRESENTATION_CONTEXT() REPRESENTATION_CONTEXT('2D SPACE',''
  ) );
#5659 = PCURVE('',#5660,#5665);
#5660 = PLANE('',#5661);
#5661 = AXIS2_PLACEMENT_3D('',#5662,#5663,#5664);
#5662 = CARTESIAN_POINT('',(8.3E+03,7.96E+03,8.5E+03));
#5663 = DIRECTION('',(0.,1.,0.));
#5664 = DIRECTION('',(0.,0.,1.));
#5665 = DEFINITIONAL_REPRESENTATION('',(#5666),#5670);
#5666 = LINE('',#5667,#5668);
#5667 = CARTESIAN_POINT('',(0.,0.));
#5668 = VECTOR('',#5669,1.);
#5669 = DIRECTION('',(1.,0.));
#5670 = ( GEOMETRIC_REPRESENTATION_CONTEXT(2) 
PARAMETRIC_REPRESENTATION_CONTEXT() REPRESENTATION_CONTEXT('2D SPACE',''
  ) );
#5671 = ORIENTED_EDGE('',*,*,#5672,.T.);
#5672 = EDGE_CURVE('',#5638,#5673,#5675,.T.);
#5673 = VERTEX_POINT('',#5674);
#5674 = CARTESIAN_POINT('',(8.3E+03,8.08E+03,8.5E+03));
#5675 = SURFACE_CURVE('',#5676,(#5680,#5687),.PCURVE_S1.);
#5676 = LINE('',#5677,#5678);
#5677 = CARTESIAN_POINT('',(8.3E+03,7.96E+03,8.5E+03));
#5678 = VECTOR('',#5679,1.);
#5679 = DIRECTION('',(0.,1.,0.));
#5680 = PCURVE('',#5648,#5681);
#5681 = DEFINITIONAL_REPRESENTATION('',(#5682),#5686);
#5682 = LINE('',#5683,#5684);
#5683 = CARTESIAN_POINT('',(0.,0.));
#5684 = VECTOR('',#5685,1.);
#5685 = DIRECTION('',(0.,-1.));
#5686 = ( GEOMETRIC_REPRESENTATION_CONTEXT(2) 
PARAMETRIC_REPRESENTATION_CONTEXT() REPRESENTATION_CONTEXT('2D SPACE',''
  ) );
#5687 = PCURVE('',#5688,#5693);
#5688 = PLANE('',#5689);
#5689 = AXIS2_PLACEMENT_3D('',#5690,#5691,#5692);
#5690 = CARTESIAN_POINT('',(8.3E+03,7.96E+03,8.5E+03));
#5691 = DIRECTION('',(0.,0.,1.));
#5692 = DIRECTION('',(1.,0.,0.));
#5693 = DEFINITIONAL_REPRESENTATION('',(#5694),#5698);
#5694 = LINE('',#5695,#5696);
#5695 = CARTESIAN_POINT('',(0.,0.));
#5696 = VECTOR('',#5697,1.);
#5697 = DIRECTION('',(0.,1.));
#5698 = ( GEOMETRIC_REPRESENTATION_CONTEXT(2) 
PARAMETRIC_REPRESENTATION_CONTEXT() REPRESENTATION_CONTEXT('2D SPACE',''
  ) );
#5699 = ORIENTED_EDGE('',*,*,#5700,.T.);
#5700 = EDGE_CURVE('',#5673,#5701,#5703,.T.);
#5701 = VERTEX_POINT('',#5702);
#5702 = CARTESIAN_POINT('',(8.3E+03,8.08E+03,1.03E+04));
#5703 = SURFACE_CURVE('',#5704,(#5708,#5715),.PCURVE_S1.);
#5704 = LINE('',#5705,#5706);
#5705 = CARTESIAN_POINT('',(8.3E+03,8.08E+03,8.5E+03));
#5706 = VECTOR('',#5707,1.);
#5707 = DIRECTION('',(0.,0.,1.));
#5708 = PCURVE('',#5648,#5709);
#5709 = DEFINITIONAL_REPRESENTATION('',(#5710),#5714);
#5710 = LINE('',#5711,#5712);
#5711 = CARTESIAN_POINT('',(0.,-120.));
#5712 = VECTOR('',#5713,1.);
#5713 = DIRECTION('',(1.,0.));
#5714 = ( GEOMETRIC_REPRESENTATION_CONTEXT(2) 
PARAMETRIC_REPRESENTATION_CONTEXT() REPRESENTATION_CONTEXT('2D SPACE',''
  ) );
#5715 = PCURVE('',#5716,#5721);
#5716 = PLANE('',#5717);
#5717 = AXIS2_PLACEMENT_3D('',#5718,#5719,#5720);
#5718 = CARTESIAN_POINT('',(8.3E+03,8.08E+03,8.5E+03));
#5719 = DIRECTION('',(0.,1.,0.));
#5720 = DIRECTION('',(0.,0.,1.));
#5721 = DEFINITIONAL_REPRESENTATION('',(#5722),#5726);
#5722 = LINE('',#5723,#5724);
#5723 = CARTESIAN_POINT('',(0.,0.));
#5724 = VECTOR('',#5725,1.);
#5725 = DIRECTION('',(1.,0.));
#5726 = ( GEOMETRIC_REPRESENTATION_CONTEXT(2) 
PARAMETRIC_REPRESENTATION_CONTEXT() REPRESENTATION_CONTEXT('2D SPACE',''
  ) );
#5727 = ORIENTED_EDGE('',*,*,#5728,.F.);
#5728 = EDGE_CURVE('',#5640,#5701,#5729,.T.);
#5729 = SURFACE_CURVE('',#5730,(#5734,#5741),.PCURVE_S1.);
#5730 = LINE('',#5731,#5732);
#5731 = CARTESIAN_POINT('',(8.3E+03,7.96E+03,1.03E+04));
#5732 = VECTOR('',#5733,1.);
#5733 = DIRECTION('',(0.,1.,0.));
#5734 = PCURVE('',#5648,#5735);
#5735 = DEFINITIONAL_REPRESENTATION('',(#5736),#5740);
#5736 = LINE('',#5737,#5738);
#5737 = CARTESIAN_POINT('',(1.8E+03,0.));
#5738 = VECTOR('',#5739,1.);
#5739 = DIRECTION('',(0.,-1.));
#5740 = ( GEOMETRIC_REPRESENTATION_CONTEXT(2) 
PARAMETRIC_REPRESENTATION_CONTEXT() REPRESENTATION_CONTEXT('2D SPACE',''
  ) );
#5741 = PCURVE('',#5742,#5747);
#5742 = PLANE('',#5743);
#5743 = AXIS2_PLACEMENT_3D('',#5744,#5745,#5746);
#5744 = CARTESIAN_POINT('',(8.3E+03,7.96E+03,1.03E+04));
#5745 = DIRECTION('',(0.,0.,1.));
#5746 = DIRECTION('',(1.,0.,0.));
#5747 = DEFINITIONAL_REPRESENTATION('',(#5748),#5752);
#5748 = LINE('',#5749,#5750);
#5749 = CARTESIAN_POINT('',(0.,0.));
#5750 = VECTOR('',#5751,1.);
#5751 = DIRECTION('',(0.,1.));
#5752 = ( GEOMETRIC_REPRESENTATION_CONTEXT(2) 
PARAMETRIC_REPRESENTATION_CONTEXT() REPRESENTATION_CONTEXT('2D SPACE',''
  ) );
#5753 = ADVANCED_FACE('',(#5754),#5768,.T.);
#5754 = FACE_BOUND('',#5755,.T.);
#5755 = EDGE_LOOP('',(#5756,#5786,#5809,#5832));
#5756 = ORIENTED_EDGE('',*,*,#5757,.F.);
#5757 = EDGE_CURVE('',#5758,#5760,#5762,.T.);
#5758 = VERTEX_POINT('',#5759);
#5759 = CARTESIAN_POINT('',(9.7E+03,7.96E+03,8.5E+03));
#5760 = VERTEX_POINT('',#5761);
#5761 = CARTESIAN_POINT('',(9.7E+03,7.96E+03,1.03E+04));
#5762 = SURFACE_CURVE('',#5763,(#5767,#5779),.PCURVE_S1.);
#5763 = LINE('',#5764,#5765);
#5764 = CARTESIAN_POINT('',(9.7E+03,7.96E+03,8.5E+03));
#5765 = VECTOR('',#5766,1.);
#5766 = DIRECTION('',(0.,0.,1.));
#5767 = PCURVE('',#5768,#5773);
#5768 = PLANE('',#5769);
#5769 = AXIS2_PLACEMENT_3D('',#5770,#5771,#5772);
#5770 = CARTESIAN_POINT('',(9.7E+03,7.96E+03,8.5E+03));
#5771 = DIRECTION('',(1.,0.,0.));
#5772 = DIRECTION('',(0.,0.,1.));
#5773 = DEFINITIONAL_REPRESENTATION('',(#5774),#5778);
#5774 = LINE('',#5775,#5776);
#5775 = CARTESIAN_POINT('',(0.,0.));
#5776 = VECTOR('',#5777,1.);
#5777 = DIRECTION('',(1.,0.));
#5778 = ( GEOMETRIC_REPRESENTATION_CONTEXT(2) 
PARAMETRIC_REPRESENTATION_CONTEXT() REPRESENTATION_CONTEXT('2D SPACE',''
  ) );
#5779 = PCURVE('',#5660,#5780);
#5780 = DEFINITIONAL_REPRESENTATION('',(#5781),#5785);
#5781 = LINE('',#5782,#5783);
#5782 = CARTESIAN_POINT('',(0.,1.4E+03));
#5783 = VECTOR('',#5784,1.);
#5784 = DIRECTION('',(1.,0.));
#5785 = ( GEOMETRIC_REPRESENTATION_CONTEXT(2) 
PARAMETRIC_REPRESENTATION_CONTEXT() REPRESENTATION_CONTEXT('2D SPACE',''
  ) );
#5786 = ORIENTED_EDGE('',*,*,#5787,.T.);
#5787 = EDGE_CURVE('',#5758,#5788,#5790,.T.);
#5788 = VERTEX_POINT('',#5789);
#5789 = CARTESIAN_POINT('',(9.7E+03,8.08E+03,8.5E+03));
#5790 = SURFACE_CURVE('',#5791,(#5795,#5802),.PCURVE_S1.);
#5791 = LINE('',#5792,#5793);
#5792 = CARTESIAN_POINT('',(9.7E+03,7.96E+03,8.5E+03));
#5793 = VECTOR('',#5794,1.);
#5794 = DIRECTION('',(0.,1.,0.));
#5795 = PCURVE('',#5768,#5796);
#5796 = DEFINITIONAL_REPRESENTATION('',(#5797),#5801);
#5797 = LINE('',#5798,#5799);
#5798 = CARTESIAN_POINT('',(0.,0.));
#5799 = VECTOR('',#5800,1.);
#5800 = DIRECTION('',(0.,-1.));
#5801 = ( GEOMETRIC_REPRESENTATION_CONTEXT(2) 
PARAMETRIC_REPRESENTATION_CONTEXT() REPRESENTATION_CONTEXT('2D SPACE',''
  ) );
#5802 = PCURVE('',#5688,#5803);
#5803 = DEFINITIONAL_REPRESENTATION('',(#5804),#5808);
#5804 = LINE('',#5805,#5806);
#5805 = CARTESIAN_POINT('',(1.4E+03,0.));
#5806 = VECTOR('',#5807,1.);
#5807 = DIRECTION('',(0.,1.));
#5808 = ( GEOMETRIC_REPRESENTATION_CONTEXT(2) 
PARAMETRIC_REPRESENTATION_CONTEXT() REPRESENTATION_CONTEXT('2D SPACE',''
  ) );
#5809 = ORIENTED_EDGE('',*,*,#5810,.T.);
#5810 = EDGE_CURVE('',#5788,#5811,#5813,.T.);
#5811 = VERTEX_POINT('',#5812);
#5812 = CARTESIAN_POINT('',(9.7E+03,8.08E+03,1.03E+04));
#5813 = SURFACE_CURVE('',#5814,(#5818,#5825),.PCURVE_S1.);
#5814 = LINE('',#5815,#5816);
#5815 = CARTESIAN_POINT('',(9.7E+03,8.08E+03,8.5E+03));
#5816 = VECTOR('',#5817,1.);
#5817 = DIRECTION('',(0.,0.,1.));
#5818 = PCURVE('',#5768,#5819);
#5819 = DEFINITIONAL_REPRESENTATION('',(#5820),#5824);
#5820 = LINE('',#5821,#5822);
#5821 = CARTESIAN_POINT('',(0.,-120.));
#5822 = VECTOR('',#5823,1.);
#5823 = DIRECTION('',(1.,0.));
#5824 = ( GEOMETRIC_REPRESENTATION_CONTEXT(2) 
PARAMETRIC_REPRESENTATION_CONTEXT() REPRESENTATION_CONTEXT('2D SPACE',''
  ) );
#5825 = PCURVE('',#5716,#5826);
#5826 = DEFINITIONAL_REPRESENTATION('',(#5827),#5831);
#5827 = LINE('',#5828,#5829);
#5828 = CARTESIAN_POINT('',(0.,1.4E+03));
#5829 = VECTOR('',#5830,1.);
#5830 = DIRECTION('',(1.,0.));
#5831 = ( GEOMETRIC_REPRESENTATION_CONTEXT(2) 
PARAMETRIC_REPRESENTATION_CONTEXT() REPRESENTATION_CONTEXT('2D SPACE',''
  ) );
#5832 = ORIENTED_EDGE('',*,*,#5833,.F.);
#5833 = EDGE_CURVE('',#5760,#5811,#5834,.T.);
#5834 = SURFACE_CURVE('',#5835,(#5839,#5846),.PCURVE_S1.);
#5835 = LINE('',#5836,#5837);
#5836 = CARTESIAN_POINT('',(9.7E+03,7.96E+03,1.03E+04));
#5837 = VECTOR('',#5838,1.);
#5838 = DIRECTION('',(0.,1.,0.));
#5839 = PCURVE('',#5768,#5840);
#5840 = DEFINITIONAL_REPRESENTATION('',(#5841),#5845);
#5841 = LINE('',#5842,#5843);
#5842 = CARTESIAN_POINT('',(1.8E+03,0.));
#5843 = VECTOR('',#5844,1.);
#5844 = DIRECTION('',(0.,-1.));
#5845 = ( GEOMETRIC_REPRESENTATION_CONTEXT(2) 
PARAMETRIC_REPRESENTATION_CONTEXT() REPRESENTATION_CONTEXT('2D SPACE',''
  ) );
#5846 = PCURVE('',#5742,#5847);
#5847 = DEFINITIONAL_REPRESENTATION('',(#5848),#5852);
#5848 = LINE('',#5849,#5850);
#5849 = CARTESIAN_POINT('',(1.4E+03,0.));
#5850 = VECTOR('',#5851,1.);
#5851 = DIRECTION('',(0.,1.));
#5852 = ( GEOMETRIC_REPRESENTATION_CONTEXT(2) 
PARAMETRIC_REPRESENTATION_CONTEXT() REPRESENTATION_CONTEXT('2D SPACE',''
  ) );
#5853 = ADVANCED_FACE('',(#5854),#5660,.F.);
#5854 = FACE_BOUND('',#5855,.F.);
#5855 = EDGE_LOOP('',(#5856,#5877,#5878,#5899));
#5856 = ORIENTED_EDGE('',*,*,#5857,.F.);
#5857 = EDGE_CURVE('',#5638,#5758,#5858,.T.);
#5858 = SURFACE_CURVE('',#5859,(#5863,#5870),.PCURVE_S1.);
#5859 = LINE('',#5860,#5861);
#5860 = CARTESIAN_POINT('',(8.3E+03,7.96E+03,8.5E+03));
#5861 = VECTOR('',#5862,1.);
#5862 = DIRECTION('',(1.,0.,0.));
#5863 = PCURVE('',#5660,#5864);
#5864 = DEFINITIONAL_REPRESENTATION('',(#5865),#5869);
#5865 = LINE('',#5866,#5867);
#5866 = CARTESIAN_POINT('',(0.,0.));
#5867 = VECTOR('',#5868,1.);
#5868 = DIRECTION('',(0.,1.));
#5869 = ( GEOMETRIC_REPRESENTATION_CONTEXT(2) 
PARAMETRIC_REPRESENTATION_CONTEXT() REPRESENTATION_CONTEXT('2D SPACE',''
  ) );
#5870 = PCURVE('',#5688,#5871);
#5871 = DEFINITIONAL_REPRESENTATION('',(#5872),#5876);
#5872 = LINE('',#5873,#5874);
#5873 = CARTESIAN_POINT('',(0.,0.));
#5874 = VECTOR('',#5875,1.);
#5875 = DIRECTION('',(1.,0.));
#5876 = ( GEOMETRIC_REPRESENTATION_CONTEXT(2) 
PARAMETRIC_REPRESENTATION_CONTEXT() REPRESENTATION_CONTEXT('2D SPACE',''
  ) );
#5877 = ORIENTED_EDGE('',*,*,#5637,.T.);
#5878 = ORIENTED_EDGE('',*,*,#5879,.T.);
#5879 = EDGE_CURVE('',#5640,#5760,#5880,.T.);
#5880 = SURFACE_CURVE('',#5881,(#5885,#5892),.PCURVE_S1.);
#5881 = LINE('',#5882,#5883);
#5882 = CARTESIAN_POINT('',(8.3E+03,7.96E+03,1.03E+04));
#5883 = VECTOR('',#5884,1.);
#5884 = DIRECTION('',(1.,0.,0.));
#5885 = PCURVE('',#5660,#5886);
#5886 = DEFINITIONAL_REPRESENTATION('',(#5887),#5891);
#5887 = LINE('',#5888,#5889);
#5888 = CARTESIAN_POINT('',(1.8E+03,0.));
#5889 = VECTOR('',#5890,1.);
#5890 = DIRECTION('',(0.,1.));
#5891 = ( GEOMETRIC_REPRESENTATION_CONTEXT(2) 
PARAMETRIC_REPRESENTATION_CONTEXT() REPRESENTATION_CONTEXT('2D SPACE',''
  ) );
#5892 = PCURVE('',#5742,#5893);
#5893 = DEFINITIONAL_REPRESENTATION('',(#5894),#5898);
#5894 = LINE('',#5895,#5896);
#5895 = CARTESIAN_POINT('',(0.,0.));
#5896 = VECTOR('',#5897,1.);
#5897 = DIRECTION('',(1.,0.));
#5898 = ( GEOMETRIC_REPRESENTATION_CONTEXT(2) 
PARAMETRIC_REPRESENTATION_CONTEXT() REPRESENTATION_CONTEXT('2D SPACE',''
  ) );
#5899 = ORIENTED_EDGE('',*,*,#5757,.F.);
#5900 = ADVANCED_FACE('',(#5901),#5716,.T.);
#5901 = FACE_BOUND('',#5902,.T.);
#5902 = EDGE_LOOP('',(#5903,#5924,#5925,#5946));
#5903 = ORIENTED_EDGE('',*,*,#5904,.F.);
#5904 = EDGE_CURVE('',#5673,#5788,#5905,.T.);
#5905 = SURFACE_CURVE('',#5906,(#5910,#5917),.PCURVE_S1.);
#5906 = LINE('',#5907,#5908);
#5907 = CARTESIAN_POINT('',(8.3E+03,8.08E+03,8.5E+03));
#5908 = VECTOR('',#5909,1.);
#5909 = DIRECTION('',(1.,0.,0.));
#5910 = PCURVE('',#5716,#5911);
#5911 = DEFINITIONAL_REPRESENTATION('',(#5912),#5916);
#5912 = LINE('',#5913,#5914);
#5913 = CARTESIAN_POINT('',(0.,0.));
#5914 = VECTOR('',#5915,1.);
#5915 = DIRECTION('',(0.,1.));
#5916 = ( GEOMETRIC_REPRESENTATION_CONTEXT(2) 
PARAMETRIC_REPRESENTATION_CONTEXT() REPRESENTATION_CONTEXT('2D SPACE',''
  ) );
#5917 = PCURVE('',#5688,#5918);
#5918 = DEFINITIONAL_REPRESENTATION('',(#5919),#5923);
#5919 = LINE('',#5920,#5921);
#5920 = CARTESIAN_POINT('',(0.,120.));
#5921 = VECTOR('',#5922,1.);
#5922 = DIRECTION('',(1.,0.));
#5923 = ( GEOMETRIC_REPRESENTATION_CONTEXT(2) 
PARAMETRIC_REPRESENTATION_CONTEXT() REPRESENTATION_CONTEXT('2D SPACE',''
  ) );
#5924 = ORIENTED_EDGE('',*,*,#5700,.T.);
#5925 = ORIENTED_EDGE('',*,*,#5926,.T.);
#5926 = EDGE_CURVE('',#5701,#5811,#5927,.T.);
#5927 = SURFACE_CURVE('',#5928,(#5932,#5939),.PCURVE_S1.);
#5928 = LINE('',#5929,#5930);
#5929 = CARTESIAN_POINT('',(8.3E+03,8.08E+03,1.03E+04));
#5930 = VECTOR('',#5931,1.);
#5931 = DIRECTION('',(1.,0.,0.));
#5932 = PCURVE('',#5716,#5933);
#5933 = DEFINITIONAL_REPRESENTATION('',(#5934),#5938);
#5934 = LINE('',#5935,#5936);
#5935 = CARTESIAN_POINT('',(1.8E+03,0.));
#5936 = VECTOR('',#5937,1.);
#5937 = DIRECTION('',(0.,1.));
#5938 = ( GEOMETRIC_REPRESENTATION_CONTEXT(2) 
PARAMETRIC_REPRESENTATION_CONTEXT() REPRESENTATION_CONTEXT('2D SPACE',''
  ) );
#5939 = PCURVE('',#5742,#5940);
#5940 = DEFINITIONAL_REPRESENTATION('',(#5941),#5945);
#5941 = LINE('',#5942,#5943);
#5942 = CARTESIAN_POINT('',(0.,120.));
#5943 = VECTOR('',#5944,1.);
#5944 = DIRECTION('',(1.,0.));
#5945 = ( GEOMETRIC_REPRESENTATION_CONTEXT(2) 
PARAMETRIC_REPRESENTATION_CONTEXT() REPRESENTATION_CONTEXT('2D SPACE',''
  ) );
#5946 = ORIENTED_EDGE('',*,*,#5810,.F.);
#5947 = ADVANCED_FACE('',(#5948),#5688,.F.);
#5948 = FACE_BOUND('',#5949,.F.);
#5949 = EDGE_LOOP('',(#5950,#5951,#5952,#5953));
#5950 = ORIENTED_EDGE('',*,*,#5672,.F.);
#5951 = ORIENTED_EDGE('',*,*,#5857,.T.);
#5952 = ORIENTED_EDGE('',*,*,#5787,.T.);
#5953 = ORIENTED_EDGE('',*,*,#5904,.F.);
#5954 = ADVANCED_FACE('',(#5955),#5742,.T.);
#5955 = FACE_BOUND('',#5956,.T.);
#5956 = EDGE_LOOP('',(#5957,#5958,#5959,#5960));
#5957 = ORIENTED_EDGE('',*,*,#5728,.F.);
#5958 = ORIENTED_EDGE('',*,*,#5879,.T.);
#5959 = ORIENTED_EDGE('',*,*,#5833,.T.);
#5960 = ORIENTED_EDGE('',*,*,#5926,.F.);
#5961 = ( GEOMETRIC_REPRESENTATION_CONTEXT(3) 
GLOBAL_UNCERTAINTY_ASSIGNED_CONTEXT((#5965)) 
GLOBAL_UNIT_ASSIGNED_CONTEXT((#5962,#5963,#5964)) REPRESENTATION_CONTEXT
('Context #1','3D Context with UNIT and UNCERTAINTY') );
#5962 = ( LENGTH_UNIT() NAMED_UNIT(*) SI_UNIT(.MILLI.,.METRE.) );
#5963 = ( NAMED_UNIT(*) PLANE_ANGLE_UNIT() SI_UNIT($,.RADIAN.) );
#5964 = ( NAMED_UNIT(*) SI_UNIT($,.STERADIAN.) SOLID_ANGLE_UNIT() );
#5965 = UNCERTAINTY_MEASURE_WITH_UNIT(LENGTH_MEASURE(1.E-07),#5962,
  'distance_accuracy_value','confusion accuracy');
#5966 = CONTEXT_DEPENDENT_SHAPE_REPRESENTATION(#5967,#5969);
#5967 = ( REPRESENTATION_RELATIONSHIP('','',#5630,#10) 
REPRESENTATION_RELATIONSHIP_WITH_TRANSFORMATION(#5968) 
SHAPE_REPRESENTATION_RELATIONSHIP() );
#5968 = ITEM_DEFINED_TRANSFORMATION('','',#11,#79);
#5969 = PRODUCT_DEFINITION_SHAPE('Placement','Placement of an item',
  #5970);
#5970 = NEXT_ASSEMBLY_USAGE_OCCURRENCE('54','part16','',#5,#5625,$);
#5971 = PRODUCT_RELATED_PRODUCT_CATEGORY('part',$,(#5627));
#5972 = SHAPE_DEFINITION_REPRESENTATION(#5973,#5979);
#5973 = PRODUCT_DEFINITION_SHAPE('','',#5974);
#5974 = PRODUCT_DEFINITION('design','',#5975,#5978);
#5975 = PRODUCT_DEFINITION_FORMATION('','',#5976);
#5976 = PRODUCT('part17','part17','',(#5977));
#5977 = PRODUCT_CONTEXT('',#2,'mechanical');
#5978 = PRODUCT_DEFINITION_CONTEXT('part definition',#2,'design');
#5979 = ADVANCED_BREP_SHAPE_REPRESENTATION('',(#11,#5980),#6310);
#5980 = MANIFOLD_SOLID_BREP('',#5981);
#5981 = CLOSED_SHELL('',(#5982,#6102,#6202,#6249,#6296,#6303));
#5982 = ADVANCED_FACE('',(#5983),#5997,.F.);
#5983 = FACE_BOUND('',#5984,.F.);
#5984 = EDGE_LOOP('',(#5985,#6020,#6048,#6076));
#5985 = ORIENTED_EDGE('',*,*,#5986,.F.);
#5986 = EDGE_CURVE('',#5987,#5989,#5991,.T.);
#5987 = VERTEX_POINT('',#5988);
#5988 = CARTESIAN_POINT('',(-1.3E+03,7.85E+03,1.15E+04));
#5989 = VERTEX_POINT('',#5990);
#5990 = CARTESIAN_POINT('',(-1.3E+03,7.85E+03,1.45E+04));
#5991 = SURFACE_CURVE('',#5992,(#5996,#6008),.PCURVE_S1.);
#5992 = LINE('',#5993,#5994);
#5993 = CARTESIAN_POINT('',(-1.3E+03,7.85E+03,1.15E+04));
#5994 = VECTOR('',#5995,1.);
#5995 = DIRECTION('',(0.,0.,1.));
#5996 = PCURVE('',#5997,#6002);
#5997 = PLANE('',#5998);
#5998 = AXIS2_PLACEMENT_3D('',#5999,#6000,#6001);
#5999 = CARTESIAN_POINT('',(-1.3E+03,7.85E+03,1.15E+04));
#6000 = DIRECTION('',(1.,0.,0.));
#6001 = DIRECTION('',(0.,0.,1.));
#6002 = DEFINITIONAL_REPRESENTATION('',(#6003),#6007);
#6003 = LINE('',#6004,#6005);
#6004 = CARTESIAN_POINT('',(0.,0.));
#6005 = VECTOR('',#6006,1.);
#6006 = DIRECTION('',(1.,0.));
#6007 = ( GEOMETRIC_REPRESENTATION_CONTEXT(2) 
PARAMETRIC_REPRESENTATION_CONTEXT() REPRESENTATION_CONTEXT('2D SPACE',''
  ) );
#6008 = PCURVE('',#6009,#6014);
#6009 = PLANE('',#6010);
#6010 = AXIS2_PLACEMENT_3D('',#6011,#6012,#6013);
#6011 = CARTESIAN_POINT('',(-1.3E+03,7.85E+03,1.15E+04));
#6012 = DIRECTION('',(0.,1.,0.));
#6013 = DIRECTION('',(0.,0.,1.));
#6014 = DEFINITIONAL_REPRESENTATION('',(#6015),#6019);
#6015 = LINE('',#6016,#6017);
#6016 = CARTESIAN_POINT('',(0.,0.));
#6017 = VECTOR('',#6018,1.);
#6018 = DIRECTION('',(1.,0.));
#6019 = ( GEOMETRIC_REPRESENTATION_CONTEXT(2) 
PARAMETRIC_REPRESENTATION_CONTEXT() REPRESENTATION_CONTEXT('2D SPACE',''
  ) );
#6020 = ORIENTED_EDGE('',*,*,#6021,.T.);
#6021 = EDGE_CURVE('',#5987,#6022,#6024,.T.);
#6022 = VERTEX_POINT('',#6023);
#6023 = CARTESIAN_POINT('',(-1.3E+03,8.15E+03,1.15E+04));
#6024 = SURFACE_CURVE('',#6025,(#6029,#6036),.PCURVE_S1.);
#6025 = LINE('',#6026,#6027);
#6026 = CARTESIAN_POINT('',(-1.3E+03,7.85E+03,1.15E+04));
#6027 = VECTOR('',#6028,1.);
#6028 = DIRECTION('',(0.,1.,0.));
#6029 = PCURVE('',#5997,#6030);
#6030 = DEFINITIONAL_REPRESENTATION('',(#6031),#6035);
#6031 = LINE('',#6032,#6033);
#6032 = CARTESIAN_POINT('',(0.,0.));
#6033 = VECTOR('',#6034,1.);
#6034 = DIRECTION('',(0.,-1.));
#6035 = ( GEOMETRIC_REPRESENTATION_CONTEXT(2) 
PARAMETRIC_REPRESENTATION_CONTEXT() REPRESENTATION_CONTEXT('2D SPACE',''
  ) );
#6036 = PCURVE('',#6037,#6042);
#6037 = PLANE('',#6038);
#6038 = AXIS2_PLACEMENT_3D('',#6039,#6040,#6041);
#6039 = CARTESIAN_POINT('',(-1.3E+03,7.85E+03,1.15E+04));
#6040 = DIRECTION('',(0.,0.,1.));
#6041 = DIRECTION('',(1.,0.,0.));
#6042 = DEFINITIONAL_REPRESENTATION('',(#6043),#6047);
#6043 = LINE('',#6044,#6045);
#6044 = CARTESIAN_POINT('',(0.,0.));
#6045 = VECTOR('',#6046,1.);
#6046 = DIRECTION('',(0.,1.));
#6047 = ( GEOMETRIC_REPRESENTATION_CONTEXT(2) 
PARAMETRIC_REPRESENTATION_CONTEXT() REPRESENTATION_CONTEXT('2D SPACE',''
  ) );
#6048 = ORIENTED_EDGE('',*,*,#6049,.T.);
#6049 = EDGE_CURVE('',#6022,#6050,#6052,.T.);
#6050 = VERTEX_POINT('',#6051);
#6051 = CARTESIAN_POINT('',(-1.3E+03,8.15E+03,1.45E+04));
#6052 = SURFACE_CURVE('',#6053,(#6057,#6064),.PCURVE_S1.);
#6053 = LINE('',#6054,#6055);
#6054 = CARTESIAN_POINT('',(-1.3E+03,8.15E+03,1.15E+04));
#6055 = VECTOR('',#6056,1.);
#6056 = DIRECTION('',(0.,0.,1.));
#6057 = PCURVE('',#5997,#6058);
#6058 = DEFINITIONAL_REPRESENTATION('',(#6059),#6063);
#6059 = LINE('',#6060,#6061);
#6060 = CARTESIAN_POINT('',(0.,-300.));
#6061 = VECTOR('',#6062,1.);
#6062 = DIRECTION('',(1.,0.));
#6063 = ( GEOMETRIC_REPRESENTATION_CONTEXT(2) 
PARAMETRIC_REPRESENTATION_CONTEXT() REPRESENTATION_CONTEXT('2D SPACE',''
  ) );
#6064 = PCURVE('',#6065,#6070);
#6065 = PLANE('',#6066);
#6066 = AXIS2_PLACEMENT_3D('',#6067,#6068,#6069);
#6067 = CARTESIAN_POINT('',(-1.3E+03,8.15E+03,1.15E+04));
#6068 = DIRECTION('',(0.,1.,0.));
#6069 = DIRECTION('',(0.,0.,1.));
#6070 = DEFINITIONAL_REPRESENTATION('',(#6071),#6075);
#6071 = LINE('',#6072,#6073);
#6072 = CARTESIAN_POINT('',(0.,0.));
#6073 = VECTOR('',#6074,1.);
#6074 = DIRECTION('',(1.,0.));
#6075 = ( GEOMETRIC_REPRESENTATION_CONTEXT(2) 
PARAMETRIC_REPRESENTATION_CONTEXT() REPRESENTATION_CONTEXT('2D SPACE',''
  ) );
#6076 = ORIENTED_EDGE('',*,*,#6077,.F.);
#6077 = EDGE_CURVE('',#5989,#6050,#6078,.T.);
#6078 = SURFACE_CURVE('',#6079,(#6083,#6090),.PCURVE_S1.);
#6079 = LINE('',#6080,#6081);
#6080 = CARTESIAN_POINT('',(-1.3E+03,7.85E+03,1.45E+04));
#6081 = VECTOR('',#6082,1.);
#6082 = DIRECTION('',(0.,1.,0.));
#6083 = PCURVE('',#5997,#6084);
#6084 = DEFINITIONAL_REPRESENTATION('',(#6085),#6089);
#6085 = LINE('',#6086,#6087);
#6086 = CARTESIAN_POINT('',(3.E+03,0.));
#6087 = VECTOR('',#6088,1.);
#6088 = DIRECTION('',(0.,-1.));
#6089 = ( GEOMETRIC_REPRESENTATION_CONTEXT(2) 
PARAMETRIC_REPRESENTATION_CONTEXT() REPRESENTATION_CONTEXT('2D SPACE',''
  ) );
#6090 = PCURVE('',#6091,#6096);
#6091 = PLANE('',#6092);
#6092 = AXIS2_PLACEMENT_3D('',#6093,#6094,#6095);
#6093 = CARTESIAN_POINT('',(-1.3E+03,7.85E+03,1.45E+04));
#6094 = DIRECTION('',(0.,0.,1.));
#6095 = DIRECTION('',(1.,0.,0.));
#6096 = DEFINITIONAL_REPRESENTATION('',(#6097),#6101);
#6097 = LINE('',#6098,#6099);
#6098 = CARTESIAN_POINT('',(0.,0.));
#6099 = VECTOR('',#6100,1.);
#6100 = DIRECTION('',(0.,1.));
#6101 = ( GEOMETRIC_REPRESENTATION_CONTEXT(2) 
PARAMETRIC_REPRESENTATION_CONTEXT() REPRESENTATION_CONTEXT('2D SPACE',''
  ) );
#6102 = ADVANCED_FACE('',(#6103),#6117,.T.);
#6103 = FACE_BOUND('',#6104,.T.);
#6104 = EDGE_LOOP('',(#6105,#6135,#6158,#6181));
#6105 = ORIENTED_EDGE('',*,*,#6106,.F.);
#6106 = EDGE_CURVE('',#6107,#6109,#6111,.T.);
#6107 = VERTEX_POINT('',#6108);
#6108 = CARTESIAN_POINT('',(1.3E+03,7.85E+03,1.15E+04));
#6109 = VERTEX_POINT('',#6110);
#6110 = CARTESIAN_POINT('',(1.3E+03,7.85E+03,1.45E+04));
#6111 = SURFACE_CURVE('',#6112,(#6116,#6128),.PCURVE_S1.);
#6112 = LINE('',#6113,#6114);
#6113 = CARTESIAN_POINT('',(1.3E+03,7.85E+03,1.15E+04));
#6114 = VECTOR('',#6115,1.);
#6115 = DIRECTION('',(0.,0.,1.));
#6116 = PCURVE('',#6117,#6122);
#6117 = PLANE('',#6118);
#6118 = AXIS2_PLACEMENT_3D('',#6119,#6120,#6121);
#6119 = CARTESIAN_POINT('',(1.3E+03,7.85E+03,1.15E+04));
#6120 = DIRECTION('',(1.,0.,0.));
#6121 = DIRECTION('',(0.,0.,1.));
#6122 = DEFINITIONAL_REPRESENTATION('',(#6123),#6127);
#6123 = LINE('',#6124,#6125);
#6124 = CARTESIAN_POINT('',(0.,0.));
#6125 = VECTOR('',#6126,1.);
#6126 = DIRECTION('',(1.,0.));
#6127 = ( GEOMETRIC_REPRESENTATION_CONTEXT(2) 
PARAMETRIC_REPRESENTATION_CONTEXT() REPRESENTATION_CONTEXT('2D SPACE',''
  ) );
#6128 = PCURVE('',#6009,#6129);
#6129 = DEFINITIONAL_REPRESENTATION('',(#6130),#6134);
#6130 = LINE('',#6131,#6132);
#6131 = CARTESIAN_POINT('',(0.,2.6E+03));
#6132 = VECTOR('',#6133,1.);
#6133 = DIRECTION('',(1.,0.));
#6134 = ( GEOMETRIC_REPRESENTATION_CONTEXT(2) 
PARAMETRIC_REPRESENTATION_CONTEXT() REPRESENTATION_CONTEXT('2D SPACE',''
  ) );
#6135 = ORIENTED_EDGE('',*,*,#6136,.T.);
#6136 = EDGE_CURVE('',#6107,#6137,#6139,.T.);
#6137 = VERTEX_POINT('',#6138);
#6138 = CARTESIAN_POINT('',(1.3E+03,8.15E+03,1.15E+04));
#6139 = SURFACE_CURVE('',#6140,(#6144,#6151),.PCURVE_S1.);
#6140 = LINE('',#6141,#6142);
#6141 = CARTESIAN_POINT('',(1.3E+03,7.85E+03,1.15E+04));
#6142 = VECTOR('',#6143,1.);
#6143 = DIRECTION('',(0.,1.,0.));
#6144 = PCURVE('',#6117,#6145);
#6145 = DEFINITIONAL_REPRESENTATION('',(#6146),#6150);
#6146 = LINE('',#6147,#6148);
#6147 = CARTESIAN_POINT('',(0.,0.));
#6148 = VECTOR('',#6149,1.);
#6149 = DIRECTION('',(0.,-1.));
#6150 = ( GEOMETRIC_REPRESENTATION_CONTEXT(2) 
PARAMETRIC_REPRESENTATION_CONTEXT() REPRESENTATION_CONTEXT('2D SPACE',''
  ) );
#6151 = PCURVE('',#6037,#6152);
#6152 = DEFINITIONAL_REPRESENTATION('',(#6153),#6157);
#6153 = LINE('',#6154,#6155);
#6154 = CARTESIAN_POINT('',(2.6E+03,0.));
#6155 = VECTOR('',#6156,1.);
#6156 = DIRECTION('',(0.,1.));
#6157 = ( GEOMETRIC_REPRESENTATION_CONTEXT(2) 
PARAMETRIC_REPRESENTATION_CONTEXT() REPRESENTATION_CONTEXT('2D SPACE',''
  ) );
#6158 = ORIENTED_EDGE('',*,*,#6159,.T.);
#6159 = EDGE_CURVE('',#6137,#6160,#6162,.T.);
#6160 = VERTEX_POINT('',#6161);
#6161 = CARTESIAN_POINT('',(1.3E+03,8.15E+03,1.45E+04));
#6162 = SURFACE_CURVE('',#6163,(#6167,#6174),.PCURVE_S1.);
#6163 = LINE('',#6164,#6165);
#6164 = CARTESIAN_POINT('',(1.3E+03,8.15E+03,1.15E+04));
#6165 = VECTOR('',#6166,1.);
#6166 = DIRECTION('',(0.,0.,1.));
#6167 = PCURVE('',#6117,#6168);
#6168 = DEFINITIONAL_REPRESENTATION('',(#6169),#6173);
#6169 = LINE('',#6170,#6171);
#6170 = CARTESIAN_POINT('',(0.,-300.));
#6171 = VECTOR('',#6172,1.);
#6172 = DIRECTION('',(1.,0.));
#6173 = ( GEOMETRIC_REPRESENTATION_CONTEXT(2) 
PARAMETRIC_REPRESENTATION_CONTEXT() REPRESENTATION_CONTEXT('2D SPACE',''
  ) );
#6174 = PCURVE('',#6065,#6175);
#6175 = DEFINITIONAL_REPRESENTATION('',(#6176),#6180);
#6176 = LINE('',#6177,#6178);
#6177 = CARTESIAN_POINT('',(0.,2.6E+03));
#6178 = VECTOR('',#6179,1.);
#6179 = DIRECTION('',(1.,0.));
#6180 = ( GEOMETRIC_REPRESENTATION_CONTEXT(2) 
PARAMETRIC_REPRESENTATION_CONTEXT() REPRESENTATION_CONTEXT('2D SPACE',''
  ) );
#6181 = ORIENTED_EDGE('',*,*,#6182,.F.);
#6182 = EDGE_CURVE('',#6109,#6160,#6183,.T.);
#6183 = SURFACE_CURVE('',#6184,(#6188,#6195),.PCURVE_S1.);
#6184 = LINE('',#6185,#6186);
#6185 = CARTESIAN_POINT('',(1.3E+03,7.85E+03,1.45E+04));
#6186 = VECTOR('',#6187,1.);
#6187 = DIRECTION('',(0.,1.,0.));
#6188 = PCURVE('',#6117,#6189);
#6189 = DEFINITIONAL_REPRESENTATION('',(#6190),#6194);
#6190 = LINE('',#6191,#6192);
#6191 = CARTESIAN_POINT('',(3.E+03,0.));
#6192 = VECTOR('',#6193,1.);
#6193 = DIRECTION('',(0.,-1.));
#6194 = ( GEOMETRIC_REPRESENTATION_CONTEXT(2) 
PARAMETRIC_REPRESENTATION_CONTEXT() REPRESENTATION_CONTEXT('2D SPACE',''
  ) );
#6195 = PCURVE('',#6091,#6196);
#6196 = DEFINITIONAL_REPRESENTATION('',(#6197),#6201);
#6197 = LINE('',#6198,#6199);
#6198 = CARTESIAN_POINT('',(2.6E+03,0.));
#6199 = VECTOR('',#6200,1.);
#6200 = DIRECTION('',(0.,1.));
#6201 = ( GEOMETRIC_REPRESENTATION_CONTEXT(2) 
PARAMETRIC_REPRESENTATION_CONTEXT() REPRESENTATION_CONTEXT('2D SPACE',''
  ) );
#6202 = ADVANCED_FACE('',(#6203),#6009,.F.);
#6203 = FACE_BOUND('',#6204,.F.);
#6204 = EDGE_LOOP('',(#6205,#6226,#6227,#6248));
#6205 = ORIENTED_EDGE('',*,*,#6206,.F.);
#6206 = EDGE_CURVE('',#5987,#6107,#6207,.T.);
#6207 = SURFACE_CURVE('',#6208,(#6212,#6219),.PCURVE_S1.);
#6208 = LINE('',#6209,#6210);
#6209 = CARTESIAN_POINT('',(-1.3E+03,7.85E+03,1.15E+04));
#6210 = VECTOR('',#6211,1.);
#6211 = DIRECTION('',(1.,0.,0.));
#6212 = PCURVE('',#6009,#6213);
#6213 = DEFINITIONAL_REPRESENTATION('',(#6214),#6218);
#6214 = LINE('',#6215,#6216);
#6215 = CARTESIAN_POINT('',(0.,0.));
#6216 = VECTOR('',#6217,1.);
#6217 = DIRECTION('',(0.,1.));
#6218 = ( GEOMETRIC_REPRESENTATION_CONTEXT(2) 
PARAMETRIC_REPRESENTATION_CONTEXT() REPRESENTATION_CONTEXT('2D SPACE',''
  ) );
#6219 = PCURVE('',#6037,#6220);
#6220 = DEFINITIONAL_REPRESENTATION('',(#6221),#6225);
#6221 = LINE('',#6222,#6223);
#6222 = CARTESIAN_POINT('',(0.,0.));
#6223 = VECTOR('',#6224,1.);
#6224 = DIRECTION('',(1.,0.));
#6225 = ( GEOMETRIC_REPRESENTATION_CONTEXT(2) 
PARAMETRIC_REPRESENTATION_CONTEXT() REPRESENTATION_CONTEXT('2D SPACE',''
  ) );
#6226 = ORIENTED_EDGE('',*,*,#5986,.T.);
#6227 = ORIENTED_EDGE('',*,*,#6228,.T.);
#6228 = EDGE_CURVE('',#5989,#6109,#6229,.T.);
#6229 = SURFACE_CURVE('',#6230,(#6234,#6241),.PCURVE_S1.);
#6230 = LINE('',#6231,#6232);
#6231 = CARTESIAN_POINT('',(-1.3E+03,7.85E+03,1.45E+04));
#6232 = VECTOR('',#6233,1.);
#6233 = DIRECTION('',(1.,0.,0.));
#6234 = PCURVE('',#6009,#6235);
#6235 = DEFINITIONAL_REPRESENTATION('',(#6236),#6240);
#6236 = LINE('',#6237,#6238);
#6237 = CARTESIAN_POINT('',(3.E+03,0.));
#6238 = VECTOR('',#6239,1.);
#6239 = DIRECTION('',(0.,1.));
#6240 = ( GEOMETRIC_REPRESENTATION_CONTEXT(2) 
PARAMETRIC_REPRESENTATION_CONTEXT() REPRESENTATION_CONTEXT('2D SPACE',''
  ) );
#6241 = PCURVE('',#6091,#6242);
#6242 = DEFINITIONAL_REPRESENTATION('',(#6243),#6247);
#6243 = LINE('',#6244,#6245);
#6244 = CARTESIAN_POINT('',(0.,0.));
#6245 = VECTOR('',#6246,1.);
#6246 = DIRECTION('',(1.,0.));
#6247 = ( GEOMETRIC_REPRESENTATION_CONTEXT(2) 
PARAMETRIC_REPRESENTATION_CONTEXT() REPRESENTATION_CONTEXT('2D SPACE',''
  ) );
#6248 = ORIENTED_EDGE('',*,*,#6106,.F.);
#6249 = ADVANCED_FACE('',(#6250),#6065,.T.);
#6250 = FACE_BOUND('',#6251,.T.);
#6251 = EDGE_LOOP('',(#6252,#6273,#6274,#6295));
#6252 = ORIENTED_EDGE('',*,*,#6253,.F.);
#6253 = EDGE_CURVE('',#6022,#6137,#6254,.T.);
#6254 = SURFACE_CURVE('',#6255,(#6259,#6266),.PCURVE_S1.);
#6255 = LINE('',#6256,#6257);
#6256 = CARTESIAN_POINT('',(-1.3E+03,8.15E+03,1.15E+04));
#6257 = VECTOR('',#6258,1.);
#6258 = DIRECTION('',(1.,0.,0.));
#6259 = PCURVE('',#6065,#6260);
#6260 = DEFINITIONAL_REPRESENTATION('',(#6261),#6265);
#6261 = LINE('',#6262,#6263);
#6262 = CARTESIAN_POINT('',(0.,0.));
#6263 = VECTOR('',#6264,1.);
#6264 = DIRECTION('',(0.,1.));
#6265 = ( GEOMETRIC_REPRESENTATION_CONTEXT(2) 
PARAMETRIC_REPRESENTATION_CONTEXT() REPRESENTATION_CONTEXT('2D SPACE',''
  ) );
#6266 = PCURVE('',#6037,#6267);
#6267 = DEFINITIONAL_REPRESENTATION('',(#6268),#6272);
#6268 = LINE('',#6269,#6270);
#6269 = CARTESIAN_POINT('',(0.,300.));
#6270 = VECTOR('',#6271,1.);
#6271 = DIRECTION('',(1.,0.));
#6272 = ( GEOMETRIC_REPRESENTATION_CONTEXT(2) 
PARAMETRIC_REPRESENTATION_CONTEXT() REPRESENTATION_CONTEXT('2D SPACE',''
  ) );
#6273 = ORIENTED_EDGE('',*,*,#6049,.T.);
#6274 = ORIENTED_EDGE('',*,*,#6275,.T.);
#6275 = EDGE_CURVE('',#6050,#6160,#6276,.T.);
#6276 = SURFACE_CURVE('',#6277,(#6281,#6288),.PCURVE_S1.);
#6277 = LINE('',#6278,#6279);
#6278 = CARTESIAN_POINT('',(-1.3E+03,8.15E+03,1.45E+04));
#6279 = VECTOR('',#6280,1.);
#6280 = DIRECTION('',(1.,0.,0.));
#6281 = PCURVE('',#6065,#6282);
#6282 = DEFINITIONAL_REPRESENTATION('',(#6283),#6287);
#6283 = LINE('',#6284,#6285);
#6284 = CARTESIAN_POINT('',(3.E+03,0.));
#6285 = VECTOR('',#6286,1.);
#6286 = DIRECTION('',(0.,1.));
#6287 = ( GEOMETRIC_REPRESENTATION_CONTEXT(2) 
PARAMETRIC_REPRESENTATION_CONTEXT() REPRESENTATION_CONTEXT('2D SPACE',''
  ) );
#6288 = PCURVE('',#6091,#6289);
#6289 = DEFINITIONAL_REPRESENTATION('',(#6290),#6294);
#6290 = LINE('',#6291,#6292);
#6291 = CARTESIAN_POINT('',(0.,300.));
#6292 = VECTOR('',#6293,1.);
#6293 = DIRECTION('',(1.,0.));
#6294 = ( GEOMETRIC_REPRESENTATION_CONTEXT(2) 
PARAMETRIC_REPRESENTATION_CONTEXT() REPRESENTATION_CONTEXT('2D SPACE',''
  ) );
#6295 = ORIENTED_EDGE('',*,*,#6159,.F.);
#6296 = ADVANCED_FACE('',(#6297),#6037,.F.);
#6297 = FACE_BOUND('',#6298,.F.);
#6298 = EDGE_LOOP('',(#6299,#6300,#6301,#6302));
#6299 = ORIENTED_EDGE('',*,*,#6021,.F.);
#6300 = ORIENTED_EDGE('',*,*,#6206,.T.);
#6301 = ORIENTED_EDGE('',*,*,#6136,.T.);
#6302 = ORIENTED_EDGE('',*,*,#6253,.F.);
#6303 = ADVANCED_FACE('',(#6304),#6091,.T.);
#6304 = FACE_BOUND('',#6305,.T.);
#6305 = EDGE_LOOP('',(#6306,#6307,#6308,#6309));
#6306 = ORIENTED_EDGE('',*,*,#6077,.F.);
#6307 = ORIENTED_EDGE('',*,*,#6228,.T.);
#6308 = ORIENTED_EDGE('',*,*,#6182,.T.);
#6309 = ORIENTED_EDGE('',*,*,#6275,.F.);
#6310 = ( GEOMETRIC_REPRESENTATION_CONTEXT(3) 
GLOBAL_UNCERTAINTY_ASSIGNED_CONTEXT((#6314)) 
GLOBAL_UNIT_ASSIGNED_CONTEXT((#6311,#6312,#6313)) REPRESENTATION_CONTEXT
('Context #1','3D Context with UNIT and UNCERTAINTY') );
#6311 = ( LENGTH_UNIT() NAMED_UNIT(*) SI_UNIT(.MILLI.,.METRE.) );
#6312 = ( NAMED_UNIT(*) PLANE_ANGLE_UNIT() SI_UNIT($,.RADIAN.) );
#6313 = ( NAMED_UNIT(*) SI_UNIT($,.STERADIAN.) SOLID_ANGLE_UNIT() );
#6314 = UNCERTAINTY_MEASURE_WITH_UNIT(LENGTH_MEASURE(1.E-07),#6311,
  'distance_accuracy_value','confusion accuracy');
#6315 = CONTEXT_DEPENDENT_SHAPE_REPRESENTATION(#6316,#6318);
#6316 = ( REPRESENTATION_RELATIONSHIP('','',#5979,#10) 
REPRESENTATION_RELATIONSHIP_WITH_TRANSFORMATION(#6317) 
SHAPE_REPRESENTATION_RELATIONSHIP() );
#6317 = ITEM_DEFINED_TRANSFORMATION('','',#11,#83);
#6318 = PRODUCT_DEFINITION_SHAPE('Placement','Placement of an item',
  #6319);
#6319 = NEXT_ASSEMBLY_USAGE_OCCURRENCE('55','part17','',#5,#5974,$);
#6320 = PRODUCT_RELATED_PRODUCT_CATEGORY('part',$,(#5976));
#6321 = SHAPE_DEFINITION_REPRESENTATION(#6322,#6328);
#6322 = PRODUCT_DEFINITION_SHAPE('','',#6323);
#6323 = PRODUCT_DEFINITION('design','',#6324,#6327);
#6324 = PRODUCT_DEFINITION_FORMATION('','',#6325);
#6325 = PRODUCT('part18','part18','',(#6326));
#6326 = PRODUCT_CONTEXT('',#2,'mechanical');
#6327 = PRODUCT_DEFINITION_CONTEXT('part definition',#2,'design');
#6328 = ADVANCED_BREP_SHAPE_REPRESENTATION('',(#11,#6329),#6659);
#6329 = MANIFOLD_SOLID_BREP('',#6330);
#6330 = CLOSED_SHELL('',(#6331,#6451,#6551,#6598,#6645,#6652));
#6331 = ADVANCED_FACE('',(#6332),#6346,.F.);
#6332 = FACE_BOUND('',#6333,.F.);
#6333 = EDGE_LOOP('',(#6334,#6369,#6397,#6425));
#6334 = ORIENTED_EDGE('',*,*,#6335,.F.);
#6335 = EDGE_CURVE('',#6336,#6338,#6340,.T.);
#6336 = VERTEX_POINT('',#6337);
#6337 = CARTESIAN_POINT('',(-9.7E+03,7.96E+03,1.21E+04));
#6338 = VERTEX_POINT('',#6339);
#6339 = CARTESIAN_POINT('',(-9.7E+03,7.96E+03,1.39E+04));
#6340 = SURFACE_CURVE('',#6341,(#6345,#6357),.PCURVE_S1.);
#6341 = LINE('',#6342,#6343);
#6342 = CARTESIAN_POINT('',(-9.7E+03,7.96E+03,1.21E+04));
#6343 = VECTOR('',#6344,1.);
#6344 = DIRECTION('',(0.,0.,1.));
#6345 = PCURVE('',#6346,#6351);
#6346 = PLANE('',#6347);
#6347 = AXIS2_PLACEMENT_3D('',#6348,#6349,#6350);
#6348 = CARTESIAN_POINT('',(-9.7E+03,7.96E+03,1.21E+04));
#6349 = DIRECTION('',(1.,0.,0.));
#6350 = DIRECTION('',(0.,0.,1.));
#6351 = DEFINITIONAL_REPRESENTATION('',(#6352),#6356);
#6352 = LINE('',#6353,#6354);
#6353 = CARTESIAN_POINT('',(0.,0.));
#6354 = VECTOR('',#6355,1.);
#6355 = DIRECTION('',(1.,0.));
#6356 = ( GEOMETRIC_REPRESENTATION_CONTEXT(2) 
PARAMETRIC_REPRESENTATION_CONTEXT() REPRESENTATION_CONTEXT('2D SPACE',''
  ) );
#6357 = PCURVE('',#6358,#6363);
#6358 = PLANE('',#6359);
#6359 = AXIS2_PLACEMENT_3D('',#6360,#6361,#6362);
#6360 = CARTESIAN_POINT('',(-9.7E+03,7.96E+03,1.21E+04));
#6361 = DIRECTION('',(0.,1.,0.));
#6362 = DIRECTION('',(0.,0.,1.));
#6363 = DEFINITIONAL_REPRESENTATION('',(#6364),#6368);
#6364 = LINE('',#6365,#6366);
#6365 = CARTESIAN_POINT('',(0.,0.));
#6366 = VECTOR('',#6367,1.);
#6367 = DIRECTION('',(1.,0.));
#6368 = ( GEOMETRIC_REPRESENTATION_CONTEXT(2) 
PARAMETRIC_REPRESENTATION_CONTEXT() REPRESENTATION_CONTEXT('2D SPACE',''
  ) );
#6369 = ORIENTED_EDGE('',*,*,#6370,.T.);
#6370 = EDGE_CURVE('',#6336,#6371,#6373,.T.);
#6371 = VERTEX_POINT('',#6372);
#6372 = CARTESIAN_POINT('',(-9.7E+03,8.08E+03,1.21E+04));
#6373 = SURFACE_CURVE('',#6374,(#6378,#6385),.PCURVE_S1.);
#6374 = LINE('',#6375,#6376);
#6375 = CARTESIAN_POINT('',(-9.7E+03,7.96E+03,1.21E+04));
#6376 = VECTOR('',#6377,1.);
#6377 = DIRECTION('',(0.,1.,0.));
#6378 = PCURVE('',#6346,#6379);
#6379 = DEFINITIONAL_REPRESENTATION('',(#6380),#6384);
#6380 = LINE('',#6381,#6382);
#6381 = CARTESIAN_POINT('',(0.,0.));
#6382 = VECTOR('',#6383,1.);
#6383 = DIRECTION('',(0.,-1.));
#6384 = ( GEOMETRIC_REPRESENTATION_CONTEXT(2) 
PARAMETRIC_REPRESENTATION_CONTEXT() REPRESENTATION_CONTEXT('2D SPACE',''
  ) );
#6385 = PCURVE('',#6386,#6391);
#6386 = PLANE('',#6387);
#6387 = AXIS2_PLACEMENT_3D('',#6388,#6389,#6390);
#6388 = CARTESIAN_POINT('',(-9.7E+03,7.96E+03,1.21E+04));
#6389 = DIRECTION('',(0.,0.,1.));
#6390 = DIRECTION('',(1.,0.,0.));
#6391 = DEFINITIONAL_REPRESENTATION('',(#6392),#6396);
#6392 = LINE('',#6393,#6394);
#6393 = CARTESIAN_POINT('',(0.,0.));
#6394 = VECTOR('',#6395,1.);
#6395 = DIRECTION('',(0.,1.));
#6396 = ( GEOMETRIC_REPRESENTATION_CONTEXT(2) 
PARAMETRIC_REPRESENTATION_CONTEXT() REPRESENTATION_CONTEXT('2D SPACE',''
  ) );
#6397 = ORIENTED_EDGE('',*,*,#6398,.T.);
#6398 = EDGE_CURVE('',#6371,#6399,#6401,.T.);
#6399 = VERTEX_POINT('',#6400);
#6400 = CARTESIAN_POINT('',(-9.7E+03,8.08E+03,1.39E+04));
#6401 = SURFACE_CURVE('',#6402,(#6406,#6413),.PCURVE_S1.);
#6402 = LINE('',#6403,#6404);
#6403 = CARTESIAN_POINT('',(-9.7E+03,8.08E+03,1.21E+04));
#6404 = VECTOR('',#6405,1.);
#6405 = DIRECTION('',(0.,0.,1.));
#6406 = PCURVE('',#6346,#6407);
#6407 = DEFINITIONAL_REPRESENTATION('',(#6408),#6412);
#6408 = LINE('',#6409,#6410);
#6409 = CARTESIAN_POINT('',(0.,-120.));
#6410 = VECTOR('',#6411,1.);
#6411 = DIRECTION('',(1.,0.));
#6412 = ( GEOMETRIC_REPRESENTATION_CONTEXT(2) 
PARAMETRIC_REPRESENTATION_CONTEXT() REPRESENTATION_CONTEXT('2D SPACE',''
  ) );
#6413 = PCURVE('',#6414,#6419);
#6414 = PLANE('',#6415);
#6415 = AXIS2_PLACEMENT_3D('',#6416,#6417,#6418);
#6416 = CARTESIAN_POINT('',(-9.7E+03,8.08E+03,1.21E+04));
#6417 = DIRECTION('',(0.,1.,0.));
#6418 = DIRECTION('',(0.,0.,1.));
#6419 = DEFINITIONAL_REPRESENTATION('',(#6420),#6424);
#6420 = LINE('',#6421,#6422);
#6421 = CARTESIAN_POINT('',(0.,0.));
#6422 = VECTOR('',#6423,1.);
#6423 = DIRECTION('',(1.,0.));
#6424 = ( GEOMETRIC_REPRESENTATION_CONTEXT(2) 
PARAMETRIC_REPRESENTATION_CONTEXT() REPRESENTATION_CONTEXT('2D SPACE',''
  ) );
#6425 = ORIENTED_EDGE('',*,*,#6426,.F.);
#6426 = EDGE_CURVE('',#6338,#6399,#6427,.T.);
#6427 = SURFACE_CURVE('',#6428,(#6432,#6439),.PCURVE_S1.);
#6428 = LINE('',#6429,#6430);
#6429 = CARTESIAN_POINT('',(-9.7E+03,7.96E+03,1.39E+04));
#6430 = VECTOR('',#6431,1.);
#6431 = DIRECTION('',(0.,1.,0.));
#6432 = PCURVE('',#6346,#6433);
#6433 = DEFINITIONAL_REPRESENTATION('',(#6434),#6438);
#6434 = LINE('',#6435,#6436);
#6435 = CARTESIAN_POINT('',(1.8E+03,0.));
#6436 = VECTOR('',#6437,1.);
#6437 = DIRECTION('',(0.,-1.));
#6438 = ( GEOMETRIC_REPRESENTATION_CONTEXT(2) 
PARAMETRIC_REPRESENTATION_CONTEXT() REPRESENTATION_CONTEXT('2D SPACE',''
  ) );
#6439 = PCURVE('',#6440,#6445);
#6440 = PLANE('',#6441);
#6441 = AXIS2_PLACEMENT_3D('',#6442,#6443,#6444);
#6442 = CARTESIAN_POINT('',(-9.7E+03,7.96E+03,1.39E+04));
#6443 = DIRECTION('',(0.,0.,1.));
#6444 = DIRECTION('',(1.,0.,0.));
#6445 = DEFINITIONAL_REPRESENTATION('',(#6446),#6450);
#6446 = LINE('',#6447,#6448);
#6447 = CARTESIAN_POINT('',(0.,0.));
#6448 = VECTOR('',#6449,1.);
#6449 = DIRECTION('',(0.,1.));
#6450 = ( GEOMETRIC_REPRESENTATION_CONTEXT(2) 
PARAMETRIC_REPRESENTATION_CONTEXT() REPRESENTATION_CONTEXT('2D SPACE',''
  ) );
#6451 = ADVANCED_FACE('',(#6452),#6466,.T.);
#6452 = FACE_BOUND('',#6453,.T.);
#6453 = EDGE_LOOP('',(#6454,#6484,#6507,#6530));
#6454 = ORIENTED_EDGE('',*,*,#6455,.F.);
#6455 = EDGE_CURVE('',#6456,#6458,#6460,.T.);
#6456 = VERTEX_POINT('',#6457);
#6457 = CARTESIAN_POINT('',(-8.3E+03,7.96E+03,1.21E+04));
#6458 = VERTEX_POINT('',#6459);
#6459 = CARTESIAN_POINT('',(-8.3E+03,7.96E+03,1.39E+04));
#6460 = SURFACE_CURVE('',#6461,(#6465,#6477),.PCURVE_S1.);
#6461 = LINE('',#6462,#6463);
#6462 = CARTESIAN_POINT('',(-8.3E+03,7.96E+03,1.21E+04));
#6463 = VECTOR('',#6464,1.);
#6464 = DIRECTION('',(0.,0.,1.));
#6465 = PCURVE('',#6466,#6471);
#6466 = PLANE('',#6467);
#6467 = AXIS2_PLACEMENT_3D('',#6468,#6469,#6470);
#6468 = CARTESIAN_POINT('',(-8.3E+03,7.96E+03,1.21E+04));
#6469 = DIRECTION('',(1.,0.,0.));
#6470 = DIRECTION('',(0.,0.,1.));
#6471 = DEFINITIONAL_REPRESENTATION('',(#6472),#6476);
#6472 = LINE('',#6473,#6474);
#6473 = CARTESIAN_POINT('',(0.,0.));
#6474 = VECTOR('',#6475,1.);
#6475 = DIRECTION('',(1.,0.));
#6476 = ( GEOMETRIC_REPRESENTATION_CONTEXT(2) 
PARAMETRIC_REPRESENTATION_CONTEXT() REPRESENTATION_CONTEXT('2D SPACE',''
  ) );
#6477 = PCURVE('',#6358,#6478);
#6478 = DEFINITIONAL_REPRESENTATION('',(#6479),#6483);
#6479 = LINE('',#6480,#6481);
#6480 = CARTESIAN_POINT('',(0.,1.4E+03));
#6481 = VECTOR('',#6482,1.);
#6482 = DIRECTION('',(1.,0.));
#6483 = ( GEOMETRIC_REPRESENTATION_CONTEXT(2) 
PARAMETRIC_REPRESENTATION_CONTEXT() REPRESENTATION_CONTEXT('2D SPACE',''
  ) );
#6484 = ORIENTED_EDGE('',*,*,#6485,.T.);
#6485 = EDGE_CURVE('',#6456,#6486,#6488,.T.);
#6486 = VERTEX_POINT('',#6487);
#6487 = CARTESIAN_POINT('',(-8.3E+03,8.08E+03,1.21E+04));
#6488 = SURFACE_CURVE('',#6489,(#6493,#6500),.PCURVE_S1.);
#6489 = LINE('',#6490,#6491);
#6490 = CARTESIAN_POINT('',(-8.3E+03,7.96E+03,1.21E+04));
#6491 = VECTOR('',#6492,1.);
#6492 = DIRECTION('',(0.,1.,0.));
#6493 = PCURVE('',#6466,#6494);
#6494 = DEFINITIONAL_REPRESENTATION('',(#6495),#6499);
#6495 = LINE('',#6496,#6497);
#6496 = CARTESIAN_POINT('',(0.,0.));
#6497 = VECTOR('',#6498,1.);
#6498 = DIRECTION('',(0.,-1.));
#6499 = ( GEOMETRIC_REPRESENTATION_CONTEXT(2) 
PARAMETRIC_REPRESENTATION_CONTEXT() REPRESENTATION_CONTEXT('2D SPACE',''
  ) );
#6500 = PCURVE('',#6386,#6501);
#6501 = DEFINITIONAL_REPRESENTATION('',(#6502),#6506);
#6502 = LINE('',#6503,#6504);
#6503 = CARTESIAN_POINT('',(1.4E+03,0.));
#6504 = VECTOR('',#6505,1.);
#6505 = DIRECTION('',(0.,1.));
#6506 = ( GEOMETRIC_REPRESENTATION_CONTEXT(2) 
PARAMETRIC_REPRESENTATION_CONTEXT() REPRESENTATION_CONTEXT('2D SPACE',''
  ) );
#6507 = ORIENTED_EDGE('',*,*,#6508,.T.);
#6508 = EDGE_CURVE('',#6486,#6509,#6511,.T.);
#6509 = VERTEX_POINT('',#6510);
#6510 = CARTESIAN_POINT('',(-8.3E+03,8.08E+03,1.39E+04));
#6511 = SURFACE_CURVE('',#6512,(#6516,#6523),.PCURVE_S1.);
#6512 = LINE('',#6513,#6514);
#6513 = CARTESIAN_POINT('',(-8.3E+03,8.08E+03,1.21E+04));
#6514 = VECTOR('',#6515,1.);
#6515 = DIRECTION('',(0.,0.,1.));
#6516 = PCURVE('',#6466,#6517);
#6517 = DEFINITIONAL_REPRESENTATION('',(#6518),#6522);
#6518 = LINE('',#6519,#6520);
#6519 = CARTESIAN_POINT('',(0.,-120.));
#6520 = VECTOR('',#6521,1.);
#6521 = DIRECTION('',(1.,0.));
#6522 = ( GEOMETRIC_REPRESENTATION_CONTEXT(2) 
PARAMETRIC_REPRESENTATION_CONTEXT() REPRESENTATION_CONTEXT('2D SPACE',''
  ) );
#6523 = PCURVE('',#6414,#6524);
#6524 = DEFINITIONAL_REPRESENTATION('',(#6525),#6529);
#6525 = LINE('',#6526,#6527);
#6526 = CARTESIAN_POINT('',(0.,1.4E+03));
#6527 = VECTOR('',#6528,1.);
#6528 = DIRECTION('',(1.,0.));
#6529 = ( GEOMETRIC_REPRESENTATION_CONTEXT(2) 
PARAMETRIC_REPRESENTATION_CONTEXT() REPRESENTATION_CONTEXT('2D SPACE',''
  ) );
#6530 = ORIENTED_EDGE('',*,*,#6531,.F.);
#6531 = EDGE_CURVE('',#6458,#6509,#6532,.T.);
#6532 = SURFACE_CURVE('',#6533,(#6537,#6544),.PCURVE_S1.);
#6533 = LINE('',#6534,#6535);
#6534 = CARTESIAN_POINT('',(-8.3E+03,7.96E+03,1.39E+04));
#6535 = VECTOR('',#6536,1.);
#6536 = DIRECTION('',(0.,1.,0.));
#6537 = PCURVE('',#6466,#6538);
#6538 = DEFINITIONAL_REPRESENTATION('',(#6539),#6543);
#6539 = LINE('',#6540,#6541);
#6540 = CARTESIAN_POINT('',(1.8E+03,0.));
#6541 = VECTOR('',#6542,1.);
#6542 = DIRECTION('',(0.,-1.));
#6543 = ( GEOMETRIC_REPRESENTATION_CONTEXT(2) 
PARAMETRIC_REPRESENTATION_CONTEXT() REPRESENTATION_CONTEXT('2D SPACE',''
  ) );
#6544 = PCURVE('',#6440,#6545);
#6545 = DEFINITIONAL_REPRESENTATION('',(#6546),#6550);
#6546 = LINE('',#6547,#6548);
#6547 = CARTESIAN_POINT('',(1.4E+03,0.));
#6548 = VECTOR('',#6549,1.);
#6549 = DIRECTION('',(0.,1.));
#6550 = ( GEOMETRIC_REPRESENTATION_CONTEXT(2) 
PARAMETRIC_REPRESENTATION_CONTEXT() REPRESENTATION_CONTEXT('2D SPACE',''
  ) );
#6551 = ADVANCED_FACE('',(#6552),#6358,.F.);
#6552 = FACE_BOUND('',#6553,.F.);
#6553 = EDGE_LOOP('',(#6554,#6575,#6576,#6597));
#6554 = ORIENTED_EDGE('',*,*,#6555,.F.);
#6555 = EDGE_CURVE('',#6336,#6456,#6556,.T.);
#6556 = SURFACE_CURVE('',#6557,(#6561,#6568),.PCURVE_S1.);
#6557 = LINE('',#6558,#6559);
#6558 = CARTESIAN_POINT('',(-9.7E+03,7.96E+03,1.21E+04));
#6559 = VECTOR('',#6560,1.);
#6560 = DIRECTION('',(1.,0.,0.));
#6561 = PCURVE('',#6358,#6562);
#6562 = DEFINITIONAL_REPRESENTATION('',(#6563),#6567);
#6563 = LINE('',#6564,#6565);
#6564 = CARTESIAN_POINT('',(0.,0.));
#6565 = VECTOR('',#6566,1.);
#6566 = DIRECTION('',(0.,1.));
#6567 = ( GEOMETRIC_REPRESENTATION_CONTEXT(2) 
PARAMETRIC_REPRESENTATION_CONTEXT() REPRESENTATION_CONTEXT('2D SPACE',''
  ) );
#6568 = PCURVE('',#6386,#6569);
#6569 = DEFINITIONAL_REPRESENTATION('',(#6570),#6574);
#6570 = LINE('',#6571,#6572);
#6571 = CARTESIAN_POINT('',(0.,0.));
#6572 = VECTOR('',#6573,1.);
#6573 = DIRECTION('',(1.,0.));
#6574 = ( GEOMETRIC_REPRESENTATION_CONTEXT(2) 
PARAMETRIC_REPRESENTATION_CONTEXT() REPRESENTATION_CONTEXT('2D SPACE',''
  ) );
#6575 = ORIENTED_EDGE('',*,*,#6335,.T.);
#6576 = ORIENTED_EDGE('',*,*,#6577,.T.);
#6577 = EDGE_CURVE('',#6338,#6458,#6578,.T.);
#6578 = SURFACE_CURVE('',#6579,(#6583,#6590),.PCURVE_S1.);
#6579 = LINE('',#6580,#6581);
#6580 = CARTESIAN_POINT('',(-9.7E+03,7.96E+03,1.39E+04));
#6581 = VECTOR('',#6582,1.);
#6582 = DIRECTION('',(1.,0.,0.));
#6583 = PCURVE('',#6358,#6584);
#6584 = DEFINITIONAL_REPRESENTATION('',(#6585),#6589);
#6585 = LINE('',#6586,#6587);
#6586 = CARTESIAN_POINT('',(1.8E+03,0.));
#6587 = VECTOR('',#6588,1.);
#6588 = DIRECTION('',(0.,1.));
#6589 = ( GEOMETRIC_REPRESENTATION_CONTEXT(2) 
PARAMETRIC_REPRESENTATION_CONTEXT() REPRESENTATION_CONTEXT('2D SPACE',''
  ) );
#6590 = PCURVE('',#6440,#6591);
#6591 = DEFINITIONAL_REPRESENTATION('',(#6592),#6596);
#6592 = LINE('',#6593,#6594);
#6593 = CARTESIAN_POINT('',(0.,0.));
#6594 = VECTOR('',#6595,1.);
#6595 = DIRECTION('',(1.,0.));
#6596 = ( GEOMETRIC_REPRESENTATION_CONTEXT(2) 
PARAMETRIC_REPRESENTATION_CONTEXT() REPRESENTATION_CONTEXT('2D SPACE',''
  ) );
#6597 = ORIENTED_EDGE('',*,*,#6455,.F.);
#6598 = ADVANCED_FACE('',(#6599),#6414,.T.);
#6599 = FACE_BOUND('',#6600,.T.);
#6600 = EDGE_LOOP('',(#6601,#6622,#6623,#6644));
#6601 = ORIENTED_EDGE('',*,*,#6602,.F.);
#6602 = EDGE_CURVE('',#6371,#6486,#6603,.T.);
#6603 = SURFACE_CURVE('',#6604,(#6608,#6615),.PCURVE_S1.);
#6604 = LINE('',#6605,#6606);
#6605 = CARTESIAN_POINT('',(-9.7E+03,8.08E+03,1.21E+04));
#6606 = VECTOR('',#6607,1.);
#6607 = DIRECTION('',(1.,0.,0.));
#6608 = PCURVE('',#6414,#6609);
#6609 = DEFINITIONAL_REPRESENTATION('',(#6610),#6614);
#6610 = LINE('',#6611,#6612);
#6611 = CARTESIAN_POINT('',(0.,0.));
#6612 = VECTOR('',#6613,1.);
#6613 = DIRECTION('',(0.,1.));
#6614 = ( GEOMETRIC_REPRESENTATION_CONTEXT(2) 
PARAMETRIC_REPRESENTATION_CONTEXT() REPRESENTATION_CONTEXT('2D SPACE',''
  ) );
#6615 = PCURVE('',#6386,#6616);
#6616 = DEFINITIONAL_REPRESENTATION('',(#6617),#6621);
#6617 = LINE('',#6618,#6619);
#6618 = CARTESIAN_POINT('',(0.,120.));
#6619 = VECTOR('',#6620,1.);
#6620 = DIRECTION('',(1.,0.));
#6621 = ( GEOMETRIC_REPRESENTATION_CONTEXT(2) 
PARAMETRIC_REPRESENTATION_CONTEXT() REPRESENTATION_CONTEXT('2D SPACE',''
  ) );
#6622 = ORIENTED_EDGE('',*,*,#6398,.T.);
#6623 = ORIENTED_EDGE('',*,*,#6624,.T.);
#6624 = EDGE_CURVE('',#6399,#6509,#6625,.T.);
#6625 = SURFACE_CURVE('',#6626,(#6630,#6637),.PCURVE_S1.);
#6626 = LINE('',#6627,#6628);
#6627 = CARTESIAN_POINT('',(-9.7E+03,8.08E+03,1.39E+04));
#6628 = VECTOR('',#6629,1.);
#6629 = DIRECTION('',(1.,0.,0.));
#6630 = PCURVE('',#6414,#6631);
#6631 = DEFINITIONAL_REPRESENTATION('',(#6632),#6636);
#6632 = LINE('',#6633,#6634);
#6633 = CARTESIAN_POINT('',(1.8E+03,0.));
#6634 = VECTOR('',#6635,1.);
#6635 = DIRECTION('',(0.,1.));
#6636 = ( GEOMETRIC_REPRESENTATION_CONTEXT(2) 
PARAMETRIC_REPRESENTATION_CONTEXT() REPRESENTATION_CONTEXT('2D SPACE',''
  ) );
#6637 = PCURVE('',#6440,#6638);
#6638 = DEFINITIONAL_REPRESENTATION('',(#6639),#6643);
#6639 = LINE('',#6640,#6641);
#6640 = CARTESIAN_POINT('',(0.,120.));
#6641 = VECTOR('',#6642,1.);
#6642 = DIRECTION('',(1.,0.));
#6643 = ( GEOMETRIC_REPRESENTATION_CONTEXT(2) 
PARAMETRIC_REPRESENTATION_CONTEXT() REPRESENTATION_CONTEXT('2D SPACE',''
  ) );
#6644 = ORIENTED_EDGE('',*,*,#6508,.F.);
#6645 = ADVANCED_FACE('',(#6646),#6386,.F.);
#6646 = FACE_BOUND('',#6647,.F.);
#6647 = EDGE_LOOP('',(#6648,#6649,#6650,#6651));
#6648 = ORIENTED_EDGE('',*,*,#6370,.F.);
#6649 = ORIENTED_EDGE('',*,*,#6555,.T.);
#6650 = ORIENTED_EDGE('',*,*,#6485,.T.);
#6651 = ORIENTED_EDGE('',*,*,#6602,.F.);
#6652 = ADVANCED_FACE('',(#6653),#6440,.T.);
#6653 = FACE_BOUND('',#6654,.T.);
#6654 = EDGE_LOOP('',(#6655,#6656,#6657,#6658));
#6655 = ORIENTED_EDGE('',*,*,#6426,.F.);
#6656 = ORIENTED_EDGE('',*,*,#6577,.T.);
#6657 = ORIENTED_EDGE('',*,*,#6531,.T.);
#6658 = ORIENTED_EDGE('',*,*,#6624,.F.);
#6659 = ( GEOMETRIC_REPRESENTATION_CONTEXT(3) 
GLOBAL_UNCERTAINTY_ASSIGNED_CONTEXT((#6663)) 
GLOBAL_UNIT_ASSIGNED_CONTEXT((#6660,#6661,#6662)) REPRESENTATION_CONTEXT
('Context #1','3D Context with UNIT and UNCERTAINTY') );
#6660 = ( LENGTH_UNIT() NAMED_UNIT(*) SI_UNIT(.MILLI.,.METRE.) );
#6661 = ( NAMED_UNIT(*) PLANE_ANGLE_UNIT() SI_UNIT($,.RADIAN.) );
#6662 = ( NAMED_UNIT(*) SI_UNIT($,.STERADIAN.) SOLID_ANGLE_UNIT() );
#6663 = UNCERTAINTY_MEASURE_WITH_UNIT(LENGTH_MEASURE(1.E-07),#6660,
  'distance_accuracy_value','confusion accuracy');
#6664 = CONTEXT_DEPENDENT_SHAPE_REPRESENTATION(#6665,#6667);
#6665 = ( REPRESENTATION_RELATIONSHIP('','',#6328,#10) 
REPRESENTATION_RELATIONSHIP_WITH_TRANSFORMATION(#6666) 
SHAPE_REPRESENTATION_RELATIONSHIP() );
#6666 = ITEM_DEFINED_TRANSFORMATION('','',#11,#87);
#6667 = PRODUCT_DEFINITION_SHAPE('Placement','Placement of an item',
  #6668);
#6668 = NEXT_ASSEMBLY_USAGE_OCCURRENCE('56','part18','',#5,#6323,$);
#6669 = PRODUCT_RELATED_PRODUCT_CATEGORY('part',$,(#6325));
#6670 = SHAPE_DEFINITION_REPRESENTATION(#6671,#6677);
#6671 = PRODUCT_DEFINITION_SHAPE('','',#6672);
#6672 = PRODUCT_DEFINITION('design','',#6673,#6676);
#6673 = PRODUCT_DEFINITION_FORMATION('','',#6674);
#6674 = PRODUCT('part19','part19','',(#6675));
#6675 = PRODUCT_CONTEXT('',#2,'mechanical');
#6676 = PRODUCT_DEFINITION_CONTEXT('part definition',#2,'design');
#6677 = ADVANCED_BREP_SHAPE_REPRESENTATION('',(#11,#6678),#7008);
#6678 = MANIFOLD_SOLID_BREP('',#6679);
#6679 = CLOSED_SHELL('',(#6680,#6800,#6900,#6947,#6994,#7001));
#6680 = ADVANCED_FACE('',(#6681),#6695,.F.);
#6681 = FACE_BOUND('',#6682,.F.);
#6682 = EDGE_LOOP('',(#6683,#6718,#6746,#6774));
#6683 = ORIENTED_EDGE('',*,*,#6684,.F.);
#6684 = EDGE_CURVE('',#6685,#6687,#6689,.T.);
#6685 = VERTEX_POINT('',#6686);
#6686 = CARTESIAN_POINT('',(-5.2E+03,7.96E+03,1.21E+04));
#6687 = VERTEX_POINT('',#6688);
#6688 = CARTESIAN_POINT('',(-5.2E+03,7.96E+03,1.39E+04));
#6689 = SURFACE_CURVE('',#6690,(#6694,#6706),.PCURVE_S1.);
#6690 = LINE('',#6691,#6692);
#6691 = CARTESIAN_POINT('',(-5.2E+03,7.96E+03,1.21E+04));
#6692 = VECTOR('',#6693,1.);
#6693 = DIRECTION('',(0.,0.,1.));
#6694 = PCURVE('',#6695,#6700);
#6695 = PLANE('',#6696);
#6696 = AXIS2_PLACEMENT_3D('',#6697,#6698,#6699);
#6697 = CARTESIAN_POINT('',(-5.2E+03,7.96E+03,1.21E+04));
#6698 = DIRECTION('',(1.,0.,0.));
#6699 = DIRECTION('',(0.,0.,1.));
#6700 = DEFINITIONAL_REPRESENTATION('',(#6701),#6705);
#6701 = LINE('',#6702,#6703);
#6702 = CARTESIAN_POINT('',(0.,0.));
#6703 = VECTOR('',#6704,1.);
#6704 = DIRECTION('',(1.,0.));
#6705 = ( GEOMETRIC_REPRESENTATION_CONTEXT(2) 
PARAMETRIC_REPRESENTATION_CONTEXT() REPRESENTATION_CONTEXT('2D SPACE',''
  ) );
#6706 = PCURVE('',#6707,#6712);
#6707 = PLANE('',#6708);
#6708 = AXIS2_PLACEMENT_3D('',#6709,#6710,#6711);
#6709 = CARTESIAN_POINT('',(-5.2E+03,7.96E+03,1.21E+04));
#6710 = DIRECTION('',(0.,1.,0.));
#6711 = DIRECTION('',(0.,0.,1.));
#6712 = DEFINITIONAL_REPRESENTATION('',(#6713),#6717);
#6713 = LINE('',#6714,#6715);
#6714 = CARTESIAN_POINT('',(0.,0.));
#6715 = VECTOR('',#6716,1.);
#6716 = DIRECTION('',(1.,0.));
#6717 = ( GEOMETRIC_REPRESENTATION_CONTEXT(2) 
PARAMETRIC_REPRESENTATION_CONTEXT() REPRESENTATION_CONTEXT('2D SPACE',''
  ) );
#6718 = ORIENTED_EDGE('',*,*,#6719,.T.);
#6719 = EDGE_CURVE('',#6685,#6720,#6722,.T.);
#6720 = VERTEX_POINT('',#6721);
#6721 = CARTESIAN_POINT('',(-5.2E+03,8.08E+03,1.21E+04));
#6722 = SURFACE_CURVE('',#6723,(#6727,#6734),.PCURVE_S1.);
#6723 = LINE('',#6724,#6725);
#6724 = CARTESIAN_POINT('',(-5.2E+03,7.96E+03,1.21E+04));
#6725 = VECTOR('',#6726,1.);
#6726 = DIRECTION('',(0.,1.,0.));
#6727 = PCURVE('',#6695,#6728);
#6728 = DEFINITIONAL_REPRESENTATION('',(#6729),#6733);
#6729 = LINE('',#6730,#6731);
#6730 = CARTESIAN_POINT('',(0.,0.));
#6731 = VECTOR('',#6732,1.);
#6732 = DIRECTION('',(0.,-1.));
#6733 = ( GEOMETRIC_REPRESENTATION_CONTEXT(2) 
PARAMETRIC_REPRESENTATION_CONTEXT() REPRESENTATION_CONTEXT('2D SPACE',''
  ) );
#6734 = PCURVE('',#6735,#6740);
#6735 = PLANE('',#6736);
#6736 = AXIS2_PLACEMENT_3D('',#6737,#6738,#6739);
#6737 = CARTESIAN_POINT('',(-5.2E+03,7.96E+03,1.21E+04));
#6738 = DIRECTION('',(0.,0.,1.));
#6739 = DIRECTION('',(1.,0.,0.));
#6740 = DEFINITIONAL_REPRESENTATION('',(#6741),#6745);
#6741 = LINE('',#6742,#6743);
#6742 = CARTESIAN_POINT('',(0.,0.));
#6743 = VECTOR('',#6744,1.);
#6744 = DIRECTION('',(0.,1.));
#6745 = ( GEOMETRIC_REPRESENTATION_CONTEXT(2) 
PARAMETRIC_REPRESENTATION_CONTEXT() REPRESENTATION_CONTEXT('2D SPACE',''
  ) );
#6746 = ORIENTED_EDGE('',*,*,#6747,.T.);
#6747 = EDGE_CURVE('',#6720,#6748,#6750,.T.);
#6748 = VERTEX_POINT('',#6749);
#6749 = CARTESIAN_POINT('',(-5.2E+03,8.08E+03,1.39E+04));
#6750 = SURFACE_CURVE('',#6751,(#6755,#6762),.PCURVE_S1.);
#6751 = LINE('',#6752,#6753);
#6752 = CARTESIAN_POINT('',(-5.2E+03,8.08E+03,1.21E+04));
#6753 = VECTOR('',#6754,1.);
#6754 = DIRECTION('',(0.,0.,1.));
#6755 = PCURVE('',#6695,#6756);
#6756 = DEFINITIONAL_REPRESENTATION('',(#6757),#6761);
#6757 = LINE('',#6758,#6759);
#6758 = CARTESIAN_POINT('',(0.,-120.));
#6759 = VECTOR('',#6760,1.);
#6760 = DIRECTION('',(1.,0.));
#6761 = ( GEOMETRIC_REPRESENTATION_CONTEXT(2) 
PARAMETRIC_REPRESENTATION_CONTEXT() REPRESENTATION_CONTEXT('2D SPACE',''
  ) );
#6762 = PCURVE('',#6763,#6768);
#6763 = PLANE('',#6764);
#6764 = AXIS2_PLACEMENT_3D('',#6765,#6766,#6767);
#6765 = CARTESIAN_POINT('',(-5.2E+03,8.08E+03,1.21E+04));
#6766 = DIRECTION('',(0.,1.,0.));
#6767 = DIRECTION('',(0.,0.,1.));
#6768 = DEFINITIONAL_REPRESENTATION('',(#6769),#6773);
#6769 = LINE('',#6770,#6771);
#6770 = CARTESIAN_POINT('',(0.,0.));
#6771 = VECTOR('',#6772,1.);
#6772 = DIRECTION('',(1.,0.));
#6773 = ( GEOMETRIC_REPRESENTATION_CONTEXT(2) 
PARAMETRIC_REPRESENTATION_CONTEXT() REPRESENTATION_CONTEXT('2D SPACE',''
  ) );
#6774 = ORIENTED_EDGE('',*,*,#6775,.F.);
#6775 = EDGE_CURVE('',#6687,#6748,#6776,.T.);
#6776 = SURFACE_CURVE('',#6777,(#6781,#6788),.PCURVE_S1.);
#6777 = LINE('',#6778,#6779);
#6778 = CARTESIAN_POINT('',(-5.2E+03,7.96E+03,1.39E+04));
#6779 = VECTOR('',#6780,1.);
#6780 = DIRECTION('',(0.,1.,0.));
#6781 = PCURVE('',#6695,#6782);
#6782 = DEFINITIONAL_REPRESENTATION('',(#6783),#6787);
#6783 = LINE('',#6784,#6785);
#6784 = CARTESIAN_POINT('',(1.8E+03,0.));
#6785 = VECTOR('',#6786,1.);
#6786 = DIRECTION('',(0.,-1.));
#6787 = ( GEOMETRIC_REPRESENTATION_CONTEXT(2) 
PARAMETRIC_REPRESENTATION_CONTEXT() REPRESENTATION_CONTEXT('2D SPACE',''
  ) );
#6788 = PCURVE('',#6789,#6794);
#6789 = PLANE('',#6790);
#6790 = AXIS2_PLACEMENT_3D('',#6791,#6792,#6793);
#6791 = CARTESIAN_POINT('',(-5.2E+03,7.96E+03,1.39E+04));
#6792 = DIRECTION('',(0.,0.,1.));
#6793 = DIRECTION('',(1.,0.,0.));
#6794 = DEFINITIONAL_REPRESENTATION('',(#6795),#6799);
#6795 = LINE('',#6796,#6797);
#6796 = CARTESIAN_POINT('',(0.,0.));
#6797 = VECTOR('',#6798,1.);
#6798 = DIRECTION('',(0.,1.));
#6799 = ( GEOMETRIC_REPRESENTATION_CONTEXT(2) 
PARAMETRIC_REPRESENTATION_CONTEXT() REPRESENTATION_CONTEXT('2D SPACE',''
  ) );
#6800 = ADVANCED_FACE('',(#6801),#6815,.T.);
#6801 = FACE_BOUND('',#6802,.T.);
#6802 = EDGE_LOOP('',(#6803,#6833,#6856,#6879));
#6803 = ORIENTED_EDGE('',*,*,#6804,.F.);
#6804 = EDGE_CURVE('',#6805,#6807,#6809,.T.);
#6805 = VERTEX_POINT('',#6806);
#6806 = CARTESIAN_POINT('',(-3.8E+03,7.96E+03,1.21E+04));
#6807 = VERTEX_POINT('',#6808);
#6808 = CARTESIAN_POINT('',(-3.8E+03,7.96E+03,1.39E+04));
#6809 = SURFACE_CURVE('',#6810,(#6814,#6826),.PCURVE_S1.);
#6810 = LINE('',#6811,#6812);
#6811 = CARTESIAN_POINT('',(-3.8E+03,7.96E+03,1.21E+04));
#6812 = VECTOR('',#6813,1.);
#6813 = DIRECTION('',(0.,0.,1.));
#6814 = PCURVE('',#6815,#6820);
#6815 = PLANE('',#6816);
#6816 = AXIS2_PLACEMENT_3D('',#6817,#6818,#6819);
#6817 = CARTESIAN_POINT('',(-3.8E+03,7.96E+03,1.21E+04));
#6818 = DIRECTION('',(1.,0.,0.));
#6819 = DIRECTION('',(0.,0.,1.));
#6820 = DEFINITIONAL_REPRESENTATION('',(#6821),#6825);
#6821 = LINE('',#6822,#6823);
#6822 = CARTESIAN_POINT('',(0.,0.));
#6823 = VECTOR('',#6824,1.);
#6824 = DIRECTION('',(1.,0.));
#6825 = ( GEOMETRIC_REPRESENTATION_CONTEXT(2) 
PARAMETRIC_REPRESENTATION_CONTEXT() REPRESENTATION_CONTEXT('2D SPACE',''
  ) );
#6826 = PCURVE('',#6707,#6827);
#6827 = DEFINITIONAL_REPRESENTATION('',(#6828),#6832);
#6828 = LINE('',#6829,#6830);
#6829 = CARTESIAN_POINT('',(0.,1.4E+03));
#6830 = VECTOR('',#6831,1.);
#6831 = DIRECTION('',(1.,0.));
#6832 = ( GEOMETRIC_REPRESENTATION_CONTEXT(2) 
PARAMETRIC_REPRESENTATION_CONTEXT() REPRESENTATION_CONTEXT('2D SPACE',''
  ) );
#6833 = ORIENTED_EDGE('',*,*,#6834,.T.);
#6834 = EDGE_CURVE('',#6805,#6835,#6837,.T.);
#6835 = VERTEX_POINT('',#6836);
#6836 = CARTESIAN_POINT('',(-3.8E+03,8.08E+03,1.21E+04));
#6837 = SURFACE_CURVE('',#6838,(#6842,#6849),.PCURVE_S1.);
#6838 = LINE('',#6839,#6840);
#6839 = CARTESIAN_POINT('',(-3.8E+03,7.96E+03,1.21E+04));
#6840 = VECTOR('',#6841,1.);
#6841 = DIRECTION('',(0.,1.,0.));
#6842 = PCURVE('',#6815,#6843);
#6843 = DEFINITIONAL_REPRESENTATION('',(#6844),#6848);
#6844 = LINE('',#6845,#6846);
#6845 = CARTESIAN_POINT('',(0.,0.));
#6846 = VECTOR('',#6847,1.);
#6847 = DIRECTION('',(0.,-1.));
#6848 = ( GEOMETRIC_REPRESENTATION_CONTEXT(2) 
PARAMETRIC_REPRESENTATION_CONTEXT() REPRESENTATION_CONTEXT('2D SPACE',''
  ) );
#6849 = PCURVE('',#6735,#6850);
#6850 = DEFINITIONAL_REPRESENTATION('',(#6851),#6855);
#6851 = LINE('',#6852,#6853);
#6852 = CARTESIAN_POINT('',(1.4E+03,0.));
#6853 = VECTOR('',#6854,1.);
#6854 = DIRECTION('',(0.,1.));
#6855 = ( GEOMETRIC_REPRESENTATION_CONTEXT(2) 
PARAMETRIC_REPRESENTATION_CONTEXT() REPRESENTATION_CONTEXT('2D SPACE',''
  ) );
#6856 = ORIENTED_EDGE('',*,*,#6857,.T.);
#6857 = EDGE_CURVE('',#6835,#6858,#6860,.T.);
#6858 = VERTEX_POINT('',#6859);
#6859 = CARTESIAN_POINT('',(-3.8E+03,8.08E+03,1.39E+04));
#6860 = SURFACE_CURVE('',#6861,(#6865,#6872),.PCURVE_S1.);
#6861 = LINE('',#6862,#6863);
#6862 = CARTESIAN_POINT('',(-3.8E+03,8.08E+03,1.21E+04));
#6863 = VECTOR('',#6864,1.);
#6864 = DIRECTION('',(0.,0.,1.));
#6865 = PCURVE('',#6815,#6866);
#6866 = DEFINITIONAL_REPRESENTATION('',(#6867),#6871);
#6867 = LINE('',#6868,#6869);
#6868 = CARTESIAN_POINT('',(0.,-120.));
#6869 = VECTOR('',#6870,1.);
#6870 = DIRECTION('',(1.,0.));
#6871 = ( GEOMETRIC_REPRESENTATION_CONTEXT(2) 
PARAMETRIC_REPRESENTATION_CONTEXT() REPRESENTATION_CONTEXT('2D SPACE',''
  ) );
#6872 = PCURVE('',#6763,#6873);
#6873 = DEFINITIONAL_REPRESENTATION('',(#6874),#6878);
#6874 = LINE('',#6875,#6876);
#6875 = CARTESIAN_POINT('',(0.,1.4E+03));
#6876 = VECTOR('',#6877,1.);
#6877 = DIRECTION('',(1.,0.));
#6878 = ( GEOMETRIC_REPRESENTATION_CONTEXT(2) 
PARAMETRIC_REPRESENTATION_CONTEXT() REPRESENTATION_CONTEXT('2D SPACE',''
  ) );
#6879 = ORIENTED_EDGE('',*,*,#6880,.F.);
#6880 = EDGE_CURVE('',#6807,#6858,#6881,.T.);
#6881 = SURFACE_CURVE('',#6882,(#6886,#6893),.PCURVE_S1.);
#6882 = LINE('',#6883,#6884);
#6883 = CARTESIAN_POINT('',(-3.8E+03,7.96E+03,1.39E+04));
#6884 = VECTOR('',#6885,1.);
#6885 = DIRECTION('',(0.,1.,0.));
#6886 = PCURVE('',#6815,#6887);
#6887 = DEFINITIONAL_REPRESENTATION('',(#6888),#6892);
#6888 = LINE('',#6889,#6890);
#6889 = CARTESIAN_POINT('',(1.8E+03,0.));
#6890 = VECTOR('',#6891,1.);
#6891 = DIRECTION('',(0.,-1.));
#6892 = ( GEOMETRIC_REPRESENTATION_CONTEXT(2) 
PARAMETRIC_REPRESENTATION_CONTEXT() REPRESENTATION_CONTEXT('2D SPACE',''
  ) );
#6893 = PCURVE('',#6789,#6894);
#6894 = DEFINITIONAL_REPRESENTATION('',(#6895),#6899);
#6895 = LINE('',#6896,#6897);
#6896 = CARTESIAN_POINT('',(1.4E+03,0.));
#6897 = VECTOR('',#6898,1.);
#6898 = DIRECTION('',(0.,1.));
#6899 = ( GEOMETRIC_REPRESENTATION_CONTEXT(2) 
PARAMETRIC_REPRESENTATION_CONTEXT() REPRESENTATION_CONTEXT('2D SPACE',''
  ) );
#6900 = ADVANCED_FACE('',(#6901),#6707,.F.);
#6901 = FACE_BOUND('',#6902,.F.);
#6902 = EDGE_LOOP('',(#6903,#6924,#6925,#6946));
#6903 = ORIENTED_EDGE('',*,*,#6904,.F.);
#6904 = EDGE_CURVE('',#6685,#6805,#6905,.T.);
#6905 = SURFACE_CURVE('',#6906,(#6910,#6917),.PCURVE_S1.);
#6906 = LINE('',#6907,#6908);
#6907 = CARTESIAN_POINT('',(-5.2E+03,7.96E+03,1.21E+04));
#6908 = VECTOR('',#6909,1.);
#6909 = DIRECTION('',(1.,0.,0.));
#6910 = PCURVE('',#6707,#6911);
#6911 = DEFINITIONAL_REPRESENTATION('',(#6912),#6916);
#6912 = LINE('',#6913,#6914);
#6913 = CARTESIAN_POINT('',(0.,0.));
#6914 = VECTOR('',#6915,1.);
#6915 = DIRECTION('',(0.,1.));
#6916 = ( GEOMETRIC_REPRESENTATION_CONTEXT(2) 
PARAMETRIC_REPRESENTATION_CONTEXT() REPRESENTATION_CONTEXT('2D SPACE',''
  ) );
#6917 = PCURVE('',#6735,#6918);
#6918 = DEFINITIONAL_REPRESENTATION('',(#6919),#6923);
#6919 = LINE('',#6920,#6921);
#6920 = CARTESIAN_POINT('',(0.,0.));
#6921 = VECTOR('',#6922,1.);
#6922 = DIRECTION('',(1.,0.));
#6923 = ( GEOMETRIC_REPRESENTATION_CONTEXT(2) 
PARAMETRIC_REPRESENTATION_CONTEXT() REPRESENTATION_CONTEXT('2D SPACE',''
  ) );
#6924 = ORIENTED_EDGE('',*,*,#6684,.T.);
#6925 = ORIENTED_EDGE('',*,*,#6926,.T.);
#6926 = EDGE_CURVE('',#6687,#6807,#6927,.T.);
#6927 = SURFACE_CURVE('',#6928,(#6932,#6939),.PCURVE_S1.);
#6928 = LINE('',#6929,#6930);
#6929 = CARTESIAN_POINT('',(-5.2E+03,7.96E+03,1.39E+04));
#6930 = VECTOR('',#6931,1.);
#6931 = DIRECTION('',(1.,0.,0.));
#6932 = PCURVE('',#6707,#6933);
#6933 = DEFINITIONAL_REPRESENTATION('',(#6934),#6938);
#6934 = LINE('',#6935,#6936);
#6935 = CARTESIAN_POINT('',(1.8E+03,0.));
#6936 = VECTOR('',#6937,1.);
#6937 = DIRECTION('',(0.,1.));
#6938 = ( GEOMETRIC_REPRESENTATION_CONTEXT(2) 
PARAMETRIC_REPRESENTATION_CONTEXT() REPRESENTATION_CONTEXT('2D SPACE',''
  ) );
#6939 = PCURVE('',#6789,#6940);
#6940 = DEFINITIONAL_REPRESENTATION('',(#6941),#6945);
#6941 = LINE('',#6942,#6943);
#6942 = CARTESIAN_POINT('',(0.,0.));
#6943 = VECTOR('',#6944,1.);
#6944 = DIRECTION('',(1.,0.));
#6945 = ( GEOMETRIC_REPRESENTATION_CONTEXT(2) 
PARAMETRIC_REPRESENTATION_CONTEXT() REPRESENTATION_CONTEXT('2D SPACE',''
  ) );
#6946 = ORIENTED_EDGE('',*,*,#6804,.F.);
#6947 = ADVANCED_FACE('',(#6948),#6763,.T.);
#6948 = FACE_BOUND('',#6949,.T.);
#6949 = EDGE_LOOP('',(#6950,#6971,#6972,#6993));
#6950 = ORIENTED_EDGE('',*,*,#6951,.F.);
#6951 = EDGE_CURVE('',#6720,#6835,#6952,.T.);
#6952 = SURFACE_CURVE('',#6953,(#6957,#6964),.PCURVE_S1.);
#6953 = LINE('',#6954,#6955);
#6954 = CARTESIAN_POINT('',(-5.2E+03,8.08E+03,1.21E+04));
#6955 = VECTOR('',#6956,1.);
#6956 = DIRECTION('',(1.,0.,0.));
#6957 = PCURVE('',#6763,#6958);
#6958 = DEFINITIONAL_REPRESENTATION('',(#6959),#6963);
#6959 = LINE('',#6960,#6961);
#6960 = CARTESIAN_POINT('',(0.,0.));
#6961 = VECTOR('',#6962,1.);
#6962 = DIRECTION('',(0.,1.));
#6963 = ( GEOMETRIC_REPRESENTATION_CONTEXT(2) 
PARAMETRIC_REPRESENTATION_CONTEXT() REPRESENTATION_CONTEXT('2D SPACE',''
  ) );
#6964 = PCURVE('',#6735,#6965);
#6965 = DEFINITIONAL_REPRESENTATION('',(#6966),#6970);
#6966 = LINE('',#6967,#6968);
#6967 = CARTESIAN_POINT('',(0.,120.));
#6968 = VECTOR('',#6969,1.);
#6969 = DIRECTION('',(1.,0.));
#6970 = ( GEOMETRIC_REPRESENTATION_CONTEXT(2) 
PARAMETRIC_REPRESENTATION_CONTEXT() REPRESENTATION_CONTEXT('2D SPACE',''
  ) );
#6971 = ORIENTED_EDGE('',*,*,#6747,.T.);
#6972 = ORIENTED_EDGE('',*,*,#6973,.T.);
#6973 = EDGE_CURVE('',#6748,#6858,#6974,.T.);
#6974 = SURFACE_CURVE('',#6975,(#6979,#6986),.PCURVE_S1.);
#6975 = LINE('',#6976,#6977);
#6976 = CARTESIAN_POINT('',(-5.2E+03,8.08E+03,1.39E+04));
#6977 = VECTOR('',#6978,1.);
#6978 = DIRECTION('',(1.,0.,0.));
#6979 = PCURVE('',#6763,#6980);
#6980 = DEFINITIONAL_REPRESENTATION('',(#6981),#6985);
#6981 = LINE('',#6982,#6983);
#6982 = CARTESIAN_POINT('',(1.8E+03,0.));
#6983 = VECTOR('',#6984,1.);
#6984 = DIRECTION('',(0.,1.));
#6985 = ( GEOMETRIC_REPRESENTATION_CONTEXT(2) 
PARAMETRIC_REPRESENTATION_CONTEXT() REPRESENTATION_CONTEXT('2D SPACE',''
  ) );
#6986 = PCURVE('',#6789,#6987);
#6987 = DEFINITIONAL_REPRESENTATION('',(#6988),#6992);
#6988 = LINE('',#6989,#6990);
#6989 = CARTESIAN_POINT('',(0.,120.));
#6990 = VECTOR('',#6991,1.);
#6991 = DIRECTION('',(1.,0.));
#6992 = ( GEOMETRIC_REPRESENTATION_CONTEXT(2) 
PARAMETRIC_REPRESENTATION_CONTEXT() REPRESENTATION_CONTEXT('2D SPACE',''
  ) );
#6993 = ORIENTED_EDGE('',*,*,#6857,.F.);
#6994 = ADVANCED_FACE('',(#6995),#6735,.F.);
#6995 = FACE_BOUND('',#6996,.F.);
#6996 = EDGE_LOOP('',(#6997,#6998,#6999,#7000));
#6997 = ORIENTED_EDGE('',*,*,#6719,.F.);
#6998 = ORIENTED_EDGE('',*,*,#6904,.T.);
#6999 = ORIENTED_EDGE('',*,*,#6834,.T.);
#7000 = ORIENTED_EDGE('',*,*,#6951,.F.);
#7001 = ADVANCED_FACE('',(#7002),#6789,.T.);
#7002 = FACE_BOUND('',#7003,.T.);
#7003 = EDGE_LOOP('',(#7004,#7005,#7006,#7007));
#7004 = ORIENTED_EDGE('',*,*,#6775,.F.);
#7005 = ORIENTED_EDGE('',*,*,#6926,.T.);
#7006 = ORIENTED_EDGE('',*,*,#6880,.T.);
#7007 = ORIENTED_EDGE('',*,*,#6973,.F.);
#7008 = ( GEOMETRIC_REPRESENTATION_CONTEXT(3) 
GLOBAL_UNCERTAINTY_ASSIGNED_CONTEXT((#7012)) 
GLOBAL_UNIT_ASSIGNED_CONTEXT((#7009,#7010,#7011)) REPRESENTATION_CONTEXT
('Context #1','3D Context with UNIT and UNCERTAINTY') );
#7009 = ( LENGTH_UNIT() NAMED_UNIT(*) SI_UNIT(.MILLI.,.METRE.) );
#7010 = ( NAMED_UNIT(*) PLANE_ANGLE_UNIT() SI_UNIT($,.RADIAN.) );
#7011 = ( NAMED_UNIT(*) SI_UNIT($,.STERADIAN.) SOLID_ANGLE_UNIT() );
#7012 = UNCERTAINTY_MEASURE_WITH_UNIT(LENGTH_MEASURE(1.E-07),#7009,
  'distance_accuracy_value','confusion accuracy');
#7013 = CONTEXT_DEPENDENT_SHAPE_REPRESENTATION(#7014,#7016);
#7014 = ( REPRESENTATION_RELATIONSHIP('','',#6677,#10) 
REPRESENTATION_RELATIONSHIP_WITH_TRANSFORMATION(#7015) 
SHAPE_REPRESENTATION_RELATIONSHIP() );
#7015 = ITEM_DEFINED_TRANSFORMATION('','',#11,#91);
#7016 = PRODUCT_DEFINITION_SHAPE('Placement','Placement of an item',
  #7017);
#7017 = NEXT_ASSEMBLY_USAGE_OCCURRENCE('57','part19','',#5,#6672,$);
#7018 = PRODUCT_RELATED_PRODUCT_CATEGORY('part',$,(#6674));
#7019 = SHAPE_DEFINITION_REPRESENTATION(#7020,#7026);
#7020 = PRODUCT_DEFINITION_SHAPE('','',#7021);
#7021 = PRODUCT_DEFINITION('design','',#7022,#7025);
#7022 = PRODUCT_DEFINITION_FORMATION('','',#7023);
#7023 = PRODUCT('part20','part20','',(#7024));
#7024 = PRODUCT_CONTEXT('',#2,'mechanical');
#7025 = PRODUCT_DEFINITION_CONTEXT('part definition',#2,'design');
#7026 = ADVANCED_BREP_SHAPE_REPRESENTATION('',(#11,#7027),#7357);
#7027 = MANIFOLD_SOLID_BREP('',#7028);
#7028 = CLOSED_SHELL('',(#7029,#7149,#7249,#7296,#7343,#7350));
#7029 = ADVANCED_FACE('',(#7030),#7044,.F.);
#7030 = FACE_BOUND('',#7031,.F.);
#7031 = EDGE_LOOP('',(#7032,#7067,#7095,#7123));
#7032 = ORIENTED_EDGE('',*,*,#7033,.F.);
#7033 = EDGE_CURVE('',#7034,#7036,#7038,.T.);
#7034 = VERTEX_POINT('',#7035);
#7035 = CARTESIAN_POINT('',(3.8E+03,7.96E+03,1.21E+04));
#7036 = VERTEX_POINT('',#7037);
#7037 = CARTESIAN_POINT('',(3.8E+03,7.96E+03,1.39E+04));
#7038 = SURFACE_CURVE('',#7039,(#7043,#7055),.PCURVE_S1.);
#7039 = LINE('',#7040,#7041);
#7040 = CARTESIAN_POINT('',(3.8E+03,7.96E+03,1.21E+04));
#7041 = VECTOR('',#7042,1.);
#7042 = DIRECTION('',(0.,0.,1.));
#7043 = PCURVE('',#7044,#7049);
#7044 = PLANE('',#7045);
#7045 = AXIS2_PLACEMENT_3D('',#7046,#7047,#7048);
#7046 = CARTESIAN_POINT('',(3.8E+03,7.96E+03,1.21E+04));
#7047 = DIRECTION('',(1.,0.,0.));
#7048 = DIRECTION('',(0.,0.,1.));
#7049 = DEFINITIONAL_REPRESENTATION('',(#7050),#7054);
#7050 = LINE('',#7051,#7052);
#7051 = CARTESIAN_POINT('',(0.,0.));
#7052 = VECTOR('',#7053,1.);
#7053 = DIRECTION('',(1.,0.));
#7054 = ( GEOMETRIC_REPRESENTATION_CONTEXT(2) 
PARAMETRIC_REPRESENTATION_CONTEXT() REPRESENTATION_CONTEXT('2D SPACE',''
  ) );
#7055 = PCURVE('',#7056,#7061);
#7056 = PLANE('',#7057);
#7057 = AXIS2_PLACEMENT_3D('',#7058,#7059,#7060);
#7058 = CARTESIAN_POINT('',(3.8E+03,7.96E+03,1.21E+04));
#7059 = DIRECTION('',(0.,1.,0.));
#7060 = DIRECTION('',(0.,0.,1.));
#7061 = DEFINITIONAL_REPRESENTATION('',(#7062),#7066);
#7062 = LINE('',#7063,#7064);
#7063 = CARTESIAN_POINT('',(0.,0.));
#7064 = VECTOR('',#7065,1.);
#7065 = DIRECTION('',(1.,0.));
#7066 = ( GEOMETRIC_REPRESENTATION_CONTEXT(2) 
PARAMETRIC_REPRESENTATION_CONTEXT() REPRESENTATION_CONTEXT('2D SPACE',''
  ) );
#7067 = ORIENTED_EDGE('',*,*,#7068,.T.);
#7068 = EDGE_CURVE('',#7034,#7069,#7071,.T.);
#7069 = VERTEX_POINT('',#7070);
#7070 = CARTESIAN_POINT('',(3.8E+03,8.08E+03,1.21E+04));
#7071 = SURFACE_CURVE('',#7072,(#7076,#7083),.PCURVE_S1.);
#7072 = LINE('',#7073,#7074);
#7073 = CARTESIAN_POINT('',(3.8E+03,7.96E+03,1.21E+04));
#7074 = VECTOR('',#7075,1.);
#7075 = DIRECTION('',(0.,1.,0.));
#7076 = PCURVE('',#7044,#7077);
#7077 = DEFINITIONAL_REPRESENTATION('',(#7078),#7082);
#7078 = LINE('',#7079,#7080);
#7079 = CARTESIAN_POINT('',(0.,0.));
#7080 = VECTOR('',#7081,1.);
#7081 = DIRECTION('',(0.,-1.));
#7082 = ( GEOMETRIC_REPRESENTATION_CONTEXT(2) 
PARAMETRIC_REPRESENTATION_CONTEXT() REPRESENTATION_CONTEXT('2D SPACE',''
  ) );
#7083 = PCURVE('',#7084,#7089);
#7084 = PLANE('',#7085);
#7085 = AXIS2_PLACEMENT_3D('',#7086,#7087,#7088);
#7086 = CARTESIAN_POINT('',(3.8E+03,7.96E+03,1.21E+04));
#7087 = DIRECTION('',(0.,0.,1.));
#7088 = DIRECTION('',(1.,0.,0.));
#7089 = DEFINITIONAL_REPRESENTATION('',(#7090),#7094);
#7090 = LINE('',#7091,#7092);
#7091 = CARTESIAN_POINT('',(0.,0.));
#7092 = VECTOR('',#7093,1.);
#7093 = DIRECTION('',(0.,1.));
#7094 = ( GEOMETRIC_REPRESENTATION_CONTEXT(2) 
PARAMETRIC_REPRESENTATION_CONTEXT() REPRESENTATION_CONTEXT('2D SPACE',''
  ) );
#7095 = ORIENTED_EDGE('',*,*,#7096,.T.);
#7096 = EDGE_CURVE('',#7069,#7097,#7099,.T.);
#7097 = VERTEX_POINT('',#7098);
#7098 = CARTESIAN_POINT('',(3.8E+03,8.08E+03,1.39E+04));
#7099 = SURFACE_CURVE('',#7100,(#7104,#7111),.PCURVE_S1.);
#7100 = LINE('',#7101,#7102);
#7101 = CARTESIAN_POINT('',(3.8E+03,8.08E+03,1.21E+04));
#7102 = VECTOR('',#7103,1.);
#7103 = DIRECTION('',(0.,0.,1.));
#7104 = PCURVE('',#7044,#7105);
#7105 = DEFINITIONAL_REPRESENTATION('',(#7106),#7110);
#7106 = LINE('',#7107,#7108);
#7107 = CARTESIAN_POINT('',(0.,-120.));
#7108 = VECTOR('',#7109,1.);
#7109 = DIRECTION('',(1.,0.));
#7110 = ( GEOMETRIC_REPRESENTATION_CONTEXT(2) 
PARAMETRIC_REPRESENTATION_CONTEXT() REPRESENTATION_CONTEXT('2D SPACE',''
  ) );
#7111 = PCURVE('',#7112,#7117);
#7112 = PLANE('',#7113);
#7113 = AXIS2_PLACEMENT_3D('',#7114,#7115,#7116);
#7114 = CARTESIAN_POINT('',(3.8E+03,8.08E+03,1.21E+04));
#7115 = DIRECTION('',(0.,1.,0.));
#7116 = DIRECTION('',(0.,0.,1.));
#7117 = DEFINITIONAL_REPRESENTATION('',(#7118),#7122);
#7118 = LINE('',#7119,#7120);
#7119 = CARTESIAN_POINT('',(0.,0.));
#7120 = VECTOR('',#7121,1.);
#7121 = DIRECTION('',(1.,0.));
#7122 = ( GEOMETRIC_REPRESENTATION_CONTEXT(2) 
PARAMETRIC_REPRESENTATION_CONTEXT() REPRESENTATION_CONTEXT('2D SPACE',''
  ) );
#7123 = ORIENTED_EDGE('',*,*,#7124,.F.);
#7124 = EDGE_CURVE('',#7036,#7097,#7125,.T.);
#7125 = SURFACE_CURVE('',#7126,(#7130,#7137),.PCURVE_S1.);
#7126 = LINE('',#7127,#7128);
#7127 = CARTESIAN_POINT('',(3.8E+03,7.96E+03,1.39E+04));
#7128 = VECTOR('',#7129,1.);
#7129 = DIRECTION('',(0.,1.,0.));
#7130 = PCURVE('',#7044,#7131);
#7131 = DEFINITIONAL_REPRESENTATION('',(#7132),#7136);
#7132 = LINE('',#7133,#7134);
#7133 = CARTESIAN_POINT('',(1.8E+03,0.));
#7134 = VECTOR('',#7135,1.);
#7135 = DIRECTION('',(0.,-1.));
#7136 = ( GEOMETRIC_REPRESENTATION_CONTEXT(2) 
PARAMETRIC_REPRESENTATION_CONTEXT() REPRESENTATION_CONTEXT('2D SPACE',''
  ) );
#7137 = PCURVE('',#7138,#7143);
#7138 = PLANE('',#7139);
#7139 = AXIS2_PLACEMENT_3D('',#7140,#7141,#7142);
#7140 = CARTESIAN_POINT('',(3.8E+03,7.96E+03,1.39E+04));
#7141 = DIRECTION('',(0.,0.,1.));
#7142 = DIRECTION('',(1.,0.,0.));
#7143 = DEFINITIONAL_REPRESENTATION('',(#7144),#7148);
#7144 = LINE('',#7145,#7146);
#7145 = CARTESIAN_POINT('',(0.,0.));
#7146 = VECTOR('',#7147,1.);
#7147 = DIRECTION('',(0.,1.));
#7148 = ( GEOMETRIC_REPRESENTATION_CONTEXT(2) 
PARAMETRIC_REPRESENTATION_CONTEXT() REPRESENTATION_CONTEXT('2D SPACE',''
  ) );
#7149 = ADVANCED_FACE('',(#7150),#7164,.T.);
#7150 = FACE_BOUND('',#7151,.T.);
#7151 = EDGE_LOOP('',(#7152,#7182,#7205,#7228));
#7152 = ORIENTED_EDGE('',*,*,#7153,.F.);
#7153 = EDGE_CURVE('',#7154,#7156,#7158,.T.);
#7154 = VERTEX_POINT('',#7155);
#7155 = CARTESIAN_POINT('',(5.2E+03,7.96E+03,1.21E+04));
#7156 = VERTEX_POINT('',#7157);
#7157 = CARTESIAN_POINT('',(5.2E+03,7.96E+03,1.39E+04));
#7158 = SURFACE_CURVE('',#7159,(#7163,#7175),.PCURVE_S1.);
#7159 = LINE('',#7160,#7161);
#7160 = CARTESIAN_POINT('',(5.2E+03,7.96E+03,1.21E+04));
#7161 = VECTOR('',#7162,1.);
#7162 = DIRECTION('',(0.,0.,1.));
#7163 = PCURVE('',#7164,#7169);
#7164 = PLANE('',#7165);
#7165 = AXIS2_PLACEMENT_3D('',#7166,#7167,#7168);
#7166 = CARTESIAN_POINT('',(5.2E+03,7.96E+03,1.21E+04));
#7167 = DIRECTION('',(1.,0.,0.));
#7168 = DIRECTION('',(0.,0.,1.));
#7169 = DEFINITIONAL_REPRESENTATION('',(#7170),#7174);
#7170 = LINE('',#7171,#7172);
#7171 = CARTESIAN_POINT('',(0.,0.));
#7172 = VECTOR('',#7173,1.);
#7173 = DIRECTION('',(1.,0.));
#7174 = ( GEOMETRIC_REPRESENTATION_CONTEXT(2) 
PARAMETRIC_REPRESENTATION_CONTEXT() REPRESENTATION_CONTEXT('2D SPACE',''
  ) );
#7175 = PCURVE('',#7056,#7176);
#7176 = DEFINITIONAL_REPRESENTATION('',(#7177),#7181);
#7177 = LINE('',#7178,#7179);
#7178 = CARTESIAN_POINT('',(0.,1.4E+03));
#7179 = VECTOR('',#7180,1.);
#7180 = DIRECTION('',(1.,0.));
#7181 = ( GEOMETRIC_REPRESENTATION_CONTEXT(2) 
PARAMETRIC_REPRESENTATION_CONTEXT() REPRESENTATION_CONTEXT('2D SPACE',''
  ) );
#7182 = ORIENTED_EDGE('',*,*,#7183,.T.);
#7183 = EDGE_CURVE('',#7154,#7184,#7186,.T.);
#7184 = VERTEX_POINT('',#7185);
#7185 = CARTESIAN_POINT('',(5.2E+03,8.08E+03,1.21E+04));
#7186 = SURFACE_CURVE('',#7187,(#7191,#7198),.PCURVE_S1.);
#7187 = LINE('',#7188,#7189);
#7188 = CARTESIAN_POINT('',(5.2E+03,7.96E+03,1.21E+04));
#7189 = VECTOR('',#7190,1.);
#7190 = DIRECTION('',(0.,1.,0.));
#7191 = PCURVE('',#7164,#7192);
#7192 = DEFINITIONAL_REPRESENTATION('',(#7193),#7197);
#7193 = LINE('',#7194,#7195);
#7194 = CARTESIAN_POINT('',(0.,0.));
#7195 = VECTOR('',#7196,1.);
#7196 = DIRECTION('',(0.,-1.));
#7197 = ( GEOMETRIC_REPRESENTATION_CONTEXT(2) 
PARAMETRIC_REPRESENTATION_CONTEXT() REPRESENTATION_CONTEXT('2D SPACE',''
  ) );
#7198 = PCURVE('',#7084,#7199);
#7199 = DEFINITIONAL_REPRESENTATION('',(#7200),#7204);
#7200 = LINE('',#7201,#7202);
#7201 = CARTESIAN_POINT('',(1.4E+03,0.));
#7202 = VECTOR('',#7203,1.);
#7203 = DIRECTION('',(0.,1.));
#7204 = ( GEOMETRIC_REPRESENTATION_CONTEXT(2) 
PARAMETRIC_REPRESENTATION_CONTEXT() REPRESENTATION_CONTEXT('2D SPACE',''
  ) );
#7205 = ORIENTED_EDGE('',*,*,#7206,.T.);
#7206 = EDGE_CURVE('',#7184,#7207,#7209,.T.);
#7207 = VERTEX_POINT('',#7208);
#7208 = CARTESIAN_POINT('',(5.2E+03,8.08E+03,1.39E+04));
#7209 = SURFACE_CURVE('',#7210,(#7214,#7221),.PCURVE_S1.);
#7210 = LINE('',#7211,#7212);
#7211 = CARTESIAN_POINT('',(5.2E+03,8.08E+03,1.21E+04));
#7212 = VECTOR('',#7213,1.);
#7213 = DIRECTION('',(0.,0.,1.));
#7214 = PCURVE('',#7164,#7215);
#7215 = DEFINITIONAL_REPRESENTATION('',(#7216),#7220);
#7216 = LINE('',#7217,#7218);
#7217 = CARTESIAN_POINT('',(0.,-120.));
#7218 = VECTOR('',#7219,1.);
#7219 = DIRECTION('',(1.,0.));
#7220 = ( GEOMETRIC_REPRESENTATION_CONTEXT(2) 
PARAMETRIC_REPRESENTATION_CONTEXT() REPRESENTATION_CONTEXT('2D SPACE',''
  ) );
#7221 = PCURVE('',#7112,#7222);
#7222 = DEFINITIONAL_REPRESENTATION('',(#7223),#7227);
#7223 = LINE('',#7224,#7225);
#7224 = CARTESIAN_POINT('',(0.,1.4E+03));
#7225 = VECTOR('',#7226,1.);
#7226 = DIRECTION('',(1.,0.));
#7227 = ( GEOMETRIC_REPRESENTATION_CONTEXT(2) 
PARAMETRIC_REPRESENTATION_CONTEXT() REPRESENTATION_CONTEXT('2D SPACE',''
  ) );
#7228 = ORIENTED_EDGE('',*,*,#7229,.F.);
#7229 = EDGE_CURVE('',#7156,#7207,#7230,.T.);
#7230 = SURFACE_CURVE('',#7231,(#7235,#7242),.PCURVE_S1.);
#7231 = LINE('',#7232,#7233);
#7232 = CARTESIAN_POINT('',(5.2E+03,7.96E+03,1.39E+04));
#7233 = VECTOR('',#7234,1.);
#7234 = DIRECTION('',(0.,1.,0.));
#7235 = PCURVE('',#7164,#7236);
#7236 = DEFINITIONAL_REPRESENTATION('',(#7237),#7241);
#7237 = LINE('',#7238,#7239);
#7238 = CARTESIAN_POINT('',(1.8E+03,0.));
#7239 = VECTOR('',#7240,1.);
#7240 = DIRECTION('',(0.,-1.));
#7241 = ( GEOMETRIC_REPRESENTATION_CONTEXT(2) 
PARAMETRIC_REPRESENTATION_CONTEXT() REPRESENTATION_CONTEXT('2D SPACE',''
  ) );
#7242 = PCURVE('',#7138,#7243);
#7243 = DEFINITIONAL_REPRESENTATION('',(#7244),#7248);
#7244 = LINE('',#7245,#7246);
#7245 = CARTESIAN_POINT('',(1.4E+03,0.));
#7246 = VECTOR('',#7247,1.);
#7247 = DIRECTION('',(0.,1.));
#7248 = ( GEOMETRIC_REPRESENTATION_CONTEXT(2) 
PARAMETRIC_REPRESENTATION_CONTEXT() REPRESENTATION_CONTEXT('2D SPACE',''
  ) );
#7249 = ADVANCED_FACE('',(#7250),#7056,.F.);
#7250 = FACE_BOUND('',#7251,.F.);
#7251 = EDGE_LOOP('',(#7252,#7273,#7274,#7295));
#7252 = ORIENTED_EDGE('',*,*,#7253,.F.);
#7253 = EDGE_CURVE('',#7034,#7154,#7254,.T.);
#7254 = SURFACE_CURVE('',#7255,(#7259,#7266),.PCURVE_S1.);
#7255 = LINE('',#7256,#7257);
#7256 = CARTESIAN_POINT('',(3.8E+03,7.96E+03,1.21E+04));
#7257 = VECTOR('',#7258,1.);
#7258 = DIRECTION('',(1.,0.,0.));
#7259 = PCURVE('',#7056,#7260);
#7260 = DEFINITIONAL_REPRESENTATION('',(#7261),#7265);
#7261 = LINE('',#7262,#7263);
#7262 = CARTESIAN_POINT('',(0.,0.));
#7263 = VECTOR('',#7264,1.);
#7264 = DIRECTION('',(0.,1.));
#7265 = ( GEOMETRIC_REPRESENTATION_CONTEXT(2) 
PARAMETRIC_REPRESENTATION_CONTEXT() REPRESENTATION_CONTEXT('2D SPACE',''
  ) );
#7266 = PCURVE('',#7084,#7267);
#7267 = DEFINITIONAL_REPRESENTATION('',(#7268),#7272);
#7268 = LINE('',#7269,#7270);
#7269 = CARTESIAN_POINT('',(0.,0.));
#7270 = VECTOR('',#7271,1.);
#7271 = DIRECTION('',(1.,0.));
#7272 = ( GEOMETRIC_REPRESENTATION_CONTEXT(2) 
PARAMETRIC_REPRESENTATION_CONTEXT() REPRESENTATION_CONTEXT('2D SPACE',''
  ) );
#7273 = ORIENTED_EDGE('',*,*,#7033,.T.);
#7274 = ORIENTED_EDGE('',*,*,#7275,.T.);
#7275 = EDGE_CURVE('',#7036,#7156,#7276,.T.);
#7276 = SURFACE_CURVE('',#7277,(#7281,#7288),.PCURVE_S1.);
#7277 = LINE('',#7278,#7279);
#7278 = CARTESIAN_POINT('',(3.8E+03,7.96E+03,1.39E+04));
#7279 = VECTOR('',#7280,1.);
#7280 = DIRECTION('',(1.,0.,0.));
#7281 = PCURVE('',#7056,#7282);
#7282 = DEFINITIONAL_REPRESENTATION('',(#7283),#7287);
#7283 = LINE('',#7284,#7285);
#7284 = CARTESIAN_POINT('',(1.8E+03,0.));
#7285 = VECTOR('',#7286,1.);
#7286 = DIRECTION('',(0.,1.));
#7287 = ( GEOMETRIC_REPRESENTATION_CONTEXT(2) 
PARAMETRIC_REPRESENTATION_CONTEXT() REPRESENTATION_CONTEXT('2D SPACE',''
  ) );
#7288 = PCURVE('',#7138,#7289);
#7289 = DEFINITIONAL_REPRESENTATION('',(#7290),#7294);
#7290 = LINE('',#7291,#7292);
#7291 = CARTESIAN_POINT('',(0.,0.));
#7292 = VECTOR('',#7293,1.);
#7293 = DIRECTION('',(1.,0.));
#7294 = ( GEOMETRIC_REPRESENTATION_CONTEXT(2) 
PARAMETRIC_REPRESENTATION_CONTEXT() REPRESENTATION_CONTEXT('2D SPACE',''
  ) );
#7295 = ORIENTED_EDGE('',*,*,#7153,.F.);
#7296 = ADVANCED_FACE('',(#7297),#7112,.T.);
#7297 = FACE_BOUND('',#7298,.T.);
#7298 = EDGE_LOOP('',(#7299,#7320,#7321,#7342));
#7299 = ORIENTED_EDGE('',*,*,#7300,.F.);
#7300 = EDGE_CURVE('',#7069,#7184,#7301,.T.);
#7301 = SURFACE_CURVE('',#7302,(#7306,#7313),.PCURVE_S1.);
#7302 = LINE('',#7303,#7304);
#7303 = CARTESIAN_POINT('',(3.8E+03,8.08E+03,1.21E+04));
#7304 = VECTOR('',#7305,1.);
#7305 = DIRECTION('',(1.,0.,0.));
#7306 = PCURVE('',#7112,#7307);
#7307 = DEFINITIONAL_REPRESENTATION('',(#7308),#7312);
#7308 = LINE('',#7309,#7310);
#7309 = CARTESIAN_POINT('',(0.,0.));
#7310 = VECTOR('',#7311,1.);
#7311 = DIRECTION('',(0.,1.));
#7312 = ( GEOMETRIC_REPRESENTATION_CONTEXT(2) 
PARAMETRIC_REPRESENTATION_CONTEXT() REPRESENTATION_CONTEXT('2D SPACE',''
  ) );
#7313 = PCURVE('',#7084,#7314);
#7314 = DEFINITIONAL_REPRESENTATION('',(#7315),#7319);
#7315 = LINE('',#7316,#7317);
#7316 = CARTESIAN_POINT('',(0.,120.));
#7317 = VECTOR('',#7318,1.);
#7318 = DIRECTION('',(1.,0.));
#7319 = ( GEOMETRIC_REPRESENTATION_CONTEXT(2) 
PARAMETRIC_REPRESENTATION_CONTEXT() REPRESENTATION_CONTEXT('2D SPACE',''
  ) );
#7320 = ORIENTED_EDGE('',*,*,#7096,.T.);
#7321 = ORIENTED_EDGE('',*,*,#7322,.T.);
#7322 = EDGE_CURVE('',#7097,#7207,#7323,.T.);
#7323 = SURFACE_CURVE('',#7324,(#7328,#7335),.PCURVE_S1.);
#7324 = LINE('',#7325,#7326);
#7325 = CARTESIAN_POINT('',(3.8E+03,8.08E+03,1.39E+04));
#7326 = VECTOR('',#7327,1.);
#7327 = DIRECTION('',(1.,0.,0.));
#7328 = PCURVE('',#7112,#7329);
#7329 = DEFINITIONAL_REPRESENTATION('',(#7330),#7334);
#7330 = LINE('',#7331,#7332);
#7331 = CARTESIAN_POINT('',(1.8E+03,0.));
#7332 = VECTOR('',#7333,1.);
#7333 = DIRECTION('',(0.,1.));
#7334 = ( GEOMETRIC_REPRESENTATION_CONTEXT(2) 
PARAMETRIC_REPRESENTATION_CONTEXT() REPRESENTATION_CONTEXT('2D SPACE',''
  ) );
#7335 = PCURVE('',#7138,#7336);
#7336 = DEFINITIONAL_REPRESENTATION('',(#7337),#7341);
#7337 = LINE('',#7338,#7339);
#7338 = CARTESIAN_POINT('',(0.,120.));
#7339 = VECTOR('',#7340,1.);
#7340 = DIRECTION('',(1.,0.));
#7341 = ( GEOMETRIC_REPRESENTATION_CONTEXT(2) 
PARAMETRIC_REPRESENTATION_CONTEXT() REPRESENTATION_CONTEXT('2D SPACE',''
  ) );
#7342 = ORIENTED_EDGE('',*,*,#7206,.F.);
#7343 = ADVANCED_FACE('',(#7344),#7084,.F.);
#7344 = FACE_BOUND('',#7345,.F.);
#7345 = EDGE_LOOP('',(#7346,#7347,#7348,#7349));
#7346 = ORIENTED_EDGE('',*,*,#7068,.F.);
#7347 = ORIENTED_EDGE('',*,*,#7253,.T.);
#7348 = ORIENTED_EDGE('',*,*,#7183,.T.);
#7349 = ORIENTED_EDGE('',*,*,#7300,.F.);
#7350 = ADVANCED_FACE('',(#7351),#7138,.T.);
#7351 = FACE_BOUND('',#7352,.T.);
#7352 = EDGE_LOOP('',(#7353,#7354,#7355,#7356));
#7353 = ORIENTED_EDGE('',*,*,#7124,.F.);
#7354 = ORIENTED_EDGE('',*,*,#7275,.T.);
#7355 = ORIENTED_EDGE('',*,*,#7229,.T.);
#7356 = ORIENTED_EDGE('',*,*,#7322,.F.);
#7357 = ( GEOMETRIC_REPRESENTATION_CONTEXT(3) 
GLOBAL_UNCERTAINTY_ASSIGNED_CONTEXT((#7361)) 
GLOBAL_UNIT_ASSIGNED_CONTEXT((#7358,#7359,#7360)) REPRESENTATION_CONTEXT
('Context #1','3D Context with UNIT and UNCERTAINTY') );
#7358 = ( LENGTH_UNIT() NAMED_UNIT(*) SI_UNIT(.MILLI.,.METRE.) );
#7359 = ( NAMED_UNIT(*) PLANE_ANGLE_UNIT() SI_UNIT($,.RADIAN.) );
#7360 = ( NAMED_UNIT(*) SI_UNIT($,.STERADIAN.) SOLID_ANGLE_UNIT() );
#7361 = UNCERTAINTY_MEASURE_WITH_UNIT(LENGTH_MEASURE(1.E-07),#7358,
  'distance_accuracy_value','confusion accuracy');
#7362 = CONTEXT_DEPENDENT_SHAPE_REPRESENTATION(#7363,#7365);
#7363 = ( REPRESENTATION_RELATIONSHIP('','',#7026,#10) 
REPRESENTATION_RELATIONSHIP_WITH_TRANSFORMATION(#7364) 
SHAPE_REPRESENTATION_RELATIONSHIP() );
#7364 = ITEM_DEFINED_TRANSFORMATION('','',#11,#95);
#7365 = PRODUCT_DEFINITION_SHAPE('Placement','Placement of an item',
  #7366);
#7366 = NEXT_ASSEMBLY_USAGE_OCCURRENCE('58','part20','',#5,#7021,$);
#7367 = PRODUCT_RELATED_PRODUCT_CATEGORY('part',$,(#7023));
#7368 = SHAPE_DEFINITION_REPRESENTATION(#7369,#7375);
#7369 = PRODUCT_DEFINITION_SHAPE('','',#7370);
#7370 = PRODUCT_DEFINITION('design','',#7371,#7374);
#7371 = PRODUCT_DEFINITION_FORMATION('','',#7372);
#7372 = PRODUCT('part21','part21','',(#7373));
#7373 = PRODUCT_CONTEXT('',#2,'mechanical');
#7374 = PRODUCT_DEFINITION_CONTEXT('part definition',#2,'design');
#7375 = ADVANCED_BREP_SHAPE_REPRESENTATION('',(#11,#7376),#7706);
#7376 = MANIFOLD_SOLID_BREP('',#7377);
#7377 = CLOSED_SHELL('',(#7378,#7498,#7598,#7645,#7692,#7699));
#7378 = ADVANCED_FACE('',(#7379),#7393,.F.);
#7379 = FACE_BOUND('',#7380,.F.);
#7380 = EDGE_LOOP('',(#7381,#7416,#7444,#7472));
#7381 = ORIENTED_EDGE('',*,*,#7382,.F.);
#7382 = EDGE_CURVE('',#7383,#7385,#7387,.T.);
#7383 = VERTEX_POINT('',#7384);
#7384 = CARTESIAN_POINT('',(8.3E+03,7.96E+03,1.21E+04));
#7385 = VERTEX_POINT('',#7386);
#7386 = CARTESIAN_POINT('',(8.3E+03,7.96E+03,1.39E+04));
#7387 = SURFACE_CURVE('',#7388,(#7392,#7404),.PCURVE_S1.);
#7388 = LINE('',#7389,#7390);
#7389 = CARTESIAN_POINT('',(8.3E+03,7.96E+03,1.21E+04));
#7390 = VECTOR('',#7391,1.);
#7391 = DIRECTION('',(0.,0.,1.));
#7392 = PCURVE('',#7393,#7398);
#7393 = PLANE('',#7394);
#7394 = AXIS2_PLACEMENT_3D('',#7395,#7396,#7397);
#7395 = CARTESIAN_POINT('',(8.3E+03,7.96E+03,1.21E+04));
#7396 = DIRECTION('',(1.,0.,0.));
#7397 = DIRECTION('',(0.,0.,1.));
#7398 = DEFINITIONAL_REPRESENTATION('',(#7399),#7403);
#7399 = LINE('',#7400,#7401);
#7400 = CARTESIAN_POINT('',(0.,0.));
#7401 = VECTOR('',#7402,1.);
#7402 = DIRECTION('',(1.,0.));
#7403 = ( GEOMETRIC_REPRESENTATION_CONTEXT(2) 
PARAMETRIC_REPRESENTATION_CONTEXT() REPRESENTATION_CONTEXT('2D SPACE',''
  ) );
#7404 = PCURVE('',#7405,#7410);
#7405 = PLANE('',#7406);
#7406 = AXIS2_PLACEMENT_3D('',#7407,#7408,#7409);
#7407 = CARTESIAN_POINT('',(8.3E+03,7.96E+03,1.21E+04));
#7408 = DIRECTION('',(0.,1.,0.));
#7409 = DIRECTION('',(0.,0.,1.));
#7410 = DEFINITIONAL_REPRESENTATION('',(#7411),#7415);
#7411 = LINE('',#7412,#7413);
#7412 = CARTESIAN_POINT('',(0.,0.));
#7413 = VECTOR('',#7414,1.);
#7414 = DIRECTION('',(1.,0.));
#7415 = ( GEOMETRIC_REPRESENTATION_CONTEXT(2) 
PARAMETRIC_REPRESENTATION_CONTEXT() REPRESENTATION_CONTEXT('2D SPACE',''
  ) );
#7416 = ORIENTED_EDGE('',*,*,#7417,.T.);
#7417 = EDGE_CURVE('',#7383,#7418,#7420,.T.);
#7418 = VERTEX_POINT('',#7419);
#7419 = CARTESIAN_POINT('',(8.3E+03,8.08E+03,1.21E+04));
#7420 = SURFACE_CURVE('',#7421,(#7425,#7432),.PCURVE_S1.);
#7421 = LINE('',#7422,#7423);
#7422 = CARTESIAN_POINT('',(8.3E+03,7.96E+03,1.21E+04));
#7423 = VECTOR('',#7424,1.);
#7424 = DIRECTION('',(0.,1.,0.));
#7425 = PCURVE('',#7393,#7426);
#7426 = DEFINITIONAL_REPRESENTATION('',(#7427),#7431);
#7427 = LINE('',#7428,#7429);
#7428 = CARTESIAN_POINT('',(0.,0.));
#7429 = VECTOR('',#7430,1.);
#7430 = DIRECTION('',(0.,-1.));
#7431 = ( GEOMETRIC_REPRESENTATION_CONTEXT(2) 
PARAMETRIC_REPRESENTATION_CONTEXT() REPRESENTATION_CONTEXT('2D SPACE',''
  ) );
#7432 = PCURVE('',#7433,#7438);
#7433 = PLANE('',#7434);
#7434 = AXIS2_PLACEMENT_3D('',#7435,#7436,#7437);
#7435 = CARTESIAN_POINT('',(8.3E+03,7.96E+03,1.21E+04));
#7436 = DIRECTION('',(0.,0.,1.));
#7437 = DIRECTION('',(1.,0.,0.));
#7438 = DEFINITIONAL_REPRESENTATION('',(#7439),#7443);
#7439 = LINE('',#7440,#7441);
#7440 = CARTESIAN_POINT('',(0.,0.));
#7441 = VECTOR('',#7442,1.);
#7442 = DIRECTION('',(0.,1.));
#7443 = ( GEOMETRIC_REPRESENTATION_CONTEXT(2) 
PARAMETRIC_REPRESENTATION_CONTEXT() REPRESENTATION_CONTEXT('2D SPACE',''
  ) );
#7444 = ORIENTED_EDGE('',*,*,#7445,.T.);
#7445 = EDGE_CURVE('',#7418,#7446,#7448,.T.);
#7446 = VERTEX_POINT('',#7447);
#7447 = CARTESIAN_POINT('',(8.3E+03,8.08E+03,1.39E+04));
#7448 = SURFACE_CURVE('',#7449,(#7453,#7460),.PCURVE_S1.);
#7449 = LINE('',#7450,#7451);
#7450 = CARTESIAN_POINT('',(8.3E+03,8.08E+03,1.21E+04));
#7451 = VECTOR('',#7452,1.);
#7452 = DIRECTION('',(0.,0.,1.));
#7453 = PCURVE('',#7393,#7454);
#7454 = DEFINITIONAL_REPRESENTATION('',(#7455),#7459);
#7455 = LINE('',#7456,#7457);
#7456 = CARTESIAN_POINT('',(0.,-120.));
#7457 = VECTOR('',#7458,1.);
#7458 = DIRECTION('',(1.,0.));
#7459 = ( GEOMETRIC_REPRESENTATION_CONTEXT(2) 
PARAMETRIC_REPRESENTATION_CONTEXT() REPRESENTATION_CONTEXT('2D SPACE',''
  ) );
#7460 = PCURVE('',#7461,#7466);
#7461 = PLANE('',#7462);
#7462 = AXIS2_PLACEMENT_3D('',#7463,#7464,#7465);
#7463 = CARTESIAN_POINT('',(8.3E+03,8.08E+03,1.21E+04));
#7464 = DIRECTION('',(0.,1.,0.));
#7465 = DIRECTION('',(0.,0.,1.));
#7466 = DEFINITIONAL_REPRESENTATION('',(#7467),#7471);
#7467 = LINE('',#7468,#7469);
#7468 = CARTESIAN_POINT('',(0.,0.));
#7469 = VECTOR('',#7470,1.);
#7470 = DIRECTION('',(1.,0.));
#7471 = ( GEOMETRIC_REPRESENTATION_CONTEXT(2) 
PARAMETRIC_REPRESENTATION_CONTEXT() REPRESENTATION_CONTEXT('2D SPACE',''
  ) );
#7472 = ORIENTED_EDGE('',*,*,#7473,.F.);
#7473 = EDGE_CURVE('',#7385,#7446,#7474,.T.);
#7474 = SURFACE_CURVE('',#7475,(#7479,#7486),.PCURVE_S1.);
#7475 = LINE('',#7476,#7477);
#7476 = CARTESIAN_POINT('',(8.3E+03,7.96E+03,1.39E+04));
#7477 = VECTOR('',#7478,1.);
#7478 = DIRECTION('',(0.,1.,0.));
#7479 = PCURVE('',#7393,#7480);
#7480 = DEFINITIONAL_REPRESENTATION('',(#7481),#7485);
#7481 = LINE('',#7482,#7483);
#7482 = CARTESIAN_POINT('',(1.8E+03,0.));
#7483 = VECTOR('',#7484,1.);
#7484 = DIRECTION('',(0.,-1.));
#7485 = ( GEOMETRIC_REPRESENTATION_CONTEXT(2) 
PARAMETRIC_REPRESENTATION_CONTEXT() REPRESENTATION_CONTEXT('2D SPACE',''
  ) );
#7486 = PCURVE('',#7487,#7492);
#7487 = PLANE('',#7488);
#7488 = AXIS2_PLACEMENT_3D('',#7489,#7490,#7491);
#7489 = CARTESIAN_POINT('',(8.3E+03,7.96E+03,1.39E+04));
#7490 = DIRECTION('',(0.,0.,1.));
#7491 = DIRECTION('',(1.,0.,0.));
#7492 = DEFINITIONAL_REPRESENTATION('',(#7493),#7497);
#7493 = LINE('',#7494,#7495);
#7494 = CARTESIAN_POINT('',(0.,0.));
#7495 = VECTOR('',#7496,1.);
#7496 = DIRECTION('',(0.,1.));
#7497 = ( GEOMETRIC_REPRESENTATION_CONTEXT(2) 
PARAMETRIC_REPRESENTATION_CONTEXT() REPRESENTATION_CONTEXT('2D SPACE',''
  ) );
#7498 = ADVANCED_FACE('',(#7499),#7513,.T.);
#7499 = FACE_BOUND('',#7500,.T.);
#7500 = EDGE_LOOP('',(#7501,#7531,#7554,#7577));
#7501 = ORIENTED_EDGE('',*,*,#7502,.F.);
#7502 = EDGE_CURVE('',#7503,#7505,#7507,.T.);
#7503 = VERTEX_POINT('',#7504);
#7504 = CARTESIAN_POINT('',(9.7E+03,7.96E+03,1.21E+04));
#7505 = VERTEX_POINT('',#7506);
#7506 = CARTESIAN_POINT('',(9.7E+03,7.96E+03,1.39E+04));
#7507 = SURFACE_CURVE('',#7508,(#7512,#7524),.PCURVE_S1.);
#7508 = LINE('',#7509,#7510);
#7509 = CARTESIAN_POINT('',(9.7E+03,7.96E+03,1.21E+04));
#7510 = VECTOR('',#7511,1.);
#7511 = DIRECTION('',(0.,0.,1.));
#7512 = PCURVE('',#7513,#7518);
#7513 = PLANE('',#7514);
#7514 = AXIS2_PLACEMENT_3D('',#7515,#7516,#7517);
#7515 = CARTESIAN_POINT('',(9.7E+03,7.96E+03,1.21E+04));
#7516 = DIRECTION('',(1.,0.,0.));
#7517 = DIRECTION('',(0.,0.,1.));
#7518 = DEFINITIONAL_REPRESENTATION('',(#7519),#7523);
#7519 = LINE('',#7520,#7521);
#7520 = CARTESIAN_POINT('',(0.,0.));
#7521 = VECTOR('',#7522,1.);
#7522 = DIRECTION('',(1.,0.));
#7523 = ( GEOMETRIC_REPRESENTATION_CONTEXT(2) 
PARAMETRIC_REPRESENTATION_CONTEXT() REPRESENTATION_CONTEXT('2D SPACE',''
  ) );
#7524 = PCURVE('',#7405,#7525);
#7525 = DEFINITIONAL_REPRESENTATION('',(#7526),#7530);
#7526 = LINE('',#7527,#7528);
#7527 = CARTESIAN_POINT('',(0.,1.4E+03));
#7528 = VECTOR('',#7529,1.);
#7529 = DIRECTION('',(1.,0.));
#7530 = ( GEOMETRIC_REPRESENTATION_CONTEXT(2) 
PARAMETRIC_REPRESENTATION_CONTEXT() REPRESENTATION_CONTEXT('2D SPACE',''
  ) );
#7531 = ORIENTED_EDGE('',*,*,#7532,.T.);
#7532 = EDGE_CURVE('',#7503,#7533,#7535,.T.);
#7533 = VERTEX_POINT('',#7534);
#7534 = CARTESIAN_POINT('',(9.7E+03,8.08E+03,1.21E+04));
#7535 = SURFACE_CURVE('',#7536,(#7540,#7547),.PCURVE_S1.);
#7536 = LINE('',#7537,#7538);
#7537 = CARTESIAN_POINT('',(9.7E+03,7.96E+03,1.21E+04));
#7538 = VECTOR('',#7539,1.);
#7539 = DIRECTION('',(0.,1.,0.));
#7540 = PCURVE('',#7513,#7541);
#7541 = DEFINITIONAL_REPRESENTATION('',(#7542),#7546);
#7542 = LINE('',#7543,#7544);
#7543 = CARTESIAN_POINT('',(0.,0.));
#7544 = VECTOR('',#7545,1.);
#7545 = DIRECTION('',(0.,-1.));
#7546 = ( GEOMETRIC_REPRESENTATION_CONTEXT(2) 
PARAMETRIC_REPRESENTATION_CONTEXT() REPRESENTATION_CONTEXT('2D SPACE',''
  ) );
#7547 = PCURVE('',#7433,#7548);
#7548 = DEFINITIONAL_REPRESENTATION('',(#7549),#7553);
#7549 = LINE('',#7550,#7551);
#7550 = CARTESIAN_POINT('',(1.4E+03,0.));
#7551 = VECTOR('',#7552,1.);
#7552 = DIRECTION('',(0.,1.));
#7553 = ( GEOMETRIC_REPRESENTATION_CONTEXT(2) 
PARAMETRIC_REPRESENTATION_CONTEXT() REPRESENTATION_CONTEXT('2D SPACE',''
  ) );
#7554 = ORIENTED_EDGE('',*,*,#7555,.T.);
#7555 = EDGE_CURVE('',#7533,#7556,#7558,.T.);
#7556 = VERTEX_POINT('',#7557);
#7557 = CARTESIAN_POINT('',(9.7E+03,8.08E+03,1.39E+04));
#7558 = SURFACE_CURVE('',#7559,(#7563,#7570),.PCURVE_S1.);
#7559 = LINE('',#7560,#7561);
#7560 = CARTESIAN_POINT('',(9.7E+03,8.08E+03,1.21E+04));
#7561 = VECTOR('',#7562,1.);
#7562 = DIRECTION('',(0.,0.,1.));
#7563 = PCURVE('',#7513,#7564);
#7564 = DEFINITIONAL_REPRESENTATION('',(#7565),#7569);
#7565 = LINE('',#7566,#7567);
#7566 = CARTESIAN_POINT('',(0.,-120.));
#7567 = VECTOR('',#7568,1.);
#7568 = DIRECTION('',(1.,0.));
#7569 = ( GEOMETRIC_REPRESENTATION_CONTEXT(2) 
PARAMETRIC_REPRESENTATION_CONTEXT() REPRESENTATION_CONTEXT('2D SPACE',''
  ) );
#7570 = PCURVE('',#7461,#7571);
#7571 = DEFINITIONAL_REPRESENTATION('',(#7572),#7576);
#7572 = LINE('',#7573,#7574);
#7573 = CARTESIAN_POINT('',(0.,1.4E+03));
#7574 = VECTOR('',#7575,1.);
#7575 = DIRECTION('',(1.,0.));
#7576 = ( GEOMETRIC_REPRESENTATION_CONTEXT(2) 
PARAMETRIC_REPRESENTATION_CONTEXT() REPRESENTATION_CONTEXT('2D SPACE',''
  ) );
#7577 = ORIENTED_EDGE('',*,*,#7578,.F.);
#7578 = EDGE_CURVE('',#7505,#7556,#7579,.T.);
#7579 = SURFACE_CURVE('',#7580,(#7584,#7591),.PCURVE_S1.);
#7580 = LINE('',#7581,#7582);
#7581 = CARTESIAN_POINT('',(9.7E+03,7.96E+03,1.39E+04));
#7582 = VECTOR('',#7583,1.);
#7583 = DIRECTION('',(0.,1.,0.));
#7584 = PCURVE('',#7513,#7585);
#7585 = DEFINITIONAL_REPRESENTATION('',(#7586),#7590);
#7586 = LINE('',#7587,#7588);
#7587 = CARTESIAN_POINT('',(1.8E+03,0.));
#7588 = VECTOR('',#7589,1.);
#7589 = DIRECTION('',(0.,-1.));
#7590 = ( GEOMETRIC_REPRESENTATION_CONTEXT(2) 
PARAMETRIC_REPRESENTATION_CONTEXT() REPRESENTATION_CONTEXT('2D SPACE',''
  ) );
#7591 = PCURVE('',#7487,#7592);
#7592 = DEFINITIONAL_REPRESENTATION('',(#7593),#7597);
#7593 = LINE('',#7594,#7595);
#7594 = CARTESIAN_POINT('',(1.4E+03,0.));
#7595 = VECTOR('',#7596,1.);
#7596 = DIRECTION('',(0.,1.));
#7597 = ( GEOMETRIC_REPRESENTATION_CONTEXT(2) 
PARAMETRIC_REPRESENTATION_CONTEXT() REPRESENTATION_CONTEXT('2D SPACE',''
  ) );
#7598 = ADVANCED_FACE('',(#7599),#7405,.F.);
#7599 = FACE_BOUND('',#7600,.F.);
#7600 = EDGE_LOOP('',(#7601,#7622,#7623,#7644));
#7601 = ORIENTED_EDGE('',*,*,#7602,.F.);
#7602 = EDGE_CURVE('',#7383,#7503,#7603,.T.);
#7603 = SURFACE_CURVE('',#7604,(#7608,#7615),.PCURVE_S1.);
#7604 = LINE('',#7605,#7606);
#7605 = CARTESIAN_POINT('',(8.3E+03,7.96E+03,1.21E+04));
#7606 = VECTOR('',#7607,1.);
#7607 = DIRECTION('',(1.,0.,0.));
#7608 = PCURVE('',#7405,#7609);
#7609 = DEFINITIONAL_REPRESENTATION('',(#7610),#7614);
#7610 = LINE('',#7611,#7612);
#7611 = CARTESIAN_POINT('',(0.,0.));
#7612 = VECTOR('',#7613,1.);
#7613 = DIRECTION('',(0.,1.));
#7614 = ( GEOMETRIC_REPRESENTATION_CONTEXT(2) 
PARAMETRIC_REPRESENTATION_CONTEXT() REPRESENTATION_CONTEXT('2D SPACE',''
  ) );
#7615 = PCURVE('',#7433,#7616);
#7616 = DEFINITIONAL_REPRESENTATION('',(#7617),#7621);
#7617 = LINE('',#7618,#7619);
#7618 = CARTESIAN_POINT('',(0.,0.));
#7619 = VECTOR('',#7620,1.);
#7620 = DIRECTION('',(1.,0.));
#7621 = ( GEOMETRIC_REPRESENTATION_CONTEXT(2) 
PARAMETRIC_REPRESENTATION_CONTEXT() REPRESENTATION_CONTEXT('2D SPACE',''
  ) );
#7622 = ORIENTED_EDGE('',*,*,#7382,.T.);
#7623 = ORIENTED_EDGE('',*,*,#7624,.T.);
#7624 = EDGE_CURVE('',#7385,#7505,#7625,.T.);
#7625 = SURFACE_CURVE('',#7626,(#7630,#7637),.PCURVE_S1.);
#7626 = LINE('',#7627,#7628);
#7627 = CARTESIAN_POINT('',(8.3E+03,7.96E+03,1.39E+04));
#7628 = VECTOR('',#7629,1.);
#7629 = DIRECTION('',(1.,0.,0.));
#7630 = PCURVE('',#7405,#7631);
#7631 = DEFINITIONAL_REPRESENTATION('',(#7632),#7636);
#7632 = LINE('',#7633,#7634);
#7633 = CARTESIAN_POINT('',(1.8E+03,0.));
#7634 = VECTOR('',#7635,1.);
#7635 = DIRECTION('',(0.,1.));
#7636 = ( GEOMETRIC_REPRESENTATION_CONTEXT(2) 
PARAMETRIC_REPRESENTATION_CONTEXT() REPRESENTATION_CONTEXT('2D SPACE',''
  ) );
#7637 = PCURVE('',#7487,#7638);
#7638 = DEFINITIONAL_REPRESENTATION('',(#7639),#7643);
#7639 = LINE('',#7640,#7641);
#7640 = CARTESIAN_POINT('',(0.,0.));
#7641 = VECTOR('',#7642,1.);
#7642 = DIRECTION('',(1.,0.));
#7643 = ( GEOMETRIC_REPRESENTATION_CONTEXT(2) 
PARAMETRIC_REPRESENTATION_CONTEXT() REPRESENTATION_CONTEXT('2D SPACE',''
  ) );
#7644 = ORIENTED_EDGE('',*,*,#7502,.F.);
#7645 = ADVANCED_FACE('',(#7646),#7461,.T.);
#7646 = FACE_BOUND('',#7647,.T.);
#7647 = EDGE_LOOP('',(#7648,#7669,#7670,#7691));
#7648 = ORIENTED_EDGE('',*,*,#7649,.F.);
#7649 = EDGE_CURVE('',#7418,#7533,#7650,.T.);
#7650 = SURFACE_CURVE('',#7651,(#7655,#7662),.PCURVE_S1.);
#7651 = LINE('',#7652,#7653);
#7652 = CARTESIAN_POINT('',(8.3E+03,8.08E+03,1.21E+04));
#7653 = VECTOR('',#7654,1.);
#7654 = DIRECTION('',(1.,0.,0.));
#7655 = PCURVE('',#7461,#7656);
#7656 = DEFINITIONAL_REPRESENTATION('',(#7657),#7661);
#7657 = LINE('',#7658,#7659);
#7658 = CARTESIAN_POINT('',(0.,0.));
#7659 = VECTOR('',#7660,1.);
#7660 = DIRECTION('',(0.,1.));
#7661 = ( GEOMETRIC_REPRESENTATION_CONTEXT(2) 
PARAMETRIC_REPRESENTATION_CONTEXT() REPRESENTATION_CONTEXT('2D SPACE',''
  ) );
#7662 = PCURVE('',#7433,#7663);
#7663 = DEFINITIONAL_REPRESENTATION('',(#7664),#7668);
#7664 = LINE('',#7665,#7666);
#7665 = CARTESIAN_POINT('',(0.,120.));
#7666 = VECTOR('',#7667,1.);
#7667 = DIRECTION('',(1.,0.));
#7668 = ( GEOMETRIC_REPRESENTATION_CONTEXT(2) 
PARAMETRIC_REPRESENTATION_CONTEXT() REPRESENTATION_CONTEXT('2D SPACE',''
  ) );
#7669 = ORIENTED_EDGE('',*,*,#7445,.T.);
#7670 = ORIENTED_EDGE('',*,*,#7671,.T.);
#7671 = EDGE_CURVE('',#7446,#7556,#7672,.T.);
#7672 = SURFACE_CURVE('',#7673,(#7677,#7684),.PCURVE_S1.);
#7673 = LINE('',#7674,#7675);
#7674 = CARTESIAN_POINT('',(8.3E+03,8.08E+03,1.39E+04));
#7675 = VECTOR('',#7676,1.);
#7676 = DIRECTION('',(1.,0.,0.));
#7677 = PCURVE('',#7461,#7678);
#7678 = DEFINITIONAL_REPRESENTATION('',(#7679),#7683);
#7679 = LINE('',#7680,#7681);
#7680 = CARTESIAN_POINT('',(1.8E+03,0.));
#7681 = VECTOR('',#7682,1.);
#7682 = DIRECTION('',(0.,1.));
#7683 = ( GEOMETRIC_REPRESENTATION_CONTEXT(2) 
PARAMETRIC_REPRESENTATION_CONTEXT() REPRESENTATION_CONTEXT('2D SPACE',''
  ) );
#7684 = PCURVE('',#7487,#7685);
#7685 = DEFINITIONAL_REPRESENTATION('',(#7686),#7690);
#7686 = LINE('',#7687,#7688);
#7687 = CARTESIAN_POINT('',(0.,120.));
#7688 = VECTOR('',#7689,1.);
#7689 = DIRECTION('',(1.,0.));
#7690 = ( GEOMETRIC_REPRESENTATION_CONTEXT(2) 
PARAMETRIC_REPRESENTATION_CONTEXT() REPRESENTATION_CONTEXT('2D SPACE',''
  ) );
#7691 = ORIENTED_EDGE('',*,*,#7555,.F.);
#7692 = ADVANCED_FACE('',(#7693),#7433,.F.);
#7693 = FACE_BOUND('',#7694,.F.);
#7694 = EDGE_LOOP('',(#7695,#7696,#7697,#7698));
#7695 = ORIENTED_EDGE('',*,*,#7417,.F.);
#7696 = ORIENTED_EDGE('',*,*,#7602,.T.);
#7697 = ORIENTED_EDGE('',*,*,#7532,.T.);
#7698 = ORIENTED_EDGE('',*,*,#7649,.F.);
#7699 = ADVANCED_FACE('',(#7700),#7487,.T.);
#7700 = FACE_BOUND('',#7701,.T.);
#7701 = EDGE_LOOP('',(#7702,#7703,#7704,#7705));
#7702 = ORIENTED_EDGE('',*,*,#7473,.F.);
#7703 = ORIENTED_EDGE('',*,*,#7624,.T.);
#7704 = ORIENTED_EDGE('',*,*,#7578,.T.);
#7705 = ORIENTED_EDGE('',*,*,#7671,.F.);
#7706 = ( GEOMETRIC_REPRESENTATION_CONTEXT(3) 
GLOBAL_UNCERTAINTY_ASSIGNED_CONTEXT((#7710)) 
GLOBAL_UNIT_ASSIGNED_CONTEXT((#7707,#7708,#7709)) REPRESENTATION_CONTEXT
('Context #1','3D Context with UNIT and UNCERTAINTY') );
#7707 = ( LENGTH_UNIT() NAMED_UNIT(*) SI_UNIT(.MILLI.,.METRE.) );
#7708 = ( NAMED_UNIT(*) PLANE_ANGLE_UNIT() SI_UNIT($,.RADIAN.) );
#7709 = ( NAMED_UNIT(*) SI_UNIT($,.STERADIAN.) SOLID_ANGLE_UNIT() );
#7710 = UNCERTAINTY_MEASURE_WITH_UNIT(LENGTH_MEASURE(1.E-07),#7707,
  'distance_accuracy_value','confusion accuracy');
#7711 = CONTEXT_DEPENDENT_SHAPE_REPRESENTATION(#7712,#7714);
#7712 = ( REPRESENTATION_RELATIONSHIP('','',#7375,#10) 
REPRESENTATION_RELATIONSHIP_WITH_TRANSFORMATION(#7713) 
SHAPE_REPRESENTATION_RELATIONSHIP() );
#7713 = ITEM_DEFINED_TRANSFORMATION('','',#11,#99);
#7714 = PRODUCT_DEFINITION_SHAPE('Placement','Placement of an item',
  #7715);
#7715 = NEXT_ASSEMBLY_USAGE_OCCURRENCE('59','part21','',#5,#7370,$);
#7716 = PRODUCT_RELATED_PRODUCT_CATEGORY('part',$,(#7372));
#7717 = SHAPE_DEFINITION_REPRESENTATION(#7718,#7724);
#7718 = PRODUCT_DEFINITION_SHAPE('','',#7719);
#7719 = PRODUCT_DEFINITION('design','',#7720,#7723);
#7720 = PRODUCT_DEFINITION_FORMATION('','',#7721);
#7721 = PRODUCT('part22','part22','',(#7722));
#7722 = PRODUCT_CONTEXT('',#2,'mechanical');
#7723 = PRODUCT_DEFINITION_CONTEXT('part definition',#2,'design');
#7724 = ADVANCED_BREP_SHAPE_REPRESENTATION('',(#11,#7725),#8055);
#7725 = MANIFOLD_SOLID_BREP('',#7726);
#7726 = CLOSED_SHELL('',(#7727,#7847,#7947,#7994,#8041,#8048));
#7727 = ADVANCED_FACE('',(#7728),#7742,.F.);
#7728 = FACE_BOUND('',#7729,.F.);
#7729 = EDGE_LOOP('',(#7730,#7765,#7793,#7821));
#7730 = ORIENTED_EDGE('',*,*,#7731,.F.);
#7731 = EDGE_CURVE('',#7732,#7734,#7736,.T.);
#7732 = VERTEX_POINT('',#7733);
#7733 = CARTESIAN_POINT('',(-600.,8.E+03,1.49E+04));
#7734 = VERTEX_POINT('',#7735);
#7735 = CARTESIAN_POINT('',(-600.,8.E+03,1.55E+04));
#7736 = SURFACE_CURVE('',#7737,(#7741,#7753),.PCURVE_S1.);
#7737 = LINE('',#7738,#7739);
#7738 = CARTESIAN_POINT('',(-600.,8.E+03,1.49E+04));
#7739 = VECTOR('',#7740,1.);
#7740 = DIRECTION('',(0.,0.,1.));
#7741 = PCURVE('',#7742,#7747);
#7742 = PLANE('',#7743);
#7743 = AXIS2_PLACEMENT_3D('',#7744,#7745,#7746);
#7744 = CARTESIAN_POINT('',(-600.,8.E+03,1.49E+04));
#7745 = DIRECTION('',(1.,0.,0.));
#7746 = DIRECTION('',(0.,0.,1.));
#7747 = DEFINITIONAL_REPRESENTATION('',(#7748),#7752);
#7748 = LINE('',#7749,#7750);
#7749 = CARTESIAN_POINT('',(0.,0.));
#7750 = VECTOR('',#7751,1.);
#7751 = DIRECTION('',(1.,0.));
#7752 = ( GEOMETRIC_REPRESENTATION_CONTEXT(2) 
PARAMETRIC_REPRESENTATION_CONTEXT() REPRESENTATION_CONTEXT('2D SPACE',''
  ) );
#7753 = PCURVE('',#7754,#7759);
#7754 = PLANE('',#7755);
#7755 = AXIS2_PLACEMENT_3D('',#7756,#7757,#7758);
#7756 = CARTESIAN_POINT('',(-600.,8.E+03,1.49E+04));
#7757 = DIRECTION('',(0.,1.,0.));
#7758 = DIRECTION('',(0.,0.,1.));
#7759 = DEFINITIONAL_REPRESENTATION('',(#7760),#7764);
#7760 = LINE('',#7761,#7762);
#7761 = CARTESIAN_POINT('',(0.,0.));
#7762 = VECTOR('',#7763,1.);
#7763 = DIRECTION('',(1.,0.));
#7764 = ( GEOMETRIC_REPRESENTATION_CONTEXT(2) 
PARAMETRIC_REPRESENTATION_CONTEXT() REPRESENTATION_CONTEXT('2D SPACE',''
  ) );
#7765 = ORIENTED_EDGE('',*,*,#7766,.T.);
#7766 = EDGE_CURVE('',#7732,#7767,#7769,.T.);
#7767 = VERTEX_POINT('',#7768);
#7768 = CARTESIAN_POINT('',(-600.,1.1E+04,1.49E+04));
#7769 = SURFACE_CURVE('',#7770,(#7774,#7781),.PCURVE_S1.);
#7770 = LINE('',#7771,#7772);
#7771 = CARTESIAN_POINT('',(-600.,8.E+03,1.49E+04));
#7772 = VECTOR('',#7773,1.);
#7773 = DIRECTION('',(0.,1.,0.));
#7774 = PCURVE('',#7742,#7775);
#7775 = DEFINITIONAL_REPRESENTATION('',(#7776),#7780);
#7776 = LINE('',#7777,#7778);
#7777 = CARTESIAN_POINT('',(0.,0.));
#7778 = VECTOR('',#7779,1.);
#7779 = DIRECTION('',(0.,-1.));
#7780 = ( GEOMETRIC_REPRESENTATION_CONTEXT(2) 
PARAMETRIC_REPRESENTATION_CONTEXT() REPRESENTATION_CONTEXT('2D SPACE',''
  ) );
#7781 = PCURVE('',#7782,#7787);
#7782 = PLANE('',#7783);
#7783 = AXIS2_PLACEMENT_3D('',#7784,#7785,#7786);
#7784 = CARTESIAN_POINT('',(-600.,8.E+03,1.49E+04));
#7785 = DIRECTION('',(0.,0.,1.));
#7786 = DIRECTION('',(1.,0.,0.));
#7787 = DEFINITIONAL_REPRESENTATION('',(#7788),#7792);
#7788 = LINE('',#7789,#7790);
#7789 = CARTESIAN_POINT('',(0.,0.));
#7790 = VECTOR('',#7791,1.);
#7791 = DIRECTION('',(0.,1.));
#7792 = ( GEOMETRIC_REPRESENTATION_CONTEXT(2) 
PARAMETRIC_REPRESENTATION_CONTEXT() REPRESENTATION_CONTEXT('2D SPACE',''
  ) );
#7793 = ORIENTED_EDGE('',*,*,#7794,.T.);
#7794 = EDGE_CURVE('',#7767,#7795,#7797,.T.);
#7795 = VERTEX_POINT('',#7796);
#7796 = CARTESIAN_POINT('',(-600.,1.1E+04,1.55E+04));
#7797 = SURFACE_CURVE('',#7798,(#7802,#7809),.PCURVE_S1.);
#7798 = LINE('',#7799,#7800);
#7799 = CARTESIAN_POINT('',(-600.,1.1E+04,1.49E+04));
#7800 = VECTOR('',#7801,1.);
#7801 = DIRECTION('',(0.,0.,1.));
#7802 = PCURVE('',#7742,#7803);
#7803 = DEFINITIONAL_REPRESENTATION('',(#7804),#7808);
#7804 = LINE('',#7805,#7806);
#7805 = CARTESIAN_POINT('',(0.,-3.E+03));
#7806 = VECTOR('',#7807,1.);
#7807 = DIRECTION('',(1.,0.));
#7808 = ( GEOMETRIC_REPRESENTATION_CONTEXT(2) 
PARAMETRIC_REPRESENTATION_CONTEXT() REPRESENTATION_CONTEXT('2D SPACE',''
  ) );
#7809 = PCURVE('',#7810,#7815);
#7810 = PLANE('',#7811);
#7811 = AXIS2_PLACEMENT_3D('',#7812,#7813,#7814);
#7812 = CARTESIAN_POINT('',(-600.,1.1E+04,1.49E+04));
#7813 = DIRECTION('',(0.,1.,0.));
#7814 = DIRECTION('',(0.,0.,1.));
#7815 = DEFINITIONAL_REPRESENTATION('',(#7816),#7820);
#7816 = LINE('',#7817,#7818);
#7817 = CARTESIAN_POINT('',(0.,0.));
#7818 = VECTOR('',#7819,1.);
#7819 = DIRECTION('',(1.,0.));
#7820 = ( GEOMETRIC_REPRESENTATION_CONTEXT(2) 
PARAMETRIC_REPRESENTATION_CONTEXT() REPRESENTATION_CONTEXT('2D SPACE',''
  ) );
#7821 = ORIENTED_EDGE('',*,*,#7822,.F.);
#7822 = EDGE_CURVE('',#7734,#7795,#7823,.T.);
#7823 = SURFACE_CURVE('',#7824,(#7828,#7835),.PCURVE_S1.);
#7824 = LINE('',#7825,#7826);
#7825 = CARTESIAN_POINT('',(-600.,8.E+03,1.55E+04));
#7826 = VECTOR('',#7827,1.);
#7827 = DIRECTION('',(0.,1.,0.));
#7828 = PCURVE('',#7742,#7829);
#7829 = DEFINITIONAL_REPRESENTATION('',(#7830),#7834);
#7830 = LINE('',#7831,#7832);
#7831 = CARTESIAN_POINT('',(600.,0.));
#7832 = VECTOR('',#7833,1.);
#7833 = DIRECTION('',(0.,-1.));
#7834 = ( GEOMETRIC_REPRESENTATION_CONTEXT(2) 
PARAMETRIC_REPRESENTATION_CONTEXT() REPRESENTATION_CONTEXT('2D SPACE',''
  ) );
#7835 = PCURVE('',#7836,#7841);
#7836 = PLANE('',#7837);
#7837 = AXIS2_PLACEMENT_3D('',#7838,#7839,#7840);
#7838 = CARTESIAN_POINT('',(-600.,8.E+03,1.55E+04));
#7839 = DIRECTION('',(0.,0.,1.));
#7840 = DIRECTION('',(1.,0.,0.));
#7841 = DEFINITIONAL_REPRESENTATION('',(#7842),#7846);
#7842 = LINE('',#7843,#7844);
#7843 = CARTESIAN_POINT('',(0.,0.));
#7844 = VECTOR('',#7845,1.);
#7845 = DIRECTION('',(0.,1.));
#7846 = ( GEOMETRIC_REPRESENTATION_CONTEXT(2) 
PARAMETRIC_REPRESENTATION_CONTEXT() REPRESENTATION_CONTEXT('2D SPACE',''
  ) );
#7847 = ADVANCED_FACE('',(#7848),#7862,.T.);
#7848 = FACE_BOUND('',#7849,.T.);
#7849 = EDGE_LOOP('',(#7850,#7880,#7903,#7926));
#7850 = ORIENTED_EDGE('',*,*,#7851,.F.);
#7851 = EDGE_CURVE('',#7852,#7854,#7856,.T.);
#7852 = VERTEX_POINT('',#7853);
#7853 = CARTESIAN_POINT('',(600.,8.E+03,1.49E+04));
#7854 = VERTEX_POINT('',#7855);
#7855 = CARTESIAN_POINT('',(600.,8.E+03,1.55E+04));
#7856 = SURFACE_CURVE('',#7857,(#7861,#7873),.PCURVE_S1.);
#7857 = LINE('',#7858,#7859);
#7858 = CARTESIAN_POINT('',(600.,8.E+03,1.49E+04));
#7859 = VECTOR('',#7860,1.);
#7860 = DIRECTION('',(0.,0.,1.));
#7861 = PCURVE('',#7862,#7867);
#7862 = PLANE('',#7863);
#7863 = AXIS2_PLACEMENT_3D('',#7864,#7865,#7866);
#7864 = CARTESIAN_POINT('',(600.,8.E+03,1.49E+04));
#7865 = DIRECTION('',(1.,0.,0.));
#7866 = DIRECTION('',(0.,0.,1.));
#7867 = DEFINITIONAL_REPRESENTATION('',(#7868),#7872);
#7868 = LINE('',#7869,#7870);
#7869 = CARTESIAN_POINT('',(0.,0.));
#7870 = VECTOR('',#7871,1.);
#7871 = DIRECTION('',(1.,0.));
#7872 = ( GEOMETRIC_REPRESENTATION_CONTEXT(2) 
PARAMETRIC_REPRESENTATION_CONTEXT() REPRESENTATION_CONTEXT('2D SPACE',''
  ) );
#7873 = PCURVE('',#7754,#7874);
#7874 = DEFINITIONAL_REPRESENTATION('',(#7875),#7879);
#7875 = LINE('',#7876,#7877);
#7876 = CARTESIAN_POINT('',(0.,1.2E+03));
#7877 = VECTOR('',#7878,1.);
#7878 = DIRECTION('',(1.,0.));
#7879 = ( GEOMETRIC_REPRESENTATION_CONTEXT(2) 
PARAMETRIC_REPRESENTATION_CONTEXT() REPRESENTATION_CONTEXT('2D SPACE',''
  ) );
#7880 = ORIENTED_EDGE('',*,*,#7881,.T.);
#7881 = EDGE_CURVE('',#7852,#7882,#7884,.T.);
#7882 = VERTEX_POINT('',#7883);
#7883 = CARTESIAN_POINT('',(600.,1.1E+04,1.49E+04));
#7884 = SURFACE_CURVE('',#7885,(#7889,#7896),.PCURVE_S1.);
#7885 = LINE('',#7886,#7887);
#7886 = CARTESIAN_POINT('',(600.,8.E+03,1.49E+04));
#7887 = VECTOR('',#7888,1.);
#7888 = DIRECTION('',(0.,1.,0.));
#7889 = PCURVE('',#7862,#7890);
#7890 = DEFINITIONAL_REPRESENTATION('',(#7891),#7895);
#7891 = LINE('',#7892,#7893);
#7892 = CARTESIAN_POINT('',(0.,0.));
#7893 = VECTOR('',#7894,1.);
#7894 = DIRECTION('',(0.,-1.));
#7895 = ( GEOMETRIC_REPRESENTATION_CONTEXT(2) 
PARAMETRIC_REPRESENTATION_CONTEXT() REPRESENTATION_CONTEXT('2D SPACE',''
  ) );
#7896 = PCURVE('',#7782,#7897);
#7897 = DEFINITIONAL_REPRESENTATION('',(#7898),#7902);
#7898 = LINE('',#7899,#7900);
#7899 = CARTESIAN_POINT('',(1.2E+03,0.));
#7900 = VECTOR('',#7901,1.);
#7901 = DIRECTION('',(0.,1.));
#7902 = ( GEOMETRIC_REPRESENTATION_CONTEXT(2) 
PARAMETRIC_REPRESENTATION_CONTEXT() REPRESENTATION_CONTEXT('2D SPACE',''
  ) );
#7903 = ORIENTED_EDGE('',*,*,#7904,.T.);
#7904 = EDGE_CURVE('',#7882,#7905,#7907,.T.);
#7905 = VERTEX_POINT('',#7906);
#7906 = CARTESIAN_POINT('',(600.,1.1E+04,1.55E+04));
#7907 = SURFACE_CURVE('',#7908,(#7912,#7919),.PCURVE_S1.);
#7908 = LINE('',#7909,#7910);
#7909 = CARTESIAN_POINT('',(600.,1.1E+04,1.49E+04));
#7910 = VECTOR('',#7911,1.);
#7911 = DIRECTION('',(0.,0.,1.));
#7912 = PCURVE('',#7862,#7913);
#7913 = DEFINITIONAL_REPRESENTATION('',(#7914),#7918);
#7914 = LINE('',#7915,#7916);
#7915 = CARTESIAN_POINT('',(0.,-3.E+03));
#7916 = VECTOR('',#7917,1.);
#7917 = DIRECTION('',(1.,0.));
#7918 = ( GEOMETRIC_REPRESENTATION_CONTEXT(2) 
PARAMETRIC_REPRESENTATION_CONTEXT() REPRESENTATION_CONTEXT('2D SPACE',''
  ) );
#7919 = PCURVE('',#7810,#7920);
#7920 = DEFINITIONAL_REPRESENTATION('',(#7921),#7925);
#7921 = LINE('',#7922,#7923);
#7922 = CARTESIAN_POINT('',(0.,1.2E+03));
#7923 = VECTOR('',#7924,1.);
#7924 = DIRECTION('',(1.,0.));
#7925 = ( GEOMETRIC_REPRESENTATION_CONTEXT(2) 
PARAMETRIC_REPRESENTATION_CONTEXT() REPRESENTATION_CONTEXT('2D SPACE',''
  ) );
#7926 = ORIENTED_EDGE('',*,*,#7927,.F.);
#7927 = EDGE_CURVE('',#7854,#7905,#7928,.T.);
#7928 = SURFACE_CURVE('',#7929,(#7933,#7940),.PCURVE_S1.);
#7929 = LINE('',#7930,#7931);
#7930 = CARTESIAN_POINT('',(600.,8.E+03,1.55E+04));
#7931 = VECTOR('',#7932,1.);
#7932 = DIRECTION('',(0.,1.,0.));
#7933 = PCURVE('',#7862,#7934);
#7934 = DEFINITIONAL_REPRESENTATION('',(#7935),#7939);
#7935 = LINE('',#7936,#7937);
#7936 = CARTESIAN_POINT('',(600.,0.));
#7937 = VECTOR('',#7938,1.);
#7938 = DIRECTION('',(0.,-1.));
#7939 = ( GEOMETRIC_REPRESENTATION_CONTEXT(2) 
PARAMETRIC_REPRESENTATION_CONTEXT() REPRESENTATION_CONTEXT('2D SPACE',''
  ) );
#7940 = PCURVE('',#7836,#7941);
#7941 = DEFINITIONAL_REPRESENTATION('',(#7942),#7946);
#7942 = LINE('',#7943,#7944);
#7943 = CARTESIAN_POINT('',(1.2E+03,0.));
#7944 = VECTOR('',#7945,1.);
#7945 = DIRECTION('',(0.,1.));
#7946 = ( GEOMETRIC_REPRESENTATION_CONTEXT(2) 
PARAMETRIC_REPRESENTATION_CONTEXT() REPRESENTATION_CONTEXT('2D SPACE',''
  ) );
#7947 = ADVANCED_FACE('',(#7948),#7754,.F.);
#7948 = FACE_BOUND('',#7949,.F.);
#7949 = EDGE_LOOP('',(#7950,#7971,#7972,#7993));
#7950 = ORIENTED_EDGE('',*,*,#7951,.F.);
#7951 = EDGE_CURVE('',#7732,#7852,#7952,.T.);
#7952 = SURFACE_CURVE('',#7953,(#7957,#7964),.PCURVE_S1.);
#7953 = LINE('',#7954,#7955);
#7954 = CARTESIAN_POINT('',(-600.,8.E+03,1.49E+04));
#7955 = VECTOR('',#7956,1.);
#7956 = DIRECTION('',(1.,0.,0.));
#7957 = PCURVE('',#7754,#7958);
#7958 = DEFINITIONAL_REPRESENTATION('',(#7959),#7963);
#7959 = LINE('',#7960,#7961);
#7960 = CARTESIAN_POINT('',(0.,0.));
#7961 = VECTOR('',#7962,1.);
#7962 = DIRECTION('',(0.,1.));
#7963 = ( GEOMETRIC_REPRESENTATION_CONTEXT(2) 
PARAMETRIC_REPRESENTATION_CONTEXT() REPRESENTATION_CONTEXT('2D SPACE',''
  ) );
#7964 = PCURVE('',#7782,#7965);
#7965 = DEFINITIONAL_REPRESENTATION('',(#7966),#7970);
#7966 = LINE('',#7967,#7968);
#7967 = CARTESIAN_POINT('',(0.,0.));
#7968 = VECTOR('',#7969,1.);
#7969 = DIRECTION('',(1.,0.));
#7970 = ( GEOMETRIC_REPRESENTATION_CONTEXT(2) 
PARAMETRIC_REPRESENTATION_CONTEXT() REPRESENTATION_CONTEXT('2D SPACE',''
  ) );
#7971 = ORIENTED_EDGE('',*,*,#7731,.T.);
#7972 = ORIENTED_EDGE('',*,*,#7973,.T.);
#7973 = EDGE_CURVE('',#7734,#7854,#7974,.T.);
#7974 = SURFACE_CURVE('',#7975,(#7979,#7986),.PCURVE_S1.);
#7975 = LINE('',#7976,#7977);
#7976 = CARTESIAN_POINT('',(-600.,8.E+03,1.55E+04));
#7977 = VECTOR('',#7978,1.);
#7978 = DIRECTION('',(1.,0.,0.));
#7979 = PCURVE('',#7754,#7980);
#7980 = DEFINITIONAL_REPRESENTATION('',(#7981),#7985);
#7981 = LINE('',#7982,#7983);
#7982 = CARTESIAN_POINT('',(600.,0.));
#7983 = VECTOR('',#7984,1.);
#7984 = DIRECTION('',(0.,1.));
#7985 = ( GEOMETRIC_REPRESENTATION_CONTEXT(2) 
PARAMETRIC_REPRESENTATION_CONTEXT() REPRESENTATION_CONTEXT('2D SPACE',''
  ) );
#7986 = PCURVE('',#7836,#7987);
#7987 = DEFINITIONAL_REPRESENTATION('',(#7988),#7992);
#7988 = LINE('',#7989,#7990);
#7989 = CARTESIAN_POINT('',(0.,0.));
#7990 = VECTOR('',#7991,1.);
#7991 = DIRECTION('',(1.,0.));
#7992 = ( GEOMETRIC_REPRESENTATION_CONTEXT(2) 
PARAMETRIC_REPRESENTATION_CONTEXT() REPRESENTATION_CONTEXT('2D SPACE',''
  ) );
#7993 = ORIENTED_EDGE('',*,*,#7851,.F.);
#7994 = ADVANCED_FACE('',(#7995),#7810,.T.);
#7995 = FACE_BOUND('',#7996,.T.);
#7996 = EDGE_LOOP('',(#7997,#8018,#8019,#8040));
#7997 = ORIENTED_EDGE('',*,*,#7998,.F.);
#7998 = EDGE_CURVE('',#7767,#7882,#7999,.T.);
#7999 = SURFACE_CURVE('',#8000,(#8004,#8011),.PCURVE_S1.);
#8000 = LINE('',#8001,#8002);
#8001 = CARTESIAN_POINT('',(-600.,1.1E+04,1.49E+04));
#8002 = VECTOR('',#8003,1.);
#8003 = DIRECTION('',(1.,0.,0.));
#8004 = PCURVE('',#7810,#8005);
#8005 = DEFINITIONAL_REPRESENTATION('',(#8006),#8010);
#8006 = LINE('',#8007,#8008);
#8007 = CARTESIAN_POINT('',(0.,0.));
#8008 = VECTOR('',#8009,1.);
#8009 = DIRECTION('',(0.,1.));
#8010 = ( GEOMETRIC_REPRESENTATION_CONTEXT(2) 
PARAMETRIC_REPRESENTATION_CONTEXT() REPRESENTATION_CONTEXT('2D SPACE',''
  ) );
#8011 = PCURVE('',#7782,#8012);
#8012 = DEFINITIONAL_REPRESENTATION('',(#8013),#8017);
#8013 = LINE('',#8014,#8015);
#8014 = CARTESIAN_POINT('',(0.,3.E+03));
#8015 = VECTOR('',#8016,1.);
#8016 = DIRECTION('',(1.,0.));
#8017 = ( GEOMETRIC_REPRESENTATION_CONTEXT(2) 
PARAMETRIC_REPRESENTATION_CONTEXT() REPRESENTATION_CONTEXT('2D SPACE',''
  ) );
#8018 = ORIENTED_EDGE('',*,*,#7794,.T.);
#8019 = ORIENTED_EDGE('',*,*,#8020,.T.);
#8020 = EDGE_CURVE('',#7795,#7905,#8021,.T.);
#8021 = SURFACE_CURVE('',#8022,(#8026,#8033),.PCURVE_S1.);
#8022 = LINE('',#8023,#8024);
#8023 = CARTESIAN_POINT('',(-600.,1.1E+04,1.55E+04));
#8024 = VECTOR('',#8025,1.);
#8025 = DIRECTION('',(1.,0.,0.));
#8026 = PCURVE('',#7810,#8027);
#8027 = DEFINITIONAL_REPRESENTATION('',(#8028),#8032);
#8028 = LINE('',#8029,#8030);
#8029 = CARTESIAN_POINT('',(600.,0.));
#8030 = VECTOR('',#8031,1.);
#8031 = DIRECTION('',(0.,1.));
#8032 = ( GEOMETRIC_REPRESENTATION_CONTEXT(2) 
PARAMETRIC_REPRESENTATION_CONTEXT() REPRESENTATION_CONTEXT('2D SPACE',''
  ) );
#8033 = PCURVE('',#7836,#8034);
#8034 = DEFINITIONAL_REPRESENTATION('',(#8035),#8039);
#8035 = LINE('',#8036,#8037);
#8036 = CARTESIAN_POINT('',(0.,3.E+03));
#8037 = VECTOR('',#8038,1.);
#8038 = DIRECTION('',(1.,0.));
#8039 = ( GEOMETRIC_REPRESENTATION_CONTEXT(2) 
PARAMETRIC_REPRESENTATION_CONTEXT() REPRESENTATION_CONTEXT('2D SPACE',''
  ) );
#8040 = ORIENTED_EDGE('',*,*,#7904,.F.);
#8041 = ADVANCED_FACE('',(#8042),#7782,.F.);
#8042 = FACE_BOUND('',#8043,.F.);
#8043 = EDGE_LOOP('',(#8044,#8045,#8046,#8047));
#8044 = ORIENTED_EDGE('',*,*,#7766,.F.);
#8045 = ORIENTED_EDGE('',*,*,#7951,.T.);
#8046 = ORIENTED_EDGE('',*,*,#7881,.T.);
#8047 = ORIENTED_EDGE('',*,*,#7998,.F.);
#8048 = ADVANCED_FACE('',(#8049),#7836,.T.);
#8049 = FACE_BOUND('',#8050,.T.);
#8050 = EDGE_LOOP('',(#8051,#8052,#8053,#8054));
#8051 = ORIENTED_EDGE('',*,*,#7822,.F.);
#8052 = ORIENTED_EDGE('',*,*,#7973,.T.);
#8053 = ORIENTED_EDGE('',*,*,#7927,.T.);
#8054 = ORIENTED_EDGE('',*,*,#8020,.F.);
#8055 = ( GEOMETRIC_REPRESENTATION_CONTEXT(3) 
GLOBAL_UNCERTAINTY_ASSIGNED_CONTEXT((#8059)) 
GLOBAL_UNIT_ASSIGNED_CONTEXT((#8056,#8057,#8058)) REPRESENTATION_CONTEXT
('Context #1','3D Context with UNIT and UNCERTAINTY') );
#8056 = ( LENGTH_UNIT() NAMED_UNIT(*) SI_UNIT(.MILLI.,.METRE.) );
#8057 = ( NAMED_UNIT(*) PLANE_ANGLE_UNIT() SI_UNIT($,.RADIAN.) );
#8058 = ( NAMED_UNIT(*) SI_UNIT($,.STERADIAN.) SOLID_ANGLE_UNIT() );
#8059 = UNCERTAINTY_MEASURE_WITH_UNIT(LENGTH_MEASURE(1.E-07),#8056,
  'distance_accuracy_value','confusion accuracy');
#8060 = CONTEXT_DEPENDENT_SHAPE_REPRESENTATION(#8061,#8063);
#8061 = ( REPRESENTATION_RELATIONSHIP('','',#7724,#10) 
REPRESENTATION_RELATIONSHIP_WITH_TRANSFORMATION(#8062) 
SHAPE_REPRESENTATION_RELATIONSHIP() );
#8062 = ITEM_DEFINED_TRANSFORMATION('','',#11,#103);
#8063 = PRODUCT_DEFINITION_SHAPE('Placement','Placement of an item',
  #8064);
#8064 = NEXT_ASSEMBLY_USAGE_OCCURRENCE('60','part22','',#5,#7719,$);
#8065 = PRODUCT_RELATED_PRODUCT_CATEGORY('part',$,(#7721));
#8066 = SHAPE_DEFINITION_REPRESENTATION(#8067,#8073);
#8067 = PRODUCT_DEFINITION_SHAPE('','',#8068);
#8068 = PRODUCT_DEFINITION('design','',#8069,#8072);
#8069 = PRODUCT_DEFINITION_FORMATION('','',#8070);
#8070 = PRODUCT('part23','part23','',(#8071));
#8071 = PRODUCT_CONTEXT('',#2,'mechanical');
#8072 = PRODUCT_DEFINITION_CONTEXT('part definition',#2,'design');
#8073 = ADVANCED_BREP_SHAPE_REPRESENTATION('',(#11,#8074),#8404);
#8074 = MANIFOLD_SOLID_BREP('',#8075);
#8075 = CLOSED_SHELL('',(#8076,#8196,#8296,#8343,#8390,#8397));
#8076 = ADVANCED_FACE('',(#8077),#8091,.F.);
#8077 = FACE_BOUND('',#8078,.F.);
#8078 = EDGE_LOOP('',(#8079,#8114,#8142,#8170));
#8079 = ORIENTED_EDGE('',*,*,#8080,.F.);
#8080 = EDGE_CURVE('',#8081,#8083,#8085,.T.);
#8081 = VERTEX_POINT('',#8082);
#8082 = CARTESIAN_POINT('',(-250.,1.035E+04,1.445E+04));
#8083 = VERTEX_POINT('',#8084);
#8084 = CARTESIAN_POINT('',(-250.,1.035E+04,1.535E+04));
#8085 = SURFACE_CURVE('',#8086,(#8090,#8102),.PCURVE_S1.);
#8086 = LINE('',#8087,#8088);
#8087 = CARTESIAN_POINT('',(-250.,1.035E+04,1.445E+04));
#8088 = VECTOR('',#8089,1.);
#8089 = DIRECTION('',(0.,0.,1.));
#8090 = PCURVE('',#8091,#8096);
#8091 = PLANE('',#8092);
#8092 = AXIS2_PLACEMENT_3D('',#8093,#8094,#8095);
#8093 = CARTESIAN_POINT('',(-250.,1.035E+04,1.445E+04));
#8094 = DIRECTION('',(1.,0.,0.));
#8095 = DIRECTION('',(0.,0.,1.));
#8096 = DEFINITIONAL_REPRESENTATION('',(#8097),#8101);
#8097 = LINE('',#8098,#8099);
#8098 = CARTESIAN_POINT('',(0.,0.));
#8099 = VECTOR('',#8100,1.);
#8100 = DIRECTION('',(1.,0.));
#8101 = ( GEOMETRIC_REPRESENTATION_CONTEXT(2) 
PARAMETRIC_REPRESENTATION_CONTEXT() REPRESENTATION_CONTEXT('2D SPACE',''
  ) );
#8102 = PCURVE('',#8103,#8108);
#8103 = PLANE('',#8104);
#8104 = AXIS2_PLACEMENT_3D('',#8105,#8106,#8107);
#8105 = CARTESIAN_POINT('',(-250.,1.035E+04,1.445E+04));
#8106 = DIRECTION('',(0.,1.,0.));
#8107 = DIRECTION('',(0.,0.,1.));
#8108 = DEFINITIONAL_REPRESENTATION('',(#8109),#8113);
#8109 = LINE('',#8110,#8111);
#8110 = CARTESIAN_POINT('',(0.,0.));
#8111 = VECTOR('',#8112,1.);
#8112 = DIRECTION('',(1.,0.));
#8113 = ( GEOMETRIC_REPRESENTATION_CONTEXT(2) 
PARAMETRIC_REPRESENTATION_CONTEXT() REPRESENTATION_CONTEXT('2D SPACE',''
  ) );
#8114 = ORIENTED_EDGE('',*,*,#8115,.T.);
#8115 = EDGE_CURVE('',#8081,#8116,#8118,.T.);
#8116 = VERTEX_POINT('',#8117);
#8117 = CARTESIAN_POINT('',(-250.,1.085E+04,1.445E+04));
#8118 = SURFACE_CURVE('',#8119,(#8123,#8130),.PCURVE_S1.);
#8119 = LINE('',#8120,#8121);
#8120 = CARTESIAN_POINT('',(-250.,1.035E+04,1.445E+04));
#8121 = VECTOR('',#8122,1.);
#8122 = DIRECTION('',(0.,1.,0.));
#8123 = PCURVE('',#8091,#8124);
#8124 = DEFINITIONAL_REPRESENTATION('',(#8125),#8129);
#8125 = LINE('',#8126,#8127);
#8126 = CARTESIAN_POINT('',(0.,0.));
#8127 = VECTOR('',#8128,1.);
#8128 = DIRECTION('',(0.,-1.));
#8129 = ( GEOMETRIC_REPRESENTATION_CONTEXT(2) 
PARAMETRIC_REPRESENTATION_CONTEXT() REPRESENTATION_CONTEXT('2D SPACE',''
  ) );
#8130 = PCURVE('',#8131,#8136);
#8131 = PLANE('',#8132);
#8132 = AXIS2_PLACEMENT_3D('',#8133,#8134,#8135);
#8133 = CARTESIAN_POINT('',(-250.,1.035E+04,1.445E+04));
#8134 = DIRECTION('',(0.,0.,1.));
#8135 = DIRECTION('',(1.,0.,0.));
#8136 = DEFINITIONAL_REPRESENTATION('',(#8137),#8141);
#8137 = LINE('',#8138,#8139);
#8138 = CARTESIAN_POINT('',(0.,0.));
#8139 = VECTOR('',#8140,1.);
#8140 = DIRECTION('',(0.,1.));
#8141 = ( GEOMETRIC_REPRESENTATION_CONTEXT(2) 
PARAMETRIC_REPRESENTATION_CONTEXT() REPRESENTATION_CONTEXT('2D SPACE',''
  ) );
#8142 = ORIENTED_EDGE('',*,*,#8143,.T.);
#8143 = EDGE_CURVE('',#8116,#8144,#8146,.T.);
#8144 = VERTEX_POINT('',#8145);
#8145 = CARTESIAN_POINT('',(-250.,1.085E+04,1.535E+04));
#8146 = SURFACE_CURVE('',#8147,(#8151,#8158),.PCURVE_S1.);
#8147 = LINE('',#8148,#8149);
#8148 = CARTESIAN_POINT('',(-250.,1.085E+04,1.445E+04));
#8149 = VECTOR('',#8150,1.);
#8150 = DIRECTION('',(0.,0.,1.));
#8151 = PCURVE('',#8091,#8152);
#8152 = DEFINITIONAL_REPRESENTATION('',(#8153),#8157);
#8153 = LINE('',#8154,#8155);
#8154 = CARTESIAN_POINT('',(0.,-500.));
#8155 = VECTOR('',#8156,1.);
#8156 = DIRECTION('',(1.,0.));
#8157 = ( GEOMETRIC_REPRESENTATION_CONTEXT(2) 
PARAMETRIC_REPRESENTATION_CONTEXT() REPRESENTATION_CONTEXT('2D SPACE',''
  ) );
#8158 = PCURVE('',#8159,#8164);
#8159 = PLANE('',#8160);
#8160 = AXIS2_PLACEMENT_3D('',#8161,#8162,#8163);
#8161 = CARTESIAN_POINT('',(-250.,1.085E+04,1.445E+04));
#8162 = DIRECTION('',(0.,1.,0.));
#8163 = DIRECTION('',(0.,0.,1.));
#8164 = DEFINITIONAL_REPRESENTATION('',(#8165),#8169);
#8165 = LINE('',#8166,#8167);
#8166 = CARTESIAN_POINT('',(0.,0.));
#8167 = VECTOR('',#8168,1.);
#8168 = DIRECTION('',(1.,0.));
#8169 = ( GEOMETRIC_REPRESENTATION_CONTEXT(2) 
PARAMETRIC_REPRESENTATION_CONTEXT() REPRESENTATION_CONTEXT('2D SPACE',''
  ) );
#8170 = ORIENTED_EDGE('',*,*,#8171,.F.);
#8171 = EDGE_CURVE('',#8083,#8144,#8172,.T.);
#8172 = SURFACE_CURVE('',#8173,(#8177,#8184),.PCURVE_S1.);
#8173 = LINE('',#8174,#8175);
#8174 = CARTESIAN_POINT('',(-250.,1.035E+04,1.535E+04));
#8175 = VECTOR('',#8176,1.);
#8176 = DIRECTION('',(0.,1.,0.));
#8177 = PCURVE('',#8091,#8178);
#8178 = DEFINITIONAL_REPRESENTATION('',(#8179),#8183);
#8179 = LINE('',#8180,#8181);
#8180 = CARTESIAN_POINT('',(900.,0.));
#8181 = VECTOR('',#8182,1.);
#8182 = DIRECTION('',(0.,-1.));
#8183 = ( GEOMETRIC_REPRESENTATION_CONTEXT(2) 
PARAMETRIC_REPRESENTATION_CONTEXT() REPRESENTATION_CONTEXT('2D SPACE',''
  ) );
#8184 = PCURVE('',#8185,#8190);
#8185 = PLANE('',#8186);
#8186 = AXIS2_PLACEMENT_3D('',#8187,#8188,#8189);
#8187 = CARTESIAN_POINT('',(-250.,1.035E+04,1.535E+04));
#8188 = DIRECTION('',(0.,0.,1.));
#8189 = DIRECTION('',(1.,0.,0.));
#8190 = DEFINITIONAL_REPRESENTATION('',(#8191),#8195);
#8191 = LINE('',#8192,#8193);
#8192 = CARTESIAN_POINT('',(0.,0.));
#8193 = VECTOR('',#8194,1.);
#8194 = DIRECTION('',(0.,1.));
#8195 = ( GEOMETRIC_REPRESENTATION_CONTEXT(2) 
PARAMETRIC_REPRESENTATION_CONTEXT() REPRESENTATION_CONTEXT('2D SPACE',''
  ) );
#8196 = ADVANCED_FACE('',(#8197),#8211,.T.);
#8197 = FACE_BOUND('',#8198,.T.);
#8198 = EDGE_LOOP('',(#8199,#8229,#8252,#8275));
#8199 = ORIENTED_EDGE('',*,*,#8200,.F.);
#8200 = EDGE_CURVE('',#8201,#8203,#8205,.T.);
#8201 = VERTEX_POINT('',#8202);
#8202 = CARTESIAN_POINT('',(250.,1.035E+04,1.445E+04));
#8203 = VERTEX_POINT('',#8204);
#8204 = CARTESIAN_POINT('',(250.,1.035E+04,1.535E+04));
#8205 = SURFACE_CURVE('',#8206,(#8210,#8222),.PCURVE_S1.);
#8206 = LINE('',#8207,#8208);
#8207 = CARTESIAN_POINT('',(250.,1.035E+04,1.445E+04));
#8208 = VECTOR('',#8209,1.);
#8209 = DIRECTION('',(0.,0.,1.));
#8210 = PCURVE('',#8211,#8216);
#8211 = PLANE('',#8212);
#8212 = AXIS2_PLACEMENT_3D('',#8213,#8214,#8215);
#8213 = CARTESIAN_POINT('',(250.,1.035E+04,1.445E+04));
#8214 = DIRECTION('',(1.,0.,0.));
#8215 = DIRECTION('',(0.,0.,1.));
#8216 = DEFINITIONAL_REPRESENTATION('',(#8217),#8221);
#8217 = LINE('',#8218,#8219);
#8218 = CARTESIAN_POINT('',(0.,0.));
#8219 = VECTOR('',#8220,1.);
#8220 = DIRECTION('',(1.,0.));
#8221 = ( GEOMETRIC_REPRESENTATION_CONTEXT(2) 
PARAMETRIC_REPRESENTATION_CONTEXT() REPRESENTATION_CONTEXT('2D SPACE',''
  ) );
#8222 = PCURVE('',#8103,#8223);
#8223 = DEFINITIONAL_REPRESENTATION('',(#8224),#8228);
#8224 = LINE('',#8225,#8226);
#8225 = CARTESIAN_POINT('',(0.,500.));
#8226 = VECTOR('',#8227,1.);
#8227 = DIRECTION('',(1.,0.));
#8228 = ( GEOMETRIC_REPRESENTATION_CONTEXT(2) 
PARAMETRIC_REPRESENTATION_CONTEXT() REPRESENTATION_CONTEXT('2D SPACE',''
  ) );
#8229 = ORIENTED_EDGE('',*,*,#8230,.T.);
#8230 = EDGE_CURVE('',#8201,#8231,#8233,.T.);
#8231 = VERTEX_POINT('',#8232);
#8232 = CARTESIAN_POINT('',(250.,1.085E+04,1.445E+04));
#8233 = SURFACE_CURVE('',#8234,(#8238,#8245),.PCURVE_S1.);
#8234 = LINE('',#8235,#8236);
#8235 = CARTESIAN_POINT('',(250.,1.035E+04,1.445E+04));
#8236 = VECTOR('',#8237,1.);
#8237 = DIRECTION('',(0.,1.,0.));
#8238 = PCURVE('',#8211,#8239);
#8239 = DEFINITIONAL_REPRESENTATION('',(#8240),#8244);
#8240 = LINE('',#8241,#8242);
#8241 = CARTESIAN_POINT('',(0.,0.));
#8242 = VECTOR('',#8243,1.);
#8243 = DIRECTION('',(0.,-1.));
#8244 = ( GEOMETRIC_REPRESENTATION_CONTEXT(2) 
PARAMETRIC_REPRESENTATION_CONTEXT() REPRESENTATION_CONTEXT('2D SPACE',''
  ) );
#8245 = PCURVE('',#8131,#8246);
#8246 = DEFINITIONAL_REPRESENTATION('',(#8247),#8251);
#8247 = LINE('',#8248,#8249);
#8248 = CARTESIAN_POINT('',(500.,0.));
#8249 = VECTOR('',#8250,1.);
#8250 = DIRECTION('',(0.,1.));
#8251 = ( GEOMETRIC_REPRESENTATION_CONTEXT(2) 
PARAMETRIC_REPRESENTATION_CONTEXT() REPRESENTATION_CONTEXT('2D SPACE',''
  ) );
#8252 = ORIENTED_EDGE('',*,*,#8253,.T.);
#8253 = EDGE_CURVE('',#8231,#8254,#8256,.T.);
#8254 = VERTEX_POINT('',#8255);
#8255 = CARTESIAN_POINT('',(250.,1.085E+04,1.535E+04));
#8256 = SURFACE_CURVE('',#8257,(#8261,#8268),.PCURVE_S1.);
#8257 = LINE('',#8258,#8259);
#8258 = CARTESIAN_POINT('',(250.,1.085E+04,1.445E+04));
#8259 = VECTOR('',#8260,1.);
#8260 = DIRECTION('',(0.,0.,1.));
#8261 = PCURVE('',#8211,#8262);
#8262 = DEFINITIONAL_REPRESENTATION('',(#8263),#8267);
#8263 = LINE('',#8264,#8265);
#8264 = CARTESIAN_POINT('',(0.,-500.));
#8265 = VECTOR('',#8266,1.);
#8266 = DIRECTION('',(1.,0.));
#8267 = ( GEOMETRIC_REPRESENTATION_CONTEXT(2) 
PARAMETRIC_REPRESENTATION_CONTEXT() REPRESENTATION_CONTEXT('2D SPACE',''
  ) );
#8268 = PCURVE('',#8159,#8269);
#8269 = DEFINITIONAL_REPRESENTATION('',(#8270),#8274);
#8270 = LINE('',#8271,#8272);
#8271 = CARTESIAN_POINT('',(0.,500.));
#8272 = VECTOR('',#8273,1.);
#8273 = DIRECTION('',(1.,0.));
#8274 = ( GEOMETRIC_REPRESENTATION_CONTEXT(2) 
PARAMETRIC_REPRESENTATION_CONTEXT() REPRESENTATION_CONTEXT('2D SPACE',''
  ) );
#8275 = ORIENTED_EDGE('',*,*,#8276,.F.);
#8276 = EDGE_CURVE('',#8203,#8254,#8277,.T.);
#8277 = SURFACE_CURVE('',#8278,(#8282,#8289),.PCURVE_S1.);
#8278 = LINE('',#8279,#8280);
#8279 = CARTESIAN_POINT('',(250.,1.035E+04,1.535E+04));
#8280 = VECTOR('',#8281,1.);
#8281 = DIRECTION('',(0.,1.,0.));
#8282 = PCURVE('',#8211,#8283);
#8283 = DEFINITIONAL_REPRESENTATION('',(#8284),#8288);
#8284 = LINE('',#8285,#8286);
#8285 = CARTESIAN_POINT('',(900.,0.));
#8286 = VECTOR('',#8287,1.);
#8287 = DIRECTION('',(0.,-1.));
#8288 = ( GEOMETRIC_REPRESENTATION_CONTEXT(2) 
PARAMETRIC_REPRESENTATION_CONTEXT() REPRESENTATION_CONTEXT('2D SPACE',''
  ) );
#8289 = PCURVE('',#8185,#8290);
#8290 = DEFINITIONAL_REPRESENTATION('',(#8291),#8295);
#8291 = LINE('',#8292,#8293);
#8292 = CARTESIAN_POINT('',(500.,0.));
#8293 = VECTOR('',#8294,1.);
#8294 = DIRECTION('',(0.,1.));
#8295 = ( GEOMETRIC_REPRESENTATION_CONTEXT(2) 
PARAMETRIC_REPRESENTATION_CONTEXT() REPRESENTATION_CONTEXT('2D SPACE',''
  ) );
#8296 = ADVANCED_FACE('',(#8297),#8103,.F.);
#8297 = FACE_BOUND('',#8298,.F.);
#8298 = EDGE_LOOP('',(#8299,#8320,#8321,#8342));
#8299 = ORIENTED_EDGE('',*,*,#8300,.F.);
#8300 = EDGE_CURVE('',#8081,#8201,#8301,.T.);
#8301 = SURFACE_CURVE('',#8302,(#8306,#8313),.PCURVE_S1.);
#8302 = LINE('',#8303,#8304);
#8303 = CARTESIAN_POINT('',(-250.,1.035E+04,1.445E+04));
#8304 = VECTOR('',#8305,1.);
#8305 = DIRECTION('',(1.,0.,0.));
#8306 = PCURVE('',#8103,#8307);
#8307 = DEFINITIONAL_REPRESENTATION('',(#8308),#8312);
#8308 = LINE('',#8309,#8310);
#8309 = CARTESIAN_POINT('',(0.,0.));
#8310 = VECTOR('',#8311,1.);
#8311 = DIRECTION('',(0.,1.));
#8312 = ( GEOMETRIC_REPRESENTATION_CONTEXT(2) 
PARAMETRIC_REPRESENTATION_CONTEXT() REPRESENTATION_CONTEXT('2D SPACE',''
  ) );
#8313 = PCURVE('',#8131,#8314);
#8314 = DEFINITIONAL_REPRESENTATION('',(#8315),#8319);
#8315 = LINE('',#8316,#8317);
#8316 = CARTESIAN_POINT('',(0.,0.));
#8317 = VECTOR('',#8318,1.);
#8318 = DIRECTION('',(1.,0.));
#8319 = ( GEOMETRIC_REPRESENTATION_CONTEXT(2) 
PARAMETRIC_REPRESENTATION_CONTEXT() REPRESENTATION_CONTEXT('2D SPACE',''
  ) );
#8320 = ORIENTED_EDGE('',*,*,#8080,.T.);
#8321 = ORIENTED_EDGE('',*,*,#8322,.T.);
#8322 = EDGE_CURVE('',#8083,#8203,#8323,.T.);
#8323 = SURFACE_CURVE('',#8324,(#8328,#8335),.PCURVE_S1.);
#8324 = LINE('',#8325,#8326);
#8325 = CARTESIAN_POINT('',(-250.,1.035E+04,1.535E+04));
#8326 = VECTOR('',#8327,1.);
#8327 = DIRECTION('',(1.,0.,0.));
#8328 = PCURVE('',#8103,#8329);
#8329 = DEFINITIONAL_REPRESENTATION('',(#8330),#8334);
#8330 = LINE('',#8331,#8332);
#8331 = CARTESIAN_POINT('',(900.,0.));
#8332 = VECTOR('',#8333,1.);
#8333 = DIRECTION('',(0.,1.));
#8334 = ( GEOMETRIC_REPRESENTATION_CONTEXT(2) 
PARAMETRIC_REPRESENTATION_CONTEXT() REPRESENTATION_CONTEXT('2D SPACE',''
  ) );
#8335 = PCURVE('',#8185,#8336);
#8336 = DEFINITIONAL_REPRESENTATION('',(#8337),#8341);
#8337 = LINE('',#8338,#8339);
#8338 = CARTESIAN_POINT('',(0.,0.));
#8339 = VECTOR('',#8340,1.);
#8340 = DIRECTION('',(1.,0.));
#8341 = ( GEOMETRIC_REPRESENTATION_CONTEXT(2) 
PARAMETRIC_REPRESENTATION_CONTEXT() REPRESENTATION_CONTEXT('2D SPACE',''
  ) );
#8342 = ORIENTED_EDGE('',*,*,#8200,.F.);
#8343 = ADVANCED_FACE('',(#8344),#8159,.T.);
#8344 = FACE_BOUND('',#8345,.T.);
#8345 = EDGE_LOOP('',(#8346,#8367,#8368,#8389));
#8346 = ORIENTED_EDGE('',*,*,#8347,.F.);
#8347 = EDGE_CURVE('',#8116,#8231,#8348,.T.);
#8348 = SURFACE_CURVE('',#8349,(#8353,#8360),.PCURVE_S1.);
#8349 = LINE('',#8350,#8351);
#8350 = CARTESIAN_POINT('',(-250.,1.085E+04,1.445E+04));
#8351 = VECTOR('',#8352,1.);
#8352 = DIRECTION('',(1.,0.,0.));
#8353 = PCURVE('',#8159,#8354);
#8354 = DEFINITIONAL_REPRESENTATION('',(#8355),#8359);
#8355 = LINE('',#8356,#8357);
#8356 = CARTESIAN_POINT('',(0.,0.));
#8357 = VECTOR('',#8358,1.);
#8358 = DIRECTION('',(0.,1.));
#8359 = ( GEOMETRIC_REPRESENTATION_CONTEXT(2) 
PARAMETRIC_REPRESENTATION_CONTEXT() REPRESENTATION_CONTEXT('2D SPACE',''
  ) );
#8360 = PCURVE('',#8131,#8361);
#8361 = DEFINITIONAL_REPRESENTATION('',(#8362),#8366);
#8362 = LINE('',#8363,#8364);
#8363 = CARTESIAN_POINT('',(0.,500.));
#8364 = VECTOR('',#8365,1.);
#8365 = DIRECTION('',(1.,0.));
#8366 = ( GEOMETRIC_REPRESENTATION_CONTEXT(2) 
PARAMETRIC_REPRESENTATION_CONTEXT() REPRESENTATION_CONTEXT('2D SPACE',''
  ) );
#8367 = ORIENTED_EDGE('',*,*,#8143,.T.);
#8368 = ORIENTED_EDGE('',*,*,#8369,.T.);
#8369 = EDGE_CURVE('',#8144,#8254,#8370,.T.);
#8370 = SURFACE_CURVE('',#8371,(#8375,#8382),.PCURVE_S1.);
#8371 = LINE('',#8372,#8373);
#8372 = CARTESIAN_POINT('',(-250.,1.085E+04,1.535E+04));
#8373 = VECTOR('',#8374,1.);
#8374 = DIRECTION('',(1.,0.,0.));
#8375 = PCURVE('',#8159,#8376);
#8376 = DEFINITIONAL_REPRESENTATION('',(#8377),#8381);
#8377 = LINE('',#8378,#8379);
#8378 = CARTESIAN_POINT('',(900.,0.));
#8379 = VECTOR('',#8380,1.);
#8380 = DIRECTION('',(0.,1.));
#8381 = ( GEOMETRIC_REPRESENTATION_CONTEXT(2) 
PARAMETRIC_REPRESENTATION_CONTEXT() REPRESENTATION_CONTEXT('2D SPACE',''
  ) );
#8382 = PCURVE('',#8185,#8383);
#8383 = DEFINITIONAL_REPRESENTATION('',(#8384),#8388);
#8384 = LINE('',#8385,#8386);
#8385 = CARTESIAN_POINT('',(0.,500.));
#8386 = VECTOR('',#8387,1.);
#8387 = DIRECTION('',(1.,0.));
#8388 = ( GEOMETRIC_REPRESENTATION_CONTEXT(2) 
PARAMETRIC_REPRESENTATION_CONTEXT() REPRESENTATION_CONTEXT('2D SPACE',''
  ) );
#8389 = ORIENTED_EDGE('',*,*,#8253,.F.);
#8390 = ADVANCED_FACE('',(#8391),#8131,.F.);
#8391 = FACE_BOUND('',#8392,.F.);
#8392 = EDGE_LOOP('',(#8393,#8394,#8395,#8396));
#8393 = ORIENTED_EDGE('',*,*,#8115,.F.);
#8394 = ORIENTED_EDGE('',*,*,#8300,.T.);
#8395 = ORIENTED_EDGE('',*,*,#8230,.T.);
#8396 = ORIENTED_EDGE('',*,*,#8347,.F.);
#8397 = ADVANCED_FACE('',(#8398),#8185,.T.);
#8398 = FACE_BOUND('',#8399,.T.);
#8399 = EDGE_LOOP('',(#8400,#8401,#8402,#8403));
#8400 = ORIENTED_EDGE('',*,*,#8171,.F.);
#8401 = ORIENTED_EDGE('',*,*,#8322,.T.);
#8402 = ORIENTED_EDGE('',*,*,#8276,.T.);
#8403 = ORIENTED_EDGE('',*,*,#8369,.F.);
#8404 = ( GEOMETRIC_REPRESENTATION_CONTEXT(3) 
GLOBAL_UNCERTAINTY_ASSIGNED_CONTEXT((#8408)) 
GLOBAL_UNIT_ASSIGNED_CONTEXT((#8405,#8406,#8407)) REPRESENTATION_CONTEXT
('Context #1','3D Context with UNIT and UNCERTAINTY') );
#8405 = ( LENGTH_UNIT() NAMED_UNIT(*) SI_UNIT(.MILLI.,.METRE.) );
#8406 = ( NAMED_UNIT(*) PLANE_ANGLE_UNIT() SI_UNIT($,.RADIAN.) );
#8407 = ( NAMED_UNIT(*) SI_UNIT($,.STERADIAN.) SOLID_ANGLE_UNIT() );
#8408 = UNCERTAINTY_MEASURE_WITH_UNIT(LENGTH_MEASURE(1.E-07),#8405,
  'distance_accuracy_value','confusion accuracy');
#8409 = CONTEXT_DEPENDENT_SHAPE_REPRESENTATION(#8410,#8412);
#8410 = ( REPRESENTATION_RELATIONSHIP('','',#8073,#10) 
REPRESENTATION_RELATIONSHIP_WITH_TRANSFORMATION(#8411) 
SHAPE_REPRESENTATION_RELATIONSHIP() );
#8411 = ITEM_DEFINED_TRANSFORMATION('','',#11,#107);
#8412 = PRODUCT_DEFINITION_SHAPE('Placement','Placement of an item',
  #8413);
#8413 = NEXT_ASSEMBLY_USAGE_OCCURRENCE('61','part23','',#5,#8068,$);
#8414 = PRODUCT_RELATED_PRODUCT_CATEGORY('part',$,(#8070));
#8415 = MECHANICAL_DESIGN_GEOMETRIC_PRESENTATION_REPRESENTATION('',(
    #8416),#7706);
#8416 = STYLED_ITEM('color',(#8417),#7376);
#8417 = PRESENTATION_STYLE_ASSIGNMENT((#8418));
#8418 = SURFACE_STYLE_USAGE(.BOTH.,#8419);
#8419 = SURFACE_SIDE_STYLE('',(#8420));
#8420 = SURFACE_STYLE_FILL_AREA(#8421);
#8421 = FILL_AREA_STYLE('',(#8422));
#8422 = FILL_AREA_STYLE_COLOUR('',#8423);
#8423 = COLOUR_RGB('',0.784313732475,0.752941164258,0.690196085623);
#8424 = MECHANICAL_DESIGN_GEOMETRIC_PRESENTATION_REPRESENTATION('',(
    #8425),#4914);
#8425 = STYLED_ITEM('color',(#8426),#4584);
#8426 = PRESENTATION_STYLE_ASSIGNMENT((#8427));
#8427 = SURFACE_STYLE_USAGE(.BOTH.,#8428);
#8428 = SURFACE_SIDE_STYLE('',(#8429));
#8429 = SURFACE_STYLE_FILL_AREA(#8430);
#8430 = FILL_AREA_STYLE('',(#8431));
#8431 = FILL_AREA_STYLE_COLOUR('',#8423);
#8432 = MECHANICAL_DESIGN_GEOMETRIC_PRESENTATION_REPRESENTATION('',(
    #8433),#3867);
#8433 = STYLED_ITEM('color',(#8434),#3537);
#8434 = PRESENTATION_STYLE_ASSIGNMENT((#8435));
#8435 = SURFACE_STYLE_USAGE(.BOTH.,#8436);
#8436 = SURFACE_SIDE_STYLE('',(#8437));
#8437 = SURFACE_STYLE_FILL_AREA(#8438);
#8438 = FILL_AREA_STYLE('',(#8439));
#8439 = FILL_AREA_STYLE_COLOUR('',#8423);
#8440 = MECHANICAL_DESIGN_GEOMETRIC_PRESENTATION_REPRESENTATION('',(
    #8441),#1424);
#8441 = STYLED_ITEM('color',(#8442),#1094);
#8442 = PRESENTATION_STYLE_ASSIGNMENT((#8443));
#8443 = SURFACE_STYLE_USAGE(.BOTH.,#8444);
#8444 = SURFACE_SIDE_STYLE('',(#8445));
#8445 = SURFACE_STYLE_FILL_AREA(#8446);
#8446 = FILL_AREA_STYLE('',(#8447));
#8447 = FILL_AREA_STYLE_COLOUR('',#8423);
#8448 = MECHANICAL_DESIGN_GEOMETRIC_PRESENTATION_REPRESENTATION('',(
    #8449),#2471);
#8449 = STYLED_ITEM('color',(#8450),#2141);
#8450 = PRESENTATION_STYLE_ASSIGNMENT((#8451));
#8451 = SURFACE_STYLE_USAGE(.BOTH.,#8452);
#8452 = SURFACE_SIDE_STYLE('',(#8453));
#8453 = SURFACE_STYLE_FILL_AREA(#8454);
#8454 = FILL_AREA_STYLE('',(#8455));
#8455 = FILL_AREA_STYLE_COLOUR('',#8423);
#8456 = MECHANICAL_DESIGN_GEOMETRIC_PRESENTATION_REPRESENTATION('',(
    #8457),#6659);
#8457 = STYLED_ITEM('color',(#8458),#6329);
#8458 = PRESENTATION_STYLE_ASSIGNMENT((#8459));
#8459 = SURFACE_STYLE_USAGE(.BOTH.,#8460);
#8460 = SURFACE_SIDE_STYLE('',(#8461));
#8461 = SURFACE_STYLE_FILL_AREA(#8462);
#8462 = FILL_AREA_STYLE('',(#8463));
#8463 = FILL_AREA_STYLE_COLOUR('',#8423);
#8464 = MECHANICAL_DESIGN_GEOMETRIC_PRESENTATION_REPRESENTATION('',(
    #8465),#1075);
#8465 = STYLED_ITEM('color',(#8466),#745);
#8466 = PRESENTATION_STYLE_ASSIGNMENT((#8467));
#8467 = SURFACE_STYLE_USAGE(.BOTH.,#8468);
#8468 = SURFACE_SIDE_STYLE('',(#8469));
#8469 = SURFACE_STYLE_FILL_AREA(#8470);
#8470 = FILL_AREA_STYLE('',(#8471));
#8471 = FILL_AREA_STYLE_COLOUR('',#8472);
#8472 = COLOUR_RGB('',0.290196072577,0.243137258719,0.188235296286);
#8473 = MECHANICAL_DESIGN_GEOMETRIC_PRESENTATION_REPRESENTATION('',(
    #8474),#5263);
#8474 = STYLED_ITEM('color',(#8475),#4933);
#8475 = PRESENTATION_STYLE_ASSIGNMENT((#8476));
#8476 = SURFACE_STYLE_USAGE(.BOTH.,#8477);
#8477 = SURFACE_SIDE_STYLE('',(#8478));
#8478 = SURFACE_STYLE_FILL_AREA(#8479);
#8479 = FILL_AREA_STYLE('',(#8480));
#8480 = FILL_AREA_STYLE_COLOUR('',#8423);
#8481 = MECHANICAL_DESIGN_GEOMETRIC_PRESENTATION_REPRESENTATION('',(
    #8482),#2820);
#8482 = STYLED_ITEM('color',(#8483),#2490);
#8483 = PRESENTATION_STYLE_ASSIGNMENT((#8484));
#8484 = SURFACE_STYLE_USAGE(.BOTH.,#8485);
#8485 = SURFACE_SIDE_STYLE('',(#8486));
#8486 = SURFACE_STYLE_FILL_AREA(#8487);
#8487 = FILL_AREA_STYLE('',(#8488));
#8488 = FILL_AREA_STYLE_COLOUR('',#8472);
#8489 = MECHANICAL_DESIGN_GEOMETRIC_PRESENTATION_REPRESENTATION('',(
    #8490),#4216);
#8490 = STYLED_ITEM('color',(#8491),#3886);
#8491 = PRESENTATION_STYLE_ASSIGNMENT((#8492));
#8492 = SURFACE_STYLE_USAGE(.BOTH.,#8493);
#8493 = SURFACE_SIDE_STYLE('',(#8494));
#8494 = SURFACE_STYLE_FILL_AREA(#8495);
#8495 = FILL_AREA_STYLE('',(#8496));
#8496 = FILL_AREA_STYLE_COLOUR('',#8423);
#8497 = MECHANICAL_DESIGN_GEOMETRIC_PRESENTATION_REPRESENTATION('',(
    #8498),#5961);
#8498 = STYLED_ITEM('color',(#8499),#5631);
#8499 = PRESENTATION_STYLE_ASSIGNMENT((#8500));
#8500 = SURFACE_STYLE_USAGE(.BOTH.,#8501);
#8501 = SURFACE_SIDE_STYLE('',(#8502));
#8502 = SURFACE_STYLE_FILL_AREA(#8503);
#8503 = FILL_AREA_STYLE('',(#8504));
#8504 = FILL_AREA_STYLE_COLOUR('',#8423);
#8505 = MECHANICAL_DESIGN_GEOMETRIC_PRESENTATION_REPRESENTATION('',(
    #8506),#726);
#8506 = STYLED_ITEM('color',(#8507),#474);
#8507 = PRESENTATION_STYLE_ASSIGNMENT((#8508));
#8508 = SURFACE_STYLE_USAGE(.BOTH.,#8509);
#8509 = SURFACE_SIDE_STYLE('',(#8510));
#8510 = SURFACE_STYLE_FILL_AREA(#8511);
#8511 = FILL_AREA_STYLE('',(#8512));
#8512 = FILL_AREA_STYLE_COLOUR('',#8513);
#8513 = COLOUR_RGB('',0.243137258719,0.227450982423,0.203921572143);
#8514 = MECHANICAL_DESIGN_GEOMETRIC_PRESENTATION_REPRESENTATION('',(
    #8515),#6310);
#8515 = STYLED_ITEM('color',(#8516),#5980);
#8516 = PRESENTATION_STYLE_ASSIGNMENT((#8517));
#8517 = SURFACE_STYLE_USAGE(.BOTH.,#8518);
#8518 = SURFACE_SIDE_STYLE('',(#8519));
#8519 = SURFACE_STYLE_FILL_AREA(#8520);
#8520 = FILL_AREA_STYLE('',(#8521));
#8521 = FILL_AREA_STYLE_COLOUR('',#8472);
#8522 = MECHANICAL_DESIGN_GEOMETRIC_PRESENTATION_REPRESENTATION('',(
    #8523),#2122);
#8523 = STYLED_ITEM('color',(#8524),#1792);
#8524 = PRESENTATION_STYLE_ASSIGNMENT((#8525));
#8525 = SURFACE_STYLE_USAGE(.BOTH.,#8526);
#8526 = SURFACE_SIDE_STYLE('',(#8527));
#8527 = SURFACE_STYLE_FILL_AREA(#8528);
#8528 = FILL_AREA_STYLE('',(#8529));
#8529 = FILL_AREA_STYLE_COLOUR('',#8423);
#8530 = MECHANICAL_DESIGN_GEOMETRIC_PRESENTATION_REPRESENTATION('',(
    #8531),#1773);
#8531 = STYLED_ITEM('color',(#8532),#1443);
#8532 = PRESENTATION_STYLE_ASSIGNMENT((#8533));
#8533 = SURFACE_STYLE_USAGE(.BOTH.,#8534);
#8534 = SURFACE_SIDE_STYLE('',(#8535));
#8535 = SURFACE_STYLE_FILL_AREA(#8536);
#8536 = FILL_AREA_STYLE('',(#8537));
#8537 = FILL_AREA_STYLE_COLOUR('',#8423);
#8538 = MECHANICAL_DESIGN_GEOMETRIC_PRESENTATION_REPRESENTATION('',(
    #8539),#455);
#8539 = STYLED_ITEM('color',(#8540),#125);
#8540 = PRESENTATION_STYLE_ASSIGNMENT((#8541));
#8541 = SURFACE_STYLE_USAGE(.BOTH.,#8542);
#8542 = SURFACE_SIDE_STYLE('',(#8543));
#8543 = SURFACE_STYLE_FILL_AREA(#8544);
#8544 = FILL_AREA_STYLE('',(#8545));
#8545 = FILL_AREA_STYLE_COLOUR('',#8546);
#8546 = COLOUR_RGB('',0.478431380801,0.250980388104,0.203921572143);
#8547 = MECHANICAL_DESIGN_GEOMETRIC_PRESENTATION_REPRESENTATION('',(
    #8548),#3169);
#8548 = STYLED_ITEM('color',(#8549),#2839);
#8549 = PRESENTATION_STYLE_ASSIGNMENT((#8550));
#8550 = SURFACE_STYLE_USAGE(.BOTH.,#8551);
#8551 = SURFACE_SIDE_STYLE('',(#8552));
#8552 = SURFACE_STYLE_FILL_AREA(#8553);
#8553 = FILL_AREA_STYLE('',(#8554));
#8554 = FILL_AREA_STYLE_COLOUR('',#8423);
#8555 = MECHANICAL_DESIGN_GEOMETRIC_PRESENTATION_REPRESENTATION('',(
    #8556),#8055);
#8556 = STYLED_ITEM('color',(#8557),#7725);
#8557 = PRESENTATION_STYLE_ASSIGNMENT((#8558));
#8558 = SURFACE_STYLE_USAGE(.BOTH.,#8559);
#8559 = SURFACE_SIDE_STYLE('',(#8560));
#8560 = SURFACE_STYLE_FILL_AREA(#8561);
#8561 = FILL_AREA_STYLE('',(#8562));
#8562 = FILL_AREA_STYLE_COLOUR('',#8563);
#8563 = COLOUR_RGB('',0.18039215679,0.164705883709,0.149019609447);
#8564 = MECHANICAL_DESIGN_GEOMETRIC_PRESENTATION_REPRESENTATION('',(
    #8565),#4565);
#8565 = STYLED_ITEM('color',(#8566),#4235);
#8566 = PRESENTATION_STYLE_ASSIGNMENT((#8567));
#8567 = SURFACE_STYLE_USAGE(.BOTH.,#8568);
#8568 = SURFACE_SIDE_STYLE('',(#8569));
#8569 = SURFACE_STYLE_FILL_AREA(#8570);
#8570 = FILL_AREA_STYLE('',(#8571));
#8571 = FILL_AREA_STYLE_COLOUR('',#8472);
#8572 = MECHANICAL_DESIGN_GEOMETRIC_PRESENTATION_REPRESENTATION('',(
    #8573),#7008);
#8573 = STYLED_ITEM('color',(#8574),#6678);
#8574 = PRESENTATION_STYLE_ASSIGNMENT((#8575));
#8575 = SURFACE_STYLE_USAGE(.BOTH.,#8576);
#8576 = SURFACE_SIDE_STYLE('',(#8577));
#8577 = SURFACE_STYLE_FILL_AREA(#8578);
#8578 = FILL_AREA_STYLE('',(#8579));
#8579 = FILL_AREA_STYLE_COLOUR('',#8423);
#8580 = MECHANICAL_DESIGN_GEOMETRIC_PRESENTATION_REPRESENTATION('',(
    #8581),#7357);
#8581 = STYLED_ITEM('color',(#8582),#7027);
#8582 = PRESENTATION_STYLE_ASSIGNMENT((#8583));
#8583 = SURFACE_STYLE_USAGE(.BOTH.,#8584);
#8584 = SURFACE_SIDE_STYLE('',(#8585));
#8585 = SURFACE_STYLE_FILL_AREA(#8586);
#8586 = FILL_AREA_STYLE('',(#8587));
#8587 = FILL_AREA_STYLE_COLOUR('',#8423);
#8588 = MECHANICAL_DESIGN_GEOMETRIC_PRESENTATION_REPRESENTATION('',(
    #8589),#3518);
#8589 = STYLED_ITEM('color',(#8590),#3188);
#8590 = PRESENTATION_STYLE_ASSIGNMENT((#8591));
#8591 = SURFACE_STYLE_USAGE(.BOTH.,#8592);
#8592 = SURFACE_SIDE_STYLE('',(#8593));
#8593 = SURFACE_STYLE_FILL_AREA(#8594);
#8594 = FILL_AREA_STYLE('',(#8595));
#8595 = FILL_AREA_STYLE_COLOUR('',#8423);
#8596 = MECHANICAL_DESIGN_GEOMETRIC_PRESENTATION_REPRESENTATION('',(
    #8597),#8404);
#8597 = STYLED_ITEM('color',(#8598),#8074);
#8598 = PRESENTATION_STYLE_ASSIGNMENT((#8599));
#8599 = SURFACE_STYLE_USAGE(.BOTH.,#8600);
#8600 = SURFACE_SIDE_STYLE('',(#8601));
#8601 = SURFACE_STYLE_FILL_AREA(#8602);
#8602 = FILL_AREA_STYLE('',(#8603));
#8603 = FILL_AREA_STYLE_COLOUR('',#8563);
#8604 = MECHANICAL_DESIGN_GEOMETRIC_PRESENTATION_REPRESENTATION('',(
    #8605),#5612);
#8605 = STYLED_ITEM('color',(#8606),#5282);
#8606 = PRESENTATION_STYLE_ASSIGNMENT((#8607));
#8607 = SURFACE_STYLE_USAGE(.BOTH.,#8608);
#8608 = SURFACE_SIDE_STYLE('',(#8609));
#8609 = SURFACE_STYLE_FILL_AREA(#8610);
#8610 = FILL_AREA_STYLE('',(#8611));
#8611 = FILL_AREA_STYLE_COLOUR('',#8423);
ENDSEC;
END-ISO-10303-21;
